Start (ns),Duration (ns),CorrId,GrdX,GrdY,GrdZ,BlkX,BlkY,BlkZ,Reg/Trd,StcSMem (MB),DymSMem (MB),Bytes (MB),Throughput (MB/s),SrcMemKd,DstMemKd,Device,Ctx,GreenCtx,Strm,Name
379979545,321848,135,,,,,,,,,,0.262,814.481,Pageable,Device,NVIDIA GeForce RTX 3080 (0),1,,13,[CUDA memcpy Host-to-Device]
380303633,5118090,136,,,,,,,,,,4.194,817.889,Pageable,Device,NVIDIA GeForce RTX 3080 (0),1,,13,[CUDA memcpy Host-to-Device]
385489402,28287,137,,,,,,,,,,0.033,1158.382,Pageable,Device,NVIDIA GeForce RTX 3080 (0),1,,13,[CUDA memcpy Host-to-Device]
426451530,1376,295,4,1,1,256,1,1,16,0.000,0.000,,,,,NVIDIA GeForce RTX 3080 (0),1,,13,"raggedroute::benchmark::library_baseline::<unnamed>::initialize_source_rows(int *, int)"
427023197,416,301,,,,,,,,,,0.001,1846.154,Pageable,Device,NVIDIA GeForce RTX 3080 (0),1,,7,[CUDA memcpy Host-to-Device]
427033181,1472,303,,,,,,,,,,0.001,347.826,Pageable,Device,NVIDIA GeForce RTX 3080 (0),1,,7,[CUDA memcpy Host-to-Device]
427044381,1600,305,,,,,,,,,,0.001,320.000,Pageable,Device,NVIDIA GeForce RTX 3080 (0),1,,7,[CUDA memcpy Host-to-Device]
427055996,1504,307,,,,,,,,,,0.001,340.425,Pageable,Device,NVIDIA GeForce RTX 3080 (0),1,,7,[CUDA memcpy Host-to-Device]
427066972,1472,309,,,,,,,,,,0.001,347.826,Pageable,Device,NVIDIA GeForce RTX 3080 (0),1,,7,[CUDA memcpy Host-to-Device]
427099963,1600,311,,,,,,,,,,0.001,320.000,Pageable,Device,NVIDIA GeForce RTX 3080 (0),1,,7,[CUDA memcpy Host-to-Device]
427111675,1472,313,,,,,,,,,,0.001,347.826,Pageable,Device,NVIDIA GeForce RTX 3080 (0),1,,7,[CUDA memcpy Host-to-Device]
427122427,1504,315,,,,,,,,,,0.001,340.425,Pageable,Device,NVIDIA GeForce RTX 3080 (0),1,,7,[CUDA memcpy Host-to-Device]
427156250,1568,317,,,,,,,,,,0.001,326.531,Pageable,Device,NVIDIA GeForce RTX 3080 (0),1,,7,[CUDA memcpy Host-to-Device]
427265687,6368,323,2,16,1,128,1,1,86,0.033,0.000,,,,,NVIDIA GeForce RTX 3080 (0),1,,13,ampere_sgemm_32x32_sliced1x4_nn
427687214,11135,328,512,1,1,32,1,1,32,0.001,0.000,,,,,NVIDIA GeForce RTX 3080 (0),1,,13,"raggedroute::benchmark::library_baseline::<unnamed>::cub_block_radix_top2_kernel(const float *, int *, float *, int, int)"
427851434,1152,343,1,1,1,256,1,1,16,0.000,0.000,,,,,NVIDIA GeForce RTX 3080 (0),1,,13,"void cub::_V_300304_SM_860::detail::histogram::DeviceHistogramInitKernel<cub::_V_300304_SM_860::detail::histogram::policy_hub<int, int, (int)1, (int)1, (bool)1>::Policy1000, (int)1, int, int>(cuda::std::__4::array<int, T2>, cuda::std::__4::array<T3 *, T2>, cub::_V_300304_SM_860::GridQueue<int>)"
427856650,5472,346,1,1,1,384,1,1,54,0.001,0.000,,,,,NVIDIA GeForce RTX 3080 (0),1,,13,"void cub::_V_300304_SM_860::detail::histogram::DeviceHistogramSweepKernel<cub::_V_300304_SM_860::detail::histogram::policy_hub<int, int, (int)1, (int)1, (bool)1>::Policy1000, (int)256, (int)1, (int)1, const int *, int, cub::_V_300304_SM_860::detail::histogram::Transforms<int, int, int>::ScaleTransform, cub::_V_300304_SM_860::detail::histogram::Transforms<int, int, int>::PassThruTransform, int>(T5, cuda::std::__4::array<int, T4>, cuda::std::__4::array<int, T4>, cuda::std::__4::array<T6 *, T4>, cuda::std::__4::array<T6 *, T4>, cuda::std::__4::array<T8, T4>, cuda::std::__4::array<T7, T4>, T9, T9, T9, int, cub::_V_300304_SM_860::GridQueue<int>)"
428541178,1536,355,1,1,1,128,1,1,16,0.001,0.000,,,,,NVIDIA GeForce RTX 3080 (0),1,,13,"void raggedroute::benchmark::library_baseline::<unnamed>::block_scan_kernel<(int)128>(const int *, int *, int)"
428629336,7328,367,1,1,1,256,1,1,128,0.034,0.000,,,,,NVIDIA GeForce RTX 3080 (0),1,,13,"void cub::_V_300304_SM_860::detail::radix_sort::DeviceRadixSortSingleTileKernel<cub::_V_300304_SM_860::detail::radix_sort::policy_selector_from_types<int, int, unsigned int>, (cub::_V_300304_SM_860::SortOrder)0, int, int, unsigned int, cub::_V_300304_SM_860::detail::identity_decomposer_t>(const T3 *, T3 *, const T4 *, T4 *, T5, int, int, T6)"
428704406,2880,374,1,1,1,256,1,1,16,0.000,0.000,,,,,NVIDIA GeForce RTX 3080 (0),1,,13,"raggedroute::benchmark::library_baseline::<unnamed>::compute_expert_offsets(const int *, int, int, long long *)"
428774581,3264,382,1024,1,1,256,1,1,18,0.000,0.000,,,,,NVIDIA GeForce RTX 3080 (0),1,,13,"void raggedroute::benchmark::library_baseline::<unnamed>::expand_rows<(bool)1>(const float *, float *, const int *, int *, int *, int, int, int)"
428780437,21375,385,64,1,1,256,1,1,144,0.000,0.017,,,,,NVIDIA GeForce RTX 3080 (0),1,,13,"void cutlass::Kernel<cutlass::gemm::kernel::GemmGrouped<cutlass::gemm::threadblock::MmaPipelined<cutlass::gemm::GemmShape<(int)128, (int)128, (int)8>, cutlass::transform::threadblock::PredicatedTileIterator<cutlass::MatrixShape<(int)128, (int)8>, float, cutlass::layout::RowMajor, (int)1, cutlass::transform::PitchLinearStripminedThreadMap<cutlass::PitchLinearShape<(int)8, (int)128>, (int)256, (int)1>, (int)1, (bool)0, cutlass::layout::NoPermute>, cutlass::transform::threadblock::RegularTileIterator<cutlass::MatrixShape<(int)128, (int)8>, float, cutlass::layout::ColumnMajor, (int)1, cutlass::transform::TransposePitchLinearThreadMapSimt<cutlass::transform::PitchLinearStripminedThreadMap<cutlass::PitchLinearShape<(int)8, (int)128>, (int)256, (int)1>>, (int)4>, cutlass::transform::threadblock::PredicatedTileIterator<cutlass::MatrixShape<(int)8, (int)128>, float, cutlass::layout::RowMajor, (int)0, cutlass::transform::PitchLinearStripminedThreadMap<cutlass::PitchLinearShape<(int)128, (int)8>, (int)256, (int)1>, (int)1, (bool)0, cutlass::layout::NoPermute>, cutlass::transform::threadblock::RegularTileIterator<cutlass::MatrixShape<(int)8, (int)128>, float, cutlass::layout::RowMajor, (int)0, cutlass::transform::PitchLinearStripminedThreadMap<cutlass::PitchLinearShape<(int)128, (int)8>, (int)256, (int)1>, (int)4>, float, cutlass::layout::RowMajor, cutlass::gemm::threadblock::MmaPolicy<cutlass::gemm::warp::MmaSimt<cutlass::gemm::GemmShape<(int)32, (int)64, (int)8>, float, cutlass::layout::ColumnMajor, float, cutlass::layout::RowMajor, float, cutlass::layout::RowMajor, cutlass::gemm::warp::MmaSimtPolicy<cutlass::MatrixShape<(int)4, (int)8>, cutlass::layout::RowMajorInterleaved<(int)2>, cutlass::gemm::GemmShape<(int)4, (int)4, (int)1>>, (int)1, (cutlass::ComplexTransform)0, (cutlass::ComplexTransform)0, bool>, cutlass::MatrixShape<(int)4, (int)0>, cutlass::MatrixShape<(int)0, (int)0>, (int)1>, cutlass::NumericArrayConverter<float, float, (int)4, (cutlass::FloatRoundStyle)2, cutlass::transform::thread::UnaryTransform::Identity>, cutlass::NumericArrayConverter<float, float, (int)4, (cutlass::FloatRoundStyle)2, cutlass::transform::thread::UnaryTransform::Identity>, bool>, cutlass::epilogue::threadblock::Epilogue<cutlass::gemm::GemmShape<(int)128, (int)128, (int)8>, cutlass::gemm::warp::MmaSimt<cutlass::gemm::GemmShape<(int)32, (int)64, (int)8>, float, cutlass::layout::ColumnMajor, float, cutlass::layout::RowMajor, float, cutlass::layout::RowMajor, cutlass::gemm::warp::MmaSimtPolicy<cutlass::MatrixShape<(int)4, (int)8>, cutlass::layout::RowMajorInterleaved<(int)2>, cutlass::gemm::GemmShape<(int)4, (int)4, (int)1>>, (int)1, (cutlass::ComplexTransform)0, (cutlass::ComplexTransform)0, bool>, (int)1, cutlass::epilogue::threadblock::PredicatedTileIterator<cutlass::epilogue::threadblock::OutputTileOptimalThreadMap<cutlass::epilogue::threadblock::OutputTileShape<(int)128, (int)1, (int)4, (int)4, (int)1>, cutlass::epilogue::threadblock::OutputTileShape<(int)1, (int)4, (int)2, (int)1, (int)8>, (int)256, (int)1, (int)32>, float, (bool)0, cutlass::layout::NoPermute, (bool)0>, cutlass::epilogue::warp::FragmentIteratorSimt<cutlass::gemm::GemmShape<(int)32, (int)64, (int)8>, cutlass::gemm::thread::Mma<cutlass::gemm::GemmShape<(int)8, (int)8, (int)1>, float, cutlass::layout::ColumnMajor, float, cutlass::layout::RowMajor, float, cutlass::layout::RowMajor, cutlass::arch::OpMultiplyAdd, bool>, cutlass::layout::RowMajor, cutlass::gemm::warp::MmaSimtPolicy<cutlass::MatrixShape<(int)4, (int)8>, cutlass::layout::RowMajorInterleaved<(int)2>, cutlass::gemm::GemmShape<(int)4, (int)4, (int)1>>>, cutlass::epilogue::warp::TileIteratorSimt<cutlass::gemm::GemmShape<(int)32, (int)64, (int)8>, cutlass::gemm::thread::Mma<cutlass::gemm::GemmShape<(int)8, (int)8, (int)1>, float, cutlass::layout::ColumnMajor, float, cutlass::layout::RowMajor, float, cutlass::layout::RowMajor, cutlass::arch::OpMultiplyAdd, bool>, float, cutlass::layout::RowMajor, cutlass::gemm::warp::MmaSimtPolicy<cutlass::MatrixShape<(int)4, (int)8>, cutlass::layout::RowMajorInterleaved<(int)2>, cutlass::gemm::GemmShape<(int)4, (int)4, (int)1>>>, cutlass::epilogue::threadblock::SharedLoadIterator<cutlass::epilogue::threadblock::OutputTileOptimalThreadMap<cutlass::epilogue::threadblock::OutputTileShape<(int)128, (int)1, (int)4, (int)4, (int)1>, cutlass::epilogue::threadblock::OutputTileShape<(int)1, (int)4, (int)2, (int)1, (int)8>, (int)256, (int)1, (int)32>::CompactedThreadMap, float, (int)4>, cutlass::epilogue::thread::LinearCombination<float, (int)1, float, float, (cutlass::epilogue::thread::ScaleType::Kind)0, (cutlass::FloatRoundStyle)2, float>, cutlass::MatrixShape<(int)0, (int)17>, (int)1, (int)1>, cutlass::gemm::threadblock::GemmBatchedIdentityThreadblockSwizzle, (cutlass::gemm::kernel::GroupScheduleMode)0, (bool)0>>(T1::Params)"
428898162,2880,390,512,1,1,256,1,1,40,0.000,0.000,,,,,NVIDIA GeForce RTX 3080 (0),1,,13,"void raggedroute::benchmark::library_baseline::<unnamed>::finalize_routing<(bool)1>(const float *, float *, const float *, const int *, int, int, int)"
428904594,6528,396,2,16,1,128,1,1,86,0.033,0.000,,,,,NVIDIA GeForce RTX 3080 (0),1,,13,ampere_sgemm_32x32_sliced1x4_nn
428914897,11072,399,512,1,1,32,1,1,32,0.001,0.000,,,,,NVIDIA GeForce RTX 3080 (0),1,,13,"raggedroute::benchmark::library_baseline::<unnamed>::cub_block_radix_top2_kernel(const float *, int *, float *, int, int)"
428928657,1152,413,1,1,1,256,1,1,16,0.000,0.000,,,,,NVIDIA GeForce RTX 3080 (0),1,,13,"void cub::_V_300304_SM_860::detail::histogram::DeviceHistogramInitKernel<cub::_V_300304_SM_860::detail::histogram::policy_hub<int, int, (int)1, (int)1, (bool)1>::Policy1000, (int)1, int, int>(cuda::std::__4::array<int, T2>, cuda::std::__4::array<T3 *, T2>, cub::_V_300304_SM_860::GridQueue<int>)"
428932017,5568,416,1,1,1,384,1,1,54,0.001,0.000,,,,,NVIDIA GeForce RTX 3080 (0),1,,13,"void cub::_V_300304_SM_860::detail::histogram::DeviceHistogramSweepKernel<cub::_V_300304_SM_860::detail::histogram::policy_hub<int, int, (int)1, (int)1, (bool)1>::Policy1000, (int)256, (int)1, (int)1, const int *, int, cub::_V_300304_SM_860::detail::histogram::Transforms<int, int, int>::ScaleTransform, cub::_V_300304_SM_860::detail::histogram::Transforms<int, int, int>::PassThruTransform, int>(T5, cuda::std::__4::array<int, T4>, cuda::std::__4::array<int, T4>, cuda::std::__4::array<T6 *, T4>, cuda::std::__4::array<T6 *, T4>, cuda::std::__4::array<T8, T4>, cuda::std::__4::array<T7, T4>, T9, T9, T9, int, cub::_V_300304_SM_860::GridQueue<int>)"
428940273,1536,423,1,1,1,128,1,1,16,0.001,0.000,,,,,NVIDIA GeForce RTX 3080 (0),1,,13,"void raggedroute::benchmark::library_baseline::<unnamed>::block_scan_kernel<(int)128>(const int *, int *, int)"
428945169,7424,434,1,1,1,256,1,1,128,0.034,0.000,,,,,NVIDIA GeForce RTX 3080 (0),1,,13,"void cub::_V_300304_SM_860::detail::radix_sort::DeviceRadixSortSingleTileKernel<cub::_V_300304_SM_860::detail::radix_sort::policy_selector_from_types<int, int, unsigned int>, (cub::_V_300304_SM_860::SortOrder)0, int, int, unsigned int, cub::_V_300304_SM_860::detail::identity_decomposer_t>(const T3 *, T3 *, const T4 *, T4 *, T5, int, int, T6)"
428955217,2879,440,1,1,1,256,1,1,16,0.000,0.000,,,,,NVIDIA GeForce RTX 3080 (0),1,,13,"raggedroute::benchmark::library_baseline::<unnamed>::compute_expert_offsets(const int *, int, int, long long *)"
428960624,3232,447,1024,1,1,256,1,1,18,0.000,0.000,,,,,NVIDIA GeForce RTX 3080 (0),1,,13,"void raggedroute::benchmark::library_baseline::<unnamed>::expand_rows<(bool)1>(const float *, float *, const int *, int *, int *, int, int, int)"
428967152,21600,450,64,1,1,256,1,1,144,0.000,0.017,,,,,NVIDIA GeForce RTX 3080 (0),1,,13,"void cutlass::Kernel<cutlass::gemm::kernel::GemmGrouped<cutlass::gemm::threadblock::MmaPipelined<cutlass::gemm::GemmShape<(int)128, (int)128, (int)8>, cutlass::transform::threadblock::PredicatedTileIterator<cutlass::MatrixShape<(int)128, (int)8>, float, cutlass::layout::RowMajor, (int)1, cutlass::transform::PitchLinearStripminedThreadMap<cutlass::PitchLinearShape<(int)8, (int)128>, (int)256, (int)1>, (int)1, (bool)0, cutlass::layout::NoPermute>, cutlass::transform::threadblock::RegularTileIterator<cutlass::MatrixShape<(int)128, (int)8>, float, cutlass::layout::ColumnMajor, (int)1, cutlass::transform::TransposePitchLinearThreadMapSimt<cutlass::transform::PitchLinearStripminedThreadMap<cutlass::PitchLinearShape<(int)8, (int)128>, (int)256, (int)1>>, (int)4>, cutlass::transform::threadblock::PredicatedTileIterator<cutlass::MatrixShape<(int)8, (int)128>, float, cutlass::layout::RowMajor, (int)0, cutlass::transform::PitchLinearStripminedThreadMap<cutlass::PitchLinearShape<(int)128, (int)8>, (int)256, (int)1>, (int)1, (bool)0, cutlass::layout::NoPermute>, cutlass::transform::threadblock::RegularTileIterator<cutlass::MatrixShape<(int)8, (int)128>, float, cutlass::layout::RowMajor, (int)0, cutlass::transform::PitchLinearStripminedThreadMap<cutlass::PitchLinearShape<(int)128, (int)8>, (int)256, (int)1>, (int)4>, float, cutlass::layout::RowMajor, cutlass::gemm::threadblock::MmaPolicy<cutlass::gemm::warp::MmaSimt<cutlass::gemm::GemmShape<(int)32, (int)64, (int)8>, float, cutlass::layout::ColumnMajor, float, cutlass::layout::RowMajor, float, cutlass::layout::RowMajor, cutlass::gemm::warp::MmaSimtPolicy<cutlass::MatrixShape<(int)4, (int)8>, cutlass::layout::RowMajorInterleaved<(int)2>, cutlass::gemm::GemmShape<(int)4, (int)4, (int)1>>, (int)1, (cutlass::ComplexTransform)0, (cutlass::ComplexTransform)0, bool>, cutlass::MatrixShape<(int)4, (int)0>, cutlass::MatrixShape<(int)0, (int)0>, (int)1>, cutlass::NumericArrayConverter<float, float, (int)4, (cutlass::FloatRoundStyle)2, cutlass::transform::thread::UnaryTransform::Identity>, cutlass::NumericArrayConverter<float, float, (int)4, (cutlass::FloatRoundStyle)2, cutlass::transform::thread::UnaryTransform::Identity>, bool>, cutlass::epilogue::threadblock::Epilogue<cutlass::gemm::GemmShape<(int)128, (int)128, (int)8>, cutlass::gemm::warp::MmaSimt<cutlass::gemm::GemmShape<(int)32, (int)64, (int)8>, float, cutlass::layout::ColumnMajor, float, cutlass::layout::RowMajor, float, cutlass::layout::RowMajor, cutlass::gemm::warp::MmaSimtPolicy<cutlass::MatrixShape<(int)4, (int)8>, cutlass::layout::RowMajorInterleaved<(int)2>, cutlass::gemm::GemmShape<(int)4, (int)4, (int)1>>, (int)1, (cutlass::ComplexTransform)0, (cutlass::ComplexTransform)0, bool>, (int)1, cutlass::epilogue::threadblock::PredicatedTileIterator<cutlass::epilogue::threadblock::OutputTileOptimalThreadMap<cutlass::epilogue::threadblock::OutputTileShape<(int)128, (int)1, (int)4, (int)4, (int)1>, cutlass::epilogue::threadblock::OutputTileShape<(int)1, (int)4, (int)2, (int)1, (int)8>, (int)256, (int)1, (int)32>, float, (bool)0, cutlass::layout::NoPermute, (bool)0>, cutlass::epilogue::warp::FragmentIteratorSimt<cutlass::gemm::GemmShape<(int)32, (int)64, (int)8>, cutlass::gemm::thread::Mma<cutlass::gemm::GemmShape<(int)8, (int)8, (int)1>, float, cutlass::layout::ColumnMajor, float, cutlass::layout::RowMajor, float, cutlass::layout::RowMajor, cutlass::arch::OpMultiplyAdd, bool>, cutlass::layout::RowMajor, cutlass::gemm::warp::MmaSimtPolicy<cutlass::MatrixShape<(int)4, (int)8>, cutlass::layout::RowMajorInterleaved<(int)2>, cutlass::gemm::GemmShape<(int)4, (int)4, (int)1>>>, cutlass::epilogue::warp::TileIteratorSimt<cutlass::gemm::GemmShape<(int)32, (int)64, (int)8>, cutlass::gemm::thread::Mma<cutlass::gemm::GemmShape<(int)8, (int)8, (int)1>, float, cutlass::layout::ColumnMajor, float, cutlass::layout::RowMajor, float, cutlass::layout::RowMajor, cutlass::arch::OpMultiplyAdd, bool>, float, cutlass::layout::RowMajor, cutlass::gemm::warp::MmaSimtPolicy<cutlass::MatrixShape<(int)4, (int)8>, cutlass::layout::RowMajorInterleaved<(int)2>, cutlass::gemm::GemmShape<(int)4, (int)4, (int)1>>>, cutlass::epilogue::threadblock::SharedLoadIterator<cutlass::epilogue::threadblock::OutputTileOptimalThreadMap<cutlass::epilogue::threadblock::OutputTileShape<(int)128, (int)1, (int)4, (int)4, (int)1>, cutlass::epilogue::threadblock::OutputTileShape<(int)1, (int)4, (int)2, (int)1, (int)8>, (int)256, (int)1, (int)32>::CompactedThreadMap, float, (int)4>, cutlass::epilogue::thread::LinearCombination<float, (int)1, float, float, (cutlass::epilogue::thread::ScaleType::Kind)0, (cutlass::FloatRoundStyle)2, float>, cutlass::MatrixShape<(int)0, (int)17>, (int)1, (int)1>, cutlass::gemm::threadblock::GemmBatchedIdentityThreadblockSwizzle, (cutlass::gemm::kernel::GroupScheduleMode)0, (bool)0>>(T1::Params)"
428993008,2752,453,512,1,1,256,1,1,40,0.000,0.000,,,,,NVIDIA GeForce RTX 3080 (0),1,,13,"void raggedroute::benchmark::library_baseline::<unnamed>::finalize_routing<(bool)1>(const float *, float *, const float *, const int *, int, int, int)"
428998544,6431,459,2,16,1,128,1,1,86,0.033,0.000,,,,,NVIDIA GeForce RTX 3080 (0),1,,13,ampere_sgemm_32x32_sliced1x4_nn
429007791,11040,462,512,1,1,32,1,1,32,0.001,0.000,,,,,NVIDIA GeForce RTX 3080 (0),1,,13,"raggedroute::benchmark::library_baseline::<unnamed>::cub_block_radix_top2_kernel(const float *, int *, float *, int, int)"
429022063,1152,476,1,1,1,256,1,1,16,0.000,0.000,,,,,NVIDIA GeForce RTX 3080 (0),1,,13,"void cub::_V_300304_SM_860::detail::histogram::DeviceHistogramInitKernel<cub::_V_300304_SM_860::detail::histogram::policy_hub<int, int, (int)1, (int)1, (bool)1>::Policy1000, (int)1, int, int>(cuda::std::__4::array<int, T2>, cuda::std::__4::array<T3 *, T2>, cub::_V_300304_SM_860::GridQueue<int>)"
429026927,5120,479,1,1,1,384,1,1,54,0.001,0.000,,,,,NVIDIA GeForce RTX 3080 (0),1,,13,"void cub::_V_300304_SM_860::detail::histogram::DeviceHistogramSweepKernel<cub::_V_300304_SM_860::detail::histogram::policy_hub<int, int, (int)1, (int)1, (bool)1>::Policy1000, (int)256, (int)1, (int)1, const int *, int, cub::_V_300304_SM_860::detail::histogram::Transforms<int, int, int>::ScaleTransform, cub::_V_300304_SM_860::detail::histogram::Transforms<int, int, int>::PassThruTransform, int>(T5, cuda::std::__4::array<int, T4>, cuda::std::__4::array<int, T4>, cuda::std::__4::array<T6 *, T4>, cuda::std::__4::array<T6 *, T4>, cuda::std::__4::array<T8, T4>, cuda::std::__4::array<T7, T4>, T9, T9, T9, int, cub::_V_300304_SM_860::GridQueue<int>)"
429035375,1504,486,1,1,1,128,1,1,16,0.001,0.000,,,,,NVIDIA GeForce RTX 3080 (0),1,,13,"void raggedroute::benchmark::library_baseline::<unnamed>::block_scan_kernel<(int)128>(const int *, int *, int)"
429039503,7391,497,1,1,1,256,1,1,128,0.034,0.000,,,,,NVIDIA GeForce RTX 3080 (0),1,,13,"void cub::_V_300304_SM_860::detail::radix_sort::DeviceRadixSortSingleTileKernel<cub::_V_300304_SM_860::detail::radix_sort::policy_selector_from_types<int, int, unsigned int>, (cub::_V_300304_SM_860::SortOrder)0, int, int, unsigned int, cub::_V_300304_SM_860::detail::identity_decomposer_t>(const T3 *, T3 *, const T4 *, T4 *, T5, int, int, T6)"
429049422,2880,503,1,1,1,256,1,1,16,0.000,0.000,,,,,NVIDIA GeForce RTX 3080 (0),1,,13,"raggedroute::benchmark::library_baseline::<unnamed>::compute_expert_offsets(const int *, int, int, long long *)"
429056718,3232,510,1024,1,1,256,1,1,18,0.000,0.000,,,,,NVIDIA GeForce RTX 3080 (0),1,,13,"void raggedroute::benchmark::library_baseline::<unnamed>::expand_rows<(bool)1>(const float *, float *, const int *, int *, int *, int, int, int)"
429062702,21568,513,64,1,1,256,1,1,144,0.000,0.017,,,,,NVIDIA GeForce RTX 3080 (0),1,,13,"void cutlass::Kernel<cutlass::gemm::kernel::GemmGrouped<cutlass::gemm::threadblock::MmaPipelined<cutlass::gemm::GemmShape<(int)128, (int)128, (int)8>, cutlass::transform::threadblock::PredicatedTileIterator<cutlass::MatrixShape<(int)128, (int)8>, float, cutlass::layout::RowMajor, (int)1, cutlass::transform::PitchLinearStripminedThreadMap<cutlass::PitchLinearShape<(int)8, (int)128>, (int)256, (int)1>, (int)1, (bool)0, cutlass::layout::NoPermute>, cutlass::transform::threadblock::RegularTileIterator<cutlass::MatrixShape<(int)128, (int)8>, float, cutlass::layout::ColumnMajor, (int)1, cutlass::transform::TransposePitchLinearThreadMapSimt<cutlass::transform::PitchLinearStripminedThreadMap<cutlass::PitchLinearShape<(int)8, (int)128>, (int)256, (int)1>>, (int)4>, cutlass::transform::threadblock::PredicatedTileIterator<cutlass::MatrixShape<(int)8, (int)128>, float, cutlass::layout::RowMajor, (int)0, cutlass::transform::PitchLinearStripminedThreadMap<cutlass::PitchLinearShape<(int)128, (int)8>, (int)256, (int)1>, (int)1, (bool)0, cutlass::layout::NoPermute>, cutlass::transform::threadblock::RegularTileIterator<cutlass::MatrixShape<(int)8, (int)128>, float, cutlass::layout::RowMajor, (int)0, cutlass::transform::PitchLinearStripminedThreadMap<cutlass::PitchLinearShape<(int)128, (int)8>, (int)256, (int)1>, (int)4>, float, cutlass::layout::RowMajor, cutlass::gemm::threadblock::MmaPolicy<cutlass::gemm::warp::MmaSimt<cutlass::gemm::GemmShape<(int)32, (int)64, (int)8>, float, cutlass::layout::ColumnMajor, float, cutlass::layout::RowMajor, float, cutlass::layout::RowMajor, cutlass::gemm::warp::MmaSimtPolicy<cutlass::MatrixShape<(int)4, (int)8>, cutlass::layout::RowMajorInterleaved<(int)2>, cutlass::gemm::GemmShape<(int)4, (int)4, (int)1>>, (int)1, (cutlass::ComplexTransform)0, (cutlass::ComplexTransform)0, bool>, cutlass::MatrixShape<(int)4, (int)0>, cutlass::MatrixShape<(int)0, (int)0>, (int)1>, cutlass::NumericArrayConverter<float, float, (int)4, (cutlass::FloatRoundStyle)2, cutlass::transform::thread::UnaryTransform::Identity>, cutlass::NumericArrayConverter<float, float, (int)4, (cutlass::FloatRoundStyle)2, cutlass::transform::thread::UnaryTransform::Identity>, bool>, cutlass::epilogue::threadblock::Epilogue<cutlass::gemm::GemmShape<(int)128, (int)128, (int)8>, cutlass::gemm::warp::MmaSimt<cutlass::gemm::GemmShape<(int)32, (int)64, (int)8>, float, cutlass::layout::ColumnMajor, float, cutlass::layout::RowMajor, float, cutlass::layout::RowMajor, cutlass::gemm::warp::MmaSimtPolicy<cutlass::MatrixShape<(int)4, (int)8>, cutlass::layout::RowMajorInterleaved<(int)2>, cutlass::gemm::GemmShape<(int)4, (int)4, (int)1>>, (int)1, (cutlass::ComplexTransform)0, (cutlass::ComplexTransform)0, bool>, (int)1, cutlass::epilogue::threadblock::PredicatedTileIterator<cutlass::epilogue::threadblock::OutputTileOptimalThreadMap<cutlass::epilogue::threadblock::OutputTileShape<(int)128, (int)1, (int)4, (int)4, (int)1>, cutlass::epilogue::threadblock::OutputTileShape<(int)1, (int)4, (int)2, (int)1, (int)8>, (int)256, (int)1, (int)32>, float, (bool)0, cutlass::layout::NoPermute, (bool)0>, cutlass::epilogue::warp::FragmentIteratorSimt<cutlass::gemm::GemmShape<(int)32, (int)64, (int)8>, cutlass::gemm::thread::Mma<cutlass::gemm::GemmShape<(int)8, (int)8, (int)1>, float, cutlass::layout::ColumnMajor, float, cutlass::layout::RowMajor, float, cutlass::layout::RowMajor, cutlass::arch::OpMultiplyAdd, bool>, cutlass::layout::RowMajor, cutlass::gemm::warp::MmaSimtPolicy<cutlass::MatrixShape<(int)4, (int)8>, cutlass::layout::RowMajorInterleaved<(int)2>, cutlass::gemm::GemmShape<(int)4, (int)4, (int)1>>>, cutlass::epilogue::warp::TileIteratorSimt<cutlass::gemm::GemmShape<(int)32, (int)64, (int)8>, cutlass::gemm::thread::Mma<cutlass::gemm::GemmShape<(int)8, (int)8, (int)1>, float, cutlass::layout::ColumnMajor, float, cutlass::layout::RowMajor, float, cutlass::layout::RowMajor, cutlass::arch::OpMultiplyAdd, bool>, float, cutlass::layout::RowMajor, cutlass::gemm::warp::MmaSimtPolicy<cutlass::MatrixShape<(int)4, (int)8>, cutlass::layout::RowMajorInterleaved<(int)2>, cutlass::gemm::GemmShape<(int)4, (int)4, (int)1>>>, cutlass::epilogue::threadblock::SharedLoadIterator<cutlass::epilogue::threadblock::OutputTileOptimalThreadMap<cutlass::epilogue::threadblock::OutputTileShape<(int)128, (int)1, (int)4, (int)4, (int)1>, cutlass::epilogue::threadblock::OutputTileShape<(int)1, (int)4, (int)2, (int)1, (int)8>, (int)256, (int)1, (int)32>::CompactedThreadMap, float, (int)4>, cutlass::epilogue::thread::LinearCombination<float, (int)1, float, float, (cutlass::epilogue::thread::ScaleType::Kind)0, (cutlass::FloatRoundStyle)2, float>, cutlass::MatrixShape<(int)0, (int)17>, (int)1, (int)1>, cutlass::gemm::threadblock::GemmBatchedIdentityThreadblockSwizzle, (cutlass::gemm::kernel::GroupScheduleMode)0, (bool)0>>(T1::Params)"
429087661,2784,516,512,1,1,256,1,1,40,0.000,0.000,,,,,NVIDIA GeForce RTX 3080 (0),1,,13,"void raggedroute::benchmark::library_baseline::<unnamed>::finalize_routing<(bool)1>(const float *, float *, const float *, const int *, int, int, int)"
429092941,6464,522,2,16,1,128,1,1,86,0.033,0.000,,,,,NVIDIA GeForce RTX 3080 (0),1,,13,ampere_sgemm_32x32_sliced1x4_nn
429103437,11040,525,512,1,1,32,1,1,32,0.001,0.000,,,,,NVIDIA GeForce RTX 3080 (0),1,,13,"raggedroute::benchmark::library_baseline::<unnamed>::cub_block_radix_top2_kernel(const float *, int *, float *, int, int)"
429120717,1152,539,1,1,1,256,1,1,16,0.000,0.000,,,,,NVIDIA GeForce RTX 3080 (0),1,,13,"void cub::_V_300304_SM_860::detail::histogram::DeviceHistogramInitKernel<cub::_V_300304_SM_860::detail::histogram::policy_hub<int, int, (int)1, (int)1, (bool)1>::Policy1000, (int)1, int, int>(cuda::std::__4::array<int, T2>, cuda::std::__4::array<T3 *, T2>, cub::_V_300304_SM_860::GridQueue<int>)"
429124461,5376,542,1,1,1,384,1,1,54,0.001,0.000,,,,,NVIDIA GeForce RTX 3080 (0),1,,13,"void cub::_V_300304_SM_860::detail::histogram::DeviceHistogramSweepKernel<cub::_V_300304_SM_860::detail::histogram::policy_hub<int, int, (int)1, (int)1, (bool)1>::Policy1000, (int)256, (int)1, (int)1, const int *, int, cub::_V_300304_SM_860::detail::histogram::Transforms<int, int, int>::ScaleTransform, cub::_V_300304_SM_860::detail::histogram::Transforms<int, int, int>::PassThruTransform, int>(T5, cuda::std::__4::array<int, T4>, cuda::std::__4::array<int, T4>, cuda::std::__4::array<T6 *, T4>, cuda::std::__4::array<T6 *, T4>, cuda::std::__4::array<T8, T4>, cuda::std::__4::array<T7, T4>, T9, T9, T9, int, cub::_V_300304_SM_860::GridQueue<int>)"
429132396,1504,549,1,1,1,128,1,1,16,0.001,0.000,,,,,NVIDIA GeForce RTX 3080 (0),1,,13,"void raggedroute::benchmark::library_baseline::<unnamed>::block_scan_kernel<(int)128>(const int *, int *, int)"
429136364,7424,560,1,1,1,256,1,1,128,0.034,0.000,,,,,NVIDIA GeForce RTX 3080 (0),1,,13,"void cub::_V_300304_SM_860::detail::radix_sort::DeviceRadixSortSingleTileKernel<cub::_V_300304_SM_860::detail::radix_sort::policy_selector_from_types<int, int, unsigned int>, (cub::_V_300304_SM_860::SortOrder)0, int, int, unsigned int, cub::_V_300304_SM_860::detail::identity_decomposer_t>(const T3 *, T3 *, const T4 *, T4 *, T5, int, int, T6)"
429146380,2848,566,1,1,1,256,1,1,16,0.000,0.000,,,,,NVIDIA GeForce RTX 3080 (0),1,,13,"raggedroute::benchmark::library_baseline::<unnamed>::compute_expert_offsets(const int *, int, int, long long *)"
429154828,3200,573,1024,1,1,256,1,1,18,0.000,0.000,,,,,NVIDIA GeForce RTX 3080 (0),1,,13,"void raggedroute::benchmark::library_baseline::<unnamed>::expand_rows<(bool)1>(const float *, float *, const int *, int *, int *, int, int, int)"
429160652,21535,576,64,1,1,256,1,1,144,0.000,0.017,,,,,NVIDIA GeForce RTX 3080 (0),1,,13,"void cutlass::Kernel<cutlass::gemm::kernel::GemmGrouped<cutlass::gemm::threadblock::MmaPipelined<cutlass::gemm::GemmShape<(int)128, (int)128, (int)8>, cutlass::transform::threadblock::PredicatedTileIterator<cutlass::MatrixShape<(int)128, (int)8>, float, cutlass::layout::RowMajor, (int)1, cutlass::transform::PitchLinearStripminedThreadMap<cutlass::PitchLinearShape<(int)8, (int)128>, (int)256, (int)1>, (int)1, (bool)0, cutlass::layout::NoPermute>, cutlass::transform::threadblock::RegularTileIterator<cutlass::MatrixShape<(int)128, (int)8>, float, cutlass::layout::ColumnMajor, (int)1, cutlass::transform::TransposePitchLinearThreadMapSimt<cutlass::transform::PitchLinearStripminedThreadMap<cutlass::PitchLinearShape<(int)8, (int)128>, (int)256, (int)1>>, (int)4>, cutlass::transform::threadblock::PredicatedTileIterator<cutlass::MatrixShape<(int)8, (int)128>, float, cutlass::layout::RowMajor, (int)0, cutlass::transform::PitchLinearStripminedThreadMap<cutlass::PitchLinearShape<(int)128, (int)8>, (int)256, (int)1>, (int)1, (bool)0, cutlass::layout::NoPermute>, cutlass::transform::threadblock::RegularTileIterator<cutlass::MatrixShape<(int)8, (int)128>, float, cutlass::layout::RowMajor, (int)0, cutlass::transform::PitchLinearStripminedThreadMap<cutlass::PitchLinearShape<(int)128, (int)8>, (int)256, (int)1>, (int)4>, float, cutlass::layout::RowMajor, cutlass::gemm::threadblock::MmaPolicy<cutlass::gemm::warp::MmaSimt<cutlass::gemm::GemmShape<(int)32, (int)64, (int)8>, float, cutlass::layout::ColumnMajor, float, cutlass::layout::RowMajor, float, cutlass::layout::RowMajor, cutlass::gemm::warp::MmaSimtPolicy<cutlass::MatrixShape<(int)4, (int)8>, cutlass::layout::RowMajorInterleaved<(int)2>, cutlass::gemm::GemmShape<(int)4, (int)4, (int)1>>, (int)1, (cutlass::ComplexTransform)0, (cutlass::ComplexTransform)0, bool>, cutlass::MatrixShape<(int)4, (int)0>, cutlass::MatrixShape<(int)0, (int)0>, (int)1>, cutlass::NumericArrayConverter<float, float, (int)4, (cutlass::FloatRoundStyle)2, cutlass::transform::thread::UnaryTransform::Identity>, cutlass::NumericArrayConverter<float, float, (int)4, (cutlass::FloatRoundStyle)2, cutlass::transform::thread::UnaryTransform::Identity>, bool>, cutlass::epilogue::threadblock::Epilogue<cutlass::gemm::GemmShape<(int)128, (int)128, (int)8>, cutlass::gemm::warp::MmaSimt<cutlass::gemm::GemmShape<(int)32, (int)64, (int)8>, float, cutlass::layout::ColumnMajor, float, cutlass::layout::RowMajor, float, cutlass::layout::RowMajor, cutlass::gemm::warp::MmaSimtPolicy<cutlass::MatrixShape<(int)4, (int)8>, cutlass::layout::RowMajorInterleaved<(int)2>, cutlass::gemm::GemmShape<(int)4, (int)4, (int)1>>, (int)1, (cutlass::ComplexTransform)0, (cutlass::ComplexTransform)0, bool>, (int)1, cutlass::epilogue::threadblock::PredicatedTileIterator<cutlass::epilogue::threadblock::OutputTileOptimalThreadMap<cutlass::epilogue::threadblock::OutputTileShape<(int)128, (int)1, (int)4, (int)4, (int)1>, cutlass::epilogue::threadblock::OutputTileShape<(int)1, (int)4, (int)2, (int)1, (int)8>, (int)256, (int)1, (int)32>, float, (bool)0, cutlass::layout::NoPermute, (bool)0>, cutlass::epilogue::warp::FragmentIteratorSimt<cutlass::gemm::GemmShape<(int)32, (int)64, (int)8>, cutlass::gemm::thread::Mma<cutlass::gemm::GemmShape<(int)8, (int)8, (int)1>, float, cutlass::layout::ColumnMajor, float, cutlass::layout::RowMajor, float, cutlass::layout::RowMajor, cutlass::arch::OpMultiplyAdd, bool>, cutlass::layout::RowMajor, cutlass::gemm::warp::MmaSimtPolicy<cutlass::MatrixShape<(int)4, (int)8>, cutlass::layout::RowMajorInterleaved<(int)2>, cutlass::gemm::GemmShape<(int)4, (int)4, (int)1>>>, cutlass::epilogue::warp::TileIteratorSimt<cutlass::gemm::GemmShape<(int)32, (int)64, (int)8>, cutlass::gemm::thread::Mma<cutlass::gemm::GemmShape<(int)8, (int)8, (int)1>, float, cutlass::layout::ColumnMajor, float, cutlass::layout::RowMajor, float, cutlass::layout::RowMajor, cutlass::arch::OpMultiplyAdd, bool>, float, cutlass::layout::RowMajor, cutlass::gemm::warp::MmaSimtPolicy<cutlass::MatrixShape<(int)4, (int)8>, cutlass::layout::RowMajorInterleaved<(int)2>, cutlass::gemm::GemmShape<(int)4, (int)4, (int)1>>>, cutlass::epilogue::threadblock::SharedLoadIterator<cutlass::epilogue::threadblock::OutputTileOptimalThreadMap<cutlass::epilogue::threadblock::OutputTileShape<(int)128, (int)1, (int)4, (int)4, (int)1>, cutlass::epilogue::threadblock::OutputTileShape<(int)1, (int)4, (int)2, (int)1, (int)8>, (int)256, (int)1, (int)32>::CompactedThreadMap, float, (int)4>, cutlass::epilogue::thread::LinearCombination<float, (int)1, float, float, (cutlass::epilogue::thread::ScaleType::Kind)0, (cutlass::FloatRoundStyle)2, float>, cutlass::MatrixShape<(int)0, (int)17>, (int)1, (int)1>, cutlass::gemm::threadblock::GemmBatchedIdentityThreadblockSwizzle, (cutlass::gemm::kernel::GroupScheduleMode)0, (bool)0>>(T1::Params)"
429186987,2784,579,512,1,1,256,1,1,40,0.000,0.000,,,,,NVIDIA GeForce RTX 3080 (0),1,,13,"void raggedroute::benchmark::library_baseline::<unnamed>::finalize_routing<(bool)1>(const float *, float *, const float *, const int *, int, int, int)"
429192331,6464,585,2,16,1,128,1,1,86,0.033,0.000,,,,,NVIDIA GeForce RTX 3080 (0),1,,13,ampere_sgemm_32x32_sliced1x4_nn
429201387,11040,588,512,1,1,32,1,1,32,0.001,0.000,,,,,NVIDIA GeForce RTX 3080 (0),1,,13,"raggedroute::benchmark::library_baseline::<unnamed>::cub_block_radix_top2_kernel(const float *, int *, float *, int, int)"
429214731,1152,602,1,1,1,256,1,1,16,0.000,0.000,,,,,NVIDIA GeForce RTX 3080 (0),1,,13,"void cub::_V_300304_SM_860::detail::histogram::DeviceHistogramInitKernel<cub::_V_300304_SM_860::detail::histogram::policy_hub<int, int, (int)1, (int)1, (bool)1>::Policy1000, (int)1, int, int>(cuda::std::__4::array<int, T2>, cuda::std::__4::array<T3 *, T2>, cub::_V_300304_SM_860::GridQueue<int>)"
429220170,5408,605,1,1,1,384,1,1,54,0.001,0.000,,,,,NVIDIA GeForce RTX 3080 (0),1,,13,"void cub::_V_300304_SM_860::detail::histogram::DeviceHistogramSweepKernel<cub::_V_300304_SM_860::detail::histogram::policy_hub<int, int, (int)1, (int)1, (bool)1>::Policy1000, (int)256, (int)1, (int)1, const int *, int, cub::_V_300304_SM_860::detail::histogram::Transforms<int, int, int>::ScaleTransform, cub::_V_300304_SM_860::detail::histogram::Transforms<int, int, int>::PassThruTransform, int>(T5, cuda::std::__4::array<int, T4>, cuda::std::__4::array<int, T4>, cuda::std::__4::array<T6 *, T4>, cuda::std::__4::array<T6 *, T4>, cuda::std::__4::array<T8, T4>, cuda::std::__4::array<T7, T4>, T9, T9, T9, int, cub::_V_300304_SM_860::GridQueue<int>)"
429228330,1504,612,1,1,1,128,1,1,16,0.001,0.000,,,,,NVIDIA GeForce RTX 3080 (0),1,,13,"void raggedroute::benchmark::library_baseline::<unnamed>::block_scan_kernel<(int)128>(const int *, int *, int)"
429232330,7392,623,1,1,1,256,1,1,128,0.034,0.000,,,,,NVIDIA GeForce RTX 3080 (0),1,,13,"void cub::_V_300304_SM_860::detail::radix_sort::DeviceRadixSortSingleTileKernel<cub::_V_300304_SM_860::detail::radix_sort::policy_selector_from_types<int, int, unsigned int>, (cub::_V_300304_SM_860::SortOrder)0, int, int, unsigned int, cub::_V_300304_SM_860::detail::identity_decomposer_t>(const T3 *, T3 *, const T4 *, T4 *, T5, int, int, T6)"
429242250,2880,629,1,1,1,256,1,1,16,0.000,0.000,,,,,NVIDIA GeForce RTX 3080 (0),1,,13,"raggedroute::benchmark::library_baseline::<unnamed>::compute_expert_offsets(const int *, int, int, long long *)"
429250346,3200,636,1024,1,1,256,1,1,18,0.000,0.000,,,,,NVIDIA GeForce RTX 3080 (0),1,,13,"void raggedroute::benchmark::library_baseline::<unnamed>::expand_rows<(bool)1>(const float *, float *, const int *, int *, int *, int, int, int)"
429256138,21599,639,64,1,1,256,1,1,144,0.000,0.017,,,,,NVIDIA GeForce RTX 3080 (0),1,,13,"void cutlass::Kernel<cutlass::gemm::kernel::GemmGrouped<cutlass::gemm::threadblock::MmaPipelined<cutlass::gemm::GemmShape<(int)128, (int)128, (int)8>, cutlass::transform::threadblock::PredicatedTileIterator<cutlass::MatrixShape<(int)128, (int)8>, float, cutlass::layout::RowMajor, (int)1, cutlass::transform::PitchLinearStripminedThreadMap<cutlass::PitchLinearShape<(int)8, (int)128>, (int)256, (int)1>, (int)1, (bool)0, cutlass::layout::NoPermute>, cutlass::transform::threadblock::RegularTileIterator<cutlass::MatrixShape<(int)128, (int)8>, float, cutlass::layout::ColumnMajor, (int)1, cutlass::transform::TransposePitchLinearThreadMapSimt<cutlass::transform::PitchLinearStripminedThreadMap<cutlass::PitchLinearShape<(int)8, (int)128>, (int)256, (int)1>>, (int)4>, cutlass::transform::threadblock::PredicatedTileIterator<cutlass::MatrixShape<(int)8, (int)128>, float, cutlass::layout::RowMajor, (int)0, cutlass::transform::PitchLinearStripminedThreadMap<cutlass::PitchLinearShape<(int)128, (int)8>, (int)256, (int)1>, (int)1, (bool)0, cutlass::layout::NoPermute>, cutlass::transform::threadblock::RegularTileIterator<cutlass::MatrixShape<(int)8, (int)128>, float, cutlass::layout::RowMajor, (int)0, cutlass::transform::PitchLinearStripminedThreadMap<cutlass::PitchLinearShape<(int)128, (int)8>, (int)256, (int)1>, (int)4>, float, cutlass::layout::RowMajor, cutlass::gemm::threadblock::MmaPolicy<cutlass::gemm::warp::MmaSimt<cutlass::gemm::GemmShape<(int)32, (int)64, (int)8>, float, cutlass::layout::ColumnMajor, float, cutlass::layout::RowMajor, float, cutlass::layout::RowMajor, cutlass::gemm::warp::MmaSimtPolicy<cutlass::MatrixShape<(int)4, (int)8>, cutlass::layout::RowMajorInterleaved<(int)2>, cutlass::gemm::GemmShape<(int)4, (int)4, (int)1>>, (int)1, (cutlass::ComplexTransform)0, (cutlass::ComplexTransform)0, bool>, cutlass::MatrixShape<(int)4, (int)0>, cutlass::MatrixShape<(int)0, (int)0>, (int)1>, cutlass::NumericArrayConverter<float, float, (int)4, (cutlass::FloatRoundStyle)2, cutlass::transform::thread::UnaryTransform::Identity>, cutlass::NumericArrayConverter<float, float, (int)4, (cutlass::FloatRoundStyle)2, cutlass::transform::thread::UnaryTransform::Identity>, bool>, cutlass::epilogue::threadblock::Epilogue<cutlass::gemm::GemmShape<(int)128, (int)128, (int)8>, cutlass::gemm::warp::MmaSimt<cutlass::gemm::GemmShape<(int)32, (int)64, (int)8>, float, cutlass::layout::ColumnMajor, float, cutlass::layout::RowMajor, float, cutlass::layout::RowMajor, cutlass::gemm::warp::MmaSimtPolicy<cutlass::MatrixShape<(int)4, (int)8>, cutlass::layout::RowMajorInterleaved<(int)2>, cutlass::gemm::GemmShape<(int)4, (int)4, (int)1>>, (int)1, (cutlass::ComplexTransform)0, (cutlass::ComplexTransform)0, bool>, (int)1, cutlass::epilogue::threadblock::PredicatedTileIterator<cutlass::epilogue::threadblock::OutputTileOptimalThreadMap<cutlass::epilogue::threadblock::OutputTileShape<(int)128, (int)1, (int)4, (int)4, (int)1>, cutlass::epilogue::threadblock::OutputTileShape<(int)1, (int)4, (int)2, (int)1, (int)8>, (int)256, (int)1, (int)32>, float, (bool)0, cutlass::layout::NoPermute, (bool)0>, cutlass::epilogue::warp::FragmentIteratorSimt<cutlass::gemm::GemmShape<(int)32, (int)64, (int)8>, cutlass::gemm::thread::Mma<cutlass::gemm::GemmShape<(int)8, (int)8, (int)1>, float, cutlass::layout::ColumnMajor, float, cutlass::layout::RowMajor, float, cutlass::layout::RowMajor, cutlass::arch::OpMultiplyAdd, bool>, cutlass::layout::RowMajor, cutlass::gemm::warp::MmaSimtPolicy<cutlass::MatrixShape<(int)4, (int)8>, cutlass::layout::RowMajorInterleaved<(int)2>, cutlass::gemm::GemmShape<(int)4, (int)4, (int)1>>>, cutlass::epilogue::warp::TileIteratorSimt<cutlass::gemm::GemmShape<(int)32, (int)64, (int)8>, cutlass::gemm::thread::Mma<cutlass::gemm::GemmShape<(int)8, (int)8, (int)1>, float, cutlass::layout::ColumnMajor, float, cutlass::layout::RowMajor, float, cutlass::layout::RowMajor, cutlass::arch::OpMultiplyAdd, bool>, float, cutlass::layout::RowMajor, cutlass::gemm::warp::MmaSimtPolicy<cutlass::MatrixShape<(int)4, (int)8>, cutlass::layout::RowMajorInterleaved<(int)2>, cutlass::gemm::GemmShape<(int)4, (int)4, (int)1>>>, cutlass::epilogue::threadblock::SharedLoadIterator<cutlass::epilogue::threadblock::OutputTileOptimalThreadMap<cutlass::epilogue::threadblock::OutputTileShape<(int)128, (int)1, (int)4, (int)4, (int)1>, cutlass::epilogue::threadblock::OutputTileShape<(int)1, (int)4, (int)2, (int)1, (int)8>, (int)256, (int)1, (int)32>::CompactedThreadMap, float, (int)4>, cutlass::epilogue::thread::LinearCombination<float, (int)1, float, float, (cutlass::epilogue::thread::ScaleType::Kind)0, (cutlass::FloatRoundStyle)2, float>, cutlass::MatrixShape<(int)0, (int)17>, (int)1, (int)1>, cutlass::gemm::threadblock::GemmBatchedIdentityThreadblockSwizzle, (cutlass::gemm::kernel::GroupScheduleMode)0, (bool)0>>(T1::Params)"
429280809,2752,642,512,1,1,256,1,1,40,0.000,0.000,,,,,NVIDIA GeForce RTX 3080 (0),1,,13,"void raggedroute::benchmark::library_baseline::<unnamed>::finalize_routing<(bool)1>(const float *, float *, const float *, const int *, int, int, int)"
429286473,6560,648,2,16,1,128,1,1,86,0.033,0.000,,,,,NVIDIA GeForce RTX 3080 (0),1,,13,ampere_sgemm_32x32_sliced1x4_nn
429296521,11039,651,512,1,1,32,1,1,32,0.001,0.000,,,,,NVIDIA GeForce RTX 3080 (0),1,,13,"raggedroute::benchmark::library_baseline::<unnamed>::cub_block_radix_top2_kernel(const float *, int *, float *, int, int)"
429313384,1152,665,1,1,1,256,1,1,16,0.000,0.000,,,,,NVIDIA GeForce RTX 3080 (0),1,,13,"void cub::_V_300304_SM_860::detail::histogram::DeviceHistogramInitKernel<cub::_V_300304_SM_860::detail::histogram::policy_hub<int, int, (int)1, (int)1, (bool)1>::Policy1000, (int)1, int, int>(cuda::std::__4::array<int, T2>, cuda::std::__4::array<T3 *, T2>, cub::_V_300304_SM_860::GridQueue<int>)"
429317448,5408,668,1,1,1,384,1,1,54,0.001,0.000,,,,,NVIDIA GeForce RTX 3080 (0),1,,13,"void cub::_V_300304_SM_860::detail::histogram::DeviceHistogramSweepKernel<cub::_V_300304_SM_860::detail::histogram::policy_hub<int, int, (int)1, (int)1, (bool)1>::Policy1000, (int)256, (int)1, (int)1, const int *, int, cub::_V_300304_SM_860::detail::histogram::Transforms<int, int, int>::ScaleTransform, cub::_V_300304_SM_860::detail::histogram::Transforms<int, int, int>::PassThruTransform, int>(T5, cuda::std::__4::array<int, T4>, cuda::std::__4::array<int, T4>, cuda::std::__4::array<T6 *, T4>, cuda::std::__4::array<T6 *, T4>, cuda::std::__4::array<T8, T4>, cuda::std::__4::array<T7, T4>, T9, T9, T9, int, cub::_V_300304_SM_860::GridQueue<int>)"
429325416,1536,675,1,1,1,128,1,1,16,0.001,0.000,,,,,NVIDIA GeForce RTX 3080 (0),1,,13,"void raggedroute::benchmark::library_baseline::<unnamed>::block_scan_kernel<(int)128>(const int *, int *, int)"
429329480,7424,686,1,1,1,256,1,1,128,0.034,0.000,,,,,NVIDIA GeForce RTX 3080 (0),1,,13,"void cub::_V_300304_SM_860::detail::radix_sort::DeviceRadixSortSingleTileKernel<cub::_V_300304_SM_860::detail::radix_sort::policy_selector_from_types<int, int, unsigned int>, (cub::_V_300304_SM_860::SortOrder)0, int, int, unsigned int, cub::_V_300304_SM_860::detail::identity_decomposer_t>(const T3 *, T3 *, const T4 *, T4 *, T5, int, int, T6)"
429339368,2880,692,1,1,1,256,1,1,16,0.000,0.000,,,,,NVIDIA GeForce RTX 3080 (0),1,,13,"raggedroute::benchmark::library_baseline::<unnamed>::compute_expert_offsets(const int *, int, int, long long *)"
429348071,3200,699,1024,1,1,256,1,1,18,0.000,0.000,,,,,NVIDIA GeForce RTX 3080 (0),1,,13,"void raggedroute::benchmark::library_baseline::<unnamed>::expand_rows<(bool)1>(const float *, float *, const int *, int *, int *, int, int, int)"
429353895,21600,702,64,1,1,256,1,1,144,0.000,0.017,,,,,NVIDIA GeForce RTX 3080 (0),1,,13,"void cutlass::Kernel<cutlass::gemm::kernel::GemmGrouped<cutlass::gemm::threadblock::MmaPipelined<cutlass::gemm::GemmShape<(int)128, (int)128, (int)8>, cutlass::transform::threadblock::PredicatedTileIterator<cutlass::MatrixShape<(int)128, (int)8>, float, cutlass::layout::RowMajor, (int)1, cutlass::transform::PitchLinearStripminedThreadMap<cutlass::PitchLinearShape<(int)8, (int)128>, (int)256, (int)1>, (int)1, (bool)0, cutlass::layout::NoPermute>, cutlass::transform::threadblock::RegularTileIterator<cutlass::MatrixShape<(int)128, (int)8>, float, cutlass::layout::ColumnMajor, (int)1, cutlass::transform::TransposePitchLinearThreadMapSimt<cutlass::transform::PitchLinearStripminedThreadMap<cutlass::PitchLinearShape<(int)8, (int)128>, (int)256, (int)1>>, (int)4>, cutlass::transform::threadblock::PredicatedTileIterator<cutlass::MatrixShape<(int)8, (int)128>, float, cutlass::layout::RowMajor, (int)0, cutlass::transform::PitchLinearStripminedThreadMap<cutlass::PitchLinearShape<(int)128, (int)8>, (int)256, (int)1>, (int)1, (bool)0, cutlass::layout::NoPermute>, cutlass::transform::threadblock::RegularTileIterator<cutlass::MatrixShape<(int)8, (int)128>, float, cutlass::layout::RowMajor, (int)0, cutlass::transform::PitchLinearStripminedThreadMap<cutlass::PitchLinearShape<(int)128, (int)8>, (int)256, (int)1>, (int)4>, float, cutlass::layout::RowMajor, cutlass::gemm::threadblock::MmaPolicy<cutlass::gemm::warp::MmaSimt<cutlass::gemm::GemmShape<(int)32, (int)64, (int)8>, float, cutlass::layout::ColumnMajor, float, cutlass::layout::RowMajor, float, cutlass::layout::RowMajor, cutlass::gemm::warp::MmaSimtPolicy<cutlass::MatrixShape<(int)4, (int)8>, cutlass::layout::RowMajorInterleaved<(int)2>, cutlass::gemm::GemmShape<(int)4, (int)4, (int)1>>, (int)1, (cutlass::ComplexTransform)0, (cutlass::ComplexTransform)0, bool>, cutlass::MatrixShape<(int)4, (int)0>, cutlass::MatrixShape<(int)0, (int)0>, (int)1>, cutlass::NumericArrayConverter<float, float, (int)4, (cutlass::FloatRoundStyle)2, cutlass::transform::thread::UnaryTransform::Identity>, cutlass::NumericArrayConverter<float, float, (int)4, (cutlass::FloatRoundStyle)2, cutlass::transform::thread::UnaryTransform::Identity>, bool>, cutlass::epilogue::threadblock::Epilogue<cutlass::gemm::GemmShape<(int)128, (int)128, (int)8>, cutlass::gemm::warp::MmaSimt<cutlass::gemm::GemmShape<(int)32, (int)64, (int)8>, float, cutlass::layout::ColumnMajor, float, cutlass::layout::RowMajor, float, cutlass::layout::RowMajor, cutlass::gemm::warp::MmaSimtPolicy<cutlass::MatrixShape<(int)4, (int)8>, cutlass::layout::RowMajorInterleaved<(int)2>, cutlass::gemm::GemmShape<(int)4, (int)4, (int)1>>, (int)1, (cutlass::ComplexTransform)0, (cutlass::ComplexTransform)0, bool>, (int)1, cutlass::epilogue::threadblock::PredicatedTileIterator<cutlass::epilogue::threadblock::OutputTileOptimalThreadMap<cutlass::epilogue::threadblock::OutputTileShape<(int)128, (int)1, (int)4, (int)4, (int)1>, cutlass::epilogue::threadblock::OutputTileShape<(int)1, (int)4, (int)2, (int)1, (int)8>, (int)256, (int)1, (int)32>, float, (bool)0, cutlass::layout::NoPermute, (bool)0>, cutlass::epilogue::warp::FragmentIteratorSimt<cutlass::gemm::GemmShape<(int)32, (int)64, (int)8>, cutlass::gemm::thread::Mma<cutlass::gemm::GemmShape<(int)8, (int)8, (int)1>, float, cutlass::layout::ColumnMajor, float, cutlass::layout::RowMajor, float, cutlass::layout::RowMajor, cutlass::arch::OpMultiplyAdd, bool>, cutlass::layout::RowMajor, cutlass::gemm::warp::MmaSimtPolicy<cutlass::MatrixShape<(int)4, (int)8>, cutlass::layout::RowMajorInterleaved<(int)2>, cutlass::gemm::GemmShape<(int)4, (int)4, (int)1>>>, cutlass::epilogue::warp::TileIteratorSimt<cutlass::gemm::GemmShape<(int)32, (int)64, (int)8>, cutlass::gemm::thread::Mma<cutlass::gemm::GemmShape<(int)8, (int)8, (int)1>, float, cutlass::layout::ColumnMajor, float, cutlass::layout::RowMajor, float, cutlass::layout::RowMajor, cutlass::arch::OpMultiplyAdd, bool>, float, cutlass::layout::RowMajor, cutlass::gemm::warp::MmaSimtPolicy<cutlass::MatrixShape<(int)4, (int)8>, cutlass::layout::RowMajorInterleaved<(int)2>, cutlass::gemm::GemmShape<(int)4, (int)4, (int)1>>>, cutlass::epilogue::threadblock::SharedLoadIterator<cutlass::epilogue::threadblock::OutputTileOptimalThreadMap<cutlass::epilogue::threadblock::OutputTileShape<(int)128, (int)1, (int)4, (int)4, (int)1>, cutlass::epilogue::threadblock::OutputTileShape<(int)1, (int)4, (int)2, (int)1, (int)8>, (int)256, (int)1, (int)32>::CompactedThreadMap, float, (int)4>, cutlass::epilogue::thread::LinearCombination<float, (int)1, float, float, (cutlass::epilogue::thread::ScaleType::Kind)0, (cutlass::FloatRoundStyle)2, float>, cutlass::MatrixShape<(int)0, (int)17>, (int)1, (int)1>, cutlass::gemm::threadblock::GemmBatchedIdentityThreadblockSwizzle, (cutlass::gemm::kernel::GroupScheduleMode)0, (bool)0>>(T1::Params)"
429380199,2784,705,512,1,1,256,1,1,40,0.000,0.000,,,,,NVIDIA GeForce RTX 3080 (0),1,,13,"void raggedroute::benchmark::library_baseline::<unnamed>::finalize_routing<(bool)1>(const float *, float *, const float *, const int *, int, int, int)"
429385607,6495,711,2,16,1,128,1,1,86,0.033,0.000,,,,,NVIDIA GeForce RTX 3080 (0),1,,13,ampere_sgemm_32x32_sliced1x4_nn
429394598,11008,714,512,1,1,32,1,1,32,0.001,0.000,,,,,NVIDIA GeForce RTX 3080 (0),1,,13,"raggedroute::benchmark::library_baseline::<unnamed>::cub_block_radix_top2_kernel(const float *, int *, float *, int, int)"
429412358,1152,728,1,1,1,256,1,1,16,0.000,0.000,,,,,NVIDIA GeForce RTX 3080 (0),1,,13,"void cub::_V_300304_SM_860::detail::histogram::DeviceHistogramInitKernel<cub::_V_300304_SM_860::detail::histogram::policy_hub<int, int, (int)1, (int)1, (bool)1>::Policy1000, (int)1, int, int>(cuda::std::__4::array<int, T2>, cuda::std::__4::array<T3 *, T2>, cub::_V_300304_SM_860::GridQueue<int>)"
429417126,5408,731,1,1,1,384,1,1,54,0.001,0.000,,,,,NVIDIA GeForce RTX 3080 (0),1,,13,"void cub::_V_300304_SM_860::detail::histogram::DeviceHistogramSweepKernel<cub::_V_300304_SM_860::detail::histogram::policy_hub<int, int, (int)1, (int)1, (bool)1>::Policy1000, (int)256, (int)1, (int)1, const int *, int, cub::_V_300304_SM_860::detail::histogram::Transforms<int, int, int>::ScaleTransform, cub::_V_300304_SM_860::detail::histogram::Transforms<int, int, int>::PassThruTransform, int>(T5, cuda::std::__4::array<int, T4>, cuda::std::__4::array<int, T4>, cuda::std::__4::array<T6 *, T4>, cuda::std::__4::array<T6 *, T4>, cuda::std::__4::array<T8, T4>, cuda::std::__4::array<T7, T4>, T9, T9, T9, int, cub::_V_300304_SM_860::GridQueue<int>)"
429425158,1504,738,1,1,1,128,1,1,16,0.001,0.000,,,,,NVIDIA GeForce RTX 3080 (0),1,,13,"void raggedroute::benchmark::library_baseline::<unnamed>::block_scan_kernel<(int)128>(const int *, int *, int)"
429429350,7423,749,1,1,1,256,1,1,128,0.034,0.000,,,,,NVIDIA GeForce RTX 3080 (0),1,,13,"void cub::_V_300304_SM_860::detail::radix_sort::DeviceRadixSortSingleTileKernel<cub::_V_300304_SM_860::detail::radix_sort::policy_selector_from_types<int, int, unsigned int>, (cub::_V_300304_SM_860::SortOrder)0, int, int, unsigned int, cub::_V_300304_SM_860::detail::identity_decomposer_t>(const T3 *, T3 *, const T4 *, T4 *, T5, int, int, T6)"
429439333,2880,755,1,1,1,256,1,1,16,0.000,0.000,,,,,NVIDIA GeForce RTX 3080 (0),1,,13,"raggedroute::benchmark::library_baseline::<unnamed>::compute_expert_offsets(const int *, int, int, long long *)"
429447845,3232,762,1024,1,1,256,1,1,18,0.000,0.000,,,,,NVIDIA GeForce RTX 3080 (0),1,,13,"void raggedroute::benchmark::library_baseline::<unnamed>::expand_rows<(bool)1>(const float *, float *, const int *, int *, int *, int, int, int)"
429453669,21600,765,64,1,1,256,1,1,144,0.000,0.017,,,,,NVIDIA GeForce RTX 3080 (0),1,,13,"void cutlass::Kernel<cutlass::gemm::kernel::GemmGrouped<cutlass::gemm::threadblock::MmaPipelined<cutlass::gemm::GemmShape<(int)128, (int)128, (int)8>, cutlass::transform::threadblock::PredicatedTileIterator<cutlass::MatrixShape<(int)128, (int)8>, float, cutlass::layout::RowMajor, (int)1, cutlass::transform::PitchLinearStripminedThreadMap<cutlass::PitchLinearShape<(int)8, (int)128>, (int)256, (int)1>, (int)1, (bool)0, cutlass::layout::NoPermute>, cutlass::transform::threadblock::RegularTileIterator<cutlass::MatrixShape<(int)128, (int)8>, float, cutlass::layout::ColumnMajor, (int)1, cutlass::transform::TransposePitchLinearThreadMapSimt<cutlass::transform::PitchLinearStripminedThreadMap<cutlass::PitchLinearShape<(int)8, (int)128>, (int)256, (int)1>>, (int)4>, cutlass::transform::threadblock::PredicatedTileIterator<cutlass::MatrixShape<(int)8, (int)128>, float, cutlass::layout::RowMajor, (int)0, cutlass::transform::PitchLinearStripminedThreadMap<cutlass::PitchLinearShape<(int)128, (int)8>, (int)256, (int)1>, (int)1, (bool)0, cutlass::layout::NoPermute>, cutlass::transform::threadblock::RegularTileIterator<cutlass::MatrixShape<(int)8, (int)128>, float, cutlass::layout::RowMajor, (int)0, cutlass::transform::PitchLinearStripminedThreadMap<cutlass::PitchLinearShape<(int)128, (int)8>, (int)256, (int)1>, (int)4>, float, cutlass::layout::RowMajor, cutlass::gemm::threadblock::MmaPolicy<cutlass::gemm::warp::MmaSimt<cutlass::gemm::GemmShape<(int)32, (int)64, (int)8>, float, cutlass::layout::ColumnMajor, float, cutlass::layout::RowMajor, float, cutlass::layout::RowMajor, cutlass::gemm::warp::MmaSimtPolicy<cutlass::MatrixShape<(int)4, (int)8>, cutlass::layout::RowMajorInterleaved<(int)2>, cutlass::gemm::GemmShape<(int)4, (int)4, (int)1>>, (int)1, (cutlass::ComplexTransform)0, (cutlass::ComplexTransform)0, bool>, cutlass::MatrixShape<(int)4, (int)0>, cutlass::MatrixShape<(int)0, (int)0>, (int)1>, cutlass::NumericArrayConverter<float, float, (int)4, (cutlass::FloatRoundStyle)2, cutlass::transform::thread::UnaryTransform::Identity>, cutlass::NumericArrayConverter<float, float, (int)4, (cutlass::FloatRoundStyle)2, cutlass::transform::thread::UnaryTransform::Identity>, bool>, cutlass::epilogue::threadblock::Epilogue<cutlass::gemm::GemmShape<(int)128, (int)128, (int)8>, cutlass::gemm::warp::MmaSimt<cutlass::gemm::GemmShape<(int)32, (int)64, (int)8>, float, cutlass::layout::ColumnMajor, float, cutlass::layout::RowMajor, float, cutlass::layout::RowMajor, cutlass::gemm::warp::MmaSimtPolicy<cutlass::MatrixShape<(int)4, (int)8>, cutlass::layout::RowMajorInterleaved<(int)2>, cutlass::gemm::GemmShape<(int)4, (int)4, (int)1>>, (int)1, (cutlass::ComplexTransform)0, (cutlass::ComplexTransform)0, bool>, (int)1, cutlass::epilogue::threadblock::PredicatedTileIterator<cutlass::epilogue::threadblock::OutputTileOptimalThreadMap<cutlass::epilogue::threadblock::OutputTileShape<(int)128, (int)1, (int)4, (int)4, (int)1>, cutlass::epilogue::threadblock::OutputTileShape<(int)1, (int)4, (int)2, (int)1, (int)8>, (int)256, (int)1, (int)32>, float, (bool)0, cutlass::layout::NoPermute, (bool)0>, cutlass::epilogue::warp::FragmentIteratorSimt<cutlass::gemm::GemmShape<(int)32, (int)64, (int)8>, cutlass::gemm::thread::Mma<cutlass::gemm::GemmShape<(int)8, (int)8, (int)1>, float, cutlass::layout::ColumnMajor, float, cutlass::layout::RowMajor, float, cutlass::layout::RowMajor, cutlass::arch::OpMultiplyAdd, bool>, cutlass::layout::RowMajor, cutlass::gemm::warp::MmaSimtPolicy<cutlass::MatrixShape<(int)4, (int)8>, cutlass::layout::RowMajorInterleaved<(int)2>, cutlass::gemm::GemmShape<(int)4, (int)4, (int)1>>>, cutlass::epilogue::warp::TileIteratorSimt<cutlass::gemm::GemmShape<(int)32, (int)64, (int)8>, cutlass::gemm::thread::Mma<cutlass::gemm::GemmShape<(int)8, (int)8, (int)1>, float, cutlass::layout::ColumnMajor, float, cutlass::layout::RowMajor, float, cutlass::layout::RowMajor, cutlass::arch::OpMultiplyAdd, bool>, float, cutlass::layout::RowMajor, cutlass::gemm::warp::MmaSimtPolicy<cutlass::MatrixShape<(int)4, (int)8>, cutlass::layout::RowMajorInterleaved<(int)2>, cutlass::gemm::GemmShape<(int)4, (int)4, (int)1>>>, cutlass::epilogue::threadblock::SharedLoadIterator<cutlass::epilogue::threadblock::OutputTileOptimalThreadMap<cutlass::epilogue::threadblock::OutputTileShape<(int)128, (int)1, (int)4, (int)4, (int)1>, cutlass::epilogue::threadblock::OutputTileShape<(int)1, (int)4, (int)2, (int)1, (int)8>, (int)256, (int)1, (int)32>::CompactedThreadMap, float, (int)4>, cutlass::epilogue::thread::LinearCombination<float, (int)1, float, float, (cutlass::epilogue::thread::ScaleType::Kind)0, (cutlass::FloatRoundStyle)2, float>, cutlass::MatrixShape<(int)0, (int)17>, (int)1, (int)1>, cutlass::gemm::threadblock::GemmBatchedIdentityThreadblockSwizzle, (cutlass::gemm::kernel::GroupScheduleMode)0, (bool)0>>(T1::Params)"
429478308,2880,768,512,1,1,256,1,1,40,0.000,0.000,,,,,NVIDIA GeForce RTX 3080 (0),1,,13,"void raggedroute::benchmark::library_baseline::<unnamed>::finalize_routing<(bool)1>(const float *, float *, const float *, const int *, int, int, int)"
429483748,6464,774,2,16,1,128,1,1,86,0.033,0.000,,,,,NVIDIA GeForce RTX 3080 (0),1,,13,ampere_sgemm_32x32_sliced1x4_nn
429493732,11072,777,512,1,1,32,1,1,32,0.001,0.000,,,,,NVIDIA GeForce RTX 3080 (0),1,,13,"raggedroute::benchmark::library_baseline::<unnamed>::cub_block_radix_top2_kernel(const float *, int *, float *, int, int)"
429510788,1152,791,1,1,1,256,1,1,16,0.000,0.000,,,,,NVIDIA GeForce RTX 3080 (0),1,,13,"void cub::_V_300304_SM_860::detail::histogram::DeviceHistogramInitKernel<cub::_V_300304_SM_860::detail::histogram::policy_hub<int, int, (int)1, (int)1, (bool)1>::Policy1000, (int)1, int, int>(cuda::std::__4::array<int, T2>, cuda::std::__4::array<T3 *, T2>, cub::_V_300304_SM_860::GridQueue<int>)"
429514500,5376,794,1,1,1,384,1,1,54,0.001,0.000,,,,,NVIDIA GeForce RTX 3080 (0),1,,13,"void cub::_V_300304_SM_860::detail::histogram::DeviceHistogramSweepKernel<cub::_V_300304_SM_860::detail::histogram::policy_hub<int, int, (int)1, (int)1, (bool)1>::Policy1000, (int)256, (int)1, (int)1, const int *, int, cub::_V_300304_SM_860::detail::histogram::Transforms<int, int, int>::ScaleTransform, cub::_V_300304_SM_860::detail::histogram::Transforms<int, int, int>::PassThruTransform, int>(T5, cuda::std::__4::array<int, T4>, cuda::std::__4::array<int, T4>, cuda::std::__4::array<T6 *, T4>, cuda::std::__4::array<T6 *, T4>, cuda::std::__4::array<T8, T4>, cuda::std::__4::array<T7, T4>, T9, T9, T9, int, cub::_V_300304_SM_860::GridQueue<int>)"
429522307,1536,801,1,1,1,128,1,1,16,0.001,0.000,,,,,NVIDIA GeForce RTX 3080 (0),1,,13,"void raggedroute::benchmark::library_baseline::<unnamed>::block_scan_kernel<(int)128>(const int *, int *, int)"
429526467,7424,812,1,1,1,256,1,1,128,0.034,0.000,,,,,NVIDIA GeForce RTX 3080 (0),1,,13,"void cub::_V_300304_SM_860::detail::radix_sort::DeviceRadixSortSingleTileKernel<cub::_V_300304_SM_860::detail::radix_sort::policy_selector_from_types<int, int, unsigned int>, (cub::_V_300304_SM_860::SortOrder)0, int, int, unsigned int, cub::_V_300304_SM_860::detail::identity_decomposer_t>(const T3 *, T3 *, const T4 *, T4 *, T5, int, int, T6)"
429536387,2880,818,1,1,1,256,1,1,16,0.000,0.000,,,,,NVIDIA GeForce RTX 3080 (0),1,,13,"raggedroute::benchmark::library_baseline::<unnamed>::compute_expert_offsets(const int *, int, int, long long *)"
429545347,3232,825,1024,1,1,256,1,1,18,0.000,0.000,,,,,NVIDIA GeForce RTX 3080 (0),1,,13,"void raggedroute::benchmark::library_baseline::<unnamed>::expand_rows<(bool)1>(const float *, float *, const int *, int *, int *, int, int, int)"
429551299,21599,828,64,1,1,256,1,1,144,0.000,0.017,,,,,NVIDIA GeForce RTX 3080 (0),1,,13,"void cutlass::Kernel<cutlass::gemm::kernel::GemmGrouped<cutlass::gemm::threadblock::MmaPipelined<cutlass::gemm::GemmShape<(int)128, (int)128, (int)8>, cutlass::transform::threadblock::PredicatedTileIterator<cutlass::MatrixShape<(int)128, (int)8>, float, cutlass::layout::RowMajor, (int)1, cutlass::transform::PitchLinearStripminedThreadMap<cutlass::PitchLinearShape<(int)8, (int)128>, (int)256, (int)1>, (int)1, (bool)0, cutlass::layout::NoPermute>, cutlass::transform::threadblock::RegularTileIterator<cutlass::MatrixShape<(int)128, (int)8>, float, cutlass::layout::ColumnMajor, (int)1, cutlass::transform::TransposePitchLinearThreadMapSimt<cutlass::transform::PitchLinearStripminedThreadMap<cutlass::PitchLinearShape<(int)8, (int)128>, (int)256, (int)1>>, (int)4>, cutlass::transform::threadblock::PredicatedTileIterator<cutlass::MatrixShape<(int)8, (int)128>, float, cutlass::layout::RowMajor, (int)0, cutlass::transform::PitchLinearStripminedThreadMap<cutlass::PitchLinearShape<(int)128, (int)8>, (int)256, (int)1>, (int)1, (bool)0, cutlass::layout::NoPermute>, cutlass::transform::threadblock::RegularTileIterator<cutlass::MatrixShape<(int)8, (int)128>, float, cutlass::layout::RowMajor, (int)0, cutlass::transform::PitchLinearStripminedThreadMap<cutlass::PitchLinearShape<(int)128, (int)8>, (int)256, (int)1>, (int)4>, float, cutlass::layout::RowMajor, cutlass::gemm::threadblock::MmaPolicy<cutlass::gemm::warp::MmaSimt<cutlass::gemm::GemmShape<(int)32, (int)64, (int)8>, float, cutlass::layout::ColumnMajor, float, cutlass::layout::RowMajor, float, cutlass::layout::RowMajor, cutlass::gemm::warp::MmaSimtPolicy<cutlass::MatrixShape<(int)4, (int)8>, cutlass::layout::RowMajorInterleaved<(int)2>, cutlass::gemm::GemmShape<(int)4, (int)4, (int)1>>, (int)1, (cutlass::ComplexTransform)0, (cutlass::ComplexTransform)0, bool>, cutlass::MatrixShape<(int)4, (int)0>, cutlass::MatrixShape<(int)0, (int)0>, (int)1>, cutlass::NumericArrayConverter<float, float, (int)4, (cutlass::FloatRoundStyle)2, cutlass::transform::thread::UnaryTransform::Identity>, cutlass::NumericArrayConverter<float, float, (int)4, (cutlass::FloatRoundStyle)2, cutlass::transform::thread::UnaryTransform::Identity>, bool>, cutlass::epilogue::threadblock::Epilogue<cutlass::gemm::GemmShape<(int)128, (int)128, (int)8>, cutlass::gemm::warp::MmaSimt<cutlass::gemm::GemmShape<(int)32, (int)64, (int)8>, float, cutlass::layout::ColumnMajor, float, cutlass::layout::RowMajor, float, cutlass::layout::RowMajor, cutlass::gemm::warp::MmaSimtPolicy<cutlass::MatrixShape<(int)4, (int)8>, cutlass::layout::RowMajorInterleaved<(int)2>, cutlass::gemm::GemmShape<(int)4, (int)4, (int)1>>, (int)1, (cutlass::ComplexTransform)0, (cutlass::ComplexTransform)0, bool>, (int)1, cutlass::epilogue::threadblock::PredicatedTileIterator<cutlass::epilogue::threadblock::OutputTileOptimalThreadMap<cutlass::epilogue::threadblock::OutputTileShape<(int)128, (int)1, (int)4, (int)4, (int)1>, cutlass::epilogue::threadblock::OutputTileShape<(int)1, (int)4, (int)2, (int)1, (int)8>, (int)256, (int)1, (int)32>, float, (bool)0, cutlass::layout::NoPermute, (bool)0>, cutlass::epilogue::warp::FragmentIteratorSimt<cutlass::gemm::GemmShape<(int)32, (int)64, (int)8>, cutlass::gemm::thread::Mma<cutlass::gemm::GemmShape<(int)8, (int)8, (int)1>, float, cutlass::layout::ColumnMajor, float, cutlass::layout::RowMajor, float, cutlass::layout::RowMajor, cutlass::arch::OpMultiplyAdd, bool>, cutlass::layout::RowMajor, cutlass::gemm::warp::MmaSimtPolicy<cutlass::MatrixShape<(int)4, (int)8>, cutlass::layout::RowMajorInterleaved<(int)2>, cutlass::gemm::GemmShape<(int)4, (int)4, (int)1>>>, cutlass::epilogue::warp::TileIteratorSimt<cutlass::gemm::GemmShape<(int)32, (int)64, (int)8>, cutlass::gemm::thread::Mma<cutlass::gemm::GemmShape<(int)8, (int)8, (int)1>, float, cutlass::layout::ColumnMajor, float, cutlass::layout::RowMajor, float, cutlass::layout::RowMajor, cutlass::arch::OpMultiplyAdd, bool>, float, cutlass::layout::RowMajor, cutlass::gemm::warp::MmaSimtPolicy<cutlass::MatrixShape<(int)4, (int)8>, cutlass::layout::RowMajorInterleaved<(int)2>, cutlass::gemm::GemmShape<(int)4, (int)4, (int)1>>>, cutlass::epilogue::threadblock::SharedLoadIterator<cutlass::epilogue::threadblock::OutputTileOptimalThreadMap<cutlass::epilogue::threadblock::OutputTileShape<(int)128, (int)1, (int)4, (int)4, (int)1>, cutlass::epilogue::threadblock::OutputTileShape<(int)1, (int)4, (int)2, (int)1, (int)8>, (int)256, (int)1, (int)32>::CompactedThreadMap, float, (int)4>, cutlass::epilogue::thread::LinearCombination<float, (int)1, float, float, (cutlass::epilogue::thread::ScaleType::Kind)0, (cutlass::FloatRoundStyle)2, float>, cutlass::MatrixShape<(int)0, (int)17>, (int)1, (int)1>, cutlass::gemm::threadblock::GemmBatchedIdentityThreadblockSwizzle, (cutlass::gemm::kernel::GroupScheduleMode)0, (bool)0>>(T1::Params)"
429577378,2816,831,512,1,1,256,1,1,40,0.000,0.000,,,,,NVIDIA GeForce RTX 3080 (0),1,,13,"void raggedroute::benchmark::library_baseline::<unnamed>::finalize_routing<(bool)1>(const float *, float *, const float *, const int *, int, int, int)"
429582690,6496,837,2,16,1,128,1,1,86,0.033,0.000,,,,,NVIDIA GeForce RTX 3080 (0),1,,13,ampere_sgemm_32x32_sliced1x4_nn
429591810,11104,840,512,1,1,32,1,1,32,0.001,0.000,,,,,NVIDIA GeForce RTX 3080 (0),1,,13,"raggedroute::benchmark::library_baseline::<unnamed>::cub_block_radix_top2_kernel(const float *, int *, float *, int, int)"
429609633,1152,854,1,1,1,256,1,1,16,0.000,0.000,,,,,NVIDIA GeForce RTX 3080 (0),1,,13,"void cub::_V_300304_SM_860::detail::histogram::DeviceHistogramInitKernel<cub::_V_300304_SM_860::detail::histogram::policy_hub<int, int, (int)1, (int)1, (bool)1>::Policy1000, (int)1, int, int>(cuda::std::__4::array<int, T2>, cuda::std::__4::array<T3 *, T2>, cub::_V_300304_SM_860::GridQueue<int>)"
429614369,5408,857,1,1,1,384,1,1,54,0.001,0.000,,,,,NVIDIA GeForce RTX 3080 (0),1,,13,"void cub::_V_300304_SM_860::detail::histogram::DeviceHistogramSweepKernel<cub::_V_300304_SM_860::detail::histogram::policy_hub<int, int, (int)1, (int)1, (bool)1>::Policy1000, (int)256, (int)1, (int)1, const int *, int, cub::_V_300304_SM_860::detail::histogram::Transforms<int, int, int>::ScaleTransform, cub::_V_300304_SM_860::detail::histogram::Transforms<int, int, int>::PassThruTransform, int>(T5, cuda::std::__4::array<int, T4>, cuda::std::__4::array<int, T4>, cuda::std::__4::array<T6 *, T4>, cuda::std::__4::array<T6 *, T4>, cuda::std::__4::array<T8, T4>, cuda::std::__4::array<T7, T4>, T9, T9, T9, int, cub::_V_300304_SM_860::GridQueue<int>)"
429622465,1536,864,1,1,1,128,1,1,16,0.001,0.000,,,,,NVIDIA GeForce RTX 3080 (0),1,,13,"void raggedroute::benchmark::library_baseline::<unnamed>::block_scan_kernel<(int)128>(const int *, int *, int)"
429626817,7392,875,1,1,1,256,1,1,128,0.034,0.000,,,,,NVIDIA GeForce RTX 3080 (0),1,,13,"void cub::_V_300304_SM_860::detail::radix_sort::DeviceRadixSortSingleTileKernel<cub::_V_300304_SM_860::detail::radix_sort::policy_selector_from_types<int, int, unsigned int>, (cub::_V_300304_SM_860::SortOrder)0, int, int, unsigned int, cub::_V_300304_SM_860::detail::identity_decomposer_t>(const T3 *, T3 *, const T4 *, T4 *, T5, int, int, T6)"
429637025,2880,881,1,1,1,256,1,1,16,0.000,0.000,,,,,NVIDIA GeForce RTX 3080 (0),1,,13,"raggedroute::benchmark::library_baseline::<unnamed>::compute_expert_offsets(const int *, int, int, long long *)"
429642561,3232,888,1024,1,1,256,1,1,18,0.000,0.000,,,,,NVIDIA GeForce RTX 3080 (0),1,,13,"void raggedroute::benchmark::library_baseline::<unnamed>::expand_rows<(bool)1>(const float *, float *, const int *, int *, int *, int, int, int)"
429648769,21599,891,64,1,1,256,1,1,144,0.000,0.017,,,,,NVIDIA GeForce RTX 3080 (0),1,,13,"void cutlass::Kernel<cutlass::gemm::kernel::GemmGrouped<cutlass::gemm::threadblock::MmaPipelined<cutlass::gemm::GemmShape<(int)128, (int)128, (int)8>, cutlass::transform::threadblock::PredicatedTileIterator<cutlass::MatrixShape<(int)128, (int)8>, float, cutlass::layout::RowMajor, (int)1, cutlass::transform::PitchLinearStripminedThreadMap<cutlass::PitchLinearShape<(int)8, (int)128>, (int)256, (int)1>, (int)1, (bool)0, cutlass::layout::NoPermute>, cutlass::transform::threadblock::RegularTileIterator<cutlass::MatrixShape<(int)128, (int)8>, float, cutlass::layout::ColumnMajor, (int)1, cutlass::transform::TransposePitchLinearThreadMapSimt<cutlass::transform::PitchLinearStripminedThreadMap<cutlass::PitchLinearShape<(int)8, (int)128>, (int)256, (int)1>>, (int)4>, cutlass::transform::threadblock::PredicatedTileIterator<cutlass::MatrixShape<(int)8, (int)128>, float, cutlass::layout::RowMajor, (int)0, cutlass::transform::PitchLinearStripminedThreadMap<cutlass::PitchLinearShape<(int)128, (int)8>, (int)256, (int)1>, (int)1, (bool)0, cutlass::layout::NoPermute>, cutlass::transform::threadblock::RegularTileIterator<cutlass::MatrixShape<(int)8, (int)128>, float, cutlass::layout::RowMajor, (int)0, cutlass::transform::PitchLinearStripminedThreadMap<cutlass::PitchLinearShape<(int)128, (int)8>, (int)256, (int)1>, (int)4>, float, cutlass::layout::RowMajor, cutlass::gemm::threadblock::MmaPolicy<cutlass::gemm::warp::MmaSimt<cutlass::gemm::GemmShape<(int)32, (int)64, (int)8>, float, cutlass::layout::ColumnMajor, float, cutlass::layout::RowMajor, float, cutlass::layout::RowMajor, cutlass::gemm::warp::MmaSimtPolicy<cutlass::MatrixShape<(int)4, (int)8>, cutlass::layout::RowMajorInterleaved<(int)2>, cutlass::gemm::GemmShape<(int)4, (int)4, (int)1>>, (int)1, (cutlass::ComplexTransform)0, (cutlass::ComplexTransform)0, bool>, cutlass::MatrixShape<(int)4, (int)0>, cutlass::MatrixShape<(int)0, (int)0>, (int)1>, cutlass::NumericArrayConverter<float, float, (int)4, (cutlass::FloatRoundStyle)2, cutlass::transform::thread::UnaryTransform::Identity>, cutlass::NumericArrayConverter<float, float, (int)4, (cutlass::FloatRoundStyle)2, cutlass::transform::thread::UnaryTransform::Identity>, bool>, cutlass::epilogue::threadblock::Epilogue<cutlass::gemm::GemmShape<(int)128, (int)128, (int)8>, cutlass::gemm::warp::MmaSimt<cutlass::gemm::GemmShape<(int)32, (int)64, (int)8>, float, cutlass::layout::ColumnMajor, float, cutlass::layout::RowMajor, float, cutlass::layout::RowMajor, cutlass::gemm::warp::MmaSimtPolicy<cutlass::MatrixShape<(int)4, (int)8>, cutlass::layout::RowMajorInterleaved<(int)2>, cutlass::gemm::GemmShape<(int)4, (int)4, (int)1>>, (int)1, (cutlass::ComplexTransform)0, (cutlass::ComplexTransform)0, bool>, (int)1, cutlass::epilogue::threadblock::PredicatedTileIterator<cutlass::epilogue::threadblock::OutputTileOptimalThreadMap<cutlass::epilogue::threadblock::OutputTileShape<(int)128, (int)1, (int)4, (int)4, (int)1>, cutlass::epilogue::threadblock::OutputTileShape<(int)1, (int)4, (int)2, (int)1, (int)8>, (int)256, (int)1, (int)32>, float, (bool)0, cutlass::layout::NoPermute, (bool)0>, cutlass::epilogue::warp::FragmentIteratorSimt<cutlass::gemm::GemmShape<(int)32, (int)64, (int)8>, cutlass::gemm::thread::Mma<cutlass::gemm::GemmShape<(int)8, (int)8, (int)1>, float, cutlass::layout::ColumnMajor, float, cutlass::layout::RowMajor, float, cutlass::layout::RowMajor, cutlass::arch::OpMultiplyAdd, bool>, cutlass::layout::RowMajor, cutlass::gemm::warp::MmaSimtPolicy<cutlass::MatrixShape<(int)4, (int)8>, cutlass::layout::RowMajorInterleaved<(int)2>, cutlass::gemm::GemmShape<(int)4, (int)4, (int)1>>>, cutlass::epilogue::warp::TileIteratorSimt<cutlass::gemm::GemmShape<(int)32, (int)64, (int)8>, cutlass::gemm::thread::Mma<cutlass::gemm::GemmShape<(int)8, (int)8, (int)1>, float, cutlass::layout::ColumnMajor, float, cutlass::layout::RowMajor, float, cutlass::layout::RowMajor, cutlass::arch::OpMultiplyAdd, bool>, float, cutlass::layout::RowMajor, cutlass::gemm::warp::MmaSimtPolicy<cutlass::MatrixShape<(int)4, (int)8>, cutlass::layout::RowMajorInterleaved<(int)2>, cutlass::gemm::GemmShape<(int)4, (int)4, (int)1>>>, cutlass::epilogue::threadblock::SharedLoadIterator<cutlass::epilogue::threadblock::OutputTileOptimalThreadMap<cutlass::epilogue::threadblock::OutputTileShape<(int)128, (int)1, (int)4, (int)4, (int)1>, cutlass::epilogue::threadblock::OutputTileShape<(int)1, (int)4, (int)2, (int)1, (int)8>, (int)256, (int)1, (int)32>::CompactedThreadMap, float, (int)4>, cutlass::epilogue::thread::LinearCombination<float, (int)1, float, float, (cutlass::epilogue::thread::ScaleType::Kind)0, (cutlass::FloatRoundStyle)2, float>, cutlass::MatrixShape<(int)0, (int)17>, (int)1, (int)1>, cutlass::gemm::threadblock::GemmBatchedIdentityThreadblockSwizzle, (cutlass::gemm::kernel::GroupScheduleMode)0, (bool)0>>(T1::Params)"
429672896,2784,894,512,1,1,256,1,1,40,0.000,0.000,,,,,NVIDIA GeForce RTX 3080 (0),1,,13,"void raggedroute::benchmark::library_baseline::<unnamed>::finalize_routing<(bool)1>(const float *, float *, const float *, const int *, int, int, int)"
429678368,6496,900,2,16,1,128,1,1,86,0.033,0.000,,,,,NVIDIA GeForce RTX 3080 (0),1,,13,ampere_sgemm_32x32_sliced1x4_nn
429688544,11199,903,512,1,1,32,1,1,32,0.001,0.000,,,,,NVIDIA GeForce RTX 3080 (0),1,,13,"raggedroute::benchmark::library_baseline::<unnamed>::cub_block_radix_top2_kernel(const float *, int *, float *, int, int)"
429702271,1152,917,1,1,1,256,1,1,16,0.000,0.000,,,,,NVIDIA GeForce RTX 3080 (0),1,,13,"void cub::_V_300304_SM_860::detail::histogram::DeviceHistogramInitKernel<cub::_V_300304_SM_860::detail::histogram::policy_hub<int, int, (int)1, (int)1, (bool)1>::Policy1000, (int)1, int, int>(cuda::std::__4::array<int, T2>, cuda::std::__4::array<T3 *, T2>, cub::_V_300304_SM_860::GridQueue<int>)"
429761822,5440,920,1,1,1,384,1,1,54,0.001,0.000,,,,,NVIDIA GeForce RTX 3080 (0),1,,13,"void cub::_V_300304_SM_860::detail::histogram::DeviceHistogramSweepKernel<cub::_V_300304_SM_860::detail::histogram::policy_hub<int, int, (int)1, (int)1, (bool)1>::Policy1000, (int)256, (int)1, (int)1, const int *, int, cub::_V_300304_SM_860::detail::histogram::Transforms<int, int, int>::ScaleTransform, cub::_V_300304_SM_860::detail::histogram::Transforms<int, int, int>::PassThruTransform, int>(T5, cuda::std::__4::array<int, T4>, cuda::std::__4::array<int, T4>, cuda::std::__4::array<T6 *, T4>, cuda::std::__4::array<T6 *, T4>, cuda::std::__4::array<T8, T4>, cuda::std::__4::array<T7, T4>, T9, T9, T9, int, cub::_V_300304_SM_860::GridQueue<int>)"
429776862,1504,927,1,1,1,128,1,1,16,0.001,0.000,,,,,NVIDIA GeForce RTX 3080 (0),1,,13,"void raggedroute::benchmark::library_baseline::<unnamed>::block_scan_kernel<(int)128>(const int *, int *, int)"
429781182,7423,938,1,1,1,256,1,1,128,0.034,0.000,,,,,NVIDIA GeForce RTX 3080 (0),1,,13,"void cub::_V_300304_SM_860::detail::radix_sort::DeviceRadixSortSingleTileKernel<cub::_V_300304_SM_860::detail::radix_sort::policy_selector_from_types<int, int, unsigned int>, (cub::_V_300304_SM_860::SortOrder)0, int, int, unsigned int, cub::_V_300304_SM_860::detail::identity_decomposer_t>(const T3 *, T3 *, const T4 *, T4 *, T5, int, int, T6)"
429791197,2880,944,1,1,1,256,1,1,16,0.000,0.000,,,,,NVIDIA GeForce RTX 3080 (0),1,,13,"raggedroute::benchmark::library_baseline::<unnamed>::compute_expert_offsets(const int *, int, int, long long *)"
429796797,3200,951,1024,1,1,256,1,1,18,0.000,0.000,,,,,NVIDIA GeForce RTX 3080 (0),1,,13,"void raggedroute::benchmark::library_baseline::<unnamed>::expand_rows<(bool)1>(const float *, float *, const int *, int *, int *, int, int, int)"
429802461,21568,954,64,1,1,256,1,1,144,0.000,0.017,,,,,NVIDIA GeForce RTX 3080 (0),1,,13,"void cutlass::Kernel<cutlass::gemm::kernel::GemmGrouped<cutlass::gemm::threadblock::MmaPipelined<cutlass::gemm::GemmShape<(int)128, (int)128, (int)8>, cutlass::transform::threadblock::PredicatedTileIterator<cutlass::MatrixShape<(int)128, (int)8>, float, cutlass::layout::RowMajor, (int)1, cutlass::transform::PitchLinearStripminedThreadMap<cutlass::PitchLinearShape<(int)8, (int)128>, (int)256, (int)1>, (int)1, (bool)0, cutlass::layout::NoPermute>, cutlass::transform::threadblock::RegularTileIterator<cutlass::MatrixShape<(int)128, (int)8>, float, cutlass::layout::ColumnMajor, (int)1, cutlass::transform::TransposePitchLinearThreadMapSimt<cutlass::transform::PitchLinearStripminedThreadMap<cutlass::PitchLinearShape<(int)8, (int)128>, (int)256, (int)1>>, (int)4>, cutlass::transform::threadblock::PredicatedTileIterator<cutlass::MatrixShape<(int)8, (int)128>, float, cutlass::layout::RowMajor, (int)0, cutlass::transform::PitchLinearStripminedThreadMap<cutlass::PitchLinearShape<(int)128, (int)8>, (int)256, (int)1>, (int)1, (bool)0, cutlass::layout::NoPermute>, cutlass::transform::threadblock::RegularTileIterator<cutlass::MatrixShape<(int)8, (int)128>, float, cutlass::layout::RowMajor, (int)0, cutlass::transform::PitchLinearStripminedThreadMap<cutlass::PitchLinearShape<(int)128, (int)8>, (int)256, (int)1>, (int)4>, float, cutlass::layout::RowMajor, cutlass::gemm::threadblock::MmaPolicy<cutlass::gemm::warp::MmaSimt<cutlass::gemm::GemmShape<(int)32, (int)64, (int)8>, float, cutlass::layout::ColumnMajor, float, cutlass::layout::RowMajor, float, cutlass::layout::RowMajor, cutlass::gemm::warp::MmaSimtPolicy<cutlass::MatrixShape<(int)4, (int)8>, cutlass::layout::RowMajorInterleaved<(int)2>, cutlass::gemm::GemmShape<(int)4, (int)4, (int)1>>, (int)1, (cutlass::ComplexTransform)0, (cutlass::ComplexTransform)0, bool>, cutlass::MatrixShape<(int)4, (int)0>, cutlass::MatrixShape<(int)0, (int)0>, (int)1>, cutlass::NumericArrayConverter<float, float, (int)4, (cutlass::FloatRoundStyle)2, cutlass::transform::thread::UnaryTransform::Identity>, cutlass::NumericArrayConverter<float, float, (int)4, (cutlass::FloatRoundStyle)2, cutlass::transform::thread::UnaryTransform::Identity>, bool>, cutlass::epilogue::threadblock::Epilogue<cutlass::gemm::GemmShape<(int)128, (int)128, (int)8>, cutlass::gemm::warp::MmaSimt<cutlass::gemm::GemmShape<(int)32, (int)64, (int)8>, float, cutlass::layout::ColumnMajor, float, cutlass::layout::RowMajor, float, cutlass::layout::RowMajor, cutlass::gemm::warp::MmaSimtPolicy<cutlass::MatrixShape<(int)4, (int)8>, cutlass::layout::RowMajorInterleaved<(int)2>, cutlass::gemm::GemmShape<(int)4, (int)4, (int)1>>, (int)1, (cutlass::ComplexTransform)0, (cutlass::ComplexTransform)0, bool>, (int)1, cutlass::epilogue::threadblock::PredicatedTileIterator<cutlass::epilogue::threadblock::OutputTileOptimalThreadMap<cutlass::epilogue::threadblock::OutputTileShape<(int)128, (int)1, (int)4, (int)4, (int)1>, cutlass::epilogue::threadblock::OutputTileShape<(int)1, (int)4, (int)2, (int)1, (int)8>, (int)256, (int)1, (int)32>, float, (bool)0, cutlass::layout::NoPermute, (bool)0>, cutlass::epilogue::warp::FragmentIteratorSimt<cutlass::gemm::GemmShape<(int)32, (int)64, (int)8>, cutlass::gemm::thread::Mma<cutlass::gemm::GemmShape<(int)8, (int)8, (int)1>, float, cutlass::layout::ColumnMajor, float, cutlass::layout::RowMajor, float, cutlass::layout::RowMajor, cutlass::arch::OpMultiplyAdd, bool>, cutlass::layout::RowMajor, cutlass::gemm::warp::MmaSimtPolicy<cutlass::MatrixShape<(int)4, (int)8>, cutlass::layout::RowMajorInterleaved<(int)2>, cutlass::gemm::GemmShape<(int)4, (int)4, (int)1>>>, cutlass::epilogue::warp::TileIteratorSimt<cutlass::gemm::GemmShape<(int)32, (int)64, (int)8>, cutlass::gemm::thread::Mma<cutlass::gemm::GemmShape<(int)8, (int)8, (int)1>, float, cutlass::layout::ColumnMajor, float, cutlass::layout::RowMajor, float, cutlass::layout::RowMajor, cutlass::arch::OpMultiplyAdd, bool>, float, cutlass::layout::RowMajor, cutlass::gemm::warp::MmaSimtPolicy<cutlass::MatrixShape<(int)4, (int)8>, cutlass::layout::RowMajorInterleaved<(int)2>, cutlass::gemm::GemmShape<(int)4, (int)4, (int)1>>>, cutlass::epilogue::threadblock::SharedLoadIterator<cutlass::epilogue::threadblock::OutputTileOptimalThreadMap<cutlass::epilogue::threadblock::OutputTileShape<(int)128, (int)1, (int)4, (int)4, (int)1>, cutlass::epilogue::threadblock::OutputTileShape<(int)1, (int)4, (int)2, (int)1, (int)8>, (int)256, (int)1, (int)32>::CompactedThreadMap, float, (int)4>, cutlass::epilogue::thread::LinearCombination<float, (int)1, float, float, (cutlass::epilogue::thread::ScaleType::Kind)0, (cutlass::FloatRoundStyle)2, float>, cutlass::MatrixShape<(int)0, (int)17>, (int)1, (int)1>, cutlass::gemm::threadblock::GemmBatchedIdentityThreadblockSwizzle, (cutlass::gemm::kernel::GroupScheduleMode)0, (bool)0>>(T1::Params)"
429828060,2784,957,512,1,1,256,1,1,40,0.000,0.000,,,,,NVIDIA GeForce RTX 3080 (0),1,,13,"void raggedroute::benchmark::library_baseline::<unnamed>::finalize_routing<(bool)1>(const float *, float *, const float *, const int *, int, int, int)"
429833692,6496,963,2,16,1,128,1,1,86,0.033,0.000,,,,,NVIDIA GeForce RTX 3080 (0),1,,13,ampere_sgemm_32x32_sliced1x4_nn
429842908,11072,966,512,1,1,32,1,1,32,0.001,0.000,,,,,NVIDIA GeForce RTX 3080 (0),1,,13,"raggedroute::benchmark::library_baseline::<unnamed>::cub_block_radix_top2_kernel(const float *, int *, float *, int, int)"
429856732,1152,980,1,1,1,256,1,1,16,0.000,0.000,,,,,NVIDIA GeForce RTX 3080 (0),1,,13,"void cub::_V_300304_SM_860::detail::histogram::DeviceHistogramInitKernel<cub::_V_300304_SM_860::detail::histogram::policy_hub<int, int, (int)1, (int)1, (bool)1>::Policy1000, (int)1, int, int>(cuda::std::__4::array<int, T2>, cuda::std::__4::array<T3 *, T2>, cub::_V_300304_SM_860::GridQueue<int>)"
429862108,5408,983,1,1,1,384,1,1,54,0.001,0.000,,,,,NVIDIA GeForce RTX 3080 (0),1,,13,"void cub::_V_300304_SM_860::detail::histogram::DeviceHistogramSweepKernel<cub::_V_300304_SM_860::detail::histogram::policy_hub<int, int, (int)1, (int)1, (bool)1>::Policy1000, (int)256, (int)1, (int)1, const int *, int, cub::_V_300304_SM_860::detail::histogram::Transforms<int, int, int>::ScaleTransform, cub::_V_300304_SM_860::detail::histogram::Transforms<int, int, int>::PassThruTransform, int>(T5, cuda::std::__4::array<int, T4>, cuda::std::__4::array<int, T4>, cuda::std::__4::array<T6 *, T4>, cuda::std::__4::array<T6 *, T4>, cuda::std::__4::array<T8, T4>, cuda::std::__4::array<T7, T4>, T9, T9, T9, int, cub::_V_300304_SM_860::GridQueue<int>)"
429870043,1504,990,1,1,1,128,1,1,16,0.001,0.000,,,,,NVIDIA GeForce RTX 3080 (0),1,,13,"void raggedroute::benchmark::library_baseline::<unnamed>::block_scan_kernel<(int)128>(const int *, int *, int)"
429921626,7392,1001,1,1,1,256,1,1,128,0.034,0.000,,,,,NVIDIA GeForce RTX 3080 (0),1,,13,"void cub::_V_300304_SM_860::detail::radix_sort::DeviceRadixSortSingleTileKernel<cub::_V_300304_SM_860::detail::radix_sort::policy_selector_from_types<int, int, unsigned int>, (cub::_V_300304_SM_860::SortOrder)0, int, int, unsigned int, cub::_V_300304_SM_860::detail::identity_decomposer_t>(const T3 *, T3 *, const T4 *, T4 *, T5, int, int, T6)"
429933978,2880,1007,1,1,1,256,1,1,16,0.000,0.000,,,,,NVIDIA GeForce RTX 3080 (0),1,,13,"raggedroute::benchmark::library_baseline::<unnamed>::compute_expert_offsets(const int *, int, int, long long *)"
429939514,3264,1014,1024,1,1,256,1,1,18,0.000,0.000,,,,,NVIDIA GeForce RTX 3080 (0),1,,13,"void raggedroute::benchmark::library_baseline::<unnamed>::expand_rows<(bool)1>(const float *, float *, const int *, int *, int *, int, int, int)"
429945370,21631,1017,64,1,1,256,1,1,144,0.000,0.017,,,,,NVIDIA GeForce RTX 3080 (0),1,,13,"void cutlass::Kernel<cutlass::gemm::kernel::GemmGrouped<cutlass::gemm::threadblock::MmaPipelined<cutlass::gemm::GemmShape<(int)128, (int)128, (int)8>, cutlass::transform::threadblock::PredicatedTileIterator<cutlass::MatrixShape<(int)128, (int)8>, float, cutlass::layout::RowMajor, (int)1, cutlass::transform::PitchLinearStripminedThreadMap<cutlass::PitchLinearShape<(int)8, (int)128>, (int)256, (int)1>, (int)1, (bool)0, cutlass::layout::NoPermute>, cutlass::transform::threadblock::RegularTileIterator<cutlass::MatrixShape<(int)128, (int)8>, float, cutlass::layout::ColumnMajor, (int)1, cutlass::transform::TransposePitchLinearThreadMapSimt<cutlass::transform::PitchLinearStripminedThreadMap<cutlass::PitchLinearShape<(int)8, (int)128>, (int)256, (int)1>>, (int)4>, cutlass::transform::threadblock::PredicatedTileIterator<cutlass::MatrixShape<(int)8, (int)128>, float, cutlass::layout::RowMajor, (int)0, cutlass::transform::PitchLinearStripminedThreadMap<cutlass::PitchLinearShape<(int)128, (int)8>, (int)256, (int)1>, (int)1, (bool)0, cutlass::layout::NoPermute>, cutlass::transform::threadblock::RegularTileIterator<cutlass::MatrixShape<(int)8, (int)128>, float, cutlass::layout::RowMajor, (int)0, cutlass::transform::PitchLinearStripminedThreadMap<cutlass::PitchLinearShape<(int)128, (int)8>, (int)256, (int)1>, (int)4>, float, cutlass::layout::RowMajor, cutlass::gemm::threadblock::MmaPolicy<cutlass::gemm::warp::MmaSimt<cutlass::gemm::GemmShape<(int)32, (int)64, (int)8>, float, cutlass::layout::ColumnMajor, float, cutlass::layout::RowMajor, float, cutlass::layout::RowMajor, cutlass::gemm::warp::MmaSimtPolicy<cutlass::MatrixShape<(int)4, (int)8>, cutlass::layout::RowMajorInterleaved<(int)2>, cutlass::gemm::GemmShape<(int)4, (int)4, (int)1>>, (int)1, (cutlass::ComplexTransform)0, (cutlass::ComplexTransform)0, bool>, cutlass::MatrixShape<(int)4, (int)0>, cutlass::MatrixShape<(int)0, (int)0>, (int)1>, cutlass::NumericArrayConverter<float, float, (int)4, (cutlass::FloatRoundStyle)2, cutlass::transform::thread::UnaryTransform::Identity>, cutlass::NumericArrayConverter<float, float, (int)4, (cutlass::FloatRoundStyle)2, cutlass::transform::thread::UnaryTransform::Identity>, bool>, cutlass::epilogue::threadblock::Epilogue<cutlass::gemm::GemmShape<(int)128, (int)128, (int)8>, cutlass::gemm::warp::MmaSimt<cutlass::gemm::GemmShape<(int)32, (int)64, (int)8>, float, cutlass::layout::ColumnMajor, float, cutlass::layout::RowMajor, float, cutlass::layout::RowMajor, cutlass::gemm::warp::MmaSimtPolicy<cutlass::MatrixShape<(int)4, (int)8>, cutlass::layout::RowMajorInterleaved<(int)2>, cutlass::gemm::GemmShape<(int)4, (int)4, (int)1>>, (int)1, (cutlass::ComplexTransform)0, (cutlass::ComplexTransform)0, bool>, (int)1, cutlass::epilogue::threadblock::PredicatedTileIterator<cutlass::epilogue::threadblock::OutputTileOptimalThreadMap<cutlass::epilogue::threadblock::OutputTileShape<(int)128, (int)1, (int)4, (int)4, (int)1>, cutlass::epilogue::threadblock::OutputTileShape<(int)1, (int)4, (int)2, (int)1, (int)8>, (int)256, (int)1, (int)32>, float, (bool)0, cutlass::layout::NoPermute, (bool)0>, cutlass::epilogue::warp::FragmentIteratorSimt<cutlass::gemm::GemmShape<(int)32, (int)64, (int)8>, cutlass::gemm::thread::Mma<cutlass::gemm::GemmShape<(int)8, (int)8, (int)1>, float, cutlass::layout::ColumnMajor, float, cutlass::layout::RowMajor, float, cutlass::layout::RowMajor, cutlass::arch::OpMultiplyAdd, bool>, cutlass::layout::RowMajor, cutlass::gemm::warp::MmaSimtPolicy<cutlass::MatrixShape<(int)4, (int)8>, cutlass::layout::RowMajorInterleaved<(int)2>, cutlass::gemm::GemmShape<(int)4, (int)4, (int)1>>>, cutlass::epilogue::warp::TileIteratorSimt<cutlass::gemm::GemmShape<(int)32, (int)64, (int)8>, cutlass::gemm::thread::Mma<cutlass::gemm::GemmShape<(int)8, (int)8, (int)1>, float, cutlass::layout::ColumnMajor, float, cutlass::layout::RowMajor, float, cutlass::layout::RowMajor, cutlass::arch::OpMultiplyAdd, bool>, float, cutlass::layout::RowMajor, cutlass::gemm::warp::MmaSimtPolicy<cutlass::MatrixShape<(int)4, (int)8>, cutlass::layout::RowMajorInterleaved<(int)2>, cutlass::gemm::GemmShape<(int)4, (int)4, (int)1>>>, cutlass::epilogue::threadblock::SharedLoadIterator<cutlass::epilogue::threadblock::OutputTileOptimalThreadMap<cutlass::epilogue::threadblock::OutputTileShape<(int)128, (int)1, (int)4, (int)4, (int)1>, cutlass::epilogue::threadblock::OutputTileShape<(int)1, (int)4, (int)2, (int)1, (int)8>, (int)256, (int)1, (int)32>::CompactedThreadMap, float, (int)4>, cutlass::epilogue::thread::LinearCombination<float, (int)1, float, float, (cutlass::epilogue::thread::ScaleType::Kind)0, (cutlass::FloatRoundStyle)2, float>, cutlass::MatrixShape<(int)0, (int)17>, (int)1, (int)1>, cutlass::gemm::threadblock::GemmBatchedIdentityThreadblockSwizzle, (cutlass::gemm::kernel::GroupScheduleMode)0, (bool)0>>(T1::Params)"
429970233,2784,1020,512,1,1,256,1,1,40,0.000,0.000,,,,,NVIDIA GeForce RTX 3080 (0),1,,13,"void raggedroute::benchmark::library_baseline::<unnamed>::finalize_routing<(bool)1>(const float *, float *, const float *, const int *, int, int, int)"
429975417,6432,1026,2,16,1,128,1,1,86,0.033,0.000,,,,,NVIDIA GeForce RTX 3080 (0),1,,13,ampere_sgemm_32x32_sliced1x4_nn
429985369,11040,1029,512,1,1,32,1,1,32,0.001,0.000,,,,,NVIDIA GeForce RTX 3080 (0),1,,13,"raggedroute::benchmark::library_baseline::<unnamed>::cub_block_radix_top2_kernel(const float *, int *, float *, int, int)"
430002360,1152,1043,1,1,1,256,1,1,16,0.000,0.000,,,,,NVIDIA GeForce RTX 3080 (0),1,,13,"void cub::_V_300304_SM_860::detail::histogram::DeviceHistogramInitKernel<cub::_V_300304_SM_860::detail::histogram::policy_hub<int, int, (int)1, (int)1, (bool)1>::Policy1000, (int)1, int, int>(cuda::std::__4::array<int, T2>, cuda::std::__4::array<T3 *, T2>, cub::_V_300304_SM_860::GridQueue<int>)"
430006392,5408,1046,1,1,1,384,1,1,54,0.001,0.000,,,,,NVIDIA GeForce RTX 3080 (0),1,,13,"void cub::_V_300304_SM_860::detail::histogram::DeviceHistogramSweepKernel<cub::_V_300304_SM_860::detail::histogram::policy_hub<int, int, (int)1, (int)1, (bool)1>::Policy1000, (int)256, (int)1, (int)1, const int *, int, cub::_V_300304_SM_860::detail::histogram::Transforms<int, int, int>::ScaleTransform, cub::_V_300304_SM_860::detail::histogram::Transforms<int, int, int>::PassThruTransform, int>(T5, cuda::std::__4::array<int, T4>, cuda::std::__4::array<int, T4>, cuda::std::__4::array<T6 *, T4>, cuda::std::__4::array<T6 *, T4>, cuda::std::__4::array<T8, T4>, cuda::std::__4::array<T7, T4>, T9, T9, T9, int, cub::_V_300304_SM_860::GridQueue<int>)"
430014328,1504,1053,1,1,1,128,1,1,16,0.001,0.000,,,,,NVIDIA GeForce RTX 3080 (0),1,,13,"void raggedroute::benchmark::library_baseline::<unnamed>::block_scan_kernel<(int)128>(const int *, int *, int)"
430018392,7424,1064,1,1,1,256,1,1,128,0.034,0.000,,,,,NVIDIA GeForce RTX 3080 (0),1,,13,"void cub::_V_300304_SM_860::detail::radix_sort::DeviceRadixSortSingleTileKernel<cub::_V_300304_SM_860::detail::radix_sort::policy_selector_from_types<int, int, unsigned int>, (cub::_V_300304_SM_860::SortOrder)0, int, int, unsigned int, cub::_V_300304_SM_860::detail::identity_decomposer_t>(const T3 *, T3 *, const T4 *, T4 *, T5, int, int, T6)"
430028312,2880,1070,1,1,1,256,1,1,16,0.000,0.000,,,,,NVIDIA GeForce RTX 3080 (0),1,,13,"raggedroute::benchmark::library_baseline::<unnamed>::compute_expert_offsets(const int *, int, int, long long *)"
430036696,3232,1077,1024,1,1,256,1,1,18,0.000,0.000,,,,,NVIDIA GeForce RTX 3080 (0),1,,13,"void raggedroute::benchmark::library_baseline::<unnamed>::expand_rows<(bool)1>(const float *, float *, const int *, int *, int *, int, int, int)"
430042552,21631,1080,64,1,1,256,1,1,144,0.000,0.017,,,,,NVIDIA GeForce RTX 3080 (0),1,,13,"void cutlass::Kernel<cutlass::gemm::kernel::GemmGrouped<cutlass::gemm::threadblock::MmaPipelined<cutlass::gemm::GemmShape<(int)128, (int)128, (int)8>, cutlass::transform::threadblock::PredicatedTileIterator<cutlass::MatrixShape<(int)128, (int)8>, float, cutlass::layout::RowMajor, (int)1, cutlass::transform::PitchLinearStripminedThreadMap<cutlass::PitchLinearShape<(int)8, (int)128>, (int)256, (int)1>, (int)1, (bool)0, cutlass::layout::NoPermute>, cutlass::transform::threadblock::RegularTileIterator<cutlass::MatrixShape<(int)128, (int)8>, float, cutlass::layout::ColumnMajor, (int)1, cutlass::transform::TransposePitchLinearThreadMapSimt<cutlass::transform::PitchLinearStripminedThreadMap<cutlass::PitchLinearShape<(int)8, (int)128>, (int)256, (int)1>>, (int)4>, cutlass::transform::threadblock::PredicatedTileIterator<cutlass::MatrixShape<(int)8, (int)128>, float, cutlass::layout::RowMajor, (int)0, cutlass::transform::PitchLinearStripminedThreadMap<cutlass::PitchLinearShape<(int)128, (int)8>, (int)256, (int)1>, (int)1, (bool)0, cutlass::layout::NoPermute>, cutlass::transform::threadblock::RegularTileIterator<cutlass::MatrixShape<(int)8, (int)128>, float, cutlass::layout::RowMajor, (int)0, cutlass::transform::PitchLinearStripminedThreadMap<cutlass::PitchLinearShape<(int)128, (int)8>, (int)256, (int)1>, (int)4>, float, cutlass::layout::RowMajor, cutlass::gemm::threadblock::MmaPolicy<cutlass::gemm::warp::MmaSimt<cutlass::gemm::GemmShape<(int)32, (int)64, (int)8>, float, cutlass::layout::ColumnMajor, float, cutlass::layout::RowMajor, float, cutlass::layout::RowMajor, cutlass::gemm::warp::MmaSimtPolicy<cutlass::MatrixShape<(int)4, (int)8>, cutlass::layout::RowMajorInterleaved<(int)2>, cutlass::gemm::GemmShape<(int)4, (int)4, (int)1>>, (int)1, (cutlass::ComplexTransform)0, (cutlass::ComplexTransform)0, bool>, cutlass::MatrixShape<(int)4, (int)0>, cutlass::MatrixShape<(int)0, (int)0>, (int)1>, cutlass::NumericArrayConverter<float, float, (int)4, (cutlass::FloatRoundStyle)2, cutlass::transform::thread::UnaryTransform::Identity>, cutlass::NumericArrayConverter<float, float, (int)4, (cutlass::FloatRoundStyle)2, cutlass::transform::thread::UnaryTransform::Identity>, bool>, cutlass::epilogue::threadblock::Epilogue<cutlass::gemm::GemmShape<(int)128, (int)128, (int)8>, cutlass::gemm::warp::MmaSimt<cutlass::gemm::GemmShape<(int)32, (int)64, (int)8>, float, cutlass::layout::ColumnMajor, float, cutlass::layout::RowMajor, float, cutlass::layout::RowMajor, cutlass::gemm::warp::MmaSimtPolicy<cutlass::MatrixShape<(int)4, (int)8>, cutlass::layout::RowMajorInterleaved<(int)2>, cutlass::gemm::GemmShape<(int)4, (int)4, (int)1>>, (int)1, (cutlass::ComplexTransform)0, (cutlass::ComplexTransform)0, bool>, (int)1, cutlass::epilogue::threadblock::PredicatedTileIterator<cutlass::epilogue::threadblock::OutputTileOptimalThreadMap<cutlass::epilogue::threadblock::OutputTileShape<(int)128, (int)1, (int)4, (int)4, (int)1>, cutlass::epilogue::threadblock::OutputTileShape<(int)1, (int)4, (int)2, (int)1, (int)8>, (int)256, (int)1, (int)32>, float, (bool)0, cutlass::layout::NoPermute, (bool)0>, cutlass::epilogue::warp::FragmentIteratorSimt<cutlass::gemm::GemmShape<(int)32, (int)64, (int)8>, cutlass::gemm::thread::Mma<cutlass::gemm::GemmShape<(int)8, (int)8, (int)1>, float, cutlass::layout::ColumnMajor, float, cutlass::layout::RowMajor, float, cutlass::layout::RowMajor, cutlass::arch::OpMultiplyAdd, bool>, cutlass::layout::RowMajor, cutlass::gemm::warp::MmaSimtPolicy<cutlass::MatrixShape<(int)4, (int)8>, cutlass::layout::RowMajorInterleaved<(int)2>, cutlass::gemm::GemmShape<(int)4, (int)4, (int)1>>>, cutlass::epilogue::warp::TileIteratorSimt<cutlass::gemm::GemmShape<(int)32, (int)64, (int)8>, cutlass::gemm::thread::Mma<cutlass::gemm::GemmShape<(int)8, (int)8, (int)1>, float, cutlass::layout::ColumnMajor, float, cutlass::layout::RowMajor, float, cutlass::layout::RowMajor, cutlass::arch::OpMultiplyAdd, bool>, float, cutlass::layout::RowMajor, cutlass::gemm::warp::MmaSimtPolicy<cutlass::MatrixShape<(int)4, (int)8>, cutlass::layout::RowMajorInterleaved<(int)2>, cutlass::gemm::GemmShape<(int)4, (int)4, (int)1>>>, cutlass::epilogue::threadblock::SharedLoadIterator<cutlass::epilogue::threadblock::OutputTileOptimalThreadMap<cutlass::epilogue::threadblock::OutputTileShape<(int)128, (int)1, (int)4, (int)4, (int)1>, cutlass::epilogue::threadblock::OutputTileShape<(int)1, (int)4, (int)2, (int)1, (int)8>, (int)256, (int)1, (int)32>::CompactedThreadMap, float, (int)4>, cutlass::epilogue::thread::LinearCombination<float, (int)1, float, float, (cutlass::epilogue::thread::ScaleType::Kind)0, (cutlass::FloatRoundStyle)2, float>, cutlass::MatrixShape<(int)0, (int)17>, (int)1, (int)1>, cutlass::gemm::threadblock::GemmBatchedIdentityThreadblockSwizzle, (cutlass::gemm::kernel::GroupScheduleMode)0, (bool)0>>(T1::Params)"
430068983,2784,1083,512,1,1,256,1,1,40,0.000,0.000,,,,,NVIDIA GeForce RTX 3080 (0),1,,13,"void raggedroute::benchmark::library_baseline::<unnamed>::finalize_routing<(bool)1>(const float *, float *, const float *, const int *, int, int, int)"
430074359,6528,1089,2,16,1,128,1,1,86,0.033,0.000,,,,,NVIDIA GeForce RTX 3080 (0),1,,13,ampere_sgemm_32x32_sliced1x4_nn
430083383,11071,1092,512,1,1,32,1,1,32,0.001,0.000,,,,,NVIDIA GeForce RTX 3080 (0),1,,13,"raggedroute::benchmark::library_baseline::<unnamed>::cub_block_radix_top2_kernel(const float *, int *, float *, int, int)"
430096822,1152,1106,1,1,1,256,1,1,16,0.000,0.000,,,,,NVIDIA GeForce RTX 3080 (0),1,,13,"void cub::_V_300304_SM_860::detail::histogram::DeviceHistogramInitKernel<cub::_V_300304_SM_860::detail::histogram::policy_hub<int, int, (int)1, (int)1, (bool)1>::Policy1000, (int)1, int, int>(cuda::std::__4::array<int, T2>, cuda::std::__4::array<T3 *, T2>, cub::_V_300304_SM_860::GridQueue<int>)"
430103254,5408,1109,1,1,1,384,1,1,54,0.001,0.000,,,,,NVIDIA GeForce RTX 3080 (0),1,,13,"void cub::_V_300304_SM_860::detail::histogram::DeviceHistogramSweepKernel<cub::_V_300304_SM_860::detail::histogram::policy_hub<int, int, (int)1, (int)1, (bool)1>::Policy1000, (int)256, (int)1, (int)1, const int *, int, cub::_V_300304_SM_860::detail::histogram::Transforms<int, int, int>::ScaleTransform, cub::_V_300304_SM_860::detail::histogram::Transforms<int, int, int>::PassThruTransform, int>(T5, cuda::std::__4::array<int, T4>, cuda::std::__4::array<int, T4>, cuda::std::__4::array<T6 *, T4>, cuda::std::__4::array<T6 *, T4>, cuda::std::__4::array<T8, T4>, cuda::std::__4::array<T7, T4>, T9, T9, T9, int, cub::_V_300304_SM_860::GridQueue<int>)"
430111158,1536,1116,1,1,1,128,1,1,16,0.001,0.000,,,,,NVIDIA GeForce RTX 3080 (0),1,,13,"void raggedroute::benchmark::library_baseline::<unnamed>::block_scan_kernel<(int)128>(const int *, int *, int)"
430115382,7392,1127,1,1,1,256,1,1,128,0.034,0.000,,,,,NVIDIA GeForce RTX 3080 (0),1,,13,"void cub::_V_300304_SM_860::detail::radix_sort::DeviceRadixSortSingleTileKernel<cub::_V_300304_SM_860::detail::radix_sort::policy_selector_from_types<int, int, unsigned int>, (cub::_V_300304_SM_860::SortOrder)0, int, int, unsigned int, cub::_V_300304_SM_860::detail::identity_decomposer_t>(const T3 *, T3 *, const T4 *, T4 *, T5, int, int, T6)"
430125366,2880,1133,1,1,1,256,1,1,16,0.000,0.000,,,,,NVIDIA GeForce RTX 3080 (0),1,,13,"raggedroute::benchmark::library_baseline::<unnamed>::compute_expert_offsets(const int *, int, int, long long *)"
430130773,3232,1140,1024,1,1,256,1,1,18,0.000,0.000,,,,,NVIDIA GeForce RTX 3080 (0),1,,13,"void raggedroute::benchmark::library_baseline::<unnamed>::expand_rows<(bool)1>(const float *, float *, const int *, int *, int *, int, int, int)"
430136469,21600,1143,64,1,1,256,1,1,144,0.000,0.017,,,,,NVIDIA GeForce RTX 3080 (0),1,,13,"void cutlass::Kernel<cutlass::gemm::kernel::GemmGrouped<cutlass::gemm::threadblock::MmaPipelined<cutlass::gemm::GemmShape<(int)128, (int)128, (int)8>, cutlass::transform::threadblock::PredicatedTileIterator<cutlass::MatrixShape<(int)128, (int)8>, float, cutlass::layout::RowMajor, (int)1, cutlass::transform::PitchLinearStripminedThreadMap<cutlass::PitchLinearShape<(int)8, (int)128>, (int)256, (int)1>, (int)1, (bool)0, cutlass::layout::NoPermute>, cutlass::transform::threadblock::RegularTileIterator<cutlass::MatrixShape<(int)128, (int)8>, float, cutlass::layout::ColumnMajor, (int)1, cutlass::transform::TransposePitchLinearThreadMapSimt<cutlass::transform::PitchLinearStripminedThreadMap<cutlass::PitchLinearShape<(int)8, (int)128>, (int)256, (int)1>>, (int)4>, cutlass::transform::threadblock::PredicatedTileIterator<cutlass::MatrixShape<(int)8, (int)128>, float, cutlass::layout::RowMajor, (int)0, cutlass::transform::PitchLinearStripminedThreadMap<cutlass::PitchLinearShape<(int)128, (int)8>, (int)256, (int)1>, (int)1, (bool)0, cutlass::layout::NoPermute>, cutlass::transform::threadblock::RegularTileIterator<cutlass::MatrixShape<(int)8, (int)128>, float, cutlass::layout::RowMajor, (int)0, cutlass::transform::PitchLinearStripminedThreadMap<cutlass::PitchLinearShape<(int)128, (int)8>, (int)256, (int)1>, (int)4>, float, cutlass::layout::RowMajor, cutlass::gemm::threadblock::MmaPolicy<cutlass::gemm::warp::MmaSimt<cutlass::gemm::GemmShape<(int)32, (int)64, (int)8>, float, cutlass::layout::ColumnMajor, float, cutlass::layout::RowMajor, float, cutlass::layout::RowMajor, cutlass::gemm::warp::MmaSimtPolicy<cutlass::MatrixShape<(int)4, (int)8>, cutlass::layout::RowMajorInterleaved<(int)2>, cutlass::gemm::GemmShape<(int)4, (int)4, (int)1>>, (int)1, (cutlass::ComplexTransform)0, (cutlass::ComplexTransform)0, bool>, cutlass::MatrixShape<(int)4, (int)0>, cutlass::MatrixShape<(int)0, (int)0>, (int)1>, cutlass::NumericArrayConverter<float, float, (int)4, (cutlass::FloatRoundStyle)2, cutlass::transform::thread::UnaryTransform::Identity>, cutlass::NumericArrayConverter<float, float, (int)4, (cutlass::FloatRoundStyle)2, cutlass::transform::thread::UnaryTransform::Identity>, bool>, cutlass::epilogue::threadblock::Epilogue<cutlass::gemm::GemmShape<(int)128, (int)128, (int)8>, cutlass::gemm::warp::MmaSimt<cutlass::gemm::GemmShape<(int)32, (int)64, (int)8>, float, cutlass::layout::ColumnMajor, float, cutlass::layout::RowMajor, float, cutlass::layout::RowMajor, cutlass::gemm::warp::MmaSimtPolicy<cutlass::MatrixShape<(int)4, (int)8>, cutlass::layout::RowMajorInterleaved<(int)2>, cutlass::gemm::GemmShape<(int)4, (int)4, (int)1>>, (int)1, (cutlass::ComplexTransform)0, (cutlass::ComplexTransform)0, bool>, (int)1, cutlass::epilogue::threadblock::PredicatedTileIterator<cutlass::epilogue::threadblock::OutputTileOptimalThreadMap<cutlass::epilogue::threadblock::OutputTileShape<(int)128, (int)1, (int)4, (int)4, (int)1>, cutlass::epilogue::threadblock::OutputTileShape<(int)1, (int)4, (int)2, (int)1, (int)8>, (int)256, (int)1, (int)32>, float, (bool)0, cutlass::layout::NoPermute, (bool)0>, cutlass::epilogue::warp::FragmentIteratorSimt<cutlass::gemm::GemmShape<(int)32, (int)64, (int)8>, cutlass::gemm::thread::Mma<cutlass::gemm::GemmShape<(int)8, (int)8, (int)1>, float, cutlass::layout::ColumnMajor, float, cutlass::layout::RowMajor, float, cutlass::layout::RowMajor, cutlass::arch::OpMultiplyAdd, bool>, cutlass::layout::RowMajor, cutlass::gemm::warp::MmaSimtPolicy<cutlass::MatrixShape<(int)4, (int)8>, cutlass::layout::RowMajorInterleaved<(int)2>, cutlass::gemm::GemmShape<(int)4, (int)4, (int)1>>>, cutlass::epilogue::warp::TileIteratorSimt<cutlass::gemm::GemmShape<(int)32, (int)64, (int)8>, cutlass::gemm::thread::Mma<cutlass::gemm::GemmShape<(int)8, (int)8, (int)1>, float, cutlass::layout::ColumnMajor, float, cutlass::layout::RowMajor, float, cutlass::layout::RowMajor, cutlass::arch::OpMultiplyAdd, bool>, float, cutlass::layout::RowMajor, cutlass::gemm::warp::MmaSimtPolicy<cutlass::MatrixShape<(int)4, (int)8>, cutlass::layout::RowMajorInterleaved<(int)2>, cutlass::gemm::GemmShape<(int)4, (int)4, (int)1>>>, cutlass::epilogue::threadblock::SharedLoadIterator<cutlass::epilogue::threadblock::OutputTileOptimalThreadMap<cutlass::epilogue::threadblock::OutputTileShape<(int)128, (int)1, (int)4, (int)4, (int)1>, cutlass::epilogue::threadblock::OutputTileShape<(int)1, (int)4, (int)2, (int)1, (int)8>, (int)256, (int)1, (int)32>::CompactedThreadMap, float, (int)4>, cutlass::epilogue::thread::LinearCombination<float, (int)1, float, float, (cutlass::epilogue::thread::ScaleType::Kind)0, (cutlass::FloatRoundStyle)2, float>, cutlass::MatrixShape<(int)0, (int)17>, (int)1, (int)1>, cutlass::gemm::threadblock::GemmBatchedIdentityThreadblockSwizzle, (cutlass::gemm::kernel::GroupScheduleMode)0, (bool)0>>(T1::Params)"
430160629,2784,1146,512,1,1,256,1,1,40,0.000,0.000,,,,,NVIDIA GeForce RTX 3080 (0),1,,13,"void raggedroute::benchmark::library_baseline::<unnamed>::finalize_routing<(bool)1>(const float *, float *, const float *, const int *, int, int, int)"
430166069,6528,1152,2,16,1,128,1,1,86,0.033,0.000,,,,,NVIDIA GeForce RTX 3080 (0),1,,13,ampere_sgemm_32x32_sliced1x4_nn
430177012,11136,1155,512,1,1,32,1,1,32,0.001,0.000,,,,,NVIDIA GeForce RTX 3080 (0),1,,13,"raggedroute::benchmark::library_baseline::<unnamed>::cub_block_radix_top2_kernel(const float *, int *, float *, int, int)"
430190868,1152,1169,1,1,1,256,1,1,16,0.000,0.000,,,,,NVIDIA GeForce RTX 3080 (0),1,,13,"void cub::_V_300304_SM_860::detail::histogram::DeviceHistogramInitKernel<cub::_V_300304_SM_860::detail::histogram::policy_hub<int, int, (int)1, (int)1, (bool)1>::Policy1000, (int)1, int, int>(cuda::std::__4::array<int, T2>, cuda::std::__4::array<T3 *, T2>, cub::_V_300304_SM_860::GridQueue<int>)"
430250355,5440,1172,1,1,1,384,1,1,54,0.001,0.000,,,,,NVIDIA GeForce RTX 3080 (0),1,,13,"void cub::_V_300304_SM_860::detail::histogram::DeviceHistogramSweepKernel<cub::_V_300304_SM_860::detail::histogram::policy_hub<int, int, (int)1, (int)1, (bool)1>::Policy1000, (int)256, (int)1, (int)1, const int *, int, cub::_V_300304_SM_860::detail::histogram::Transforms<int, int, int>::ScaleTransform, cub::_V_300304_SM_860::detail::histogram::Transforms<int, int, int>::PassThruTransform, int>(T5, cuda::std::__4::array<int, T4>, cuda::std::__4::array<int, T4>, cuda::std::__4::array<T6 *, T4>, cuda::std::__4::array<T6 *, T4>, cuda::std::__4::array<T8, T4>, cuda::std::__4::array<T7, T4>, T9, T9, T9, int, cub::_V_300304_SM_860::GridQueue<int>)"
430264466,1536,1179,1,1,1,128,1,1,16,0.001,0.000,,,,,NVIDIA GeForce RTX 3080 (0),1,,13,"void raggedroute::benchmark::library_baseline::<unnamed>::block_scan_kernel<(int)128>(const int *, int *, int)"
430268818,7392,1190,1,1,1,256,1,1,128,0.034,0.000,,,,,NVIDIA GeForce RTX 3080 (0),1,,13,"void cub::_V_300304_SM_860::detail::radix_sort::DeviceRadixSortSingleTileKernel<cub::_V_300304_SM_860::detail::radix_sort::policy_selector_from_types<int, int, unsigned int>, (cub::_V_300304_SM_860::SortOrder)0, int, int, unsigned int, cub::_V_300304_SM_860::detail::identity_decomposer_t>(const T3 *, T3 *, const T4 *, T4 *, T5, int, int, T6)"
430278642,2880,1196,1,1,1,256,1,1,16,0.000,0.000,,,,,NVIDIA GeForce RTX 3080 (0),1,,13,"raggedroute::benchmark::library_baseline::<unnamed>::compute_expert_offsets(const int *, int, int, long long *)"
430284114,3232,1203,1024,1,1,256,1,1,18,0.000,0.000,,,,,NVIDIA GeForce RTX 3080 (0),1,,13,"void raggedroute::benchmark::library_baseline::<unnamed>::expand_rows<(bool)1>(const float *, float *, const int *, int *, int *, int, int, int)"
430289874,21599,1206,64,1,1,256,1,1,144,0.000,0.017,,,,,NVIDIA GeForce RTX 3080 (0),1,,13,"void cutlass::Kernel<cutlass::gemm::kernel::GemmGrouped<cutlass::gemm::threadblock::MmaPipelined<cutlass::gemm::GemmShape<(int)128, (int)128, (int)8>, cutlass::transform::threadblock::PredicatedTileIterator<cutlass::MatrixShape<(int)128, (int)8>, float, cutlass::layout::RowMajor, (int)1, cutlass::transform::PitchLinearStripminedThreadMap<cutlass::PitchLinearShape<(int)8, (int)128>, (int)256, (int)1>, (int)1, (bool)0, cutlass::layout::NoPermute>, cutlass::transform::threadblock::RegularTileIterator<cutlass::MatrixShape<(int)128, (int)8>, float, cutlass::layout::ColumnMajor, (int)1, cutlass::transform::TransposePitchLinearThreadMapSimt<cutlass::transform::PitchLinearStripminedThreadMap<cutlass::PitchLinearShape<(int)8, (int)128>, (int)256, (int)1>>, (int)4>, cutlass::transform::threadblock::PredicatedTileIterator<cutlass::MatrixShape<(int)8, (int)128>, float, cutlass::layout::RowMajor, (int)0, cutlass::transform::PitchLinearStripminedThreadMap<cutlass::PitchLinearShape<(int)128, (int)8>, (int)256, (int)1>, (int)1, (bool)0, cutlass::layout::NoPermute>, cutlass::transform::threadblock::RegularTileIterator<cutlass::MatrixShape<(int)8, (int)128>, float, cutlass::layout::RowMajor, (int)0, cutlass::transform::PitchLinearStripminedThreadMap<cutlass::PitchLinearShape<(int)128, (int)8>, (int)256, (int)1>, (int)4>, float, cutlass::layout::RowMajor, cutlass::gemm::threadblock::MmaPolicy<cutlass::gemm::warp::MmaSimt<cutlass::gemm::GemmShape<(int)32, (int)64, (int)8>, float, cutlass::layout::ColumnMajor, float, cutlass::layout::RowMajor, float, cutlass::layout::RowMajor, cutlass::gemm::warp::MmaSimtPolicy<cutlass::MatrixShape<(int)4, (int)8>, cutlass::layout::RowMajorInterleaved<(int)2>, cutlass::gemm::GemmShape<(int)4, (int)4, (int)1>>, (int)1, (cutlass::ComplexTransform)0, (cutlass::ComplexTransform)0, bool>, cutlass::MatrixShape<(int)4, (int)0>, cutlass::MatrixShape<(int)0, (int)0>, (int)1>, cutlass::NumericArrayConverter<float, float, (int)4, (cutlass::FloatRoundStyle)2, cutlass::transform::thread::UnaryTransform::Identity>, cutlass::NumericArrayConverter<float, float, (int)4, (cutlass::FloatRoundStyle)2, cutlass::transform::thread::UnaryTransform::Identity>, bool>, cutlass::epilogue::threadblock::Epilogue<cutlass::gemm::GemmShape<(int)128, (int)128, (int)8>, cutlass::gemm::warp::MmaSimt<cutlass::gemm::GemmShape<(int)32, (int)64, (int)8>, float, cutlass::layout::ColumnMajor, float, cutlass::layout::RowMajor, float, cutlass::layout::RowMajor, cutlass::gemm::warp::MmaSimtPolicy<cutlass::MatrixShape<(int)4, (int)8>, cutlass::layout::RowMajorInterleaved<(int)2>, cutlass::gemm::GemmShape<(int)4, (int)4, (int)1>>, (int)1, (cutlass::ComplexTransform)0, (cutlass::ComplexTransform)0, bool>, (int)1, cutlass::epilogue::threadblock::PredicatedTileIterator<cutlass::epilogue::threadblock::OutputTileOptimalThreadMap<cutlass::epilogue::threadblock::OutputTileShape<(int)128, (int)1, (int)4, (int)4, (int)1>, cutlass::epilogue::threadblock::OutputTileShape<(int)1, (int)4, (int)2, (int)1, (int)8>, (int)256, (int)1, (int)32>, float, (bool)0, cutlass::layout::NoPermute, (bool)0>, cutlass::epilogue::warp::FragmentIteratorSimt<cutlass::gemm::GemmShape<(int)32, (int)64, (int)8>, cutlass::gemm::thread::Mma<cutlass::gemm::GemmShape<(int)8, (int)8, (int)1>, float, cutlass::layout::ColumnMajor, float, cutlass::layout::RowMajor, float, cutlass::layout::RowMajor, cutlass::arch::OpMultiplyAdd, bool>, cutlass::layout::RowMajor, cutlass::gemm::warp::MmaSimtPolicy<cutlass::MatrixShape<(int)4, (int)8>, cutlass::layout::RowMajorInterleaved<(int)2>, cutlass::gemm::GemmShape<(int)4, (int)4, (int)1>>>, cutlass::epilogue::warp::TileIteratorSimt<cutlass::gemm::GemmShape<(int)32, (int)64, (int)8>, cutlass::gemm::thread::Mma<cutlass::gemm::GemmShape<(int)8, (int)8, (int)1>, float, cutlass::layout::ColumnMajor, float, cutlass::layout::RowMajor, float, cutlass::layout::RowMajor, cutlass::arch::OpMultiplyAdd, bool>, float, cutlass::layout::RowMajor, cutlass::gemm::warp::MmaSimtPolicy<cutlass::MatrixShape<(int)4, (int)8>, cutlass::layout::RowMajorInterleaved<(int)2>, cutlass::gemm::GemmShape<(int)4, (int)4, (int)1>>>, cutlass::epilogue::threadblock::SharedLoadIterator<cutlass::epilogue::threadblock::OutputTileOptimalThreadMap<cutlass::epilogue::threadblock::OutputTileShape<(int)128, (int)1, (int)4, (int)4, (int)1>, cutlass::epilogue::threadblock::OutputTileShape<(int)1, (int)4, (int)2, (int)1, (int)8>, (int)256, (int)1, (int)32>::CompactedThreadMap, float, (int)4>, cutlass::epilogue::thread::LinearCombination<float, (int)1, float, float, (cutlass::epilogue::thread::ScaleType::Kind)0, (cutlass::FloatRoundStyle)2, float>, cutlass::MatrixShape<(int)0, (int)17>, (int)1, (int)1>, cutlass::gemm::threadblock::GemmBatchedIdentityThreadblockSwizzle, (cutlass::gemm::kernel::GroupScheduleMode)0, (bool)0>>(T1::Params)"
430315569,2784,1209,512,1,1,256,1,1,40,0.000,0.000,,,,,NVIDIA GeForce RTX 3080 (0),1,,13,"void raggedroute::benchmark::library_baseline::<unnamed>::finalize_routing<(bool)1>(const float *, float *, const float *, const int *, int, int, int)"
430320881,6528,1215,2,16,1,128,1,1,86,0.033,0.000,,,,,NVIDIA GeForce RTX 3080 (0),1,,13,ampere_sgemm_32x32_sliced1x4_nn
430330033,11104,1218,512,1,1,32,1,1,32,0.001,0.000,,,,,NVIDIA GeForce RTX 3080 (0),1,,13,"raggedroute::benchmark::library_baseline::<unnamed>::cub_block_radix_top2_kernel(const float *, int *, float *, int, int)"
430344081,1152,1232,1,1,1,256,1,1,16,0.000,0.000,,,,,NVIDIA GeForce RTX 3080 (0),1,,13,"void cub::_V_300304_SM_860::detail::histogram::DeviceHistogramInitKernel<cub::_V_300304_SM_860::detail::histogram::policy_hub<int, int, (int)1, (int)1, (bool)1>::Policy1000, (int)1, int, int>(cuda::std::__4::array<int, T2>, cuda::std::__4::array<T3 *, T2>, cub::_V_300304_SM_860::GridQueue<int>)"
430349232,5408,1235,1,1,1,384,1,1,54,0.001,0.000,,,,,NVIDIA GeForce RTX 3080 (0),1,,13,"void cub::_V_300304_SM_860::detail::histogram::DeviceHistogramSweepKernel<cub::_V_300304_SM_860::detail::histogram::policy_hub<int, int, (int)1, (int)1, (bool)1>::Policy1000, (int)256, (int)1, (int)1, const int *, int, cub::_V_300304_SM_860::detail::histogram::Transforms<int, int, int>::ScaleTransform, cub::_V_300304_SM_860::detail::histogram::Transforms<int, int, int>::PassThruTransform, int>(T5, cuda::std::__4::array<int, T4>, cuda::std::__4::array<int, T4>, cuda::std::__4::array<T6 *, T4>, cuda::std::__4::array<T6 *, T4>, cuda::std::__4::array<T8, T4>, cuda::std::__4::array<T7, T4>, T9, T9, T9, int, cub::_V_300304_SM_860::GridQueue<int>)"
430357264,1536,1242,1,1,1,128,1,1,16,0.001,0.000,,,,,NVIDIA GeForce RTX 3080 (0),1,,13,"void raggedroute::benchmark::library_baseline::<unnamed>::block_scan_kernel<(int)128>(const int *, int *, int)"
430417263,7392,1253,1,1,1,256,1,1,128,0.034,0.000,,,,,NVIDIA GeForce RTX 3080 (0),1,,13,"void cub::_V_300304_SM_860::detail::radix_sort::DeviceRadixSortSingleTileKernel<cub::_V_300304_SM_860::detail::radix_sort::policy_selector_from_types<int, int, unsigned int>, (cub::_V_300304_SM_860::SortOrder)0, int, int, unsigned int, cub::_V_300304_SM_860::detail::identity_decomposer_t>(const T3 *, T3 *, const T4 *, T4 *, T5, int, int, T6)"
430428495,2880,1259,1,1,1,256,1,1,16,0.000,0.000,,,,,NVIDIA GeForce RTX 3080 (0),1,,13,"raggedroute::benchmark::library_baseline::<unnamed>::compute_expert_offsets(const int *, int, int, long long *)"
430433998,3200,1266,1024,1,1,256,1,1,18,0.000,0.000,,,,,NVIDIA GeForce RTX 3080 (0),1,,13,"void raggedroute::benchmark::library_baseline::<unnamed>::expand_rows<(bool)1>(const float *, float *, const int *, int *, int *, int, int, int)"
430439694,21632,1269,64,1,1,256,1,1,144,0.000,0.017,,,,,NVIDIA GeForce RTX 3080 (0),1,,13,"void cutlass::Kernel<cutlass::gemm::kernel::GemmGrouped<cutlass::gemm::threadblock::MmaPipelined<cutlass::gemm::GemmShape<(int)128, (int)128, (int)8>, cutlass::transform::threadblock::PredicatedTileIterator<cutlass::MatrixShape<(int)128, (int)8>, float, cutlass::layout::RowMajor, (int)1, cutlass::transform::PitchLinearStripminedThreadMap<cutlass::PitchLinearShape<(int)8, (int)128>, (int)256, (int)1>, (int)1, (bool)0, cutlass::layout::NoPermute>, cutlass::transform::threadblock::RegularTileIterator<cutlass::MatrixShape<(int)128, (int)8>, float, cutlass::layout::ColumnMajor, (int)1, cutlass::transform::TransposePitchLinearThreadMapSimt<cutlass::transform::PitchLinearStripminedThreadMap<cutlass::PitchLinearShape<(int)8, (int)128>, (int)256, (int)1>>, (int)4>, cutlass::transform::threadblock::PredicatedTileIterator<cutlass::MatrixShape<(int)8, (int)128>, float, cutlass::layout::RowMajor, (int)0, cutlass::transform::PitchLinearStripminedThreadMap<cutlass::PitchLinearShape<(int)128, (int)8>, (int)256, (int)1>, (int)1, (bool)0, cutlass::layout::NoPermute>, cutlass::transform::threadblock::RegularTileIterator<cutlass::MatrixShape<(int)8, (int)128>, float, cutlass::layout::RowMajor, (int)0, cutlass::transform::PitchLinearStripminedThreadMap<cutlass::PitchLinearShape<(int)128, (int)8>, (int)256, (int)1>, (int)4>, float, cutlass::layout::RowMajor, cutlass::gemm::threadblock::MmaPolicy<cutlass::gemm::warp::MmaSimt<cutlass::gemm::GemmShape<(int)32, (int)64, (int)8>, float, cutlass::layout::ColumnMajor, float, cutlass::layout::RowMajor, float, cutlass::layout::RowMajor, cutlass::gemm::warp::MmaSimtPolicy<cutlass::MatrixShape<(int)4, (int)8>, cutlass::layout::RowMajorInterleaved<(int)2>, cutlass::gemm::GemmShape<(int)4, (int)4, (int)1>>, (int)1, (cutlass::ComplexTransform)0, (cutlass::ComplexTransform)0, bool>, cutlass::MatrixShape<(int)4, (int)0>, cutlass::MatrixShape<(int)0, (int)0>, (int)1>, cutlass::NumericArrayConverter<float, float, (int)4, (cutlass::FloatRoundStyle)2, cutlass::transform::thread::UnaryTransform::Identity>, cutlass::NumericArrayConverter<float, float, (int)4, (cutlass::FloatRoundStyle)2, cutlass::transform::thread::UnaryTransform::Identity>, bool>, cutlass::epilogue::threadblock::Epilogue<cutlass::gemm::GemmShape<(int)128, (int)128, (int)8>, cutlass::gemm::warp::MmaSimt<cutlass::gemm::GemmShape<(int)32, (int)64, (int)8>, float, cutlass::layout::ColumnMajor, float, cutlass::layout::RowMajor, float, cutlass::layout::RowMajor, cutlass::gemm::warp::MmaSimtPolicy<cutlass::MatrixShape<(int)4, (int)8>, cutlass::layout::RowMajorInterleaved<(int)2>, cutlass::gemm::GemmShape<(int)4, (int)4, (int)1>>, (int)1, (cutlass::ComplexTransform)0, (cutlass::ComplexTransform)0, bool>, (int)1, cutlass::epilogue::threadblock::PredicatedTileIterator<cutlass::epilogue::threadblock::OutputTileOptimalThreadMap<cutlass::epilogue::threadblock::OutputTileShape<(int)128, (int)1, (int)4, (int)4, (int)1>, cutlass::epilogue::threadblock::OutputTileShape<(int)1, (int)4, (int)2, (int)1, (int)8>, (int)256, (int)1, (int)32>, float, (bool)0, cutlass::layout::NoPermute, (bool)0>, cutlass::epilogue::warp::FragmentIteratorSimt<cutlass::gemm::GemmShape<(int)32, (int)64, (int)8>, cutlass::gemm::thread::Mma<cutlass::gemm::GemmShape<(int)8, (int)8, (int)1>, float, cutlass::layout::ColumnMajor, float, cutlass::layout::RowMajor, float, cutlass::layout::RowMajor, cutlass::arch::OpMultiplyAdd, bool>, cutlass::layout::RowMajor, cutlass::gemm::warp::MmaSimtPolicy<cutlass::MatrixShape<(int)4, (int)8>, cutlass::layout::RowMajorInterleaved<(int)2>, cutlass::gemm::GemmShape<(int)4, (int)4, (int)1>>>, cutlass::epilogue::warp::TileIteratorSimt<cutlass::gemm::GemmShape<(int)32, (int)64, (int)8>, cutlass::gemm::thread::Mma<cutlass::gemm::GemmShape<(int)8, (int)8, (int)1>, float, cutlass::layout::ColumnMajor, float, cutlass::layout::RowMajor, float, cutlass::layout::RowMajor, cutlass::arch::OpMultiplyAdd, bool>, float, cutlass::layout::RowMajor, cutlass::gemm::warp::MmaSimtPolicy<cutlass::MatrixShape<(int)4, (int)8>, cutlass::layout::RowMajorInterleaved<(int)2>, cutlass::gemm::GemmShape<(int)4, (int)4, (int)1>>>, cutlass::epilogue::threadblock::SharedLoadIterator<cutlass::epilogue::threadblock::OutputTileOptimalThreadMap<cutlass::epilogue::threadblock::OutputTileShape<(int)128, (int)1, (int)4, (int)4, (int)1>, cutlass::epilogue::threadblock::OutputTileShape<(int)1, (int)4, (int)2, (int)1, (int)8>, (int)256, (int)1, (int)32>::CompactedThreadMap, float, (int)4>, cutlass::epilogue::thread::LinearCombination<float, (int)1, float, float, (cutlass::epilogue::thread::ScaleType::Kind)0, (cutlass::FloatRoundStyle)2, float>, cutlass::MatrixShape<(int)0, (int)17>, (int)1, (int)1>, cutlass::gemm::threadblock::GemmBatchedIdentityThreadblockSwizzle, (cutlass::gemm::kernel::GroupScheduleMode)0, (bool)0>>(T1::Params)"
430464878,2752,1272,512,1,1,256,1,1,40,0.000,0.000,,,,,NVIDIA GeForce RTX 3080 (0),1,,13,"void raggedroute::benchmark::library_baseline::<unnamed>::finalize_routing<(bool)1>(const float *, float *, const float *, const int *, int, int, int)"
430470414,6463,1278,2,16,1,128,1,1,86,0.033,0.000,,,,,NVIDIA GeForce RTX 3080 (0),1,,13,ampere_sgemm_32x32_sliced1x4_nn
430480461,11040,1281,512,1,1,32,1,1,32,0.001,0.000,,,,,NVIDIA GeForce RTX 3080 (0),1,,13,"raggedroute::benchmark::library_baseline::<unnamed>::cub_block_radix_top2_kernel(const float *, int *, float *, int, int)"
430497261,1152,1295,1,1,1,256,1,1,16,0.000,0.000,,,,,NVIDIA GeForce RTX 3080 (0),1,,13,"void cub::_V_300304_SM_860::detail::histogram::DeviceHistogramInitKernel<cub::_V_300304_SM_860::detail::histogram::policy_hub<int, int, (int)1, (int)1, (bool)1>::Policy1000, (int)1, int, int>(cuda::std::__4::array<int, T2>, cuda::std::__4::array<T3 *, T2>, cub::_V_300304_SM_860::GridQueue<int>)"
430501005,5408,1298,1,1,1,384,1,1,54,0.001,0.000,,,,,NVIDIA GeForce RTX 3080 (0),1,,13,"void cub::_V_300304_SM_860::detail::histogram::DeviceHistogramSweepKernel<cub::_V_300304_SM_860::detail::histogram::policy_hub<int, int, (int)1, (int)1, (bool)1>::Policy1000, (int)256, (int)1, (int)1, const int *, int, cub::_V_300304_SM_860::detail::histogram::Transforms<int, int, int>::ScaleTransform, cub::_V_300304_SM_860::detail::histogram::Transforms<int, int, int>::PassThruTransform, int>(T5, cuda::std::__4::array<int, T4>, cuda::std::__4::array<int, T4>, cuda::std::__4::array<T6 *, T4>, cuda::std::__4::array<T6 *, T4>, cuda::std::__4::array<T8, T4>, cuda::std::__4::array<T7, T4>, T9, T9, T9, int, cub::_V_300304_SM_860::GridQueue<int>)"
430508941,1536,1305,1,1,1,128,1,1,16,0.001,0.000,,,,,NVIDIA GeForce RTX 3080 (0),1,,13,"void raggedroute::benchmark::library_baseline::<unnamed>::block_scan_kernel<(int)128>(const int *, int *, int)"
430513293,7391,1316,1,1,1,256,1,1,128,0.034,0.000,,,,,NVIDIA GeForce RTX 3080 (0),1,,13,"void cub::_V_300304_SM_860::detail::radix_sort::DeviceRadixSortSingleTileKernel<cub::_V_300304_SM_860::detail::radix_sort::policy_selector_from_types<int, int, unsigned int>, (cub::_V_300304_SM_860::SortOrder)0, int, int, unsigned int, cub::_V_300304_SM_860::detail::identity_decomposer_t>(const T3 *, T3 *, const T4 *, T4 *, T5, int, int, T6)"
430523564,2880,1322,1,1,1,256,1,1,16,0.000,0.000,,,,,NVIDIA GeForce RTX 3080 (0),1,,13,"raggedroute::benchmark::library_baseline::<unnamed>::compute_expert_offsets(const int *, int, int, long long *)"
430530412,3232,1329,1024,1,1,256,1,1,18,0.000,0.000,,,,,NVIDIA GeForce RTX 3080 (0),1,,13,"void raggedroute::benchmark::library_baseline::<unnamed>::expand_rows<(bool)1>(const float *, float *, const int *, int *, int *, int, int, int)"
430536108,21536,1332,64,1,1,256,1,1,144,0.000,0.017,,,,,NVIDIA GeForce RTX 3080 (0),1,,13,"void cutlass::Kernel<cutlass::gemm::kernel::GemmGrouped<cutlass::gemm::threadblock::MmaPipelined<cutlass::gemm::GemmShape<(int)128, (int)128, (int)8>, cutlass::transform::threadblock::PredicatedTileIterator<cutlass::MatrixShape<(int)128, (int)8>, float, cutlass::layout::RowMajor, (int)1, cutlass::transform::PitchLinearStripminedThreadMap<cutlass::PitchLinearShape<(int)8, (int)128>, (int)256, (int)1>, (int)1, (bool)0, cutlass::layout::NoPermute>, cutlass::transform::threadblock::RegularTileIterator<cutlass::MatrixShape<(int)128, (int)8>, float, cutlass::layout::ColumnMajor, (int)1, cutlass::transform::TransposePitchLinearThreadMapSimt<cutlass::transform::PitchLinearStripminedThreadMap<cutlass::PitchLinearShape<(int)8, (int)128>, (int)256, (int)1>>, (int)4>, cutlass::transform::threadblock::PredicatedTileIterator<cutlass::MatrixShape<(int)8, (int)128>, float, cutlass::layout::RowMajor, (int)0, cutlass::transform::PitchLinearStripminedThreadMap<cutlass::PitchLinearShape<(int)128, (int)8>, (int)256, (int)1>, (int)1, (bool)0, cutlass::layout::NoPermute>, cutlass::transform::threadblock::RegularTileIterator<cutlass::MatrixShape<(int)8, (int)128>, float, cutlass::layout::RowMajor, (int)0, cutlass::transform::PitchLinearStripminedThreadMap<cutlass::PitchLinearShape<(int)128, (int)8>, (int)256, (int)1>, (int)4>, float, cutlass::layout::RowMajor, cutlass::gemm::threadblock::MmaPolicy<cutlass::gemm::warp::MmaSimt<cutlass::gemm::GemmShape<(int)32, (int)64, (int)8>, float, cutlass::layout::ColumnMajor, float, cutlass::layout::RowMajor, float, cutlass::layout::RowMajor, cutlass::gemm::warp::MmaSimtPolicy<cutlass::MatrixShape<(int)4, (int)8>, cutlass::layout::RowMajorInterleaved<(int)2>, cutlass::gemm::GemmShape<(int)4, (int)4, (int)1>>, (int)1, (cutlass::ComplexTransform)0, (cutlass::ComplexTransform)0, bool>, cutlass::MatrixShape<(int)4, (int)0>, cutlass::MatrixShape<(int)0, (int)0>, (int)1>, cutlass::NumericArrayConverter<float, float, (int)4, (cutlass::FloatRoundStyle)2, cutlass::transform::thread::UnaryTransform::Identity>, cutlass::NumericArrayConverter<float, float, (int)4, (cutlass::FloatRoundStyle)2, cutlass::transform::thread::UnaryTransform::Identity>, bool>, cutlass::epilogue::threadblock::Epilogue<cutlass::gemm::GemmShape<(int)128, (int)128, (int)8>, cutlass::gemm::warp::MmaSimt<cutlass::gemm::GemmShape<(int)32, (int)64, (int)8>, float, cutlass::layout::ColumnMajor, float, cutlass::layout::RowMajor, float, cutlass::layout::RowMajor, cutlass::gemm::warp::MmaSimtPolicy<cutlass::MatrixShape<(int)4, (int)8>, cutlass::layout::RowMajorInterleaved<(int)2>, cutlass::gemm::GemmShape<(int)4, (int)4, (int)1>>, (int)1, (cutlass::ComplexTransform)0, (cutlass::ComplexTransform)0, bool>, (int)1, cutlass::epilogue::threadblock::PredicatedTileIterator<cutlass::epilogue::threadblock::OutputTileOptimalThreadMap<cutlass::epilogue::threadblock::OutputTileShape<(int)128, (int)1, (int)4, (int)4, (int)1>, cutlass::epilogue::threadblock::OutputTileShape<(int)1, (int)4, (int)2, (int)1, (int)8>, (int)256, (int)1, (int)32>, float, (bool)0, cutlass::layout::NoPermute, (bool)0>, cutlass::epilogue::warp::FragmentIteratorSimt<cutlass::gemm::GemmShape<(int)32, (int)64, (int)8>, cutlass::gemm::thread::Mma<cutlass::gemm::GemmShape<(int)8, (int)8, (int)1>, float, cutlass::layout::ColumnMajor, float, cutlass::layout::RowMajor, float, cutlass::layout::RowMajor, cutlass::arch::OpMultiplyAdd, bool>, cutlass::layout::RowMajor, cutlass::gemm::warp::MmaSimtPolicy<cutlass::MatrixShape<(int)4, (int)8>, cutlass::layout::RowMajorInterleaved<(int)2>, cutlass::gemm::GemmShape<(int)4, (int)4, (int)1>>>, cutlass::epilogue::warp::TileIteratorSimt<cutlass::gemm::GemmShape<(int)32, (int)64, (int)8>, cutlass::gemm::thread::Mma<cutlass::gemm::GemmShape<(int)8, (int)8, (int)1>, float, cutlass::layout::ColumnMajor, float, cutlass::layout::RowMajor, float, cutlass::layout::RowMajor, cutlass::arch::OpMultiplyAdd, bool>, float, cutlass::layout::RowMajor, cutlass::gemm::warp::MmaSimtPolicy<cutlass::MatrixShape<(int)4, (int)8>, cutlass::layout::RowMajorInterleaved<(int)2>, cutlass::gemm::GemmShape<(int)4, (int)4, (int)1>>>, cutlass::epilogue::threadblock::SharedLoadIterator<cutlass::epilogue::threadblock::OutputTileOptimalThreadMap<cutlass::epilogue::threadblock::OutputTileShape<(int)128, (int)1, (int)4, (int)4, (int)1>, cutlass::epilogue::threadblock::OutputTileShape<(int)1, (int)4, (int)2, (int)1, (int)8>, (int)256, (int)1, (int)32>::CompactedThreadMap, float, (int)4>, cutlass::epilogue::thread::LinearCombination<float, (int)1, float, float, (cutlass::epilogue::thread::ScaleType::Kind)0, (cutlass::FloatRoundStyle)2, float>, cutlass::MatrixShape<(int)0, (int)17>, (int)1, (int)1>, cutlass::gemm::threadblock::GemmBatchedIdentityThreadblockSwizzle, (cutlass::gemm::kernel::GroupScheduleMode)0, (bool)0>>(T1::Params)"
430562412,2783,1335,512,1,1,256,1,1,40,0.000,0.000,,,,,NVIDIA GeForce RTX 3080 (0),1,,13,"void raggedroute::benchmark::library_baseline::<unnamed>::finalize_routing<(bool)1>(const float *, float *, const float *, const int *, int, int, int)"
430567755,6528,1341,2,16,1,128,1,1,86,0.033,0.000,,,,,NVIDIA GeForce RTX 3080 (0),1,,13,ampere_sgemm_32x32_sliced1x4_nn
430577003,11104,1344,512,1,1,32,1,1,32,0.001,0.000,,,,,NVIDIA GeForce RTX 3080 (0),1,,13,"raggedroute::benchmark::library_baseline::<unnamed>::cub_block_radix_top2_kernel(const float *, int *, float *, int, int)"
430591179,1152,1358,1,1,1,256,1,1,16,0.000,0.000,,,,,NVIDIA GeForce RTX 3080 (0),1,,13,"void cub::_V_300304_SM_860::detail::histogram::DeviceHistogramInitKernel<cub::_V_300304_SM_860::detail::histogram::policy_hub<int, int, (int)1, (int)1, (bool)1>::Policy1000, (int)1, int, int>(cuda::std::__4::array<int, T2>, cuda::std::__4::array<T3 *, T2>, cub::_V_300304_SM_860::GridQueue<int>)"
430597611,5408,1361,1,1,1,384,1,1,54,0.001,0.000,,,,,NVIDIA GeForce RTX 3080 (0),1,,13,"void cub::_V_300304_SM_860::detail::histogram::DeviceHistogramSweepKernel<cub::_V_300304_SM_860::detail::histogram::policy_hub<int, int, (int)1, (int)1, (bool)1>::Policy1000, (int)256, (int)1, (int)1, const int *, int, cub::_V_300304_SM_860::detail::histogram::Transforms<int, int, int>::ScaleTransform, cub::_V_300304_SM_860::detail::histogram::Transforms<int, int, int>::PassThruTransform, int>(T5, cuda::std::__4::array<int, T4>, cuda::std::__4::array<int, T4>, cuda::std::__4::array<T6 *, T4>, cuda::std::__4::array<T6 *, T4>, cuda::std::__4::array<T8, T4>, cuda::std::__4::array<T7, T4>, T9, T9, T9, int, cub::_V_300304_SM_860::GridQueue<int>)"
430605515,1504,1368,1,1,1,128,1,1,16,0.001,0.000,,,,,NVIDIA GeForce RTX 3080 (0),1,,13,"void raggedroute::benchmark::library_baseline::<unnamed>::block_scan_kernel<(int)128>(const int *, int *, int)"
430609610,7392,1379,1,1,1,256,1,1,128,0.034,0.000,,,,,NVIDIA GeForce RTX 3080 (0),1,,13,"void cub::_V_300304_SM_860::detail::radix_sort::DeviceRadixSortSingleTileKernel<cub::_V_300304_SM_860::detail::radix_sort::policy_selector_from_types<int, int, unsigned int>, (cub::_V_300304_SM_860::SortOrder)0, int, int, unsigned int, cub::_V_300304_SM_860::detail::identity_decomposer_t>(const T3 *, T3 *, const T4 *, T4 *, T5, int, int, T6)"
430619562,2880,1385,1,1,1,256,1,1,16,0.000,0.000,,,,,NVIDIA GeForce RTX 3080 (0),1,,13,"raggedroute::benchmark::library_baseline::<unnamed>::compute_expert_offsets(const int *, int, int, long long *)"
430624906,3232,1392,1024,1,1,256,1,1,18,0.000,0.000,,,,,NVIDIA GeForce RTX 3080 (0),1,,13,"void raggedroute::benchmark::library_baseline::<unnamed>::expand_rows<(bool)1>(const float *, float *, const int *, int *, int *, int, int, int)"
430630794,21599,1395,64,1,1,256,1,1,144,0.000,0.017,,,,,NVIDIA GeForce RTX 3080 (0),1,,13,"void cutlass::Kernel<cutlass::gemm::kernel::GemmGrouped<cutlass::gemm::threadblock::MmaPipelined<cutlass::gemm::GemmShape<(int)128, (int)128, (int)8>, cutlass::transform::threadblock::PredicatedTileIterator<cutlass::MatrixShape<(int)128, (int)8>, float, cutlass::layout::RowMajor, (int)1, cutlass::transform::PitchLinearStripminedThreadMap<cutlass::PitchLinearShape<(int)8, (int)128>, (int)256, (int)1>, (int)1, (bool)0, cutlass::layout::NoPermute>, cutlass::transform::threadblock::RegularTileIterator<cutlass::MatrixShape<(int)128, (int)8>, float, cutlass::layout::ColumnMajor, (int)1, cutlass::transform::TransposePitchLinearThreadMapSimt<cutlass::transform::PitchLinearStripminedThreadMap<cutlass::PitchLinearShape<(int)8, (int)128>, (int)256, (int)1>>, (int)4>, cutlass::transform::threadblock::PredicatedTileIterator<cutlass::MatrixShape<(int)8, (int)128>, float, cutlass::layout::RowMajor, (int)0, cutlass::transform::PitchLinearStripminedThreadMap<cutlass::PitchLinearShape<(int)128, (int)8>, (int)256, (int)1>, (int)1, (bool)0, cutlass::layout::NoPermute>, cutlass::transform::threadblock::RegularTileIterator<cutlass::MatrixShape<(int)8, (int)128>, float, cutlass::layout::RowMajor, (int)0, cutlass::transform::PitchLinearStripminedThreadMap<cutlass::PitchLinearShape<(int)128, (int)8>, (int)256, (int)1>, (int)4>, float, cutlass::layout::RowMajor, cutlass::gemm::threadblock::MmaPolicy<cutlass::gemm::warp::MmaSimt<cutlass::gemm::GemmShape<(int)32, (int)64, (int)8>, float, cutlass::layout::ColumnMajor, float, cutlass::layout::RowMajor, float, cutlass::layout::RowMajor, cutlass::gemm::warp::MmaSimtPolicy<cutlass::MatrixShape<(int)4, (int)8>, cutlass::layout::RowMajorInterleaved<(int)2>, cutlass::gemm::GemmShape<(int)4, (int)4, (int)1>>, (int)1, (cutlass::ComplexTransform)0, (cutlass::ComplexTransform)0, bool>, cutlass::MatrixShape<(int)4, (int)0>, cutlass::MatrixShape<(int)0, (int)0>, (int)1>, cutlass::NumericArrayConverter<float, float, (int)4, (cutlass::FloatRoundStyle)2, cutlass::transform::thread::UnaryTransform::Identity>, cutlass::NumericArrayConverter<float, float, (int)4, (cutlass::FloatRoundStyle)2, cutlass::transform::thread::UnaryTransform::Identity>, bool>, cutlass::epilogue::threadblock::Epilogue<cutlass::gemm::GemmShape<(int)128, (int)128, (int)8>, cutlass::gemm::warp::MmaSimt<cutlass::gemm::GemmShape<(int)32, (int)64, (int)8>, float, cutlass::layout::ColumnMajor, float, cutlass::layout::RowMajor, float, cutlass::layout::RowMajor, cutlass::gemm::warp::MmaSimtPolicy<cutlass::MatrixShape<(int)4, (int)8>, cutlass::layout::RowMajorInterleaved<(int)2>, cutlass::gemm::GemmShape<(int)4, (int)4, (int)1>>, (int)1, (cutlass::ComplexTransform)0, (cutlass::ComplexTransform)0, bool>, (int)1, cutlass::epilogue::threadblock::PredicatedTileIterator<cutlass::epilogue::threadblock::OutputTileOptimalThreadMap<cutlass::epilogue::threadblock::OutputTileShape<(int)128, (int)1, (int)4, (int)4, (int)1>, cutlass::epilogue::threadblock::OutputTileShape<(int)1, (int)4, (int)2, (int)1, (int)8>, (int)256, (int)1, (int)32>, float, (bool)0, cutlass::layout::NoPermute, (bool)0>, cutlass::epilogue::warp::FragmentIteratorSimt<cutlass::gemm::GemmShape<(int)32, (int)64, (int)8>, cutlass::gemm::thread::Mma<cutlass::gemm::GemmShape<(int)8, (int)8, (int)1>, float, cutlass::layout::ColumnMajor, float, cutlass::layout::RowMajor, float, cutlass::layout::RowMajor, cutlass::arch::OpMultiplyAdd, bool>, cutlass::layout::RowMajor, cutlass::gemm::warp::MmaSimtPolicy<cutlass::MatrixShape<(int)4, (int)8>, cutlass::layout::RowMajorInterleaved<(int)2>, cutlass::gemm::GemmShape<(int)4, (int)4, (int)1>>>, cutlass::epilogue::warp::TileIteratorSimt<cutlass::gemm::GemmShape<(int)32, (int)64, (int)8>, cutlass::gemm::thread::Mma<cutlass::gemm::GemmShape<(int)8, (int)8, (int)1>, float, cutlass::layout::ColumnMajor, float, cutlass::layout::RowMajor, float, cutlass::layout::RowMajor, cutlass::arch::OpMultiplyAdd, bool>, float, cutlass::layout::RowMajor, cutlass::gemm::warp::MmaSimtPolicy<cutlass::MatrixShape<(int)4, (int)8>, cutlass::layout::RowMajorInterleaved<(int)2>, cutlass::gemm::GemmShape<(int)4, (int)4, (int)1>>>, cutlass::epilogue::threadblock::SharedLoadIterator<cutlass::epilogue::threadblock::OutputTileOptimalThreadMap<cutlass::epilogue::threadblock::OutputTileShape<(int)128, (int)1, (int)4, (int)4, (int)1>, cutlass::epilogue::threadblock::OutputTileShape<(int)1, (int)4, (int)2, (int)1, (int)8>, (int)256, (int)1, (int)32>::CompactedThreadMap, float, (int)4>, cutlass::epilogue::thread::LinearCombination<float, (int)1, float, float, (cutlass::epilogue::thread::ScaleType::Kind)0, (cutlass::FloatRoundStyle)2, float>, cutlass::MatrixShape<(int)0, (int)17>, (int)1, (int)1>, cutlass::gemm::threadblock::GemmBatchedIdentityThreadblockSwizzle, (cutlass::gemm::kernel::GroupScheduleMode)0, (bool)0>>(T1::Params)"
430654953,2784,1398,512,1,1,256,1,1,40,0.000,0.000,,,,,NVIDIA GeForce RTX 3080 (0),1,,13,"void raggedroute::benchmark::library_baseline::<unnamed>::finalize_routing<(bool)1>(const float *, float *, const float *, const int *, int, int, int)"
430660265,6720,1404,2,16,1,128,1,1,86,0.033,0.000,,,,,NVIDIA GeForce RTX 3080 (0),1,,13,ampere_sgemm_32x32_sliced1x4_nn
430670601,10976,1407,512,1,1,32,1,1,32,0.001,0.000,,,,,NVIDIA GeForce RTX 3080 (0),1,,13,"raggedroute::benchmark::library_baseline::<unnamed>::cub_block_radix_top2_kernel(const float *, int *, float *, int, int)"
430684169,1152,1421,1,1,1,256,1,1,16,0.000,0.000,,,,,NVIDIA GeForce RTX 3080 (0),1,,13,"void cub::_V_300304_SM_860::detail::histogram::DeviceHistogramInitKernel<cub::_V_300304_SM_860::detail::histogram::policy_hub<int, int, (int)1, (int)1, (bool)1>::Policy1000, (int)1, int, int>(cuda::std::__4::array<int, T2>, cuda::std::__4::array<T3 *, T2>, cub::_V_300304_SM_860::GridQueue<int>)"
430728872,5440,1424,1,1,1,384,1,1,54,0.001,0.000,,,,,NVIDIA GeForce RTX 3080 (0),1,,13,"void cub::_V_300304_SM_860::detail::histogram::DeviceHistogramSweepKernel<cub::_V_300304_SM_860::detail::histogram::policy_hub<int, int, (int)1, (int)1, (bool)1>::Policy1000, (int)256, (int)1, (int)1, const int *, int, cub::_V_300304_SM_860::detail::histogram::Transforms<int, int, int>::ScaleTransform, cub::_V_300304_SM_860::detail::histogram::Transforms<int, int, int>::PassThruTransform, int>(T5, cuda::std::__4::array<int, T4>, cuda::std::__4::array<int, T4>, cuda::std::__4::array<T6 *, T4>, cuda::std::__4::array<T6 *, T4>, cuda::std::__4::array<T8, T4>, cuda::std::__4::array<T7, T4>, T9, T9, T9, int, cub::_V_300304_SM_860::GridQueue<int>)"
430738407,1536,1431,1,1,1,128,1,1,16,0.001,0.000,,,,,NVIDIA GeForce RTX 3080 (0),1,,13,"void raggedroute::benchmark::library_baseline::<unnamed>::block_scan_kernel<(int)128>(const int *, int *, int)"
430746055,7424,1442,1,1,1,256,1,1,128,0.034,0.000,,,,,NVIDIA GeForce RTX 3080 (0),1,,13,"void cub::_V_300304_SM_860::detail::radix_sort::DeviceRadixSortSingleTileKernel<cub::_V_300304_SM_860::detail::radix_sort::policy_selector_from_types<int, int, unsigned int>, (cub::_V_300304_SM_860::SortOrder)0, int, int, unsigned int, cub::_V_300304_SM_860::detail::identity_decomposer_t>(const T3 *, T3 *, const T4 *, T4 *, T5, int, int, T6)"
430755943,2880,1448,1,1,1,256,1,1,16,0.000,0.000,,,,,NVIDIA GeForce RTX 3080 (0),1,,13,"raggedroute::benchmark::library_baseline::<unnamed>::compute_expert_offsets(const int *, int, int, long long *)"
430761383,3264,1455,1024,1,1,256,1,1,18,0.000,0.000,,,,,NVIDIA GeForce RTX 3080 (0),1,,13,"void raggedroute::benchmark::library_baseline::<unnamed>::expand_rows<(bool)1>(const float *, float *, const int *, int *, int *, int, int, int)"
430767239,21567,1458,64,1,1,256,1,1,144,0.000,0.017,,,,,NVIDIA GeForce RTX 3080 (0),1,,13,"void cutlass::Kernel<cutlass::gemm::kernel::GemmGrouped<cutlass::gemm::threadblock::MmaPipelined<cutlass::gemm::GemmShape<(int)128, (int)128, (int)8>, cutlass::transform::threadblock::PredicatedTileIterator<cutlass::MatrixShape<(int)128, (int)8>, float, cutlass::layout::RowMajor, (int)1, cutlass::transform::PitchLinearStripminedThreadMap<cutlass::PitchLinearShape<(int)8, (int)128>, (int)256, (int)1>, (int)1, (bool)0, cutlass::layout::NoPermute>, cutlass::transform::threadblock::RegularTileIterator<cutlass::MatrixShape<(int)128, (int)8>, float, cutlass::layout::ColumnMajor, (int)1, cutlass::transform::TransposePitchLinearThreadMapSimt<cutlass::transform::PitchLinearStripminedThreadMap<cutlass::PitchLinearShape<(int)8, (int)128>, (int)256, (int)1>>, (int)4>, cutlass::transform::threadblock::PredicatedTileIterator<cutlass::MatrixShape<(int)8, (int)128>, float, cutlass::layout::RowMajor, (int)0, cutlass::transform::PitchLinearStripminedThreadMap<cutlass::PitchLinearShape<(int)128, (int)8>, (int)256, (int)1>, (int)1, (bool)0, cutlass::layout::NoPermute>, cutlass::transform::threadblock::RegularTileIterator<cutlass::MatrixShape<(int)8, (int)128>, float, cutlass::layout::RowMajor, (int)0, cutlass::transform::PitchLinearStripminedThreadMap<cutlass::PitchLinearShape<(int)128, (int)8>, (int)256, (int)1>, (int)4>, float, cutlass::layout::RowMajor, cutlass::gemm::threadblock::MmaPolicy<cutlass::gemm::warp::MmaSimt<cutlass::gemm::GemmShape<(int)32, (int)64, (int)8>, float, cutlass::layout::ColumnMajor, float, cutlass::layout::RowMajor, float, cutlass::layout::RowMajor, cutlass::gemm::warp::MmaSimtPolicy<cutlass::MatrixShape<(int)4, (int)8>, cutlass::layout::RowMajorInterleaved<(int)2>, cutlass::gemm::GemmShape<(int)4, (int)4, (int)1>>, (int)1, (cutlass::ComplexTransform)0, (cutlass::ComplexTransform)0, bool>, cutlass::MatrixShape<(int)4, (int)0>, cutlass::MatrixShape<(int)0, (int)0>, (int)1>, cutlass::NumericArrayConverter<float, float, (int)4, (cutlass::FloatRoundStyle)2, cutlass::transform::thread::UnaryTransform::Identity>, cutlass::NumericArrayConverter<float, float, (int)4, (cutlass::FloatRoundStyle)2, cutlass::transform::thread::UnaryTransform::Identity>, bool>, cutlass::epilogue::threadblock::Epilogue<cutlass::gemm::GemmShape<(int)128, (int)128, (int)8>, cutlass::gemm::warp::MmaSimt<cutlass::gemm::GemmShape<(int)32, (int)64, (int)8>, float, cutlass::layout::ColumnMajor, float, cutlass::layout::RowMajor, float, cutlass::layout::RowMajor, cutlass::gemm::warp::MmaSimtPolicy<cutlass::MatrixShape<(int)4, (int)8>, cutlass::layout::RowMajorInterleaved<(int)2>, cutlass::gemm::GemmShape<(int)4, (int)4, (int)1>>, (int)1, (cutlass::ComplexTransform)0, (cutlass::ComplexTransform)0, bool>, (int)1, cutlass::epilogue::threadblock::PredicatedTileIterator<cutlass::epilogue::threadblock::OutputTileOptimalThreadMap<cutlass::epilogue::threadblock::OutputTileShape<(int)128, (int)1, (int)4, (int)4, (int)1>, cutlass::epilogue::threadblock::OutputTileShape<(int)1, (int)4, (int)2, (int)1, (int)8>, (int)256, (int)1, (int)32>, float, (bool)0, cutlass::layout::NoPermute, (bool)0>, cutlass::epilogue::warp::FragmentIteratorSimt<cutlass::gemm::GemmShape<(int)32, (int)64, (int)8>, cutlass::gemm::thread::Mma<cutlass::gemm::GemmShape<(int)8, (int)8, (int)1>, float, cutlass::layout::ColumnMajor, float, cutlass::layout::RowMajor, float, cutlass::layout::RowMajor, cutlass::arch::OpMultiplyAdd, bool>, cutlass::layout::RowMajor, cutlass::gemm::warp::MmaSimtPolicy<cutlass::MatrixShape<(int)4, (int)8>, cutlass::layout::RowMajorInterleaved<(int)2>, cutlass::gemm::GemmShape<(int)4, (int)4, (int)1>>>, cutlass::epilogue::warp::TileIteratorSimt<cutlass::gemm::GemmShape<(int)32, (int)64, (int)8>, cutlass::gemm::thread::Mma<cutlass::gemm::GemmShape<(int)8, (int)8, (int)1>, float, cutlass::layout::ColumnMajor, float, cutlass::layout::RowMajor, float, cutlass::layout::RowMajor, cutlass::arch::OpMultiplyAdd, bool>, float, cutlass::layout::RowMajor, cutlass::gemm::warp::MmaSimtPolicy<cutlass::MatrixShape<(int)4, (int)8>, cutlass::layout::RowMajorInterleaved<(int)2>, cutlass::gemm::GemmShape<(int)4, (int)4, (int)1>>>, cutlass::epilogue::threadblock::SharedLoadIterator<cutlass::epilogue::threadblock::OutputTileOptimalThreadMap<cutlass::epilogue::threadblock::OutputTileShape<(int)128, (int)1, (int)4, (int)4, (int)1>, cutlass::epilogue::threadblock::OutputTileShape<(int)1, (int)4, (int)2, (int)1, (int)8>, (int)256, (int)1, (int)32>::CompactedThreadMap, float, (int)4>, cutlass::epilogue::thread::LinearCombination<float, (int)1, float, float, (cutlass::epilogue::thread::ScaleType::Kind)0, (cutlass::FloatRoundStyle)2, float>, cutlass::MatrixShape<(int)0, (int)17>, (int)1, (int)1>, cutlass::gemm::threadblock::GemmBatchedIdentityThreadblockSwizzle, (cutlass::gemm::kernel::GroupScheduleMode)0, (bool)0>>(T1::Params)"
430796326,2848,1461,512,1,1,256,1,1,40,0.000,0.000,,,,,NVIDIA GeForce RTX 3080 (0),1,,13,"void raggedroute::benchmark::library_baseline::<unnamed>::finalize_routing<(bool)1>(const float *, float *, const float *, const int *, int, int, int)"
430802822,6688,1467,2,16,1,128,1,1,86,0.033,0.000,,,,,NVIDIA GeForce RTX 3080 (0),1,,13,ampere_sgemm_32x32_sliced1x4_nn
430812070,11104,1470,512,1,1,32,1,1,32,0.001,0.000,,,,,NVIDIA GeForce RTX 3080 (0),1,,13,"raggedroute::benchmark::library_baseline::<unnamed>::cub_block_radix_top2_kernel(const float *, int *, float *, int, int)"
430827973,1152,1484,1,1,1,256,1,1,16,0.000,0.000,,,,,NVIDIA GeForce RTX 3080 (0),1,,13,"void cub::_V_300304_SM_860::detail::histogram::DeviceHistogramInitKernel<cub::_V_300304_SM_860::detail::histogram::policy_hub<int, int, (int)1, (int)1, (bool)1>::Policy1000, (int)1, int, int>(cuda::std::__4::array<int, T2>, cuda::std::__4::array<T3 *, T2>, cub::_V_300304_SM_860::GridQueue<int>)"
430833157,5408,1487,1,1,1,384,1,1,54,0.001,0.000,,,,,NVIDIA GeForce RTX 3080 (0),1,,13,"void cub::_V_300304_SM_860::detail::histogram::DeviceHistogramSweepKernel<cub::_V_300304_SM_860::detail::histogram::policy_hub<int, int, (int)1, (int)1, (bool)1>::Policy1000, (int)256, (int)1, (int)1, const int *, int, cub::_V_300304_SM_860::detail::histogram::Transforms<int, int, int>::ScaleTransform, cub::_V_300304_SM_860::detail::histogram::Transforms<int, int, int>::PassThruTransform, int>(T5, cuda::std::__4::array<int, T4>, cuda::std::__4::array<int, T4>, cuda::std::__4::array<T6 *, T4>, cuda::std::__4::array<T6 *, T4>, cuda::std::__4::array<T8, T4>, cuda::std::__4::array<T7, T4>, T9, T9, T9, int, cub::_V_300304_SM_860::GridQueue<int>)"
430841125,1504,1494,1,1,1,128,1,1,16,0.001,0.000,,,,,NVIDIA GeForce RTX 3080 (0),1,,13,"void raggedroute::benchmark::library_baseline::<unnamed>::block_scan_kernel<(int)128>(const int *, int *, int)"
430845157,7392,1505,1,1,1,256,1,1,128,0.034,0.000,,,,,NVIDIA GeForce RTX 3080 (0),1,,13,"void cub::_V_300304_SM_860::detail::radix_sort::DeviceRadixSortSingleTileKernel<cub::_V_300304_SM_860::detail::radix_sort::policy_selector_from_types<int, int, unsigned int>, (cub::_V_300304_SM_860::SortOrder)0, int, int, unsigned int, cub::_V_300304_SM_860::detail::identity_decomposer_t>(const T3 *, T3 *, const T4 *, T4 *, T5, int, int, T6)"
430855077,2880,1511,1,1,1,256,1,1,16,0.000,0.000,,,,,NVIDIA GeForce RTX 3080 (0),1,,13,"raggedroute::benchmark::library_baseline::<unnamed>::compute_expert_offsets(const int *, int, int, long long *)"
430860549,3232,1518,1024,1,1,256,1,1,18,0.000,0.000,,,,,NVIDIA GeForce RTX 3080 (0),1,,13,"void raggedroute::benchmark::library_baseline::<unnamed>::expand_rows<(bool)1>(const float *, float *, const int *, int *, int *, int, int, int)"
430866437,21599,1521,64,1,1,256,1,1,144,0.000,0.017,,,,,NVIDIA GeForce RTX 3080 (0),1,,13,"void cutlass::Kernel<cutlass::gemm::kernel::GemmGrouped<cutlass::gemm::threadblock::MmaPipelined<cutlass::gemm::GemmShape<(int)128, (int)128, (int)8>, cutlass::transform::threadblock::PredicatedTileIterator<cutlass::MatrixShape<(int)128, (int)8>, float, cutlass::layout::RowMajor, (int)1, cutlass::transform::PitchLinearStripminedThreadMap<cutlass::PitchLinearShape<(int)8, (int)128>, (int)256, (int)1>, (int)1, (bool)0, cutlass::layout::NoPermute>, cutlass::transform::threadblock::RegularTileIterator<cutlass::MatrixShape<(int)128, (int)8>, float, cutlass::layout::ColumnMajor, (int)1, cutlass::transform::TransposePitchLinearThreadMapSimt<cutlass::transform::PitchLinearStripminedThreadMap<cutlass::PitchLinearShape<(int)8, (int)128>, (int)256, (int)1>>, (int)4>, cutlass::transform::threadblock::PredicatedTileIterator<cutlass::MatrixShape<(int)8, (int)128>, float, cutlass::layout::RowMajor, (int)0, cutlass::transform::PitchLinearStripminedThreadMap<cutlass::PitchLinearShape<(int)128, (int)8>, (int)256, (int)1>, (int)1, (bool)0, cutlass::layout::NoPermute>, cutlass::transform::threadblock::RegularTileIterator<cutlass::MatrixShape<(int)8, (int)128>, float, cutlass::layout::RowMajor, (int)0, cutlass::transform::PitchLinearStripminedThreadMap<cutlass::PitchLinearShape<(int)128, (int)8>, (int)256, (int)1>, (int)4>, float, cutlass::layout::RowMajor, cutlass::gemm::threadblock::MmaPolicy<cutlass::gemm::warp::MmaSimt<cutlass::gemm::GemmShape<(int)32, (int)64, (int)8>, float, cutlass::layout::ColumnMajor, float, cutlass::layout::RowMajor, float, cutlass::layout::RowMajor, cutlass::gemm::warp::MmaSimtPolicy<cutlass::MatrixShape<(int)4, (int)8>, cutlass::layout::RowMajorInterleaved<(int)2>, cutlass::gemm::GemmShape<(int)4, (int)4, (int)1>>, (int)1, (cutlass::ComplexTransform)0, (cutlass::ComplexTransform)0, bool>, cutlass::MatrixShape<(int)4, (int)0>, cutlass::MatrixShape<(int)0, (int)0>, (int)1>, cutlass::NumericArrayConverter<float, float, (int)4, (cutlass::FloatRoundStyle)2, cutlass::transform::thread::UnaryTransform::Identity>, cutlass::NumericArrayConverter<float, float, (int)4, (cutlass::FloatRoundStyle)2, cutlass::transform::thread::UnaryTransform::Identity>, bool>, cutlass::epilogue::threadblock::Epilogue<cutlass::gemm::GemmShape<(int)128, (int)128, (int)8>, cutlass::gemm::warp::MmaSimt<cutlass::gemm::GemmShape<(int)32, (int)64, (int)8>, float, cutlass::layout::ColumnMajor, float, cutlass::layout::RowMajor, float, cutlass::layout::RowMajor, cutlass::gemm::warp::MmaSimtPolicy<cutlass::MatrixShape<(int)4, (int)8>, cutlass::layout::RowMajorInterleaved<(int)2>, cutlass::gemm::GemmShape<(int)4, (int)4, (int)1>>, (int)1, (cutlass::ComplexTransform)0, (cutlass::ComplexTransform)0, bool>, (int)1, cutlass::epilogue::threadblock::PredicatedTileIterator<cutlass::epilogue::threadblock::OutputTileOptimalThreadMap<cutlass::epilogue::threadblock::OutputTileShape<(int)128, (int)1, (int)4, (int)4, (int)1>, cutlass::epilogue::threadblock::OutputTileShape<(int)1, (int)4, (int)2, (int)1, (int)8>, (int)256, (int)1, (int)32>, float, (bool)0, cutlass::layout::NoPermute, (bool)0>, cutlass::epilogue::warp::FragmentIteratorSimt<cutlass::gemm::GemmShape<(int)32, (int)64, (int)8>, cutlass::gemm::thread::Mma<cutlass::gemm::GemmShape<(int)8, (int)8, (int)1>, float, cutlass::layout::ColumnMajor, float, cutlass::layout::RowMajor, float, cutlass::layout::RowMajor, cutlass::arch::OpMultiplyAdd, bool>, cutlass::layout::RowMajor, cutlass::gemm::warp::MmaSimtPolicy<cutlass::MatrixShape<(int)4, (int)8>, cutlass::layout::RowMajorInterleaved<(int)2>, cutlass::gemm::GemmShape<(int)4, (int)4, (int)1>>>, cutlass::epilogue::warp::TileIteratorSimt<cutlass::gemm::GemmShape<(int)32, (int)64, (int)8>, cutlass::gemm::thread::Mma<cutlass::gemm::GemmShape<(int)8, (int)8, (int)1>, float, cutlass::layout::ColumnMajor, float, cutlass::layout::RowMajor, float, cutlass::layout::RowMajor, cutlass::arch::OpMultiplyAdd, bool>, float, cutlass::layout::RowMajor, cutlass::gemm::warp::MmaSimtPolicy<cutlass::MatrixShape<(int)4, (int)8>, cutlass::layout::RowMajorInterleaved<(int)2>, cutlass::gemm::GemmShape<(int)4, (int)4, (int)1>>>, cutlass::epilogue::threadblock::SharedLoadIterator<cutlass::epilogue::threadblock::OutputTileOptimalThreadMap<cutlass::epilogue::threadblock::OutputTileShape<(int)128, (int)1, (int)4, (int)4, (int)1>, cutlass::epilogue::threadblock::OutputTileShape<(int)1, (int)4, (int)2, (int)1, (int)8>, (int)256, (int)1, (int)32>::CompactedThreadMap, float, (int)4>, cutlass::epilogue::thread::LinearCombination<float, (int)1, float, float, (cutlass::epilogue::thread::ScaleType::Kind)0, (cutlass::FloatRoundStyle)2, float>, cutlass::MatrixShape<(int)0, (int)17>, (int)1, (int)1>, cutlass::gemm::threadblock::GemmBatchedIdentityThreadblockSwizzle, (cutlass::gemm::kernel::GroupScheduleMode)0, (bool)0>>(T1::Params)"
430890820,2784,1524,512,1,1,256,1,1,40,0.000,0.000,,,,,NVIDIA GeForce RTX 3080 (0),1,,13,"void raggedroute::benchmark::library_baseline::<unnamed>::finalize_routing<(bool)1>(const float *, float *, const float *, const int *, int, int, int)"
430896228,6592,1530,2,16,1,128,1,1,86,0.033,0.000,,,,,NVIDIA GeForce RTX 3080 (0),1,,13,ampere_sgemm_32x32_sliced1x4_nn
430906692,11071,1533,512,1,1,32,1,1,32,0.001,0.000,,,,,NVIDIA GeForce RTX 3080 (0),1,,13,"raggedroute::benchmark::library_baseline::<unnamed>::cub_block_radix_top2_kernel(const float *, int *, float *, int, int)"
430920323,1152,1547,1,1,1,256,1,1,16,0.000,0.000,,,,,NVIDIA GeForce RTX 3080 (0),1,,13,"void cub::_V_300304_SM_860::detail::histogram::DeviceHistogramInitKernel<cub::_V_300304_SM_860::detail::histogram::policy_hub<int, int, (int)1, (int)1, (bool)1>::Policy1000, (int)1, int, int>(cuda::std::__4::array<int, T2>, cuda::std::__4::array<T3 *, T2>, cub::_V_300304_SM_860::GridQueue<int>)"
430981154,5440,1550,1,1,1,384,1,1,54,0.001,0.000,,,,,NVIDIA GeForce RTX 3080 (0),1,,13,"void cub::_V_300304_SM_860::detail::histogram::DeviceHistogramSweepKernel<cub::_V_300304_SM_860::detail::histogram::policy_hub<int, int, (int)1, (int)1, (bool)1>::Policy1000, (int)256, (int)1, (int)1, const int *, int, cub::_V_300304_SM_860::detail::histogram::Transforms<int, int, int>::ScaleTransform, cub::_V_300304_SM_860::detail::histogram::Transforms<int, int, int>::PassThruTransform, int>(T5, cuda::std::__4::array<int, T4>, cuda::std::__4::array<int, T4>, cuda::std::__4::array<T6 *, T4>, cuda::std::__4::array<T6 *, T4>, cuda::std::__4::array<T8, T4>, cuda::std::__4::array<T7, T4>, T9, T9, T9, int, cub::_V_300304_SM_860::GridQueue<int>)"
430991714,1504,1557,1,1,1,128,1,1,16,0.001,0.000,,,,,NVIDIA GeForce RTX 3080 (0),1,,13,"void raggedroute::benchmark::library_baseline::<unnamed>::block_scan_kernel<(int)128>(const int *, int *, int)"
430996034,7423,1568,1,1,1,256,1,1,128,0.034,0.000,,,,,NVIDIA GeForce RTX 3080 (0),1,,13,"void cub::_V_300304_SM_860::detail::radix_sort::DeviceRadixSortSingleTileKernel<cub::_V_300304_SM_860::detail::radix_sort::policy_selector_from_types<int, int, unsigned int>, (cub::_V_300304_SM_860::SortOrder)0, int, int, unsigned int, cub::_V_300304_SM_860::detail::identity_decomposer_t>(const T3 *, T3 *, const T4 *, T4 *, T5, int, int, T6)"
431006209,2880,1574,1,1,1,256,1,1,16,0.000,0.000,,,,,NVIDIA GeForce RTX 3080 (0),1,,13,"raggedroute::benchmark::library_baseline::<unnamed>::compute_expert_offsets(const int *, int, int, long long *)"
431011777,3200,1581,1024,1,1,256,1,1,18,0.000,0.000,,,,,NVIDIA GeForce RTX 3080 (0),1,,13,"void raggedroute::benchmark::library_baseline::<unnamed>::expand_rows<(bool)1>(const float *, float *, const int *, int *, int *, int, int, int)"
431017569,21728,1584,64,1,1,256,1,1,144,0.000,0.017,,,,,NVIDIA GeForce RTX 3080 (0),1,,13,"void cutlass::Kernel<cutlass::gemm::kernel::GemmGrouped<cutlass::gemm::threadblock::MmaPipelined<cutlass::gemm::GemmShape<(int)128, (int)128, (int)8>, cutlass::transform::threadblock::PredicatedTileIterator<cutlass::MatrixShape<(int)128, (int)8>, float, cutlass::layout::RowMajor, (int)1, cutlass::transform::PitchLinearStripminedThreadMap<cutlass::PitchLinearShape<(int)8, (int)128>, (int)256, (int)1>, (int)1, (bool)0, cutlass::layout::NoPermute>, cutlass::transform::threadblock::RegularTileIterator<cutlass::MatrixShape<(int)128, (int)8>, float, cutlass::layout::ColumnMajor, (int)1, cutlass::transform::TransposePitchLinearThreadMapSimt<cutlass::transform::PitchLinearStripminedThreadMap<cutlass::PitchLinearShape<(int)8, (int)128>, (int)256, (int)1>>, (int)4>, cutlass::transform::threadblock::PredicatedTileIterator<cutlass::MatrixShape<(int)8, (int)128>, float, cutlass::layout::RowMajor, (int)0, cutlass::transform::PitchLinearStripminedThreadMap<cutlass::PitchLinearShape<(int)128, (int)8>, (int)256, (int)1>, (int)1, (bool)0, cutlass::layout::NoPermute>, cutlass::transform::threadblock::RegularTileIterator<cutlass::MatrixShape<(int)8, (int)128>, float, cutlass::layout::RowMajor, (int)0, cutlass::transform::PitchLinearStripminedThreadMap<cutlass::PitchLinearShape<(int)128, (int)8>, (int)256, (int)1>, (int)4>, float, cutlass::layout::RowMajor, cutlass::gemm::threadblock::MmaPolicy<cutlass::gemm::warp::MmaSimt<cutlass::gemm::GemmShape<(int)32, (int)64, (int)8>, float, cutlass::layout::ColumnMajor, float, cutlass::layout::RowMajor, float, cutlass::layout::RowMajor, cutlass::gemm::warp::MmaSimtPolicy<cutlass::MatrixShape<(int)4, (int)8>, cutlass::layout::RowMajorInterleaved<(int)2>, cutlass::gemm::GemmShape<(int)4, (int)4, (int)1>>, (int)1, (cutlass::ComplexTransform)0, (cutlass::ComplexTransform)0, bool>, cutlass::MatrixShape<(int)4, (int)0>, cutlass::MatrixShape<(int)0, (int)0>, (int)1>, cutlass::NumericArrayConverter<float, float, (int)4, (cutlass::FloatRoundStyle)2, cutlass::transform::thread::UnaryTransform::Identity>, cutlass::NumericArrayConverter<float, float, (int)4, (cutlass::FloatRoundStyle)2, cutlass::transform::thread::UnaryTransform::Identity>, bool>, cutlass::epilogue::threadblock::Epilogue<cutlass::gemm::GemmShape<(int)128, (int)128, (int)8>, cutlass::gemm::warp::MmaSimt<cutlass::gemm::GemmShape<(int)32, (int)64, (int)8>, float, cutlass::layout::ColumnMajor, float, cutlass::layout::RowMajor, float, cutlass::layout::RowMajor, cutlass::gemm::warp::MmaSimtPolicy<cutlass::MatrixShape<(int)4, (int)8>, cutlass::layout::RowMajorInterleaved<(int)2>, cutlass::gemm::GemmShape<(int)4, (int)4, (int)1>>, (int)1, (cutlass::ComplexTransform)0, (cutlass::ComplexTransform)0, bool>, (int)1, cutlass::epilogue::threadblock::PredicatedTileIterator<cutlass::epilogue::threadblock::OutputTileOptimalThreadMap<cutlass::epilogue::threadblock::OutputTileShape<(int)128, (int)1, (int)4, (int)4, (int)1>, cutlass::epilogue::threadblock::OutputTileShape<(int)1, (int)4, (int)2, (int)1, (int)8>, (int)256, (int)1, (int)32>, float, (bool)0, cutlass::layout::NoPermute, (bool)0>, cutlass::epilogue::warp::FragmentIteratorSimt<cutlass::gemm::GemmShape<(int)32, (int)64, (int)8>, cutlass::gemm::thread::Mma<cutlass::gemm::GemmShape<(int)8, (int)8, (int)1>, float, cutlass::layout::ColumnMajor, float, cutlass::layout::RowMajor, float, cutlass::layout::RowMajor, cutlass::arch::OpMultiplyAdd, bool>, cutlass::layout::RowMajor, cutlass::gemm::warp::MmaSimtPolicy<cutlass::MatrixShape<(int)4, (int)8>, cutlass::layout::RowMajorInterleaved<(int)2>, cutlass::gemm::GemmShape<(int)4, (int)4, (int)1>>>, cutlass::epilogue::warp::TileIteratorSimt<cutlass::gemm::GemmShape<(int)32, (int)64, (int)8>, cutlass::gemm::thread::Mma<cutlass::gemm::GemmShape<(int)8, (int)8, (int)1>, float, cutlass::layout::ColumnMajor, float, cutlass::layout::RowMajor, float, cutlass::layout::RowMajor, cutlass::arch::OpMultiplyAdd, bool>, float, cutlass::layout::RowMajor, cutlass::gemm::warp::MmaSimtPolicy<cutlass::MatrixShape<(int)4, (int)8>, cutlass::layout::RowMajorInterleaved<(int)2>, cutlass::gemm::GemmShape<(int)4, (int)4, (int)1>>>, cutlass::epilogue::threadblock::SharedLoadIterator<cutlass::epilogue::threadblock::OutputTileOptimalThreadMap<cutlass::epilogue::threadblock::OutputTileShape<(int)128, (int)1, (int)4, (int)4, (int)1>, cutlass::epilogue::threadblock::OutputTileShape<(int)1, (int)4, (int)2, (int)1, (int)8>, (int)256, (int)1, (int)32>::CompactedThreadMap, float, (int)4>, cutlass::epilogue::thread::LinearCombination<float, (int)1, float, float, (cutlass::epilogue::thread::ScaleType::Kind)0, (cutlass::FloatRoundStyle)2, float>, cutlass::MatrixShape<(int)0, (int)17>, (int)1, (int)1>, cutlass::gemm::threadblock::GemmBatchedIdentityThreadblockSwizzle, (cutlass::gemm::kernel::GroupScheduleMode)0, (bool)0>>(T1::Params)"
431043424,2752,1587,512,1,1,256,1,1,40,0.000,0.000,,,,,NVIDIA GeForce RTX 3080 (0),1,,13,"void raggedroute::benchmark::library_baseline::<unnamed>::finalize_routing<(bool)1>(const float *, float *, const float *, const int *, int, int, int)"
431089695,6528,1595,2,16,1,128,1,1,86,0.033,0.000,,,,,NVIDIA GeForce RTX 3080 (0),1,,13,ampere_sgemm_32x32_sliced1x4_nn
431098815,11104,1598,512,1,1,32,1,1,32,0.001,0.000,,,,,NVIDIA GeForce RTX 3080 (0),1,,13,"raggedroute::benchmark::library_baseline::<unnamed>::cub_block_radix_top2_kernel(const float *, int *, float *, int, int)"
431113631,1152,1612,1,1,1,256,1,1,16,0.000,0.000,,,,,NVIDIA GeForce RTX 3080 (0),1,,13,"void cub::_V_300304_SM_860::detail::histogram::DeviceHistogramInitKernel<cub::_V_300304_SM_860::detail::histogram::policy_hub<int, int, (int)1, (int)1, (bool)1>::Policy1000, (int)1, int, int>(cuda::std::__4::array<int, T2>, cuda::std::__4::array<T3 *, T2>, cub::_V_300304_SM_860::GridQueue<int>)"
431118463,5408,1615,1,1,1,384,1,1,54,0.001,0.000,,,,,NVIDIA GeForce RTX 3080 (0),1,,13,"void cub::_V_300304_SM_860::detail::histogram::DeviceHistogramSweepKernel<cub::_V_300304_SM_860::detail::histogram::policy_hub<int, int, (int)1, (int)1, (bool)1>::Policy1000, (int)256, (int)1, (int)1, const int *, int, cub::_V_300304_SM_860::detail::histogram::Transforms<int, int, int>::ScaleTransform, cub::_V_300304_SM_860::detail::histogram::Transforms<int, int, int>::PassThruTransform, int>(T5, cuda::std::__4::array<int, T4>, cuda::std::__4::array<int, T4>, cuda::std::__4::array<T6 *, T4>, cuda::std::__4::array<T6 *, T4>, cuda::std::__4::array<T8, T4>, cuda::std::__4::array<T7, T4>, T9, T9, T9, int, cub::_V_300304_SM_860::GridQueue<int>)"
431127455,1503,1622,1,1,1,128,1,1,16,0.001,0.000,,,,,NVIDIA GeForce RTX 3080 (0),1,,13,"void raggedroute::benchmark::library_baseline::<unnamed>::block_scan_kernel<(int)128>(const int *, int *, int)"
431131582,7424,1633,1,1,1,256,1,1,128,0.034,0.000,,,,,NVIDIA GeForce RTX 3080 (0),1,,13,"void cub::_V_300304_SM_860::detail::radix_sort::DeviceRadixSortSingleTileKernel<cub::_V_300304_SM_860::detail::radix_sort::policy_selector_from_types<int, int, unsigned int>, (cub::_V_300304_SM_860::SortOrder)0, int, int, unsigned int, cub::_V_300304_SM_860::detail::identity_decomposer_t>(const T3 *, T3 *, const T4 *, T4 *, T5, int, int, T6)"
431141534,2880,1639,1,1,1,256,1,1,16,0.000,0.000,,,,,NVIDIA GeForce RTX 3080 (0),1,,13,"raggedroute::benchmark::library_baseline::<unnamed>::compute_expert_offsets(const int *, int, int, long long *)"
431147230,3232,1646,1024,1,1,256,1,1,18,0.000,0.000,,,,,NVIDIA GeForce RTX 3080 (0),1,,13,"void raggedroute::benchmark::library_baseline::<unnamed>::expand_rows<(bool)1>(const float *, float *, const int *, int *, int *, int, int, int)"
431153086,21599,1649,64,1,1,256,1,1,144,0.000,0.017,,,,,NVIDIA GeForce RTX 3080 (0),1,,13,"void cutlass::Kernel<cutlass::gemm::kernel::GemmGrouped<cutlass::gemm::threadblock::MmaPipelined<cutlass::gemm::GemmShape<(int)128, (int)128, (int)8>, cutlass::transform::threadblock::PredicatedTileIterator<cutlass::MatrixShape<(int)128, (int)8>, float, cutlass::layout::RowMajor, (int)1, cutlass::transform::PitchLinearStripminedThreadMap<cutlass::PitchLinearShape<(int)8, (int)128>, (int)256, (int)1>, (int)1, (bool)0, cutlass::layout::NoPermute>, cutlass::transform::threadblock::RegularTileIterator<cutlass::MatrixShape<(int)128, (int)8>, float, cutlass::layout::ColumnMajor, (int)1, cutlass::transform::TransposePitchLinearThreadMapSimt<cutlass::transform::PitchLinearStripminedThreadMap<cutlass::PitchLinearShape<(int)8, (int)128>, (int)256, (int)1>>, (int)4>, cutlass::transform::threadblock::PredicatedTileIterator<cutlass::MatrixShape<(int)8, (int)128>, float, cutlass::layout::RowMajor, (int)0, cutlass::transform::PitchLinearStripminedThreadMap<cutlass::PitchLinearShape<(int)128, (int)8>, (int)256, (int)1>, (int)1, (bool)0, cutlass::layout::NoPermute>, cutlass::transform::threadblock::RegularTileIterator<cutlass::MatrixShape<(int)8, (int)128>, float, cutlass::layout::RowMajor, (int)0, cutlass::transform::PitchLinearStripminedThreadMap<cutlass::PitchLinearShape<(int)128, (int)8>, (int)256, (int)1>, (int)4>, float, cutlass::layout::RowMajor, cutlass::gemm::threadblock::MmaPolicy<cutlass::gemm::warp::MmaSimt<cutlass::gemm::GemmShape<(int)32, (int)64, (int)8>, float, cutlass::layout::ColumnMajor, float, cutlass::layout::RowMajor, float, cutlass::layout::RowMajor, cutlass::gemm::warp::MmaSimtPolicy<cutlass::MatrixShape<(int)4, (int)8>, cutlass::layout::RowMajorInterleaved<(int)2>, cutlass::gemm::GemmShape<(int)4, (int)4, (int)1>>, (int)1, (cutlass::ComplexTransform)0, (cutlass::ComplexTransform)0, bool>, cutlass::MatrixShape<(int)4, (int)0>, cutlass::MatrixShape<(int)0, (int)0>, (int)1>, cutlass::NumericArrayConverter<float, float, (int)4, (cutlass::FloatRoundStyle)2, cutlass::transform::thread::UnaryTransform::Identity>, cutlass::NumericArrayConverter<float, float, (int)4, (cutlass::FloatRoundStyle)2, cutlass::transform::thread::UnaryTransform::Identity>, bool>, cutlass::epilogue::threadblock::Epilogue<cutlass::gemm::GemmShape<(int)128, (int)128, (int)8>, cutlass::gemm::warp::MmaSimt<cutlass::gemm::GemmShape<(int)32, (int)64, (int)8>, float, cutlass::layout::ColumnMajor, float, cutlass::layout::RowMajor, float, cutlass::layout::RowMajor, cutlass::gemm::warp::MmaSimtPolicy<cutlass::MatrixShape<(int)4, (int)8>, cutlass::layout::RowMajorInterleaved<(int)2>, cutlass::gemm::GemmShape<(int)4, (int)4, (int)1>>, (int)1, (cutlass::ComplexTransform)0, (cutlass::ComplexTransform)0, bool>, (int)1, cutlass::epilogue::threadblock::PredicatedTileIterator<cutlass::epilogue::threadblock::OutputTileOptimalThreadMap<cutlass::epilogue::threadblock::OutputTileShape<(int)128, (int)1, (int)4, (int)4, (int)1>, cutlass::epilogue::threadblock::OutputTileShape<(int)1, (int)4, (int)2, (int)1, (int)8>, (int)256, (int)1, (int)32>, float, (bool)0, cutlass::layout::NoPermute, (bool)0>, cutlass::epilogue::warp::FragmentIteratorSimt<cutlass::gemm::GemmShape<(int)32, (int)64, (int)8>, cutlass::gemm::thread::Mma<cutlass::gemm::GemmShape<(int)8, (int)8, (int)1>, float, cutlass::layout::ColumnMajor, float, cutlass::layout::RowMajor, float, cutlass::layout::RowMajor, cutlass::arch::OpMultiplyAdd, bool>, cutlass::layout::RowMajor, cutlass::gemm::warp::MmaSimtPolicy<cutlass::MatrixShape<(int)4, (int)8>, cutlass::layout::RowMajorInterleaved<(int)2>, cutlass::gemm::GemmShape<(int)4, (int)4, (int)1>>>, cutlass::epilogue::warp::TileIteratorSimt<cutlass::gemm::GemmShape<(int)32, (int)64, (int)8>, cutlass::gemm::thread::Mma<cutlass::gemm::GemmShape<(int)8, (int)8, (int)1>, float, cutlass::layout::ColumnMajor, float, cutlass::layout::RowMajor, float, cutlass::layout::RowMajor, cutlass::arch::OpMultiplyAdd, bool>, float, cutlass::layout::RowMajor, cutlass::gemm::warp::MmaSimtPolicy<cutlass::MatrixShape<(int)4, (int)8>, cutlass::layout::RowMajorInterleaved<(int)2>, cutlass::gemm::GemmShape<(int)4, (int)4, (int)1>>>, cutlass::epilogue::threadblock::SharedLoadIterator<cutlass::epilogue::threadblock::OutputTileOptimalThreadMap<cutlass::epilogue::threadblock::OutputTileShape<(int)128, (int)1, (int)4, (int)4, (int)1>, cutlass::epilogue::threadblock::OutputTileShape<(int)1, (int)4, (int)2, (int)1, (int)8>, (int)256, (int)1, (int)32>::CompactedThreadMap, float, (int)4>, cutlass::epilogue::thread::LinearCombination<float, (int)1, float, float, (cutlass::epilogue::thread::ScaleType::Kind)0, (cutlass::FloatRoundStyle)2, float>, cutlass::MatrixShape<(int)0, (int)17>, (int)1, (int)1>, cutlass::gemm::threadblock::GemmBatchedIdentityThreadblockSwizzle, (cutlass::gemm::kernel::GroupScheduleMode)0, (bool)0>>(T1::Params)"
431177341,2784,1652,512,1,1,256,1,1,40,0.000,0.000,,,,,NVIDIA GeForce RTX 3080 (0),1,,13,"void raggedroute::benchmark::library_baseline::<unnamed>::finalize_routing<(bool)1>(const float *, float *, const float *, const int *, int, int, int)"
431221660,2592,1655,,,,,,,,,,0.004,1580.245,Device,Pageable,NVIDIA GeForce RTX 3080 (0),1,,13,[CUDA memcpy Device-to-Host]
431257500,2335,1657,,,,,,,,,,0.000,109.636,Device,Pageable,NVIDIA GeForce RTX 3080 (0),1,,13,[CUDA memcpy Device-to-Host]
431272827,2336,1659,,,,,,,,,,0.000,111.301,Device,Pageable,NVIDIA GeForce RTX 3080 (0),1,,13,[CUDA memcpy Device-to-Host]
431288923,2080,1661,,,,,,,,,,0.004,1969.230,Device,Pageable,NVIDIA GeForce RTX 3080 (0),1,,13,[CUDA memcpy Device-to-Host]
431380729,313880,1663,,,,,,,,,,0.262,834.929,Device,Pageable,NVIDIA GeForce RTX 3080 (0),1,,13,[CUDA memcpy Device-to-Host]
