run_id,case_id,operator,variant,measurement_level,cache_mode,process_runs,records,raw_samples,median_of_process_medians_us,all_samples_p50_us,all_samples_p95_us,all_samples_mean_us,all_samples_stddev_us,all_samples_cv,promotion_baseline
20260803T181855Z-86cfbe2a805d-rtx3080_topk_gate_release_v2,topk_gate.release.align4_t2048_e64,topk_gate,cub_block_radix_top2,L1_kernel_body,warm,5,5,150,39.1475200653,39.4239997864,86.54079961773999,46.95033179918867,16.818316643861507,0.3582150753650721,False
20260803T181855Z-86cfbe2a805d-rtx3080_topk_gate_release_v2,topk_gate.release.align4_t2048_e64,topk_gate,cuda_local_pair_two_reduce_top2_v4,L1_kernel_body,warm,5,5,150,9.41568017006,9.44128006697,11.89273595809,9.7243136207274,1.0325354970976242,0.10618081001591434,False
20260803T181855Z-86cfbe2a805d-rtx3080_topk_gate_release_v2,topk_gate.release.align4_t2048_e64,topk_gate,cuda_naive,L1_kernel_body,warm,5,5,150,14.7456002235,14.7660803795,19.701248109304984,15.402598365148,2.912642865657553,0.1891007475886726,True
20260803T181855Z-86cfbe2a805d-rtx3080_topk_gate_release_v2,topk_gate.release.align4_t2048_e64,topk_gate,cuda_subwarp_pair_top2_v2,L1_kernel_body,warm,5,5,150,9.43616002798,9.323520064355,10.958847999545,9.458278421561001,0.740302032198264,0.0782702727919997,False
20260803T181855Z-86cfbe2a805d-rtx3080_topk_gate_release_v2,topk_gate.release.align4_t2048_e64,topk_gate,cuda_vector_pair_top2_v3,L1_kernel_body,warm,5,5,150,9.22623991966,9.44639980793,34.6634232998,14.1202773173684,9.653962837170907,0.6836949884331393,False
20260803T181855Z-86cfbe2a805d-rtx3080_topk_gate_release_v2,topk_gate.release.align4_t2048_e64,topk_gate,cuda_warp_pair_top2_v1,L1_kernel_body,warm,5,5,150,9.2774400115,9.410560131075,22.171647548644998,11.7310805161794,4.788432275901246,0.40818339532296993,False
20260803T181855Z-86cfbe2a805d-rtx3080_topk_gate_release_v2,topk_gate.release.cold_t2048_e64,topk_gate,cuda_local_pair_two_reduce_top2_v4,L1_kernel_body,cold_scrub,5,5,150,8.4838399291,8.494080007075,9.222655892370499,8.506436276436068,0.4560124360981095,0.053607929487619055,False
20260803T181855Z-86cfbe2a805d-rtx3080_topk_gate_release_v2,topk_gate.release.cold_t2048_e64,topk_gate,cuda_local_pair_two_reduce_top2_v4,L2_operator_steady,cold_scrub,5,5,150,8.57087999582,8.545280098915,32.5688320398,13.145156252383133,9.643515567960112,0.7336174163933429,False
20260803T181855Z-86cfbe2a805d-rtx3080_topk_gate_release_v2,topk_gate.release.cold_t2048_e64,topk_gate,cuda_naive,L1_kernel_body,cold_scrub,5,5,150,17.4847996235,15.95392048355,65.82630324364,25.001779111226668,19.00251145606861,0.7600463699615609,True
20260803T181855Z-86cfbe2a805d-rtx3080_topk_gate_release_v2,topk_gate.release.cold_t2048_e64,topk_gate,cuda_naive,L2_operator_steady,cold_scrub,5,5,150,16.3686400652,16.18432044985,24.806911826119972,16.922146137554666,3.7713475540013026,0.22286461323198814,True
20260803T181855Z-86cfbe2a805d-rtx3080_topk_gate_release_v2,topk_gate.release.cold_t2048_e64,topk_gate,cuda_subwarp_pair_top2_v2,L1_kernel_body,cold_scrub,5,5,150,9.56416010857,9.548799991605,10.80627202989,9.630788282554068,0.6264790986442283,0.06504961798185092,False
20260803T181855Z-86cfbe2a805d-rtx3080_topk_gate_release_v2,topk_gate.release.cold_t2048_e64,topk_gate,cuda_subwarp_pair_top2_v2,L2_operator_steady,cold_scrub,5,5,150,9.48224008083,9.753599762915,21.463551998125,12.1694890538858,4.75430946906157,0.3906745343218405,False
20260803T181855Z-86cfbe2a805d-rtx3080_topk_gate_release_v2,topk_gate.release.cold_t2048_e64,topk_gate,cuda_vector_pair_top2_v3,L1_kernel_body,cold_scrub,5,5,150,10.03008008,9.91232007742,33.2298243046,14.181034688157734,9.378303522959976,0.6613271689400484,False
20260803T181855Z-86cfbe2a805d-rtx3080_topk_gate_release_v2,topk_gate.release.cold_t2048_e64,topk_gate,cuda_vector_pair_top2_v3,L2_operator_steady,cold_scrub,5,5,150,9.59488004446,9.71776008606,25.3701120615,12.639641614753334,6.179990113526084,0.4889371314383337,False
20260803T181855Z-86cfbe2a805d-rtx3080_topk_gate_release_v2,topk_gate.release.cold_t2048_e64,topk_gate,cuda_warp_pair_top2_v1,L1_kernel_body,cold_scrub,5,5,150,9.84064012766,9.9123197794,23.42604756358,11.965439975261267,4.606086415171038,0.3849491890556631,False
20260803T181855Z-86cfbe2a805d-rtx3080_topk_gate_release_v2,topk_gate.release.cold_t2048_e64,topk_gate,cuda_warp_pair_top2_v1,L2_operator_steady,cold_scrub,5,5,150,9.63584005833,9.90208029747,23.547392487499998,12.272162135442667,5.1920237241699105,0.42307326670457407,False
20260803T181855Z-86cfbe2a805d-rtx3080_topk_gate_release_v2,topk_gate.release.cold_t2048_e64.library_pair,topk_gate,cub_block_radix_top2,L1_kernel_body,cold_scrub,5,5,150,34.5804810524,36.029440164600004,71.42553472516998,44.29953684806533,13.006826861210113,0.2936108994958523,False
20260803T181855Z-86cfbe2a805d-rtx3080_topk_gate_release_v2,topk_gate.release.cold_t2048_e64.library_pair,topk_gate,cuda_local_pair_two_reduce_top2_v4,L1_kernel_body,cold_scrub,5,5,150,8.55039983988,8.606719970705,73.677822351445,20.706440484524933,24.586320289570846,1.1873755080186554,False
20260803T181855Z-86cfbe2a805d-rtx3080_topk_gate_release_v2,topk_gate.release.cold_t2048_e64.library_pair,topk_gate,cuda_naive,L1_kernel_body,cold_scrub,5,5,150,14.2438399792,14.2643201351,25.345023870444997,16.151961620651335,4.200559956554466,0.26006500357106943,True
20260803T181855Z-86cfbe2a805d-rtx3080_topk_gate_release_v2,topk_gate.release.cold_t2048_e64.library_pair,topk_gate,vllm_row_packed_top2,L1_kernel_body,cold_scrub,5,5,150,8.8524800539,8.627200126645,9.2216318845735,8.540228255589733,0.5423456786636722,0.06350482240433061,False
20260803T181855Z-86cfbe2a805d-rtx3080_topk_gate_release_v2,topk_gate.release.cub_pair.e15_t1,topk_gate,cub_block_radix_top2,L1_kernel_body,warm,5,5,150,13.5577595234,13.588479757350001,19.49337595699,14.584695458415332,2.6606519202124552,0.18242766383423287,False
20260803T181855Z-86cfbe2a805d-rtx3080_topk_gate_release_v2,topk_gate.release.cub_pair.e15_t1,topk_gate,cuda_local_pair_two_reduce_top2_v4,L1_kernel_body,warm,5,5,150,8.13056021929,8.227840065955,21.3309442997,10.782993038495267,5.250607622470882,0.4869341567527886,False
20260803T181855Z-86cfbe2a805d-rtx3080_topk_gate_release_v2,topk_gate.release.cub_pair.e15_t1,topk_gate,cuda_naive,L1_kernel_body,warm,5,5,150,8.62719982862,8.673279881475,20.410368442545,10.919048555693667,4.700470167317656,0.43048349344198367,True
20260803T181855Z-86cfbe2a805d-rtx3080_topk_gate_release_v2,topk_gate.release.cub_pair.e15_t1,topk_gate,cuda_subwarp_pair_top2_v2,L1_kernel_body,warm,5,5,150,8.94976019859,8.94976019859,21.4128649235,11.229388817149268,5.090955591443092,0.45335998907334124,False
20260803T181855Z-86cfbe2a805d-rtx3080_topk_gate_release_v2,topk_gate.release.cub_pair.e15_t1,topk_gate,cuda_vector_pair_top2_v3,L1_kernel_body,warm,5,5,150,8.22784006596,8.330240249635,21.14868867396,10.8281152049696,5.169185157071866,0.47738549684985354,False
20260803T181855Z-86cfbe2a805d-rtx3080_topk_gate_release_v2,topk_gate.release.cub_pair.e15_t1024,topk_gate,cub_block_radix_top2,L1_kernel_body,warm,5,5,150,21.3248002529,21.4118409157,22.6099205017,21.605171203615335,0.48639893000809686,0.022513079180168892,False
20260803T181855Z-86cfbe2a805d-rtx3080_topk_gate_release_v2,topk_gate.release.cub_pair.e15_t1024,topk_gate,cuda_local_pair_two_reduce_top2_v4,L1_kernel_body,warm,5,5,150,8.23295980692,8.37632000446,10.115584075434999,8.526984544594468,0.7634594527134485,0.08953451817822634,False
20260803T181855Z-86cfbe2a805d-rtx3080_topk_gate_release_v2,topk_gate.release.cub_pair.e15_t1024,topk_gate,cuda_naive,L1_kernel_body,warm,5,5,150,8.97024005651,8.92928004265,9.585663944484999,8.864085312684667,0.46116156005246267,0.05202584855456345,True
20260803T181855Z-86cfbe2a805d-rtx3080_topk_gate_release_v2,topk_gate.release.cub_pair.e15_t1024,topk_gate,cuda_subwarp_pair_top2_v2,L1_kernel_body,warm,5,5,150,8.42240005732,8.3046400547,9.5047679245475,8.5606400052708,1.7516874291393165,0.20462108301024218,False
20260803T181855Z-86cfbe2a805d-rtx3080_topk_gate_release_v2,topk_gate.release.cub_pair.e15_t1024,topk_gate,cuda_vector_pair_top2_v3,L1_kernel_body,warm,5,5,150,8.15104007721,8.289279937745,22.210048913949997,11.309670436381067,6.181138826285022,0.5465357157005628,False
20260803T181855Z-86cfbe2a805d-rtx3080_topk_gate_release_v2,topk_gate.release.cub_pair.e15_t128,topk_gate,cub_block_radix_top2,L1_kernel_body,warm,5,5,150,13.1737601757,13.27103972435,21.4732789993,14.517930658660667,2.9692274505510294,0.20452139635890448,False
20260803T181855Z-86cfbe2a805d-rtx3080_topk_gate_release_v2,topk_gate.release.cub_pair.e15_t128,topk_gate,cuda_local_pair_two_reduce_top2_v4,L1_kernel_body,warm,5,5,150,8.49919974804,8.586239814755,22.1706235409,11.167197887102134,5.444173002660079,0.4875146887965493,False
20260803T181855Z-86cfbe2a805d-rtx3080_topk_gate_release_v2,topk_gate.release.cub_pair.e15_t128,topk_gate,cuda_naive,L1_kernel_body,warm,5,5,150,8.78080010414,8.791040182115,9.48224008083,8.733695991834267,0.5036924822495294,0.05767231681987399,True
20260803T181855Z-86cfbe2a805d-rtx3080_topk_gate_release_v2,topk_gate.release.cub_pair.e15_t128,topk_gate,cuda_subwarp_pair_top2_v2,L1_kernel_body,warm,5,5,150,8.49920004606,8.70400011539,22.610944509499998,11.344964273770934,5.603942960171857,0.49395862560166276,False
20260803T181855Z-86cfbe2a805d-rtx3080_topk_gate_release_v2,topk_gate.release.cub_pair.e15_t128,topk_gate,cuda_vector_pair_top2_v3,L1_kernel_body,warm,5,5,150,8.37119996548,8.432639837265,9.293824106450998,8.485888016223667,0.495849748302813,0.05843227572115343,False
20260803T181855Z-86cfbe2a805d-rtx3080_topk_gate_release_v2,topk_gate.release.cub_pair.e15_t16,topk_gate,cub_block_radix_top2,L1_kernel_body,warm,5,5,150,12.9177600145,13.2505595684,21.81427204607999,14.622993119556002,3.257988697741747,0.2227990310263286,False
20260803T181855Z-86cfbe2a805d-rtx3080_topk_gate_release_v2,topk_gate.release.cub_pair.e15_t16,topk_gate,cuda_local_pair_two_reduce_top2_v4,L1_kernel_body,warm,5,5,150,8.87807995081,8.82687985897,11.516928017124997,9.112029866376066,1.240477690825444,0.13613626261288725,False
20260803T181855Z-86cfbe2a805d-rtx3080_topk_gate_release_v2,topk_gate.release.cub_pair.e15_t16,topk_gate,cuda_naive,L1_kernel_body,warm,5,5,150,8.57088029385,8.57088029385,20.747215628619998,10.898459732532666,4.937418665051811,0.4530382078041056,True
20260803T181855Z-86cfbe2a805d-rtx3080_topk_gate_release_v2,topk_gate.release.cub_pair.e15_t16,topk_gate,cuda_subwarp_pair_top2_v2,L1_kernel_body,warm,5,5,150,9.02655988932,8.862720131875,31.990784406645,13.2627797643332,9.292596061466687,0.7006522182066772,False
20260803T181855Z-86cfbe2a805d-rtx3080_topk_gate_release_v2,topk_gate.release.cub_pair.e15_t16,topk_gate,cuda_vector_pair_top2_v3,L1_kernel_body,warm,5,5,150,8.87295991182,8.64767998457,10.397695839434999,8.697036778928334,0.8012796570364487,0.09213249034174878,False
20260803T181855Z-86cfbe2a805d-rtx3080_topk_gate_release_v2,topk_gate.release.cub_pair.e15_t2,topk_gate,cub_block_radix_top2,L1_kernel_body,warm,5,5,150,12.7283197641,12.7283203602,15.030783891704996,14.057881585759999,14.476246419431895,1.029760162021544,False
20260803T181855Z-86cfbe2a805d-rtx3080_topk_gate_release_v2,topk_gate.release.cub_pair.e15_t2,topk_gate,cuda_local_pair_two_reduce_top2_v4,L1_kernel_body,warm,5,5,150,8.70399981737,8.688639998435,21.591551899899997,11.159483718872666,5.210999779157368,0.4669570663331533,False
20260803T181855Z-86cfbe2a805d-rtx3080_topk_gate_release_v2,topk_gate.release.cub_pair.e15_t2,topk_gate,cuda_naive,L1_kernel_body,warm,5,5,150,8.57087999582,8.606719970705,11.8123525381,9.047586150963333,1.3946130890818669,0.15414200714003445,True
20260803T181855Z-86cfbe2a805d-rtx3080_topk_gate_release_v2,topk_gate.release.cub_pair.e15_t2,topk_gate,cuda_subwarp_pair_top2_v2,L1_kernel_body,warm,5,5,150,8.39168012142,8.36847990751,9.1100158989385,8.526481076081934,1.8433790086047723,0.21619458158134292,False
20260803T181855Z-86cfbe2a805d-rtx3080_topk_gate_release_v2,topk_gate.release.cub_pair.e15_t2,topk_gate,cuda_vector_pair_top2_v3,L1_kernel_body,warm,5,5,150,8.76543998718,8.78592014313,21.45382392409,11.1386624177302,5.1691699968697975,0.4640745722432221,False
20260803T181855Z-86cfbe2a805d-rtx3080_topk_gate_release_v2,topk_gate.release.cub_pair.e15_t2048,topk_gate,cub_block_radix_top2,L1_kernel_body,warm,5,5,150,45.040640831,44.800000190700004,46.6007049084,42.310724322004,4.3719613089376,0.10332986208567291,False
20260803T181855Z-86cfbe2a805d-rtx3080_topk_gate_release_v2,topk_gate.release.cub_pair.e15_t2048,topk_gate,cuda_local_pair_two_reduce_top2_v4,L1_kernel_body,warm,5,5,150,8.60159993172,8.616960048675,21.243391633,11.030459713936068,5.121753085474046,0.4643281620441564,False
20260803T181855Z-86cfbe2a805d-rtx3080_topk_gate_release_v2,topk_gate.release.cub_pair.e15_t2048,topk_gate,cuda_naive,L1_kernel_body,warm,5,5,150,8.91391992569,8.975359797475,21.559295654289997,11.5354282577822,5.633456936827112,0.4883613170604729,True
20260803T181855Z-86cfbe2a805d-rtx3080_topk_gate_release_v2,topk_gate.release.cub_pair.e15_t2048,topk_gate,cuda_subwarp_pair_top2_v2,L1_kernel_body,warm,5,5,150,8.59135985374,8.58111977577,21.833727359744998,11.1063722650204,5.326824546258319,0.4796187647189885,False
20260803T181855Z-86cfbe2a805d-rtx3080_topk_gate_release_v2,topk_gate.release.cub_pair.e15_t2048,topk_gate,cuda_vector_pair_top2_v3,L1_kernel_body,warm,5,5,150,8.38144004345,8.473600149155,21.6371202469,11.0234282930722,5.303887541263998,0.4811468265818254,False
20260803T181855Z-86cfbe2a805d-rtx3080_topk_gate_release_v2,topk_gate.release.cub_pair.e15_t256,topk_gate,cub_block_radix_top2,L1_kernel_body,warm,5,5,150,11.8937599659,11.8937599659,13.361664295204994,12.072072521848002,0.622945512229013,0.05160220095609996,False
20260803T181855Z-86cfbe2a805d-rtx3080_topk_gate_release_v2,topk_gate.release.cub_pair.e15_t256,topk_gate,cuda_local_pair_two_reduce_top2_v4,L1_kernel_body,warm,5,5,150,8.52479994297,8.540160059929999,21.3606405258,11.005064507322466,5.166581514541186,0.4694730786088065,False
20260803T181855Z-86cfbe2a805d-rtx3080_topk_gate_release_v2,topk_gate.release.cub_pair.e15_t256,topk_gate,cuda_naive,L1_kernel_body,warm,5,5,150,8.87295991182,8.944640159605001,51.371518850335,14.467549924055799,13.731094149121265,0.9490960267080193,True
20260803T181855Z-86cfbe2a805d-rtx3080_topk_gate_release_v2,topk_gate.release.cub_pair.e15_t256,topk_gate,cuda_subwarp_pair_top2_v2,L1_kernel_body,warm,5,5,150,8.24319988489,8.330240249635,20.790880441699997,10.807492295901934,5.0206500849466575,0.46455273318588675,False
20260803T181855Z-86cfbe2a805d-rtx3080_topk_gate_release_v2,topk_gate.release.cub_pair.e15_t256,topk_gate,cuda_vector_pair_top2_v3,L1_kernel_body,warm,5,5,150,8.12543988228,8.432639837265,21.131775856035,10.9062143961578,5.095489448775611,0.46720972682975354,False
20260803T181855Z-86cfbe2a805d-rtx3080_topk_gate_release_v2,topk_gate.release.cub_pair.e15_t32,topk_gate,cub_block_radix_top2,L1_kernel_body,warm,5,5,150,13.4758400917,13.4348797798,23.498239874819994,14.932514127093333,3.9849299065299997,0.26686262424488866,False
20260803T181855Z-86cfbe2a805d-rtx3080_topk_gate_release_v2,topk_gate.release.cub_pair.e15_t32,topk_gate,cuda_local_pair_two_reduce_top2_v4,L1_kernel_body,warm,5,5,150,8.67327988148,8.75519990921,21.2275195122,11.1081471880276,5.062895396651598,0.45578216699436647,False
20260803T181855Z-86cfbe2a805d-rtx3080_topk_gate_release_v2,topk_gate.release.cub_pair.e15_t32,topk_gate,cuda_naive,L1_kernel_body,warm,5,5,150,8.6937597394,8.719360232355,21.171711087200002,11.1192064046852,5.019009833622669,0.45138201873002864,True
20260803T181855Z-86cfbe2a805d-rtx3080_topk_gate_release_v2,topk_gate.release.cub_pair.e15_t32,topk_gate,cuda_subwarp_pair_top2_v2,L1_kernel_body,warm,5,5,150,8.68351995945,8.750079870225001,21.602815985644998,11.1015253225948,5.2261782907154535,0.4707621825695138,False
20260803T181855Z-86cfbe2a805d-rtx3080_topk_gate_release_v2,topk_gate.release.cub_pair.e15_t32,topk_gate,cuda_vector_pair_top2_v3,L1_kernel_body,warm,5,5,150,8.53504002094,8.693760037419999,32.830463647845,13.3786282738064,9.586797155474667,0.7165754933369632,False
20260803T181855Z-86cfbe2a805d-rtx3080_topk_gate_release_v2,topk_gate.release.cub_pair.e15_t4,topk_gate,cub_block_radix_top2,L1_kernel_body,warm,5,5,150,12.779519558,13.0304002762,31.50847995278498,15.822233541807334,6.111861885265699,0.3862831293139639,False
20260803T181855Z-86cfbe2a805d-rtx3080_topk_gate_release_v2,topk_gate.release.cub_pair.e15_t4,topk_gate,cuda_local_pair_two_reduce_top2_v4,L1_kernel_body,warm,5,5,150,8.56575995684,8.463360071185,9.290752083064499,8.446088552475134,0.5518151978663918,0.06533381629117326,False
20260803T181855Z-86cfbe2a805d-rtx3080_topk_gate_release_v2,topk_gate.release.cub_pair.e15_t4,topk_gate,cuda_naive,L1_kernel_body,warm,5,5,150,8.57088029385,8.555520176889999,62.256640672705,15.035118945440399,17.56020822921044,1.167946079637488,True
20260803T181855Z-86cfbe2a805d-rtx3080_topk_gate_release_v2,topk_gate.release.cub_pair.e15_t4,topk_gate,cuda_subwarp_pair_top2_v2,L1_kernel_body,warm,5,5,150,8.33024024963,8.43775987625,58.055167675015,18.069776995976532,19.579461460669933,1.0835474873336595,False
20260803T181855Z-86cfbe2a805d-rtx3080_topk_gate_release_v2,topk_gate.release.cub_pair.e15_t4,topk_gate,cuda_vector_pair_top2_v3,L1_kernel_body,warm,5,5,150,8.89343976974,8.816639781,21.1251211166,11.145284279185866,4.972653529599169,0.4461665943223845,False
20260803T181855Z-86cfbe2a805d-rtx3080_topk_gate_release_v2,topk_gate.release.cub_pair.e15_t4096,topk_gate,cub_block_radix_top2,L1_kernel_body,warm,5,5,150,66.4678382874,66.4831995964,74.5779180527,67.758216190342,2.9421085157981075,0.04342069023088398,False
20260803T181855Z-86cfbe2a805d-rtx3080_topk_gate_release_v2,topk_gate.release.cub_pair.e15_t4096,topk_gate,cuda_local_pair_two_reduce_top2_v4,L1_kernel_body,warm,5,5,150,10.4191994667,10.43967962265,33.53344023229,14.998596302669666,9.244672290584676,0.6163691657558098,False
20260803T181855Z-86cfbe2a805d-rtx3080_topk_gate_release_v2,topk_gate.release.cub_pair.e15_t4096,topk_gate,cuda_naive,L1_kernel_body,warm,5,5,150,8.73983979225,8.72448027134,21.2275195122,11.1031637787832,5.0476077814593525,0.45460986454191726,True
20260803T181855Z-86cfbe2a805d-rtx3080_topk_gate_release_v2,topk_gate.release.cub_pair.e15_t4096,topk_gate,cuda_subwarp_pair_top2_v2,L1_kernel_body,warm,5,5,150,10.4550397396,10.43967962265,10.9875202179,10.448895990848067,0.3894809171466017,0.03727483913015677,False
20260803T181855Z-86cfbe2a805d-rtx3080_topk_gate_release_v2,topk_gate.release.cub_pair.e15_t4096,topk_gate,cuda_vector_pair_top2_v3,L1_kernel_body,warm,5,5,150,10.4447996616,10.3167998791,10.958847999545,10.008917315799,0.7027201340265162,0.07020940545859819,False
20260803T181855Z-86cfbe2a805d-rtx3080_topk_gate_release_v2,topk_gate.release.cub_pair.e15_t512,topk_gate,cub_block_radix_top2,L1_kernel_body,warm,5,5,150,14.3411195278,14.19263958935,24.538623571414995,15.913983949027333,3.765820893937042,0.23663596155425368,False
20260803T181855Z-86cfbe2a805d-rtx3080_topk_gate_release_v2,topk_gate.release.cub_pair.e15_t512,topk_gate,cuda_local_pair_two_reduce_top2_v4,L1_kernel_body,warm,5,5,150,8.38656008244,8.4582400322,9.462783932687,8.506436292330667,0.5595821082750331,0.06578337732095257,False
20260803T181855Z-86cfbe2a805d-rtx3080_topk_gate_release_v2,topk_gate.release.cub_pair.e15_t512,topk_gate,cuda_naive,L1_kernel_body,warm,5,5,150,9.05727982521,9.0623998642,21.3299202919,11.3683797081306,5.002836367625801,0.4400659105402506,True
20260803T181855Z-86cfbe2a805d-rtx3080_topk_gate_release_v2,topk_gate.release.cub_pair.e15_t512,topk_gate,cuda_subwarp_pair_top2_v2,L1_kernel_body,warm,5,5,150,8.20735991001,8.24320018291,9.1909122467035,8.331878427665133,0.628226359673555,0.07540032720443866,False
20260803T181855Z-86cfbe2a805d-rtx3080_topk_gate_release_v2,topk_gate.release.cub_pair.e15_t512,topk_gate,cuda_vector_pair_top2_v3,L1_kernel_body,warm,5,5,150,8.3046400547,8.371199965475,35.033088803305,13.4111232241002,10.524798552378842,0.7847812876303646,False
20260803T181855Z-86cfbe2a805d-rtx3080_topk_gate_release_v2,topk_gate.release.cub_pair.e15_t64,topk_gate,cub_block_radix_top2,L1_kernel_body,warm,5,5,150,12.7027201653,12.774399519,23.495679378479966,14.747374947867998,4.746218222991738,0.32183478346279454,False
20260803T181855Z-86cfbe2a805d-rtx3080_topk_gate_release_v2,topk_gate.release.cub_pair.e15_t64,topk_gate,cuda_local_pair_two_reduce_top2_v4,L1_kernel_body,warm,5,5,150,8.23807984591,8.3046400547,9.229312211274499,8.3903146584832,0.4808955474532535,0.05731555573628388,False
20260803T181855Z-86cfbe2a805d-rtx3080_topk_gate_release_v2,topk_gate.release.cub_pair.e15_t64,topk_gate,cuda_naive,L1_kernel_body,warm,5,5,150,8.88831973076,8.954879939555,32.518655657745,13.566839408873735,9.427603278858996,0.6949004845367768,True
20260803T181855Z-86cfbe2a805d-rtx3080_topk_gate_release_v2,topk_gate.release.cub_pair.e15_t64,topk_gate,cuda_subwarp_pair_top2_v2,L1_kernel_body,warm,5,5,150,9.04704004526,9.13407981396,21.315072178845,11.5462144335122,4.897332561084619,0.42415049445733516,False
20260803T181855Z-86cfbe2a805d-rtx3080_topk_gate_release_v2,topk_gate.release.cub_pair.e15_t64,topk_gate,cuda_vector_pair_top2_v3,L1_kernel_body,warm,5,5,150,9.04703974724,8.95999997854,21.433345079444997,11.201740769545067,5.104158535225336,0.4556576196712531,False
20260803T181855Z-86cfbe2a805d-rtx3080_topk_gate_release_v2,topk_gate.release.cub_pair.e15_t8,topk_gate,cub_block_radix_top2,L1_kernel_body,warm,5,5,150,12.7999997139,12.876800298700001,13.835264444345,12.84430500666,0.67176015873396,0.052300234102634624,False
20260803T181855Z-86cfbe2a805d-rtx3080_topk_gate_release_v2,topk_gate.release.cub_pair.e15_t8,topk_gate,cuda_local_pair_two_reduce_top2_v4,L1_kernel_body,warm,5,5,150,8.81151974201,8.68351995945,21.730304956444996,11.145762125652267,5.259365126377383,0.4718712876773868,False
20260803T181855Z-86cfbe2a805d-rtx3080_topk_gate_release_v2,topk_gate.release.cub_pair.e15_t8,topk_gate,cuda_naive,L1_kernel_body,warm,5,5,150,8.6630398035,8.70400011539,27.042816400524977,9.944814956188468,5.0847986821673565,0.511301487716791,True
20260803T181855Z-86cfbe2a805d-rtx3080_topk_gate_release_v2,topk_gate.release.cub_pair.e15_t8,topk_gate,cuda_subwarp_pair_top2_v2,L1_kernel_body,warm,5,5,150,8.87296020985,9.01120007038,21.349871754655002,11.3438122034054,5.001848881491932,0.440931918812124,False
20260803T181855Z-86cfbe2a805d-rtx3080_topk_gate_release_v2,topk_gate.release.cub_pair.e15_t8,topk_gate,cuda_vector_pair_top2_v3,L1_kernel_body,warm,5,5,150,8.84223997593,8.77568006516,9.563647776840497,8.724480013052533,0.5227310149830301,0.05991543498305709,False
20260803T181855Z-86cfbe2a805d-rtx3080_topk_gate_release_v2,topk_gate.release.cub_pair.e16_t1,topk_gate,cub_block_radix_top2,L1_kernel_body,warm,5,5,150,13.0252802372,13.1123197079,22.98368024825497,14.621354635552,3.534469427739335,0.24173337668352768,False
20260803T181855Z-86cfbe2a805d-rtx3080_topk_gate_release_v2,topk_gate.release.cub_pair.e16_t1,topk_gate,cuda_local_pair_two_reduce_top2_v4,L1_kernel_body,warm,5,5,150,8.11519980431,8.19199979305,9.069055914876,8.248456509908133,0.4801613606026329,0.05821226795896397,False
20260803T181855Z-86cfbe2a805d-rtx3080_topk_gate_release_v2,topk_gate.release.cub_pair.e16_t1,topk_gate,cuda_naive,L1_kernel_body,warm,5,5,150,8.5811200738,8.5504001379,9.55392003059,8.624947210153733,0.5552461558903371,0.06437675992227207,True
20260803T181855Z-86cfbe2a805d-rtx3080_topk_gate_release_v2,topk_gate.release.cub_pair.e16_t1,topk_gate,cuda_subwarp_pair_top2_v2,L1_kernel_body,warm,5,5,150,8.8524800539,8.847360014915001,21.469694972044998,11.238536576431066,5.104924224622582,0.45423389334589975,False
20260803T181855Z-86cfbe2a805d-rtx3080_topk_gate_release_v2,topk_gate.release.cub_pair.e16_t1,topk_gate,cuda_vector_pair_top2_v3,L1_kernel_body,warm,5,5,150,8.84736001492,8.811519742015,51.26809644699,13.583837854862534,13.154461864827535,0.9683906717215932,False
20260803T181855Z-86cfbe2a805d-rtx3080_topk_gate_release_v2,topk_gate.release.cub_pair.e16_t1024,topk_gate,cub_block_radix_top2,L1_kernel_body,warm,5,5,150,21.3760006428,21.50399923325,33.548288345314994,23.529471977550667,4.3879725310026565,0.18648835533535116,False
20260803T181855Z-86cfbe2a805d-rtx3080_topk_gate_release_v2,topk_gate.release.cub_pair.e16_t1024,topk_gate,cuda_local_pair_two_reduce_top2_v4,L1_kernel_body,warm,5,5,150,8.41215997934,8.458240032195,20.864511132245,10.851259768007868,4.948918347238988,0.4560685536097471,False
20260803T181855Z-86cfbe2a805d-rtx3080_topk_gate_release_v2,topk_gate.release.cub_pair.e16_t1024,topk_gate,cuda_naive,L1_kernel_body,warm,5,5,150,8.17152023315,8.217599987985,9.342975884677,8.359799468517535,0.5837659642401098,0.06983013963893928,True
20260803T181855Z-86cfbe2a805d-rtx3080_topk_gate_release_v2,topk_gate.release.cub_pair.e16_t1024,topk_gate,cuda_subwarp_pair_top2_v2,L1_kernel_body,warm,5,5,150,8.39168012142,8.51967990398,9.561600089073,8.609450674056466,0.5876920733766171,0.06826127422363377,False
20260803T181855Z-86cfbe2a805d-rtx3080_topk_gate_release_v2,topk_gate.release.cub_pair.e16_t1024,topk_gate,cuda_vector_pair_top2_v3,L1_kernel_body,warm,5,5,150,9.01632010937,9.07263994217,21.325824260734997,11.501909307640467,4.882857071066921,0.42452578441244926,False
20260803T181855Z-86cfbe2a805d-rtx3080_topk_gate_release_v2,topk_gate.release.cub_pair.e16_t128,topk_gate,cub_block_radix_top2,L1_kernel_body,warm,5,5,150,13.2044798136,13.06111991405,21.764095902479998,14.491716241838,3.377614920349957,0.23307211264589117,False
20260803T181855Z-86cfbe2a805d-rtx3080_topk_gate_release_v2,topk_gate.release.cub_pair.e16_t128,topk_gate,cuda_local_pair_two_reduce_top2_v4,L1_kernel_body,warm,5,5,150,8.20224016905,8.473600149155,20.823551893235,10.847982954979267,4.957543587568407,0.4570014175117112,False
20260803T181855Z-86cfbe2a805d-rtx3080_topk_gate_release_v2,topk_gate.release.cub_pair.e16_t128,topk_gate,cuda_naive,L1_kernel_body,warm,5,5,150,9.06751990318,9.0623998642,44.693505764034995,15.842781861625733,13.813350427988075,0.8719018256160346,True
20260803T181855Z-86cfbe2a805d-rtx3080_topk_gate_release_v2,topk_gate.release.cub_pair.e16_t128,topk_gate,cuda_subwarp_pair_top2_v2,L1_kernel_body,warm,5,5,150,8.70400011539,8.78592014313,21.8214392662,11.230617566904465,5.295584586062009,0.47153102262760516,False
20260803T181855Z-86cfbe2a805d-rtx3080_topk_gate_release_v2,topk_gate.release.cub_pair.e16_t128,topk_gate,cuda_vector_pair_top2_v3,L1_kernel_body,warm,5,5,150,9.04191970825,8.980479836465001,31.695872545245,13.372962089380133,9.006046694861922,0.6734518975428706,False
20260803T181855Z-86cfbe2a805d-rtx3080_topk_gate_release_v2,topk_gate.release.cub_pair.e16_t16,topk_gate,cub_block_radix_top2,L1_kernel_body,warm,5,5,150,13.0969595909,13.0867195129,14.847999811199998,13.223799506822667,0.7541960371994788,0.05703323290786132,False
20260803T181855Z-86cfbe2a805d-rtx3080_topk_gate_release_v2,topk_gate.release.cub_pair.e16_t16,topk_gate,cuda_local_pair_two_reduce_top2_v4,L1_kernel_body,warm,5,5,150,8.34560006857,8.463360071185,31.6733443737,12.987460231781734,9.33492547807607,0.7187645091095245,False
20260803T181855Z-86cfbe2a805d-rtx3080_topk_gate_release_v2,topk_gate.release.cub_pair.e16_t16,topk_gate,cuda_naive,L1_kernel_body,warm,5,5,150,8.5504001379,8.616960048675,23.3221131563,11.399714199701666,5.931469265468492,0.5203173659935896,True
20260803T181855Z-86cfbe2a805d-rtx3080_topk_gate_release_v2,topk_gate.release.cub_pair.e16_t16,topk_gate,cuda_subwarp_pair_top2_v2,L1_kernel_body,warm,5,5,150,8.89855980873,8.87808024883,21.366272568699998,11.1227562944088,5.002971708200537,0.4497960375806702,False
20260803T181855Z-86cfbe2a805d-rtx3080_topk_gate_release_v2,topk_gate.release.cub_pair.e16_t16,topk_gate,cuda_vector_pair_top2_v3,L1_kernel_body,warm,5,5,150,8.59647989273,8.801279962065,10.050560236003498,8.828313577175866,0.7261732012632047,0.08225503035377046,False
20260803T181855Z-86cfbe2a805d-rtx3080_topk_gate_release_v2,topk_gate.release.cub_pair.e16_t2,topk_gate,cub_block_radix_top2,L1_kernel_body,warm,5,5,150,12.8153598309,12.8665602207,19.718655824659997,13.959782377880002,2.8589105676238504,0.20479621316690025,False
20260803T181855Z-86cfbe2a805d-rtx3080_topk_gate_release_v2,topk_gate.release.cub_pair.e16_t2,topk_gate,cuda_local_pair_two_reduce_top2_v4,L1_kernel_body,warm,5,5,150,8.86272013187,8.791040182115,32.789503335945,13.3130239884058,9.596045614413384,0.7208013463184998,False
20260803T181855Z-86cfbe2a805d-rtx3080_topk_gate_release_v2,topk_gate.release.cub_pair.e16_t2,topk_gate,cuda_naive,L1_kernel_body,warm,5,5,150,8.35071980953,8.37632000446,8.953855901956999,8.375637344519067,0.3817504726504036,0.045578677412557424,True
20260803T181855Z-86cfbe2a805d-rtx3080_topk_gate_release_v2,topk_gate.release.cub_pair.e16_t2,topk_gate,cuda_subwarp_pair_top2_v2,L1_kernel_body,warm,5,5,150,8.74495983124,8.714240193365,21.303296089159993,11.3364309509604,5.811941344619685,0.5126782291323627,False
20260803T181855Z-86cfbe2a805d-rtx3080_topk_gate_release_v2,topk_gate.release.cub_pair.e16_t2,topk_gate,cuda_vector_pair_top2_v3,L1_kernel_body,warm,5,5,150,9.06751990318,9.067519903185,21.366272568699998,11.516450146834199,4.9262531635919915,0.4277579549932918,False
20260803T181855Z-86cfbe2a805d-rtx3080_topk_gate_release_v2,topk_gate.release.cub_pair.e16_t2048,topk_gate,cub_block_radix_top2,L1_kernel_body,warm,5,5,150,35.5327999592,35.74272036555,87.22022485730997,46.736111036935334,20.04967569329777,0.4289975192298864,False
20260803T181855Z-86cfbe2a805d-rtx3080_topk_gate_release_v2,topk_gate.release.cub_pair.e16_t2048,topk_gate,cuda_local_pair_two_reduce_top2_v4,L1_kernel_body,warm,5,5,150,8.42240005732,8.50943982601,21.181951165199997,10.940279463925867,5.100249290751604,0.4661900372443872,False
20260803T181855Z-86cfbe2a805d-rtx3080_topk_gate_release_v2,topk_gate.release.cub_pair.e16_t2048,topk_gate,cuda_naive,L1_kernel_body,warm,5,5,150,8.17663997412,8.18175971508,9.073663949966999,8.2124117016792,0.5089345269250142,0.06197138494907067,True
20260803T181855Z-86cfbe2a805d-rtx3080_topk_gate_release_v2,topk_gate.release.cub_pair.e16_t2048,topk_gate,cuda_subwarp_pair_top2_v2,L1_kernel_body,warm,5,5,150,8.32512021065,8.432639837265,22.3027205467,11.056878940263333,5.490839172331611,0.49659937510366187,False
20260803T181855Z-86cfbe2a805d-rtx3080_topk_gate_release_v2,topk_gate.release.cub_pair.e16_t2048,topk_gate,cuda_vector_pair_top2_v3,L1_kernel_body,warm,5,5,150,8.93952012062,8.990719914435001,21.341184377645,11.339366364477867,4.981987644159926,0.4393532657844702,False
20260803T181855Z-86cfbe2a805d-rtx3080_topk_gate_release_v2,topk_gate.release.cub_pair.e16_t256,topk_gate,cub_block_radix_top2,L1_kernel_body,warm,5,5,150,11.7043197155,11.863039732,28.874752283124984,15.969075226782,11.808667305384777,0.7394709548102238,False
20260803T181855Z-86cfbe2a805d-rtx3080_topk_gate_release_v2,topk_gate.release.cub_pair.e16_t256,topk_gate,cuda_local_pair_two_reduce_top2_v4,L1_kernel_body,warm,5,5,150,8.23296010494,8.37119996548,21.2684798241,10.875357842446,5.1895961684658936,0.4771885434620963,False
20260803T181855Z-86cfbe2a805d-rtx3080_topk_gate_release_v2,topk_gate.release.cub_pair.e16_t256,topk_gate,cuda_naive,L1_kernel_body,warm,5,5,150,8.08960020542,8.18175971508,22.718464016924997,11.056401085853468,5.870092164049361,0.530922505295152,True
20260803T181855Z-86cfbe2a805d-rtx3080_topk_gate_release_v2,topk_gate.release.cub_pair.e16_t256,topk_gate,cuda_subwarp_pair_top2_v2,L1_kernel_body,warm,5,5,150,8.7296000123,8.57088029385,9.729536116122498,8.725299211342668,0.8310284090913822,0.09524354282441871,False
20260803T181855Z-86cfbe2a805d-rtx3080_topk_gate_release_v2,topk_gate.release.cub_pair.e16_t256,topk_gate,cuda_vector_pair_top2_v3,L1_kernel_body,warm,5,5,150,9.0623998642,9.03679996729,9.647104144097,9.0506581107768,0.3652210157929214,0.04035297890194807,False
20260803T181855Z-86cfbe2a805d-rtx3080_topk_gate_release_v2,topk_gate.release.cub_pair.e16_t32,topk_gate,cub_block_radix_top2,L1_kernel_body,warm,5,5,150,13.0048000813,13.337600231149999,63.683584213214964,23.331089035665332,21.369343507621174,0.9159171042103815,False
20260803T181855Z-86cfbe2a805d-rtx3080_topk_gate_release_v2,topk_gate.release.cub_pair.e16_t32,topk_gate,cuda_local_pair_two_reduce_top2_v4,L1_kernel_body,warm,5,5,150,8.2483202219,8.391680121425,9.452543854712498,8.514696530501267,0.5949404612026902,0.0698721861749858,False
20260803T181855Z-86cfbe2a805d-rtx3080_topk_gate_release_v2,topk_gate.release.cub_pair.e16_t32,topk_gate,cuda_naive,L1_kernel_body,warm,5,5,150,8.89343976974,8.89855980873,20.833790898300002,11.0667775909114,4.846075126026015,0.4378939656296932,True
20260803T181855Z-86cfbe2a805d-rtx3080_topk_gate_release_v2,topk_gate.release.cub_pair.e16_t32,topk_gate,cuda_subwarp_pair_top2_v2,L1_kernel_body,warm,5,5,150,9.11871999502,9.09312009811,54.017022848169994,14.851549907525799,12.579553179408162,0.847019554035479,False
20260803T181855Z-86cfbe2a805d-rtx3080_topk_gate_release_v2,topk_gate.release.cub_pair.e16_t32,topk_gate,cuda_vector_pair_top2_v3,L1_kernel_body,warm,5,5,150,9.05215978622,9.077759981155,21.3969928026,11.485798370838268,4.940312654093804,0.43012357474748575,False
20260803T181855Z-86cfbe2a805d-rtx3080_topk_gate_release_v2,topk_gate.release.cub_pair.e16_t4,topk_gate,cub_block_radix_top2,L1_kernel_body,warm,5,5,150,12.8204798698,12.846080064799999,13.7840640545,12.911206396423333,0.5604651891564019,0.04340920375276954,False
20260803T181855Z-86cfbe2a805d-rtx3080_topk_gate_release_v2,topk_gate.release.cub_pair.e16_t4,topk_gate,cuda_local_pair_two_reduce_top2_v4,L1_kernel_body,warm,5,5,150,8.12543988228,8.145920038225,22.600704431544997,10.975300216673599,5.796371499011563,0.5281287422284592,False
20260803T181855Z-86cfbe2a805d-rtx3080_topk_gate_release_v2,topk_gate.release.cub_pair.e16_t4,topk_gate,cuda_naive,L1_kernel_body,warm,5,5,150,8.45311999321,8.50943982601,9.359872013327498,8.579754662514066,0.4492807656332092,0.052365222935356004,True
20260803T181855Z-86cfbe2a805d-rtx3080_topk_gate_release_v2,topk_gate.release.cub_pair.e16_t4,topk_gate,cuda_subwarp_pair_top2_v2,L1_kernel_body,warm,5,5,150,9.02144014835,9.256959855555,83.37151908871499,23.702050316333334,29.1252714332605,1.2288081007570035,False
20260803T181855Z-86cfbe2a805d-rtx3080_topk_gate_release_v2,topk_gate.release.cub_pair.e16_t4,topk_gate,cuda_vector_pair_top2_v3,L1_kernel_body,warm,5,5,150,8.98559987545,9.00095999241,21.441023826579997,11.345237362383067,4.978151607199263,0.43878778805502244,False
20260803T181855Z-86cfbe2a805d-rtx3080_topk_gate_release_v2,topk_gate.release.cub_pair.e16_t4096,topk_gate,cub_block_radix_top2,L1_kernel_body,warm,5,5,150,66.5241599083,66.49343967440001,84.38681459429498,71.21599143346732,12.77542592446749,0.17938984864660315,False
20260803T181855Z-86cfbe2a805d-rtx3080_topk_gate_release_v2,topk_gate.release.cub_pair.e16_t4096,topk_gate,cuda_local_pair_two_reduce_top2_v4,L1_kernel_body,warm,5,5,150,8.86784017086,8.739839792255,9.422847896811998,8.7666005571676,0.39681469371842704,0.04526437484299317,False
20260803T181855Z-86cfbe2a805d-rtx3080_topk_gate_release_v2,topk_gate.release.cub_pair.e16_t4096,topk_gate,cuda_naive,L1_kernel_body,warm,5,5,150,8.17151993513,8.227840065955,9.105407863852001,8.259379188219533,0.5079965814528897,0.061505419460272784,True
20260803T181855Z-86cfbe2a805d-rtx3080_topk_gate_release_v2,topk_gate.release.cub_pair.e16_t4096,topk_gate,cuda_subwarp_pair_top2_v2,L1_kernel_body,warm,5,5,150,10.4447996616,10.43967962265,11.1001598835,10.433194661140465,0.45816752310656883,0.04391440378401662,False
20260803T181855Z-86cfbe2a805d-rtx3080_topk_gate_release_v2,topk_gate.release.cub_pair.e16_t4096,topk_gate,cuda_vector_pair_top2_v3,L1_kernel_body,warm,5,5,150,8.95999997854,9.088000059125001,51.973630666759995,17.14271575609733,14.271259591573108,0.8324970089116188,False
20260803T181855Z-86cfbe2a805d-rtx3080_topk_gate_release_v2,topk_gate.release.cub_pair.e16_t512,topk_gate,cub_block_radix_top2,L1_kernel_body,warm,5,5,150,14.4691199064,14.607360363,24.274430871,16.598766899109332,3.614962999410769,0.21778503315235684,False
20260803T181855Z-86cfbe2a805d-rtx3080_topk_gate_release_v2,topk_gate.release.cub_pair.e16_t512,topk_gate,cuda_local_pair_two_reduce_top2_v4,L1_kernel_body,warm,5,5,150,8.20735991001,8.15104007721,9.03168022633,8.2111146688462,0.45098285647506164,0.054923463459368826,False
20260803T181855Z-86cfbe2a805d-rtx3080_topk_gate_release_v2,topk_gate.release.cub_pair.e16_t512,topk_gate,cuda_naive,L1_kernel_body,warm,5,5,150,8.27392011881,8.494080007075,51.862016201035,12.813311942418,11.652669232969235,0.9094189921649765,True
20260803T181855Z-86cfbe2a805d-rtx3080_topk_gate_release_v2,topk_gate.release.cub_pair.e16_t512,topk_gate,cuda_subwarp_pair_top2_v2,L1_kernel_body,warm,5,5,150,8.62719982862,8.76543998718,21.325312256799997,11.118455441791001,5.107340184657819,0.45935698635449224,False
20260803T181855Z-86cfbe2a805d-rtx3080_topk_gate_release_v2,topk_gate.release.cub_pair.e16_t512,topk_gate,cuda_vector_pair_top2_v3,L1_kernel_body,warm,5,5,150,8.87807995081,8.83711993694,9.624064236877999,8.789128537972866,1.0598739143873364,0.12058919263818012,False
20260803T181855Z-86cfbe2a805d-rtx3080_topk_gate_release_v2,topk_gate.release.cub_pair.e16_t64,topk_gate,cub_block_radix_top2,L1_kernel_body,warm,5,5,150,12.6822400093,12.7999997139,22.196224570294984,14.390954645471332,3.5497176673406976,0.24666311268361568,False
20260803T181855Z-86cfbe2a805d-rtx3080_topk_gate_release_v2,topk_gate.release.cub_pair.e16_t64,topk_gate,cuda_local_pair_two_reduce_top2_v4,L1_kernel_body,warm,5,5,150,8.20223987103,8.11007976532,9.0168321132635,8.183398373921467,0.44481078217857695,0.05435526438454744,False
20260803T181855Z-86cfbe2a805d-rtx3080_topk_gate_release_v2,topk_gate.release.cub_pair.e16_t64,topk_gate,cuda_naive,L1_kernel_body,warm,5,5,150,8.98047983646,9.00095999241,20.8394229412,11.296290147303933,4.756694711363675,0.4210846790704068,True
20260803T181855Z-86cfbe2a805d-rtx3080_topk_gate_release_v2,topk_gate.release.cub_pair.e16_t64,topk_gate,cuda_subwarp_pair_top2_v2,L1_kernel_body,warm,5,5,150,8.88576000929,8.704000115395,9.58464026451,8.720049099127401,0.5005193429359848,0.05739868402645471,False
20260803T181855Z-86cfbe2a805d-rtx3080_topk_gate_release_v2,topk_gate.release.cub_pair.e16_t64,topk_gate,cuda_vector_pair_top2_v3,L1_kernel_body,warm,5,5,150,8.8831999898,8.924160003665,9.529855847356,8.811793053150334,0.5283518105287809,0.05995962539541121,False
20260803T181855Z-86cfbe2a805d-rtx3080_topk_gate_release_v2,topk_gate.release.cub_pair.e16_t8,topk_gate,cub_block_radix_top2,L1_kernel_body,warm,5,5,150,12.8102397919,12.917760014550002,23.441407680544998,14.529467741647334,3.5708140231132384,0.24576358106208118,False
20260803T181855Z-86cfbe2a805d-rtx3080_topk_gate_release_v2,topk_gate.release.cub_pair.e16_t8,topk_gate,cuda_local_pair_two_reduce_top2_v4,L1_kernel_body,warm,5,5,150,7.95648008585,8.01792025566,8.721919924020998,8.054374396800933,0.3922823777780259,0.048704264099497796,False
20260803T181855Z-86cfbe2a805d-rtx3080_topk_gate_release_v2,topk_gate.release.cub_pair.e16_t8,topk_gate,cuda_naive,L1_kernel_body,warm,5,5,150,8.57088029385,8.64767998457,32.333312630645,13.258956746258933,9.448509911279961,0.7126133746492457,True
20260803T181855Z-86cfbe2a805d-rtx3080_topk_gate_release_v2,topk_gate.release.cub_pair.e16_t8,topk_gate,cuda_subwarp_pair_top2_v2,L1_kernel_body,warm,5,5,150,8.95999997854,9.03168022633,21.576703786845002,11.380667718250466,5.110938026390192,0.4490894693458188,False
20260803T181855Z-86cfbe2a805d-rtx3080_topk_gate_release_v2,topk_gate.release.cub_pair.e16_t8,topk_gate,cuda_vector_pair_top2_v3,L1_kernel_body,warm,5,5,150,9.0316799283,9.067519903185,21.075968742344998,11.413708802065733,4.8051328482391025,0.4209966218315852,False
20260803T181855Z-86cfbe2a805d-rtx3080_topk_gate_release_v2,topk_gate.release.cub_pair.e17_t1,topk_gate,cub_block_radix_top2,L1_kernel_body,warm,5,5,150,13.1891196966,13.0918395519,19.603456139549998,14.166562136018666,2.6698088453842015,0.1884584855344811,False
20260803T181855Z-86cfbe2a805d-rtx3080_topk_gate_release_v2,topk_gate.release.cub_pair.e17_t1,topk_gate,cuda_local_pair_two_reduce_top2_v4,L1_kernel_body,warm,5,5,150,8.43775987625,8.54016005993,9.6527361869805,8.624264550209,0.637574770094422,0.07392801628272999,False
20260803T181855Z-86cfbe2a805d-rtx3080_topk_gate_release_v2,topk_gate.release.cub_pair.e17_t1,topk_gate,cuda_naive,L1_kernel_body,warm,5,5,150,8.78592014313,8.61184000969,9.42080020905,8.529646933078668,0.5555895136595012,0.06513628500904059,True
20260803T181855Z-86cfbe2a805d-rtx3080_topk_gate_release_v2,topk_gate.release.cub_pair.e17_t1,topk_gate,cuda_subwarp_pair_top2_v2,L1_kernel_body,warm,5,5,150,8.46847981215,8.432639837265,9.2011519968515,8.609382398923866,1.628125993169008,0.18911066064071172,False
20260803T181855Z-86cfbe2a805d-rtx3080_topk_gate_release_v2,topk_gate.release.cub_pair.e17_t1,topk_gate,cuda_vector_pair_top2_v3,L1_kernel_body,warm,5,5,150,8.35583984852,8.299520015715,9.095680057999497,8.366967495282333,0.5088815521913457,0.060820309446436314,False
20260803T181855Z-86cfbe2a805d-rtx3080_topk_gate_release_v2,topk_gate.release.cub_pair.e17_t1024,topk_gate,cub_block_radix_top2,L1_kernel_body,warm,5,5,150,21.5295994282,21.46815896035,22.406656026824997,21.5495338281,0.4325574425229054,0.020072705329656014,False
20260803T181855Z-86cfbe2a805d-rtx3080_topk_gate_release_v2,topk_gate.release.cub_pair.e17_t1024,topk_gate,cuda_local_pair_two_reduce_top2_v4,L1_kernel_body,warm,5,5,150,8.38144004345,8.365440070630001,9.1457121670215,8.387831473350401,0.41964543150055234,0.05003026501353047,False
20260803T181855Z-86cfbe2a805d-rtx3080_topk_gate_release_v2,topk_gate.release.cub_pair.e17_t1024,topk_gate,cuda_naive,L1_kernel_body,warm,5,5,150,8.20735991001,8.299520015715,8.924159944056498,8.314129062493667,0.39760940126012406,0.0478233376306127,True
20260803T181855Z-86cfbe2a805d-rtx3080_topk_gate_release_v2,topk_gate.release.cub_pair.e17_t1024,topk_gate,cuda_subwarp_pair_top2_v2,L1_kernel_body,warm,5,5,150,8.45311999321,8.463360071185,21.817855238945,11.012915201982,5.391136304873862,0.4895285404452779,False
20260803T181855Z-86cfbe2a805d-rtx3080_topk_gate_release_v2,topk_gate.release.cub_pair.e17_t1024,topk_gate,cuda_vector_pair_top2_v3,L1_kernel_body,warm,5,5,150,8.38656008244,8.41727972031,21.462527990325,9.320925863583268,3.3195439977437835,0.3561388692847775,False
20260803T181855Z-86cfbe2a805d-rtx3080_topk_gate_release_v2,topk_gate.release.cub_pair.e17_t128,topk_gate,cub_block_radix_top2,L1_kernel_body,warm,5,5,150,12.8255999088,13.1071996689,32.716287851325,16.238318975764,6.6537544592309725,0.40975635896559415,False
20260803T181855Z-86cfbe2a805d-rtx3080_topk_gate_release_v2,topk_gate.release.cub_pair.e17_t128,topk_gate,cuda_local_pair_two_reduce_top2_v4,L1_kernel_body,warm,5,5,150,8.24831992388,8.422399759295,21.5301114321,10.9716138402634,5.276922361764201,0.48096136435271364,False
20260803T181855Z-86cfbe2a805d-rtx3080_topk_gate_release_v2,topk_gate.release.cub_pair.e17_t128,topk_gate,cuda_naive,L1_kernel_body,warm,5,5,150,9.02144014835,9.07263994217,20.706304311745,11.367560489972734,4.657130247555982,0.409685987742402,True
20260803T181855Z-86cfbe2a805d-rtx3080_topk_gate_release_v2,topk_gate.release.cub_pair.e17_t128,topk_gate,cuda_subwarp_pair_top2_v2,L1_kernel_body,warm,5,5,150,8.42751979828,8.386560082435,9.423871904614499,8.444723176956467,0.5682517829958347,0.06729075318258523,False
20260803T181855Z-86cfbe2a805d-rtx3080_topk_gate_release_v2,topk_gate.release.cub_pair.e17_t128,topk_gate,cuda_vector_pair_top2_v3,L1_kernel_body,warm,5,5,150,8.35584014654,8.33536028862,8.99071991444,8.348876802126933,0.4037458129906701,0.048359297012002034,False
20260803T181855Z-86cfbe2a805d-rtx3080_topk_gate_release_v2,topk_gate.release.cub_pair.e17_t16,topk_gate,cub_block_radix_top2,L1_kernel_body,warm,5,5,150,13.5424000025,13.22495996955,22.032896876345,14.578961110113333,3.183283386280236,0.21834775209545024,False
20260803T181855Z-86cfbe2a805d-rtx3080_topk_gate_release_v2,topk_gate.release.cub_pair.e17_t16,topk_gate,cuda_local_pair_two_reduce_top2_v4,L1_kernel_body,warm,5,5,150,8.64255994558,8.57088029385,10.955263972289998,8.843127457301133,1.028457731346998,0.1163002270760979,False
20260803T181855Z-86cfbe2a805d-rtx3080_topk_gate_release_v2,topk_gate.release.cub_pair.e17_t16,topk_gate,cuda_naive,L1_kernel_body,warm,5,5,150,8.54528009892,8.77056002617,9.49248015881,8.7017471750576,0.6020224476976386,0.06918408861880701,True
20260803T181855Z-86cfbe2a805d-rtx3080_topk_gate_release_v2,topk_gate.release.cub_pair.e17_t16,topk_gate,cuda_subwarp_pair_top2_v2,L1_kernel_body,warm,5,5,150,8.20223987103,8.279039859775,9.45151984692,8.337749322255867,0.5636769460940018,0.06760540816325393,False
20260803T181855Z-86cfbe2a805d-rtx3080_topk_gate_release_v2,topk_gate.release.cub_pair.e17_t16,topk_gate,cuda_vector_pair_top2_v3,L1_kernel_body,warm,5,5,150,8.11520010233,8.06400001049,8.771072030069,8.138478918870268,0.35848803970057674,0.044048530846393076,False
20260803T181855Z-86cfbe2a805d-rtx3080_topk_gate_release_v2,topk_gate.release.cub_pair.e17_t2,topk_gate,cub_block_radix_top2,L1_kernel_body,warm,5,5,150,12.9535996914,13.0252802372,22.823936343214978,14.558344491324,3.3479158989886164,0.229965426424948,False
20260803T181855Z-86cfbe2a805d-rtx3080_topk_gate_release_v2,topk_gate.release.cub_pair.e17_t2,topk_gate,cuda_local_pair_two_reduce_top2_v4,L1_kernel_body,warm,5,5,150,8.24320018291,8.320000171665,9.0475517511335,8.343005871772666,0.4852523963149424,0.058162777753366146,False
20260803T181855Z-86cfbe2a805d-rtx3080_topk_gate_release_v2,topk_gate.release.cub_pair.e17_t2,topk_gate,cuda_naive,L1_kernel_body,warm,5,5,150,8.62208008766,8.70400011539,9.493504166602499,8.611362115542667,0.5214661881983138,0.0605555986615774,True
20260803T181855Z-86cfbe2a805d-rtx3080_topk_gate_release_v2,topk_gate.release.cub_pair.e17_t2,topk_gate,cuda_subwarp_pair_top2_v2,L1_kernel_body,warm,5,5,150,8.99071991444,8.98047983646,21.299200058,11.261883719762867,5.018045688315257,0.44557782811319224,False
20260803T181855Z-86cfbe2a805d-rtx3080_topk_gate_release_v2,topk_gate.release.cub_pair.e17_t2,topk_gate,cuda_vector_pair_top2_v3,L1_kernel_body,warm,5,5,150,8.38656008244,8.330240249635,9.157631993291998,8.3298303842544,0.48635382680415845,0.058387002420060896,False
20260803T181855Z-86cfbe2a805d-rtx3080_topk_gate_release_v2,topk_gate.release.cub_pair.e17_t2048,topk_gate,cub_block_radix_top2,L1_kernel_body,warm,5,5,150,45.030400753,44.68736171725,134.18854427349999,59.291238307979995,35.397270348742914,0.5970067645556123,False
20260803T181855Z-86cfbe2a805d-rtx3080_topk_gate_release_v2,topk_gate.release.cub_pair.e17_t2048,topk_gate,cuda_local_pair_two_reduce_top2_v4,L1_kernel_body,warm,5,5,150,10.5216002464,10.501120090499999,21.9238400459,12.5039274811756,4.766086028974599,0.3811671201828259,False
20260803T181855Z-86cfbe2a805d-rtx3080_topk_gate_release_v2,topk_gate.release.cub_pair.e17_t2048,topk_gate,cuda_naive,L1_kernel_body,warm,5,5,150,9.07775998116,8.924160003665,34.894847750669996,13.890901339053999,10.453198160423408,0.7525212299243998,True
20260803T181855Z-86cfbe2a805d-rtx3080_topk_gate_release_v2,topk_gate.release.cub_pair.e17_t2048,topk_gate,cuda_subwarp_pair_top2_v2,L1_kernel_body,warm,5,5,150,10.2041602135,10.35776019095,33.158143758745,14.733721637727667,9.10263213306174,0.6178094277112737,False
20260803T181855Z-86cfbe2a805d-rtx3080_topk_gate_release_v2,topk_gate.release.cub_pair.e17_t2048,topk_gate,cuda_vector_pair_top2_v3,L1_kernel_body,warm,5,5,150,10.0147199631,10.28607964515,24.5452809334,13.0007039586708,5.752762503510663,0.44249623111169045,False
20260803T181855Z-86cfbe2a805d-rtx3080_topk_gate_release_v2,topk_gate.release.cub_pair.e17_t256,topk_gate,cub_block_radix_top2,L1_kernel_body,warm,5,5,150,11.7708796263,11.873279809949999,22.3846411705,13.853969073301332,4.061869935719316,0.2931917859948992,False
20260803T181855Z-86cfbe2a805d-rtx3080_topk_gate_release_v2,topk_gate.release.cub_pair.e17_t256,topk_gate,cuda_local_pair_two_reduce_top2_v4,L1_kernel_body,warm,5,5,150,8.79615992308,8.919039964675001,21.6883206367,11.3395028988508,5.173112599709977,0.4562027670749346,False
20260803T181855Z-86cfbe2a805d-rtx3080_topk_gate_release_v2,topk_gate.release.cub_pair.e17_t256,topk_gate,cuda_naive,L1_kernel_body,warm,5,5,150,8.7296000123,8.83711993694,11.54047966,9.192789304255134,1.1455990679220858,0.12461931085397703,True
20260803T181855Z-86cfbe2a805d-rtx3080_topk_gate_release_v2,topk_gate.release.cub_pair.e17_t256,topk_gate,cuda_subwarp_pair_top2_v2,L1_kernel_body,warm,5,5,150,8.34048002958,8.32512021065,37.65964710713999,13.572710374991665,13.852263185410026,1.0205966828065123,False
20260803T181855Z-86cfbe2a805d-rtx3080_topk_gate_release_v2,topk_gate.release.cub_pair.e17_t256,topk_gate,cuda_vector_pair_top2_v3,L1_kernel_body,warm,5,5,150,8.45311999321,8.504319787025,9.571839839221,8.755609587828534,1.9194563953879167,0.2192259003937564,False
20260803T181855Z-86cfbe2a805d-rtx3080_topk_gate_release_v2,topk_gate.release.cub_pair.e17_t32,topk_gate,cub_block_radix_top2,L1_kernel_body,warm,5,5,150,13.1071996689,13.15328001975,34.47420883175997,15.258154749872,7.2541315866304386,0.475426531290836,False
20260803T181855Z-86cfbe2a805d-rtx3080_topk_gate_release_v2,topk_gate.release.cub_pair.e17_t32,topk_gate,cuda_local_pair_two_reduce_top2_v4,L1_kernel_body,warm,5,5,150,8.52480024099,8.66815984249,21.861376643214996,11.222016000748335,5.317876525983745,0.4738788935632532,False
20260803T181855Z-86cfbe2a805d-rtx3080_topk_gate_release_v2,topk_gate.release.cub_pair.e17_t32,topk_gate,cuda_naive,L1_kernel_body,warm,5,5,150,8.99583995342,9.0623998642,20.99617564682,11.364938668410733,4.81365663002363,0.423553243045945,True
20260803T181855Z-86cfbe2a805d-rtx3080_topk_gate_release_v2,topk_gate.release.cub_pair.e17_t32,topk_gate,cuda_subwarp_pair_top2_v2,L1_kernel_body,warm,5,5,150,8.49920004606,8.60159993172,34.049535393735,13.1162111878382,9.52581548343514,0.7262627405898895,False
20260803T181855Z-86cfbe2a805d-rtx3080_topk_gate_release_v2,topk_gate.release.cub_pair.e17_t32,topk_gate,cuda_vector_pair_top2_v3,L1_kernel_body,warm,5,5,150,8.38656008244,8.565760254859999,21.5449595451,11.076608002185067,5.29443769159415,0.47798366526555097,False
20260803T181855Z-86cfbe2a805d-rtx3080_topk_gate_release_v2,topk_gate.release.cub_pair.e17_t4,topk_gate,cub_block_radix_top2,L1_kernel_body,warm,5,5,150,13.1174397469,13.1174397469,21.828095316845,14.393548830350667,3.05962034849533,0.2125688657159882,False
20260803T181855Z-86cfbe2a805d-rtx3080_topk_gate_release_v2,topk_gate.release.cub_pair.e17_t4,topk_gate,cuda_local_pair_two_reduce_top2_v4,L1_kernel_body,warm,5,5,150,8.27392011881,8.463360071185,11.094015836689998,8.8668842474606,1.0961165422293646,0.1236191329037912,False
20260803T181855Z-86cfbe2a805d-rtx3080_topk_gate_release_v2,topk_gate.release.cub_pair.e17_t4,topk_gate,cuda_naive,L1_kernel_body,warm,5,5,150,8.96512001753,9.077759981155,31.4424329996,13.2145833929368,8.45621203492635,0.6399151440102303,True
20260803T181855Z-86cfbe2a805d-rtx3080_topk_gate_release_v2,topk_gate.release.cub_pair.e17_t4,topk_gate,cuda_subwarp_pair_top2_v2,L1_kernel_body,warm,5,5,150,9.08288002014,9.05727982521,22.003200650245,12.530619688828267,6.442551363458926,0.5141446730845094,False
20260803T181855Z-86cfbe2a805d-rtx3080_topk_gate_release_v2,topk_gate.release.cub_pair.e17_t4,topk_gate,cuda_vector_pair_top2_v3,L1_kernel_body,warm,5,5,150,8.25344026089,8.401919901375,21.587967872645,11.297518964609067,5.443755069515601,0.4818540324268421,False
20260803T181855Z-86cfbe2a805d-rtx3080_topk_gate_release_v2,topk_gate.release.cub_pair.e17_t4096,topk_gate,cub_block_radix_top2,L1_kernel_body,warm,5,5,150,66.682882309,66.73919916150001,130.09408044804997,80.79141534170267,24.914706426491737,0.3083830914598588,False
20260803T181855Z-86cfbe2a805d-rtx3080_topk_gate_release_v2,topk_gate.release.cub_pair.e17_t4096,topk_gate,cuda_local_pair_two_reduce_top2_v4,L1_kernel_body,warm,5,5,150,11.8323200941,12.006399631499999,19.693056285379996,13.094434102376667,2.818250890266587,0.21522510008699564,False
20260803T181855Z-86cfbe2a805d-rtx3080_topk_gate_release_v2,topk_gate.release.cub_pair.e17_t4096,topk_gate,cuda_naive,L1_kernel_body,warm,5,5,150,8.47872018814,8.67327988148,21.26232028006,11.0513749837866,5.097194708862989,0.461227197189585,True
20260803T181855Z-86cfbe2a805d-rtx3080_topk_gate_release_v2,topk_gate.release.cub_pair.e17_t4096,topk_gate,cuda_subwarp_pair_top2_v2,L1_kernel_body,warm,5,5,150,11.7657601833,11.8220800161,18.514944314944998,12.828467210130666,2.336682426932016,0.18214821682568072,False
20260803T181855Z-86cfbe2a805d-rtx3080_topk_gate_release_v2,topk_gate.release.cub_pair.e17_t4096,topk_gate,cuda_vector_pair_top2_v3,L1_kernel_body,warm,5,5,150,11.6428804398,11.5302395821,18.531919598555,12.268499183654333,2.9158506251231553,0.2376697085335446,False
20260803T181855Z-86cfbe2a805d-rtx3080_topk_gate_release_v2,topk_gate.release.cub_pair.e17_t512,topk_gate,cub_block_radix_top2,L1_kernel_body,warm,5,5,150,14.0697598457,14.218239784249999,33.742847442645,18.191496507327997,7.597589026866121,0.41764508070051404,False
20260803T181855Z-86cfbe2a805d-rtx3080_topk_gate_release_v2,topk_gate.release.cub_pair.e17_t512,topk_gate,cuda_local_pair_two_reduce_top2_v4,L1_kernel_body,warm,5,5,150,8.19199979305,8.217599987985,9.434623926874497,8.3333802779516,0.5892200837489822,0.07070601173787024,False
20260803T181855Z-86cfbe2a805d-rtx3080_topk_gate_release_v2,topk_gate.release.cub_pair.e17_t512,topk_gate,cuda_naive,L1_kernel_body,warm,5,5,150,8.44799995422,8.60159993172,21.4379531145,10.934067173798667,5.2320586663373385,0.47850983382239815,True
20260803T181855Z-86cfbe2a805d-rtx3080_topk_gate_release_v2,topk_gate.release.cub_pair.e17_t512,topk_gate,cuda_subwarp_pair_top2_v2,L1_kernel_body,warm,5,5,150,8.08448016644,8.212479949,9.342464149001998,8.438306144872932,1.7149726569711155,0.20323660074991748,False
20260803T181855Z-86cfbe2a805d-rtx3080_topk_gate_release_v2,topk_gate.release.cub_pair.e17_t512,topk_gate,cuda_vector_pair_top2_v3,L1_kernel_body,warm,5,5,150,8.2483202219,8.442879915235,21.5971839428,11.015441083908332,5.294774927589942,0.4806684441646825,False
20260803T181855Z-86cfbe2a805d-rtx3080_topk_gate_release_v2,topk_gate.release.cub_pair.e17_t64,topk_gate,cub_block_radix_top2,L1_kernel_body,warm,5,5,150,12.8051197529,13.0918395519,21.358080506344997,14.471987207730665,3.2558934591130737,0.2249790172129116,False
20260803T181855Z-86cfbe2a805d-rtx3080_topk_gate_release_v2,topk_gate.release.cub_pair.e17_t64,topk_gate,cuda_local_pair_two_reduce_top2_v4,L1_kernel_body,warm,5,5,150,8.57600003481,8.637440204619999,9.513983994724999,8.629521052042666,0.5528865417505544,0.06406920365756365,False
20260803T181855Z-86cfbe2a805d-rtx3080_topk_gate_release_v2,topk_gate.release.cub_pair.e17_t64,topk_gate,cuda_naive,L1_kernel_body,warm,5,5,150,9.04192000628,9.0623998642,21.720064878445,11.5013632019358,5.0861640603224,0.44222271490968523,True
20260803T181855Z-86cfbe2a805d-rtx3080_topk_gate_release_v2,topk_gate.release.cub_pair.e17_t64,topk_gate,cuda_subwarp_pair_top2_v2,L1_kernel_body,warm,5,5,150,8.34048002958,8.32512021065,9.606143832207,8.410794655482734,0.6422000284522172,0.0763542631531953,False
20260803T181855Z-86cfbe2a805d-rtx3080_topk_gate_release_v2,topk_gate.release.cub_pair.e17_t64,topk_gate,cuda_vector_pair_top2_v3,L1_kernel_body,warm,5,5,150,8.25343996286,8.27391982079,9.137152105568997,8.323413356145334,0.45747847610007736,0.054962844751944503,False
20260803T181855Z-86cfbe2a805d-rtx3080_topk_gate_release_v2,topk_gate.release.cub_pair.e17_t8,topk_gate,cub_block_radix_top2,L1_kernel_body,warm,5,5,150,13.0508798361,13.19936037065,21.576703786845002,14.653303511937999,3.4094747155287233,0.23267618204666513,False
20260803T181855Z-86cfbe2a805d-rtx3080_topk_gate_release_v2,topk_gate.release.cub_pair.e17_t8,topk_gate,cuda_local_pair_two_reduce_top2_v4,L1_kernel_body,warm,5,5,150,8.22272002697,8.33536028862,9.136128097771998,8.354952541987199,0.484241135150634,0.0579585739975321,False
20260803T181855Z-86cfbe2a805d-rtx3080_topk_gate_release_v2,topk_gate.release.cub_pair.e17_t8,topk_gate,cuda_naive,L1_kernel_body,warm,5,5,150,8.93439978361,8.83711993694,9.4776320457435,8.801894370714134,0.4136849962934675,0.04699954110672922,True
20260803T181855Z-86cfbe2a805d-rtx3080_topk_gate_release_v2,topk_gate.release.cub_pair.e17_t8,topk_gate,cuda_subwarp_pair_top2_v2,L1_kernel_body,warm,5,5,150,8.25343996286,8.320000171665,9.436159998178498,8.408746675650066,0.5064656630648136,0.060230814721940654,False
20260803T181855Z-86cfbe2a805d-rtx3080_topk_gate_release_v2,topk_gate.release.cub_pair.e17_t8,topk_gate,cuda_vector_pair_top2_v3,L1_kernel_body,warm,5,5,150,8.34048002958,8.47872018814,80.50636720656999,22.048153579233066,27.267372023358345,1.236719071525391,False
20260803T181855Z-86cfbe2a805d-rtx3080_topk_gate_release_v2,topk_gate.release.cub_pair.e2_t1,topk_gate,cub_block_radix_top2,L1_kernel_body,warm,5,5,150,12.9843199253,13.1071996689,21.82451128959,14.572817007698667,3.4075803649353307,0.23383127388034458,False
20260803T181855Z-86cfbe2a805d-rtx3080_topk_gate_release_v2,topk_gate.release.cub_pair.e2_t1,topk_gate,cuda_local_pair_two_reduce_top2_v4,L1_kernel_body,warm,5,5,150,8.44287991524,8.41728001833,9.069055914876,8.355976545810533,0.5043903957074605,0.0603628304773484,False
20260803T181855Z-86cfbe2a805d-rtx3080_topk_gate_release_v2,topk_gate.release.cub_pair.e2_t1,topk_gate,cuda_naive,L1_kernel_body,warm,5,5,150,8.71935993433,8.791040182115,21.279888153074996,11.3465258518856,5.932263994285656,0.5228264643930473,True
20260803T181855Z-86cfbe2a805d-rtx3080_topk_gate_release_v2,topk_gate.release.cub_pair.e2_t1,topk_gate,cuda_subwarp_pair_top2_v2,L1_kernel_body,warm,5,5,150,8.514559865,8.627200126645,19.8860800266,10.662638926505267,4.590977471508027,0.430566720223053,False
20260803T181855Z-86cfbe2a805d-rtx3080_topk_gate_release_v2,topk_gate.release.cub_pair.e2_t1,topk_gate,cuda_vector_pair_top2_v3,L1_kernel_body,warm,5,5,150,8.13055992126,8.217599987985,9.09312009811,8.209134908517466,0.5577087727396772,0.06793758160327237,False
20260803T181855Z-86cfbe2a805d-rtx3080_topk_gate_release_v2,topk_gate.release.cub_pair.e2_t1024,topk_gate,cub_block_radix_top2,L1_kernel_body,warm,5,5,150,21.5193593502,21.8214392662,40.84787178038999,25.172787157693335,7.051329441513541,0.28011715180130564,False
20260803T181855Z-86cfbe2a805d-rtx3080_topk_gate_release_v2,topk_gate.release.cub_pair.e2_t1024,topk_gate,cuda_local_pair_two_reduce_top2_v4,L1_kernel_body,warm,5,5,150,8.75008016825,8.816639781,19.854496300199997,10.8328512072562,4.529999591276963,0.4181724187481335,False
20260803T181855Z-86cfbe2a805d-rtx3080_topk_gate_release_v2,topk_gate.release.cub_pair.e2_t1024,topk_gate,cuda_naive,L1_kernel_body,warm,5,5,150,8.84736001492,8.87808024883,63.86022496221499,19.6951381365486,19.105734631411714,0.9700736546730221,True
20260803T181855Z-86cfbe2a805d-rtx3080_topk_gate_release_v2,topk_gate.release.cub_pair.e2_t1024,topk_gate,cuda_subwarp_pair_top2_v2,L1_kernel_body,warm,5,5,150,8.26368004084,8.25344026089,8.94976019859,8.269482660293466,0.4574784701287766,0.05532129262757795,False
20260803T181855Z-86cfbe2a805d-rtx3080_topk_gate_release_v2,topk_gate.release.cub_pair.e2_t1024,topk_gate,cuda_vector_pair_top2_v3,L1_kernel_body,warm,5,5,150,8.19712013006,8.320000171665,20.143104791645,10.545288562776467,4.809395698856681,0.4560705636670047,False
20260803T181855Z-86cfbe2a805d-rtx3080_topk_gate_release_v2,topk_gate.release.cub_pair.e2_t128,topk_gate,cub_block_radix_top2,L1_kernel_body,warm,5,5,150,12.8767997026,12.9843199253,21.4128649235,14.160145099958667,2.764879854120248,0.19525787586232562,False
20260803T181855Z-86cfbe2a805d-rtx3080_topk_gate_release_v2,topk_gate.release.cub_pair.e2_t128,topk_gate,cuda_local_pair_two_reduce_top2_v4,L1_kernel_body,warm,5,5,150,8.45312029123,8.463360071185,9.251840054986499,8.363417593638134,0.565077854915881,0.06756542389390231,False
20260803T181855Z-86cfbe2a805d-rtx3080_topk_gate_release_v2,topk_gate.release.cub_pair.e2_t128,topk_gate,cuda_naive,L1_kernel_body,warm,5,5,150,8.52991998196,8.657919764515,30.8326411247,12.944861896832,8.891469861274741,0.6868725160714734,True
20260803T181855Z-86cfbe2a805d-rtx3080_topk_gate_release_v2,topk_gate.release.cub_pair.e2_t128,topk_gate,cuda_subwarp_pair_top2_v2,L1_kernel_body,warm,5,5,150,8.66304010153,8.57087999582,9.3137919902835,8.513536020119933,0.515210761099775,0.06051665957390489,False
20260803T181855Z-86cfbe2a805d-rtx3080_topk_gate_release_v2,topk_gate.release.cub_pair.e2_t128,topk_gate,cuda_vector_pair_top2_v3,L1_kernel_body,warm,5,5,150,8.07935982943,8.04863989353,9.196543961764998,8.121548811594733,0.6405842434838362,0.0788746405820163,False
20260803T181855Z-86cfbe2a805d-rtx3080_topk_gate_release_v2,topk_gate.release.cub_pair.e2_t16,topk_gate,cub_block_radix_top2,L1_kernel_body,warm,5,5,150,12.8460800648,12.93312013145,30.00166356559,15.824827702842,6.292127336752235,0.3976111117862107,False
20260803T181855Z-86cfbe2a805d-rtx3080_topk_gate_release_v2,topk_gate.release.cub_pair.e2_t16,topk_gate,cuda_local_pair_two_reduce_top2_v4,L1_kernel_body,warm,5,5,150,8.6374399066,8.70400011539,20.523007988935,10.8690090656288,4.78763256864124,0.44048473414022893,False
20260803T181855Z-86cfbe2a805d-rtx3080_topk_gate_release_v2,topk_gate.release.cub_pair.e2_t16,topk_gate,cuda_naive,L1_kernel_body,warm,5,5,150,8.27904015779,8.18175971508,9.221120148893998,8.242517336208932,0.6107959262625218,0.07410308056973425,True
20260803T181855Z-86cfbe2a805d-rtx3080_topk_gate_release_v2,topk_gate.release.cub_pair.e2_t16,topk_gate,cuda_subwarp_pair_top2_v2,L1_kernel_body,warm,5,5,150,8.65280002356,8.64256024361,24.581632852574927,11.310284841061135,5.9616152785877725,0.5270968293340039,False
20260803T181855Z-86cfbe2a805d-rtx3080_topk_gate_release_v2,topk_gate.release.cub_pair.e2_t16,topk_gate,cuda_vector_pair_top2_v3,L1_kernel_body,warm,5,5,150,8.72447997332,8.739839792255,19.9019521475,10.901913599174065,4.5757692109261265,0.41972165430413877,False
20260803T181855Z-86cfbe2a805d-rtx3080_topk_gate_release_v2,topk_gate.release.cub_pair.e2_t2,topk_gate,cub_block_radix_top2,L1_kernel_body,warm,5,5,150,13.3171200752,13.47072005275,22.061055779449998,14.567424106593334,3.000782149395827,0.2059926399779662,False
20260803T181855Z-86cfbe2a805d-rtx3080_topk_gate_release_v2,topk_gate.release.cub_pair.e2_t2,topk_gate,cuda_local_pair_two_reduce_top2_v4,L1_kernel_body,warm,5,5,150,8.75519990921,8.7961602211,19.94495981929,11.098111971220067,4.514615988910153,0.406791353395747,False
20260803T181855Z-86cfbe2a805d-rtx3080_topk_gate_release_v2,topk_gate.release.cub_pair.e2_t2,topk_gate,cuda_naive,L1_kernel_body,warm,5,5,150,8.52480024099,8.565760254859999,19.70585584639,10.6530816237138,4.540995761710711,0.4262612380254777,True
20260803T181855Z-86cfbe2a805d-rtx3080_topk_gate_release_v2,topk_gate.release.cub_pair.e2_t2,topk_gate,cuda_subwarp_pair_top2_v2,L1_kernel_body,warm,5,5,150,8.37632000446,8.360959887505,9.1007998287655,8.3684693018598,0.47542343522265373,0.05681127791399033,False
20260803T181855Z-86cfbe2a805d-rtx3080_topk_gate_release_v2,topk_gate.release.cub_pair.e2_t2,topk_gate,cuda_vector_pair_top2_v3,L1_kernel_body,warm,5,5,150,8.58623981476,8.50943982601,30.471679449104997,10.707558341822,6.707162484553575,0.6263951379425576,False
20260803T181855Z-86cfbe2a805d-rtx3080_topk_gate_release_v2,topk_gate.release.cub_pair.e2_t2048,topk_gate,cub_block_radix_top2,L1_kernel_body,warm,5,5,150,42.3577594757,42.44992017745,46.613503694545,40.4751701355,5.394318197453105,0.13327475040609776,False
20260803T181855Z-86cfbe2a805d-rtx3080_topk_gate_release_v2,topk_gate.release.cub_pair.e2_t2048,topk_gate,cuda_local_pair_two_reduce_top2_v4,L1_kernel_body,warm,5,5,150,8.52991998196,8.65279972553,20.444672703745,10.812620794773867,4.793143095100625,0.443291518871847,False
20260803T181855Z-86cfbe2a805d-rtx3080_topk_gate_release_v2,topk_gate.release.cub_pair.e2_t2048,topk_gate,cuda_naive,L1_kernel_body,warm,5,5,150,8.70400011539,8.862720131875,20.792319655424997,11.147605315844666,5.376527995683214,0.4823034044846634,True
20260803T181855Z-86cfbe2a805d-rtx3080_topk_gate_release_v2,topk_gate.release.cub_pair.e2_t2048,topk_gate,cuda_subwarp_pair_top2_v2,L1_kernel_body,warm,5,5,150,8.67839992046,8.4582400322,10.148863941429994,8.5548373460754,0.8267483534324318,0.09664103711004034,False
20260803T181855Z-86cfbe2a805d-rtx3080_topk_gate_release_v2,topk_gate.release.cub_pair.e2_t2048,topk_gate,cuda_vector_pair_top2_v3,L1_kernel_body,warm,5,5,150,8.57600003481,8.668159842489999,22.080511927579998,11.215803738435334,5.7306539343970435,0.5109445625157223,False
20260803T181855Z-86cfbe2a805d-rtx3080_topk_gate_release_v2,topk_gate.release.cub_pair.e2_t256,topk_gate,cub_block_radix_top2,L1_kernel_body,warm,5,5,150,11.837439537,12.10368037225,14.895616173745001,12.579225603734,1.1524493883046265,0.09161528893817875,False
20260803T181855Z-86cfbe2a805d-rtx3080_topk_gate_release_v2,topk_gate.release.cub_pair.e2_t256,topk_gate,cuda_local_pair_two_reduce_top2_v4,L1_kernel_body,warm,5,5,150,8.71935993433,8.729600012305,9.3445122241935,8.633412249883065,0.4682717696819134,0.054239477523878914,False
20260803T181855Z-86cfbe2a805d-rtx3080_topk_gate_release_v2,topk_gate.release.cub_pair.e2_t256,topk_gate,cuda_naive,L1_kernel_body,warm,5,5,150,8.38656008244,8.596479892729999,20.5619192123,10.8509866992624,4.852318241146592,0.4471776047312297,True
20260803T181855Z-86cfbe2a805d-rtx3080_topk_gate_release_v2,topk_gate.release.cub_pair.e2_t256,topk_gate,cuda_subwarp_pair_top2_v2,L1_kernel_body,warm,5,5,150,8.50431978703,8.40704023838,9.098752140999,8.3432789643606,0.5350445132928036,0.064128805422702,False
20260803T181855Z-86cfbe2a805d-rtx3080_topk_gate_release_v2,topk_gate.release.cub_pair.e2_t256,topk_gate,cuda_vector_pair_top2_v3,L1_kernel_body,warm,5,5,150,8.77568006516,8.7961602211,20.8998394012,11.078519471485734,4.927596742415279,0.44478838125420034,False
20260803T181855Z-86cfbe2a805d-rtx3080_topk_gate_release_v2,topk_gate.release.cub_pair.e2_t32,topk_gate,cub_block_radix_top2,L1_kernel_body,warm,5,5,150,13.1174397469,13.0355203152,14.309375822535,13.110954650241332,0.6396062935586483,0.048784113027717256,False
20260803T181855Z-86cfbe2a805d-rtx3080_topk_gate_release_v2,topk_gate.release.cub_pair.e2_t32,topk_gate,cuda_local_pair_two_reduce_top2_v4,L1_kernel_body,warm,5,5,150,8.7603199482,8.68351995945,17.580543696889997,11.587993597986399,11.318861052234025,0.9767748796651786,False
20260803T181855Z-86cfbe2a805d-rtx3080_topk_gate_release_v2,topk_gate.release.cub_pair.e2_t32,topk_gate,cuda_naive,L1_kernel_body,warm,5,5,150,8.47872018814,8.42751979828,13.910528123369986,8.973312024275934,2.4880553140209547,0.2772727959631737,True
20260803T181855Z-86cfbe2a805d-rtx3080_topk_gate_release_v2,topk_gate.release.cub_pair.e2_t32,topk_gate,cuda_subwarp_pair_top2_v2,L1_kernel_body,warm,5,5,150,8.19199979305,8.212479949,9.073663949966999,8.208315710226534,0.5870585455316697,0.07151997635766716,False
20260803T181855Z-86cfbe2a805d-rtx3080_topk_gate_release_v2,topk_gate.release.cub_pair.e2_t32,topk_gate,cuda_vector_pair_top2_v3,L1_kernel_body,warm,5,5,150,8.4582400322,8.43775987625,21.4789110422,10.876450165111468,5.291117569430373,0.48647467593818067,False
20260803T181855Z-86cfbe2a805d-rtx3080_topk_gate_release_v2,topk_gate.release.cub_pair.e2_t4,topk_gate,cub_block_radix_top2,L1_kernel_body,warm,5,5,150,12.9996800423,13.08159947395,23.680511117,14.604014937081999,3.587055229806276,0.24562116960714359,False
20260803T181855Z-86cfbe2a805d-rtx3080_topk_gate_release_v2,topk_gate.release.cub_pair.e2_t4,topk_gate,cuda_local_pair_two_reduce_top2_v4,L1_kernel_body,warm,5,5,150,8.20735991001,8.371199965475,9.1499519348135,8.3699029127758,0.4856603970055525,0.05802461534700022,False
20260803T181855Z-86cfbe2a805d-rtx3080_topk_gate_release_v2,topk_gate.release.cub_pair.e2_t4,topk_gate,cuda_naive,L1_kernel_body,warm,5,5,150,8.54015976191,8.59135985374,9.3649917840935,8.528895986080334,0.4924389488244727,0.057737713020320845,True
20260803T181855Z-86cfbe2a805d-rtx3080_topk_gate_release_v2,topk_gate.release.cub_pair.e2_t4,topk_gate,cuda_subwarp_pair_top2_v2,L1_kernel_body,warm,5,5,150,8.52479994297,8.391680121425,51.80313682552999,13.008145046233667,13.835084713427804,1.063570913781713,False
20260803T181855Z-86cfbe2a805d-rtx3080_topk_gate_release_v2,topk_gate.release.cub_pair.e2_t4,topk_gate,cuda_vector_pair_top2_v3,L1_kernel_body,warm,5,5,150,8.48895996809,8.494080007075,9.2933118343335,8.485205328464733,0.46608898908603447,0.05492960642006833,False
20260803T181855Z-86cfbe2a805d-rtx3080_topk_gate_release_v2,topk_gate.release.cub_pair.e2_t4096,topk_gate,cub_block_radix_top2,L1_kernel_body,warm,5,5,150,66.2732791901,66.2835216522,129.64045047759998,79.08993727364533,25.014791650662076,0.31628286116997095,False
20260803T181855Z-86cfbe2a805d-rtx3080_topk_gate_release_v2,topk_gate.release.cub_pair.e2_t4096,topk_gate,cuda_local_pair_two_reduce_top2_v4,L1_kernel_body,warm,5,5,150,8.60672026873,8.74495983124,40.576001405735,14.798028854528466,12.509525994900399,0.8453508313759137,False
20260803T181855Z-86cfbe2a805d-rtx3080_topk_gate_release_v2,topk_gate.release.cub_pair.e2_t4096,topk_gate,cuda_naive,L1_kernel_body,warm,5,5,150,8.43776017427,8.739839792255,20.998144984249983,11.1220735987034,6.078454661760052,0.5465217081883609,True
20260803T181855Z-86cfbe2a805d-rtx3080_topk_gate_release_v2,topk_gate.release.cub_pair.e2_t4096,topk_gate,cuda_subwarp_pair_top2_v2,L1_kernel_body,warm,5,5,150,8.50943982601,8.78592014313,20.72422444819,10.955571158727667,4.857571864057433,0.44338828105622663,False
20260803T181855Z-86cfbe2a805d-rtx3080_topk_gate_release_v2,topk_gate.release.cub_pair.e2_t4096,topk_gate,cuda_vector_pair_top2_v3,L1_kernel_body,warm,5,5,150,8.00255984068,8.23296010494,9.2625921964635,8.210773348808202,0.5941405629564388,0.07236109653942385,False
20260803T181855Z-86cfbe2a805d-rtx3080_topk_gate_release_v2,topk_gate.release.cub_pair.e2_t512,topk_gate,cub_block_radix_top2,L1_kernel_body,warm,5,5,150,13.6140799522,13.6243200302,14.686720311624997,13.503351481752667,0.8680058738796209,0.06428077318823949,False
20260803T181855Z-86cfbe2a805d-rtx3080_topk_gate_release_v2,topk_gate.release.cub_pair.e2_t512,topk_gate,cuda_local_pair_two_reduce_top2_v4,L1_kernel_body,warm,5,5,150,8.5504001379,8.494080007075,9.37983989716,8.439807991187067,0.7013276445982776,0.08309758294627212,False
20260803T181855Z-86cfbe2a805d-rtx3080_topk_gate_release_v2,topk_gate.release.cub_pair.e2_t512,topk_gate,cuda_naive,L1_kernel_body,warm,5,5,150,8.23296010494,8.366079926495,9.391103982927,8.376183470090801,0.5935950336903849,0.07086700474147448,True
20260803T181855Z-86cfbe2a805d-rtx3080_topk_gate_release_v2,topk_gate.release.cub_pair.e2_t512,topk_gate,cuda_subwarp_pair_top2_v2,L1_kernel_body,warm,5,5,150,8.80640000105,8.816639781,20.0396800041,9.624098134039867,3.0601317584139927,0.31796556059528186,False
20260803T181855Z-86cfbe2a805d-rtx3080_topk_gate_release_v2,topk_gate.release.cub_pair.e2_t512,topk_gate,cuda_vector_pair_top2_v3,L1_kernel_body,warm,5,5,150,8.69376003742,8.668159842489999,9.3465599119655,8.581597840786,0.4640310861039987,0.05407280726889638,False
20260803T181855Z-86cfbe2a805d-rtx3080_topk_gate_release_v2,topk_gate.release.cub_pair.e2_t64,topk_gate,cub_block_radix_top2,L1_kernel_body,warm,5,5,150,13.368319869,13.4860801697,15.220736265189998,13.398971732457333,1.1107461351855914,0.08289786390808988,False
20260803T181855Z-86cfbe2a805d-rtx3080_topk_gate_release_v2,topk_gate.release.cub_pair.e2_t64,topk_gate,cuda_local_pair_two_reduce_top2_v4,L1_kernel_body,warm,5,5,150,8.07424008846,8.104960024355,9.449984103437998,8.338090642293201,1.7295210172363937,0.20742410840004116,False
20260803T181855Z-86cfbe2a805d-rtx3080_topk_gate_release_v2,topk_gate.release.cub_pair.e2_t64,topk_gate,cuda_naive,L1_kernel_body,warm,5,5,150,8.29952001572,8.25343996286,9.259007841347499,8.3647829453148,1.7317335010037997,0.20702671095294364,True
20260803T181855Z-86cfbe2a805d-rtx3080_topk_gate_release_v2,topk_gate.release.cub_pair.e2_t64,topk_gate,cuda_subwarp_pair_top2_v2,L1_kernel_body,warm,5,5,150,7.99743980169,8.145920038225,19.9838715792,10.439202129842066,4.760735464185837,0.4560439969426918,False
20260803T181855Z-86cfbe2a805d-rtx3080_topk_gate_release_v2,topk_gate.release.cub_pair.e2_t64,topk_gate,cuda_vector_pair_top2_v3,L1_kernel_body,warm,5,5,150,8.35072010756,8.360959887505,9.422847896811998,8.401851725578535,0.7319212484052454,0.08711427817477305,False
20260803T181855Z-86cfbe2a805d-rtx3080_topk_gate_release_v2,topk_gate.release.cub_pair.e2_t8,topk_gate,cub_block_radix_top2,L1_kernel_body,warm,5,5,150,13.2454401255,13.27103972435,24.356351494800002,15.011225573217335,3.996711247082335,0.2662481639216168,False
20260803T181855Z-86cfbe2a805d-rtx3080_topk_gate_release_v2,topk_gate.release.cub_pair.e2_t8,topk_gate,cuda_local_pair_two_reduce_top2_v4,L1_kernel_body,warm,5,5,150,8.16128015518,8.32512021065,20.106752514845,10.587545605499733,4.740076784820533,0.4477030807176203,False
20260803T181855Z-86cfbe2a805d-rtx3080_topk_gate_release_v2,topk_gate.release.cub_pair.e2_t8,topk_gate,cuda_naive,L1_kernel_body,warm,5,5,150,8.78080010414,8.73472005129,32.078337073345004,13.119829368591267,10.678960448197062,0.813955741967375,True
20260803T181855Z-86cfbe2a805d-rtx3080_topk_gate_release_v2,topk_gate.release.cub_pair.e2_t8,topk_gate,cuda_subwarp_pair_top2_v2,L1_kernel_body,warm,5,5,150,8.67839992046,8.63231986761,19.7324800491,10.699093329908933,4.521270128358503,0.4225844180384382,False
20260803T181855Z-86cfbe2a805d-rtx3080_topk_gate_release_v2,topk_gate.release.cub_pair.e2_t8,topk_gate,cuda_vector_pair_top2_v3,L1_kernel_body,warm,5,5,150,8.08448016644,8.166400194165,63.510529041289956,13.6396801352486,16.331982101201184,1.1973874709125292,False
20260803T181855Z-86cfbe2a805d-rtx3080_topk_gate_release_v2,topk_gate.release.cub_pair.e31_t1,topk_gate,cub_block_radix_top2,L1_kernel_body,warm,5,5,150,13.1891196966,13.301759958249999,30.520833134645,16.395605349537334,6.673648026929426,0.40703883050696565,False
20260803T181855Z-86cfbe2a805d-rtx3080_topk_gate_release_v2,topk_gate.release.cub_pair.e31_t1,topk_gate,cuda_local_pair_two_reduce_top2_v4,L1_kernel_body,warm,5,5,150,8.13567996025,8.25856000185,79.59757018088996,21.228339175382867,26.304482372940797,1.2391210709241165,False
20260803T181855Z-86cfbe2a805d-rtx3080_topk_gate_release_v2,topk_gate.release.cub_pair.e31_t1,topk_gate,cuda_naive,L1_kernel_body,warm,5,5,150,8.03327977657,8.053759932515,8.743424087763499,8.085777076085533,0.4445945934557447,0.05498477008111888,True
20260803T181855Z-86cfbe2a805d-rtx3080_topk_gate_release_v2,topk_gate.release.cub_pair.e31_t1,topk_gate,cuda_subwarp_pair_top2_v2,L1_kernel_body,warm,5,5,150,9.00608003139,8.821759819985001,21.503200054135,11.197909311453733,5.1278259146994,0.45792708014293576,False
20260803T181855Z-86cfbe2a805d-rtx3080_topk_gate_release_v2,topk_gate.release.cub_pair.e31_t1,topk_gate,cuda_vector_pair_top2_v3,L1_kernel_body,warm,5,5,150,8.36608022451,8.627200126645,21.592575907745,11.042474695048199,5.265397451305081,0.4768312897892585,False
20260803T181855Z-86cfbe2a805d-rtx3080_topk_gate_release_v2,topk_gate.release.cub_pair.e31_t1024,topk_gate,cub_block_radix_top2,L1_kernel_body,warm,5,5,150,22.6508808136,22.4358391762,40.6732797623,25.590647459028666,7.0450736589792315,0.2752987657017506,False
20260803T181855Z-86cfbe2a805d-rtx3080_topk_gate_release_v2,topk_gate.release.cub_pair.e31_t1024,topk_gate,cuda_local_pair_two_reduce_top2_v4,L1_kernel_body,warm,5,5,150,8.51456016302,8.432639837265,9.218048125501998,8.468138662974,0.48344281996058686,0.057089620187065086,False
20260803T181855Z-86cfbe2a805d-rtx3080_topk_gate_release_v2,topk_gate.release.cub_pair.e31_t1024,topk_gate,cuda_naive,L1_kernel_body,warm,5,5,150,10.352640152,10.3628802299,80.637439727815,23.857015673319,27.440118252416905,1.1501907291407425,True
20260803T181855Z-86cfbe2a805d-rtx3080_topk_gate_release_v2,topk_gate.release.cub_pair.e31_t1024,topk_gate,cuda_subwarp_pair_top2_v2,L1_kernel_body,warm,5,5,150,8.50432008505,8.51967990398,10.574335992344999,8.741000533104534,0.8268585827376873,0.09459541612040294,False
20260803T181855Z-86cfbe2a805d-rtx3080_topk_gate_release_v2,topk_gate.release.cub_pair.e31_t1024,topk_gate,cuda_vector_pair_top2_v3,L1_kernel_body,warm,5,5,150,8.44799995422,8.473600149155,9.610239744184494,8.5388629357022,0.5993054815803212,0.07018563081444248,False
20260803T181855Z-86cfbe2a805d-rtx3080_topk_gate_release_v2,topk_gate.release.cub_pair.e31_t128,topk_gate,cub_block_radix_top2,L1_kernel_body,warm,5,5,150,12.8972804546,12.92799949645,14.007807910434998,12.957559498149333,0.6103621173181959,0.0471047126895594,False
20260803T181855Z-86cfbe2a805d-rtx3080_topk_gate_release_v2,topk_gate.release.cub_pair.e31_t128,topk_gate,cuda_local_pair_two_reduce_top2_v4,L1_kernel_body,warm,5,5,150,8.94464015961,9.006080031395,32.8908801079,13.061529640354333,8.857693605308127,0.6781513229462637,False
20260803T181855Z-86cfbe2a805d-rtx3080_topk_gate_release_v2,topk_gate.release.cub_pair.e31_t128,topk_gate,cuda_naive,L1_kernel_body,warm,5,5,150,9.92255985737,9.83040004969,10.6506240368,9.575697064396,0.8931294158399028,0.09327043345603563,True
20260803T181855Z-86cfbe2a805d-rtx3080_topk_gate_release_v2,topk_gate.release.cub_pair.e31_t128,topk_gate,cuda_subwarp_pair_top2_v2,L1_kernel_body,warm,5,5,150,8.22272002697,8.279039859775,9.626111924649997,8.484727485974268,0.7055106667874833,0.08315065721954325,False
20260803T181855Z-86cfbe2a805d-rtx3080_topk_gate_release_v2,topk_gate.release.cub_pair.e31_t128,topk_gate,cuda_vector_pair_top2_v3,L1_kernel_body,warm,5,5,150,8.64767998457,8.586239814755,21.44819188119,11.035101874670135,5.136378183345187,0.46545815722237954,False
20260803T181855Z-86cfbe2a805d-rtx3080_topk_gate_release_v2,topk_gate.release.cub_pair.e31_t16,topk_gate,cub_block_radix_top2,L1_kernel_body,warm,5,5,150,12.9126399755,12.93311953545,54.016512155545,20.19061761697,15.259983262854517,0.75579576377241,False
20260803T181855Z-86cfbe2a805d-rtx3080_topk_gate_release_v2,topk_gate.release.cub_pair.e31_t16,topk_gate,cuda_local_pair_two_reduce_top2_v4,L1_kernel_body,warm,5,5,150,8.4582400322,8.4582400322,9.327616035935497,8.455372810363466,0.5913356751342383,0.06993608542126707,False
20260803T181855Z-86cfbe2a805d-rtx3080_topk_gate_release_v2,topk_gate.release.cub_pair.e31_t16,topk_gate,cuda_naive,L1_kernel_body,warm,5,5,150,8.76543998718,9.006080031395,58.507776737235005,21.0776747107482,19.068969934976817,0.9046998872818224,True
20260803T181855Z-86cfbe2a805d-rtx3080_topk_gate_release_v2,topk_gate.release.cub_pair.e31_t16,topk_gate,cuda_subwarp_pair_top2_v2,L1_kernel_body,warm,5,5,150,9.02655988932,9.2774400115,53.41593480106499,19.027899726229734,15.967091203865463,0.8391410210058559,False
20260803T181855Z-86cfbe2a805d-rtx3080_topk_gate_release_v2,topk_gate.release.cub_pair.e31_t16,topk_gate,cuda_vector_pair_top2_v3,L1_kernel_body,warm,5,5,150,8.19199979305,8.279039859775,9.08288002014,8.3395242651302,0.4717312192257466,0.05656572296314097,False
20260803T181855Z-86cfbe2a805d-rtx3080_topk_gate_release_v2,topk_gate.release.cub_pair.e31_t2,topk_gate,cub_block_radix_top2,L1_kernel_body,warm,5,5,150,13.2915198803,13.4246397018,30.641663670525,16.445166913671333,6.743003356379374,0.41002948719077603,False
20260803T181855Z-86cfbe2a805d-rtx3080_topk_gate_release_v2,topk_gate.release.cub_pair.e31_t2,topk_gate,cuda_local_pair_two_reduce_top2_v4,L1_kernel_body,warm,5,5,150,8.33024024963,8.38144004345,20.7872009277,10.7918677449218,4.9735897256792905,0.4608645920461407,False
20260803T181855Z-86cfbe2a805d-rtx3080_topk_gate_release_v2,topk_gate.release.cub_pair.e31_t2,topk_gate,cuda_naive,L1_kernel_body,warm,5,5,150,8.09983998537,8.12031984329,9.046016007661498,8.188723202546466,0.4526100752581533,0.05527236225513204,True
20260803T181855Z-86cfbe2a805d-rtx3080_topk_gate_release_v2,topk_gate.release.cub_pair.e31_t2,topk_gate,cuda_subwarp_pair_top2_v2,L1_kernel_body,warm,5,5,150,8.34048002958,8.458240032195,21.016159653625,10.928857620557068,5.026532364598323,0.45993209346450514,False
20260803T181855Z-86cfbe2a805d-rtx3080_topk_gate_release_v2,topk_gate.release.cub_pair.e31_t2,topk_gate,cuda_vector_pair_top2_v3,L1_kernel_body,warm,5,5,150,8.40192019939,8.483840227125,21.250047683745002,10.967859248319733,5.109241733177396,0.4658376459344268,False
20260803T181855Z-86cfbe2a805d-rtx3080_topk_gate_release_v2,topk_gate.release.cub_pair.e31_t2048,topk_gate,cub_block_radix_top2,L1_kernel_body,warm,5,5,150,35.7683205605,35.3894400597,43.80159974099,37.026611280442665,3.602341062883406,0.09729059555569296,False
20260803T181855Z-86cfbe2a805d-rtx3080_topk_gate_release_v2,topk_gate.release.cub_pair.e31_t2048,topk_gate,cuda_local_pair_two_reduce_top2_v4,L1_kernel_body,warm,5,5,150,10.332159996,10.2502405643,11.0899198055,10.211396288867599,0.5875777309808298,0.05754136989291106,False
20260803T181855Z-86cfbe2a805d-rtx3080_topk_gate_release_v2,topk_gate.release.cub_pair.e31_t2048,topk_gate,cuda_naive,L1_kernel_body,warm,5,5,150,10.0966399908,10.045440197,21.7553931475,12.006195251145668,4.738165326163462,0.3946433676156759,True
20260803T181855Z-86cfbe2a805d-rtx3080_topk_gate_release_v2,topk_gate.release.cub_pair.e31_t2048,topk_gate,cuda_subwarp_pair_top2_v2,L1_kernel_body,warm,5,5,150,10.5318403244,10.5216002464,22.195711731899998,12.5754026611646,4.723063606749355,0.37557951295946457,False
20260803T181855Z-86cfbe2a805d-rtx3080_topk_gate_release_v2,topk_gate.release.cub_pair.e31_t2048,topk_gate,cuda_vector_pair_top2_v3,L1_kernel_body,warm,5,5,150,10.5830395222,10.531840324400001,25.084416270245,12.473275713122199,5.3525156926255395,0.4291186866810423,False
20260803T181855Z-86cfbe2a805d-rtx3080_topk_gate_release_v2,topk_gate.release.cub_pair.e31_t256,topk_gate,cub_block_radix_top2,L1_kernel_body,warm,5,5,150,11.857919693,11.842559576,13.041663706279998,11.960729527474667,0.538692629452109,0.0450384425310089,False
20260803T181855Z-86cfbe2a805d-rtx3080_topk_gate_release_v2,topk_gate.release.cub_pair.e31_t256,topk_gate,cuda_local_pair_two_reduce_top2_v4,L1_kernel_body,warm,5,5,150,8.43775987625,8.663040101525,21.9750404358,11.106850131352534,5.404828617916823,0.4866211890858251,False
20260803T181855Z-86cfbe2a805d-rtx3080_topk_gate_release_v2,topk_gate.release.cub_pair.e31_t256,topk_gate,cuda_naive,L1_kernel_body,warm,5,5,150,9.92256015539,9.70752000809,10.871295869345001,9.458483223119666,1.0059067006267486,0.10634968386558845,True
20260803T181855Z-86cfbe2a805d-rtx3080_topk_gate_release_v2,topk_gate.release.cub_pair.e31_t256,topk_gate,cuda_subwarp_pair_top2_v2,L1_kernel_body,warm,5,5,150,8.1817600131,8.166400194165,8.9246720075635,8.188791449864668,0.39905203921727395,0.04873149373267637,False
20260803T181855Z-86cfbe2a805d-rtx3080_topk_gate_release_v2,topk_gate.release.cub_pair.e31_t256,topk_gate,cuda_vector_pair_top2_v3,L1_kernel_body,warm,5,5,150,8.34560006857,8.683519959449999,58.209281444534966,16.449467722575935,17.288371917454917,1.0509988656792606,False
20260803T181855Z-86cfbe2a805d-rtx3080_topk_gate_release_v2,topk_gate.release.cub_pair.e31_t32,topk_gate,cub_block_radix_top2,L1_kernel_body,warm,5,5,150,13.1225597858,13.296639919299999,21.720848083474998,14.460089619947333,2.9274422844507537,0.20244980227594303,False
20260803T181855Z-86cfbe2a805d-rtx3080_topk_gate_release_v2,topk_gate.release.cub_pair.e31_t32,topk_gate,cuda_local_pair_two_reduce_top2_v4,L1_kernel_body,warm,5,5,150,8.26368004084,8.263680040835,31.58886373039,12.836317853132334,9.353009020360181,0.7286364460099318,False
20260803T181855Z-86cfbe2a805d-rtx3080_topk_gate_release_v2,topk_gate.release.cub_pair.e31_t32,topk_gate,cuda_naive,L1_kernel_body,warm,5,5,150,8.8524800539,8.970240056515,21.7804789543,11.480405346552667,5.163652460106392,0.4497796292233647,True
20260803T181855Z-86cfbe2a805d-rtx3080_topk_gate_release_v2,topk_gate.release.cub_pair.e31_t32,topk_gate,cuda_subwarp_pair_top2_v2,L1_kernel_body,warm,5,5,150,8.02815973759,8.176639974115,8.907264143227998,8.214664538701733,0.397177544518599,0.04834981911280457,False
20260803T181855Z-86cfbe2a805d-rtx3080_topk_gate_release_v2,topk_gate.release.cub_pair.e31_t32,topk_gate,cuda_vector_pair_top2_v3,L1_kernel_body,warm,5,5,150,8.27392011881,8.212479949,9.257984161377,8.273032569884935,0.5098586971271076,0.06162899672159746,False
20260803T181855Z-86cfbe2a805d-rtx3080_topk_gate_release_v2,topk_gate.release.cub_pair.e31_t4,topk_gate,cub_block_radix_top2,L1_kernel_body,warm,5,5,150,13.1071996689,13.2300794125,21.392384767544996,14.487210663157999,2.9942337832009334,0.20668117920142362,False
20260803T181855Z-86cfbe2a805d-rtx3080_topk_gate_release_v2,topk_gate.release.cub_pair.e31_t4,topk_gate,cuda_local_pair_two_reduce_top2_v4,L1_kernel_body,warm,5,5,150,8.28416019678,8.668159842489999,77.22956824304998,21.422967509428265,26.01745440547852,1.214465474684038,False
20260803T181855Z-86cfbe2a805d-rtx3080_topk_gate_release_v2,topk_gate.release.cub_pair.e31_t4,topk_gate,cuda_naive,L1_kernel_body,warm,5,5,150,8.30976009369,8.330240249635,9.206272035837497,8.3908607999488,0.5104086604030725,0.06082911784285433,True
20260803T181855Z-86cfbe2a805d-rtx3080_topk_gate_release_v2,topk_gate.release.cub_pair.e31_t4,topk_gate,cuda_subwarp_pair_top2_v2,L1_kernel_body,warm,5,5,150,8.47871989012,8.6630398035,33.11923146248999,12.992170671620867,9.095883435324357,0.7001049836262334,False
20260803T181855Z-86cfbe2a805d-rtx3080_topk_gate_release_v2,topk_gate.release.cub_pair.e31_t4,topk_gate,cuda_vector_pair_top2_v3,L1_kernel_body,warm,5,5,150,8.31488013268,8.350719809535,9.972223907707999,8.494353048006266,0.6409058376711404,0.07545081232779338,False
20260803T181855Z-86cfbe2a805d-rtx3080_topk_gate_release_v2,topk_gate.release.cub_pair.e31_t4096,topk_gate,cub_block_radix_top2,L1_kernel_body,warm,5,5,150,66.5036797523,66.5651202202,74.5881605148,67.780904388426,2.8786527337817014,0.04246996642719995,False
20260803T181855Z-86cfbe2a805d-rtx3080_topk_gate_release_v2,topk_gate.release.cub_pair.e31_t4096,topk_gate,cuda_local_pair_two_reduce_top2_v4,L1_kernel_body,warm,5,5,150,12.4364799261,12.70272016525,19.56300812959998,13.747268279390667,2.6250491304935273,0.19095060030427222,False
20260803T181855Z-86cfbe2a805d-rtx3080_topk_gate_release_v2,topk_gate.release.cub_pair.e31_t4096,topk_gate,cuda_naive,L1_kernel_body,warm,5,5,150,10.3014397621,10.2553600073,10.8395522833,9.9934208472586,0.7780059929292583,0.07785181919389308,True
20260803T181855Z-86cfbe2a805d-rtx3080_topk_gate_release_v2,topk_gate.release.cub_pair.e31_t4096,topk_gate,cuda_subwarp_pair_top2_v2,L1_kernel_body,warm,5,5,150,12.1292799711,12.339199781400001,14.151167809979999,12.47682555517,0.8737270384214745,0.07002799186043197,False
20260803T181855Z-86cfbe2a805d-rtx3080_topk_gate_release_v2,topk_gate.release.cub_pair.e31_t4096,topk_gate,cuda_vector_pair_top2_v3,L1_kernel_body,warm,5,5,150,13.0048000813,12.9945600033,19.048960149324998,13.610257085168668,2.554401573838599,0.18768209577923214,False
20260803T181855Z-86cfbe2a805d-rtx3080_topk_gate_release_v2,topk_gate.release.cub_pair.e31_t512,topk_gate,cub_block_radix_top2,L1_kernel_body,warm,5,5,150,14.0185600519,13.95200014115,18.385919868934998,14.42938879331,1.8661175979494093,0.12932755674409513,False
20260803T181855Z-86cfbe2a805d-rtx3080_topk_gate_release_v2,topk_gate.release.cub_pair.e31_t512,topk_gate,cuda_local_pair_two_reduce_top2_v4,L1_kernel_body,warm,5,5,150,8.28415989876,8.3353599906,31.47315192219,12.779861303170867,9.353288163185704,0.7318771261519887,False
20260803T181855Z-86cfbe2a805d-rtx3080_topk_gate_release_v2,topk_gate.release.cub_pair.e31_t512,topk_gate,cuda_naive,L1_kernel_body,warm,5,5,150,10.0095999241,10.12735962865,43.46214544772987,17.6638634840632,14.43681687777049,0.8173079966789691,True
20260803T181855Z-86cfbe2a805d-rtx3080_topk_gate_release_v2,topk_gate.release.cub_pair.e31_t512,topk_gate,cuda_subwarp_pair_top2_v2,L1_kernel_body,warm,5,5,150,8.33024024963,8.38144004345,33.697279095645,13.290222887197332,10.060734741466614,0.7570027099514086,False
20260803T181855Z-86cfbe2a805d-rtx3080_topk_gate_release_v2,topk_gate.release.cub_pair.e31_t512,topk_gate,cuda_vector_pair_top2_v3,L1_kernel_body,warm,5,5,150,8.9753600955,8.893439769745001,22.039552926989998,11.432823483149734,5.638545547045249,0.493189241953715,False
20260803T181855Z-86cfbe2a805d-rtx3080_topk_gate_release_v2,topk_gate.release.cub_pair.e31_t64,topk_gate,cub_block_radix_top2,L1_kernel_body,warm,5,5,150,12.8563201427,13.184000253699999,21.961216330545,14.709213860832,3.0671876571548373,0.20852152169207414,False
20260803T181855Z-86cfbe2a805d-rtx3080_topk_gate_release_v2,topk_gate.release.cub_pair.e31_t64,topk_gate,cuda_local_pair_two_reduce_top2_v4,L1_kernel_body,warm,5,5,150,8.48384022713,8.5504001379,9.537536174061499,8.582348799705201,0.5689656367607935,0.06629486286788264,False
20260803T181855Z-86cfbe2a805d-rtx3080_topk_gate_release_v2,topk_gate.release.cub_pair.e31_t64,topk_gate,cuda_naive,L1_kernel_body,warm,5,5,150,9.34912025928,9.344000220295,10.055680275,9.190604797998933,0.7231284120437049,0.0786812650459251,True
20260803T181855Z-86cfbe2a805d-rtx3080_topk_gate_release_v2,topk_gate.release.cub_pair.e31_t64,topk_gate,cuda_subwarp_pair_top2_v2,L1_kernel_body,warm,5,5,150,8.63232016563,8.64255994558,22.176255583745,11.198941854635066,5.474179868707181,0.4888122413495257,False
20260803T181855Z-86cfbe2a805d-rtx3080_topk_gate_release_v2,topk_gate.release.cub_pair.e31_t64,topk_gate,cuda_vector_pair_top2_v3,L1_kernel_body,warm,5,5,150,8.33024024963,8.32512021065,9.186304211617,8.358024557431934,0.46757325693942065,0.05594303459226567,False
20260803T181855Z-86cfbe2a805d-rtx3080_topk_gate_release_v2,topk_gate.release.cub_pair.e31_t8,topk_gate,cub_block_radix_top2,L1_kernel_body,warm,5,5,150,12.8665602207,12.9331195354,23.318527817735,14.496972672145333,3.7736257288749644,0.2603043969397595,False
20260803T181855Z-86cfbe2a805d-rtx3080_topk_gate_release_v2,topk_gate.release.cub_pair.e31_t8,topk_gate,cuda_local_pair_two_reduce_top2_v4,L1_kernel_body,warm,5,5,150,8.80127996206,8.862720131875001,21.203455328945,11.1442602713908,5.013693806162773,0.4498902290566357,False
20260803T181855Z-86cfbe2a805d-rtx3080_topk_gate_release_v2,topk_gate.release.cub_pair.e31_t8,topk_gate,cuda_naive,L1_kernel_body,warm,5,5,150,8.3353599906,8.4582400322,21.888511776899996,11.051349322000933,5.41509895742223,0.4899943707907139,True
20260803T181855Z-86cfbe2a805d-rtx3080_topk_gate_release_v2,topk_gate.release.cub_pair.e31_t8,topk_gate,cuda_subwarp_pair_top2_v2,L1_kernel_body,warm,5,5,150,8.14079999924,8.25344026089,21.7041927576,10.869964822132934,5.3861376989797956,0.4955064516872018,False
20260803T181855Z-86cfbe2a805d-rtx3080_topk_gate_release_v2,topk_gate.release.cub_pair.e31_t8,topk_gate,cuda_vector_pair_top2_v3,L1_kernel_body,warm,5,5,150,8.3353599906,8.29439997673,9.320959985254998,8.307097605864199,0.5601067099667358,0.0674250787147778,False
20260803T181855Z-86cfbe2a805d-rtx3080_topk_gate_release_v2,topk_gate.release.cub_pair.e32_t1,topk_gate,cub_block_radix_top2,L1_kernel_body,warm,5,5,150,12.9843199253,13.0918395519,39.939072012880004,17.881361126898,10.127227461013563,0.5663566318662231,False
20260803T181855Z-86cfbe2a805d-rtx3080_topk_gate_release_v2,topk_gate.release.cub_pair.e32_t1,topk_gate,cuda_local_pair_two_reduce_top2_v4,L1_kernel_body,warm,5,5,150,8.212479949,8.32512021065,38.491647839535,14.226568528015132,11.953800748466742,0.840244836618695,False
20260803T181855Z-86cfbe2a805d-rtx3080_topk_gate_release_v2,topk_gate.release.cub_pair.e32_t1,topk_gate,cuda_naive,L1_kernel_body,warm,5,5,150,8.29439997673,8.29439997673,9.5037439167495,8.509576519330666,1.6073007744916041,0.18888140565401823,True
20260803T181855Z-86cfbe2a805d-rtx3080_topk_gate_release_v2,topk_gate.release.cub_pair.e32_t1,topk_gate,cuda_subwarp_pair_top2_v2,L1_kernel_body,warm,5,5,150,8.64767998457,8.64256024361,43.57375884056999,15.111304485797534,13.366093833704731,0.8845095965253661,False
20260803T181855Z-86cfbe2a805d-rtx3080_topk_gate_release_v2,topk_gate.release.cub_pair.e32_t1,topk_gate,cuda_vector_pair_top2_v3,L1_kernel_body,warm,5,5,150,8.14592003822,8.25856000185,21.550591587999996,10.812347761788333,5.34411017764645,0.494259923504583,False
20260803T181855Z-86cfbe2a805d-rtx3080_topk_gate_release_v2,topk_gate.release.cub_pair.e32_t1024,topk_gate,cub_block_radix_top2,L1_kernel_body,warm,5,5,150,21.3196802139,21.4323210716,46.958081007035,26.202658303574665,9.591406341069936,0.3660470716347677,False
20260803T181855Z-86cfbe2a805d-rtx3080_topk_gate_release_v2,topk_gate.release.cub_pair.e32_t1024,topk_gate,cuda_local_pair_two_reduce_top2_v4,L1_kernel_body,warm,5,5,150,8.38144004345,8.46336007118,20.55343914035,10.799780197939201,4.923462964818719,0.45588547864689016,False
20260803T181855Z-86cfbe2a805d-rtx3080_topk_gate_release_v2,topk_gate.release.cub_pair.e32_t1024,topk_gate,cuda_naive,L1_kernel_body,warm,5,5,150,11.3664001226,11.22303962705,13.530111849335,11.142963214712399,2.0869859869615266,0.18729183133316052,True
20260803T181855Z-86cfbe2a805d-rtx3080_topk_gate_release_v2,topk_gate.release.cub_pair.e32_t1024,topk_gate,cuda_subwarp_pair_top2_v2,L1_kernel_body,warm,5,5,150,8.40191990137,8.432639837265,10.4606717825,8.633207468192133,0.8273572788728887,0.09583428661029784,False
20260803T181855Z-86cfbe2a805d-rtx3080_topk_gate_release_v2,topk_gate.release.cub_pair.e32_t1024,topk_gate,cuda_vector_pair_top2_v3,L1_kernel_body,warm,5,5,150,9.01631981134,9.12895977497,57.672191143025,17.465412235261336,15.619117081436332,0.8942884869274672,False
20260803T181855Z-86cfbe2a805d-rtx3080_topk_gate_release_v2,topk_gate.release.cub_pair.e32_t128,topk_gate,cub_block_radix_top2,L1_kernel_body,warm,5,5,150,12.7487999201,13.0201601982,14.206224143490001,13.034210189184668,0.6707209951012116,0.05145850691112473,False
20260803T181855Z-86cfbe2a805d-rtx3080_topk_gate_release_v2,topk_gate.release.cub_pair.e32_t128,topk_gate,cuda_local_pair_two_reduce_top2_v4,L1_kernel_body,warm,5,5,150,8.62208008766,8.831999897955,33.302528858144996,13.7839957277014,9.805761155301134,0.7113874198027141,False
20260803T181855Z-86cfbe2a805d-rtx3080_topk_gate_release_v2,topk_gate.release.cub_pair.e32_t128,topk_gate,cuda_naive,L1_kernel_body,warm,5,5,150,10.03008008,9.98399972916,10.75872015952,9.982521625359533,0.4679843871729512,0.0468803779982892,True
20260803T181855Z-86cfbe2a805d-rtx3080_topk_gate_release_v2,topk_gate.release.cub_pair.e32_t128,topk_gate,cuda_subwarp_pair_top2_v2,L1_kernel_body,warm,5,5,150,8.34560006857,8.401920199395,20.80716776848,10.815692754585866,5.006583717746024,0.46289995762159825,False
20260803T181855Z-86cfbe2a805d-rtx3080_topk_gate_release_v2,topk_gate.release.cub_pair.e32_t128,topk_gate,cuda_vector_pair_top2_v3,L1_kernel_body,warm,5,5,150,9.0316799283,8.98047983646,21.2377595901,11.184537597496332,5.03216490256498,0.4499215867173118,False
20260803T181855Z-86cfbe2a805d-rtx3080_topk_gate_release_v2,topk_gate.release.cub_pair.e32_t16,topk_gate,cub_block_radix_top2,L1_kernel_body,warm,5,5,150,12.8819203377,12.91263997555,14.013951957245,12.9008298556,0.7065597638311606,0.05476855146062226,False
20260803T181855Z-86cfbe2a805d-rtx3080_topk_gate_release_v2,topk_gate.release.cub_pair.e32_t16,topk_gate,cuda_local_pair_two_reduce_top2_v4,L1_kernel_body,warm,5,5,150,8.18175971508,8.25344026089,21.090816855445,10.731519985198934,5.112828766209994,0.476430997031332,False
20260803T181855Z-86cfbe2a805d-rtx3080_topk_gate_release_v2,topk_gate.release.cub_pair.e32_t16,topk_gate,cuda_naive,L1_kernel_body,warm,5,5,150,8.31488013268,8.43775987625,21.5664637089,10.916590925057333,5.320326870996463,0.4873615680500111,True
20260803T181855Z-86cfbe2a805d-rtx3080_topk_gate_release_v2,topk_gate.release.cub_pair.e32_t16,topk_gate,cuda_subwarp_pair_top2_v2,L1_kernel_body,warm,5,5,150,8.0895999074,8.18175971508,22.120447158845,10.865186127026,5.631805203559214,0.5183349035826174,False
20260803T181855Z-86cfbe2a805d-rtx3080_topk_gate_release_v2,topk_gate.release.cub_pair.e32_t16,topk_gate,cuda_vector_pair_top2_v3,L1_kernel_body,warm,5,5,150,9.0316799283,8.94976019859,22.118336081484994,11.499846406777866,5.989677350532644,0.5208484651588392,False
20260803T181855Z-86cfbe2a805d-rtx3080_topk_gate_release_v2,topk_gate.release.cub_pair.e32_t2,topk_gate,cub_block_radix_top2,L1_kernel_body,warm,5,5,150,12.8358399868,12.9945600033,22.674431681635,14.655829286575333,3.6461742459634983,0.24878662098659785,False
20260803T181855Z-86cfbe2a805d-rtx3080_topk_gate_release_v2,topk_gate.release.cub_pair.e32_t2,topk_gate,cuda_local_pair_two_reduce_top2_v4,L1_kernel_body,warm,5,5,150,8.19711983204,8.207359910015,11.026431858524997,8.457625591753867,0.9866877881419884,0.11666250503025376,False
20260803T181855Z-86cfbe2a805d-rtx3080_topk_gate_release_v2,topk_gate.release.cub_pair.e32_t2,topk_gate,cuda_naive,L1_kernel_body,warm,5,5,150,8.18688005209,8.23296010494,8.8596481084795,8.248319991429733,0.41454127900799215,0.05025766209830774,True
20260803T181855Z-86cfbe2a805d-rtx3080_topk_gate_release_v2,topk_gate.release.cub_pair.e32_t2,topk_gate,cuda_subwarp_pair_top2_v2,L1_kernel_body,warm,5,5,150,8.74495983124,8.91391992569,10.6905603409,9.0509311993926,0.8371110510364231,0.09248894203201996,False
20260803T181855Z-86cfbe2a805d-rtx3080_topk_gate_release_v2,topk_gate.release.cub_pair.e32_t2,topk_gate,cuda_vector_pair_top2_v3,L1_kernel_body,warm,5,5,150,8.25856000185,8.38144004345,9.2011519968515,8.391202123959866,0.4926416957502604,0.05870931107041185,False
20260803T181855Z-86cfbe2a805d-rtx3080_topk_gate_release_v2,topk_gate.release.cub_pair.e32_t2048,topk_gate,cub_block_radix_top2,L1_kernel_body,warm,5,5,150,42.9875206947,42.3987197876,45.33657550808999,41.231496508915335,3.598616964569791,0.08727834954502986,False
20260803T181855Z-86cfbe2a805d-rtx3080_topk_gate_release_v2,topk_gate.release.cub_pair.e32_t2048,topk_gate,cuda_local_pair_two_reduce_top2_v4,L1_kernel_body,warm,5,5,150,8.86272013187,8.93952012062,59.151359558134985,17.756432990233336,18.859498552309287,1.0621220243211391,False
20260803T181855Z-86cfbe2a805d-rtx3080_topk_gate_release_v2,topk_gate.release.cub_pair.e32_t2048,topk_gate,cuda_naive,L1_kernel_body,warm,5,5,150,11.3254404068,11.80672049525,38.48396730424497,16.822408513226602,9.991984068057675,0.593968697181589,True
20260803T181855Z-86cfbe2a805d-rtx3080_topk_gate_release_v2,topk_gate.release.cub_pair.e32_t2048,topk_gate,cuda_subwarp_pair_top2_v2,L1_kernel_body,warm,5,5,150,9.92255985737,9.99423980713,11.276288032545,10.055679984890332,0.6788545484465442,0.06750956170707414,False
20260803T181855Z-86cfbe2a805d-rtx3080_topk_gate_release_v2,topk_gate.release.cub_pair.e32_t2048,topk_gate,cuda_vector_pair_top2_v3,L1_kernel_body,warm,5,5,150,8.17663997412,8.227840065955,21.914623975745002,10.907170120874065,5.532853939115624,0.5072675935004339,False
20260803T181855Z-86cfbe2a805d-rtx3080_topk_gate_release_v2,topk_gate.release.cub_pair.e32_t256,topk_gate,cub_block_radix_top2,L1_kernel_body,warm,5,5,150,12.1036803722,12.1907198429,78.76812911031499,24.774792583780666,25.416953753214415,1.0259199412976783,False
20260803T181855Z-86cfbe2a805d-rtx3080_topk_gate_release_v2,topk_gate.release.cub_pair.e32_t256,topk_gate,cuda_local_pair_two_reduce_top2_v4,L1_kernel_body,warm,5,5,150,8.31999987364,8.34559977055,32.758783102045,13.145361069839668,9.794108808136958,0.7450619846881403,False
20260803T181855Z-86cfbe2a805d-rtx3080_topk_gate_release_v2,topk_gate.release.cub_pair.e32_t256,topk_gate,cuda_naive,L1_kernel_body,warm,5,5,150,11.4073598385,11.60704016685,13.881856143459995,11.871027235190866,1.0079269090654004,0.0849064608391655,True
20260803T181855Z-86cfbe2a805d-rtx3080_topk_gate_release_v2,topk_gate.release.cub_pair.e32_t256,topk_gate,cuda_subwarp_pair_top2_v2,L1_kernel_body,warm,5,5,150,8.7296000123,8.78592014313,22.083070874199997,11.1783935904492,5.457064382855533,0.4881796600468639,False
20260803T181855Z-86cfbe2a805d-rtx3080_topk_gate_release_v2,topk_gate.release.cub_pair.e32_t256,topk_gate,cuda_vector_pair_top2_v3,L1_kernel_body,warm,5,5,150,8.54528009892,8.494080007075,9.55392003059,8.541730133692,0.5467530094191954,0.06400963280993657,False
20260803T181855Z-86cfbe2a805d-rtx3080_topk_gate_release_v2,topk_gate.release.cub_pair.e32_t32,topk_gate,cub_block_radix_top2,L1_kernel_body,warm,5,5,150,13.071359992,13.1071996689,58.842111587525,20.875059111912666,16.527746742133345,0.7917461049344544,False
20260803T181855Z-86cfbe2a805d-rtx3080_topk_gate_release_v2,topk_gate.release.cub_pair.e32_t32,topk_gate,cuda_local_pair_two_reduce_top2_v4,L1_kernel_body,warm,5,5,150,8.18175971508,8.227840065955,32.65740871429,12.240076800186866,8.513163496521164,0.6955155294770042,False
20260803T181855Z-86cfbe2a805d-rtx3080_topk_gate_release_v2,topk_gate.release.cub_pair.e32_t32,topk_gate,cuda_naive,L1_kernel_body,warm,5,5,150,9.52831983566,9.7023999691,10.602496206734997,9.746909868715466,0.4962147646842854,0.05090995724470374,True
20260803T181855Z-86cfbe2a805d-rtx3080_topk_gate_release_v2,topk_gate.release.cub_pair.e32_t32,topk_gate,cuda_subwarp_pair_top2_v2,L1_kernel_body,warm,5,5,150,8.80127996206,8.862720131875,67.49542379379,18.858803256353134,21.53027204844427,1.1416563265323412,False
20260803T181855Z-86cfbe2a805d-rtx3080_topk_gate_release_v2,topk_gate.release.cub_pair.e32_t32,topk_gate,cuda_vector_pair_top2_v3,L1_kernel_body,warm,5,5,150,8.50944012403,8.565760254859999,9.515008002521999,8.536814920107732,0.5133655254751934,0.060135487330995684,False
20260803T181855Z-86cfbe2a805d-rtx3080_topk_gate_release_v2,topk_gate.release.cub_pair.e32_t4,topk_gate,cub_block_radix_top2,L1_kernel_body,warm,5,5,150,12.8563201427,13.1379199028,21.608448028545,14.468573864297332,3.2193940495931446,0.22250942489482842,False
20260803T181855Z-86cfbe2a805d-rtx3080_topk_gate_release_v2,topk_gate.release.cub_pair.e32_t4,topk_gate,cuda_local_pair_two_reduce_top2_v4,L1_kernel_body,warm,5,5,150,8.1561601162,8.22272002697,10.70950382949,8.549239472549665,0.9045103149939537,0.10580009109561168,False
20260803T181855Z-86cfbe2a805d-rtx3080_topk_gate_release_v2,topk_gate.release.cub_pair.e32_t4,topk_gate,cuda_naive,L1_kernel_body,warm,5,5,150,8.33023995161,8.565759956835,21.5664637089,11.004450106620267,5.187043017563858,0.47135867465502324,True
20260803T181855Z-86cfbe2a805d-rtx3080_topk_gate_release_v2,topk_gate.release.cub_pair.e32_t4,topk_gate,cuda_subwarp_pair_top2_v2,L1_kernel_body,warm,5,5,150,8.34048002958,8.46848011017,9.5902719795715,8.529442115624667,0.5868491941694899,0.06880276414496907,False
20260803T181855Z-86cfbe2a805d-rtx3080_topk_gate_release_v2,topk_gate.release.cub_pair.e32_t4,topk_gate,cuda_vector_pair_top2_v3,L1_kernel_body,warm,5,5,150,8.86272013187,9.01120007038,21.515263319,11.387221320469866,5.042541059645179,0.44282454145162004,False
20260803T181855Z-86cfbe2a805d-rtx3080_topk_gate_release_v2,topk_gate.release.cub_pair.e32_t4096,topk_gate,cub_block_radix_top2,L1_kernel_body,warm,5,5,150,66.5241599083,66.5600013733,211.8870983123,105.91040833792866,53.495211117727095,0.5050987146328411,False
20260803T181855Z-86cfbe2a805d-rtx3080_topk_gate_release_v2,topk_gate.release.cub_pair.e32_t4096,topk_gate,cuda_local_pair_two_reduce_top2_v4,L1_kernel_body,warm,5,5,150,8.64255994558,8.709120154379999,82.71155023571,22.304699707030736,27.722659118342342,1.242906628758772,False
20260803T181855Z-86cfbe2a805d-rtx3080_topk_gate_release_v2,topk_gate.release.cub_pair.e32_t4096,topk_gate,cuda_naive,L1_kernel_body,warm,5,5,150,11.6019201279,12.088320255300001,18.30655992029,12.573013341426599,2.760736012983698,0.2195763209673371,True
20260803T181855Z-86cfbe2a805d-rtx3080_topk_gate_release_v2,topk_gate.release.cub_pair.e32_t4096,topk_gate,cuda_subwarp_pair_top2_v2,L1_kernel_body,warm,5,5,150,11.852799654,11.852799654,18.672031998614997,12.915675719580001,2.653986576125869,0.2054856930251399,False
20260803T181855Z-86cfbe2a805d-rtx3080_topk_gate_release_v2,topk_gate.release.cub_pair.e32_t4096,topk_gate,cuda_vector_pair_top2_v3,L1_kernel_body,warm,5,5,150,8.83199989796,8.821759819985001,9.825791984796,8.829064532120732,0.5864574303615959,0.06642350706895665,False
20260803T181855Z-86cfbe2a805d-rtx3080_topk_gate_release_v2,topk_gate.release.cub_pair.e32_t512,topk_gate,cub_block_radix_top2,L1_kernel_body,warm,5,5,150,14.0083199739,14.0390396118,14.689791798599998,14.087031491601335,0.41426530167673836,0.029407565527465644,False
20260803T181855Z-86cfbe2a805d-rtx3080_topk_gate_release_v2,topk_gate.release.cub_pair.e32_t512,topk_gate,cuda_local_pair_two_reduce_top2_v4,L1_kernel_body,warm,5,5,150,8.37119996548,8.35583984852,8.9815038442625,8.377548793951535,0.4162513536049728,0.04968653288005915,False
20260803T181855Z-86cfbe2a805d-rtx3080_topk_gate_release_v2,topk_gate.release.cub_pair.e32_t512,topk_gate,cuda_naive,L1_kernel_body,warm,5,5,150,12.1907198429,12.14975953105,64.62207937237999,20.377395311991002,18.245830746195185,0.8953956316221875,True
20260803T181855Z-86cfbe2a805d-rtx3080_topk_gate_release_v2,topk_gate.release.cub_pair.e32_t512,topk_gate,cuda_subwarp_pair_top2_v2,L1_kernel_body,warm,5,5,150,8.43775987625,8.60159993172,9.55392003059,8.585352532068734,0.5911489257931892,0.06885552149257469,False
20260803T181855Z-86cfbe2a805d-rtx3080_topk_gate_release_v2,topk_gate.release.cub_pair.e32_t512,topk_gate,cuda_vector_pair_top2_v3,L1_kernel_body,warm,5,5,150,8.42751979828,8.458240032195,9.504256188872498,8.460424550374068,0.5961950117306238,0.07046868726041222,False
20260803T181855Z-86cfbe2a805d-rtx3080_topk_gate_release_v2,topk_gate.release.cub_pair.e32_t64,topk_gate,cub_block_radix_top2,L1_kernel_body,warm,5,5,150,13.1532800198,13.1071996689,21.846928596535,14.642737126348665,3.4522879248505007,0.23576793703673954,False
20260803T181855Z-86cfbe2a805d-rtx3080_topk_gate_release_v2,topk_gate.release.cub_pair.e32_t64,topk_gate,cuda_local_pair_two_reduce_top2_v4,L1_kernel_body,warm,5,5,150,8.23808014393,8.191999793055,8.91903996468,8.2120704094574,0.43673151614340466,0.0531816575318746,False
20260803T181855Z-86cfbe2a805d-rtx3080_topk_gate_release_v2,topk_gate.release.cub_pair.e32_t64,topk_gate,cuda_naive,L1_kernel_body,warm,5,5,150,9.88672018051,9.917439818385,10.881023943424998,10.3548928022374,2.6741392493657603,0.25824885881850507,True
20260803T181855Z-86cfbe2a805d-rtx3080_topk_gate_release_v2,topk_gate.release.cub_pair.e32_t64,topk_gate,cuda_subwarp_pair_top2_v2,L1_kernel_body,warm,5,5,150,8.44800025225,8.65279972553,9.398784041405499,8.615116794904,0.4898265052375859,0.05685662967765304,False
20260803T181855Z-86cfbe2a805d-rtx3080_topk_gate_release_v2,topk_gate.release.cub_pair.e32_t64,topk_gate,cuda_vector_pair_top2_v3,L1_kernel_body,warm,5,5,150,8.67839992046,8.59135985374,22.5745922327,11.252053320408667,5.638214830831727,0.5010831952427106,False
20260803T181855Z-86cfbe2a805d-rtx3080_topk_gate_release_v2,topk_gate.release.cub_pair.e32_t8,topk_gate,cub_block_radix_top2,L1_kernel_body,warm,5,5,150,12.8563201427,12.9843199253,21.535743474945,14.366583402952669,3.2192752484605904,0.224080782338197,False
20260803T181855Z-86cfbe2a805d-rtx3080_topk_gate_release_v2,topk_gate.release.cub_pair.e32_t8,topk_gate,cuda_local_pair_two_reduce_top2_v4,L1_kernel_body,warm,5,5,150,8.39679986238,8.401920199395,31.535615324945,12.953668260571733,9.301140554877676,0.7180313998922151,False
20260803T181855Z-86cfbe2a805d-rtx3080_topk_gate_release_v2,topk_gate.release.cub_pair.e32_t8,topk_gate,cuda_naive,L1_kernel_body,warm,5,5,150,8.33024024963,8.34559977055,21.571071744,10.886690135798734,5.259782871774498,0.4831388425834533,True
20260803T181855Z-86cfbe2a805d-rtx3080_topk_gate_release_v2,topk_gate.release.cub_pair.e32_t8,topk_gate,cuda_subwarp_pair_top2_v2,L1_kernel_body,warm,5,5,150,8.23808014393,8.23296010494,9.478143990038998,8.512375477950066,1.7073256498391327,0.20056982381259897,False
20260803T181855Z-86cfbe2a805d-rtx3080_topk_gate_release_v2,topk_gate.release.cub_pair.e32_t8,topk_gate,cuda_vector_pair_top2_v3,L1_kernel_body,warm,5,5,150,8.88831973076,8.84223997593,21.325312256799997,11.208089578149934,5.050732850867083,0.45063280549732926,False
20260803T181855Z-86cfbe2a805d-rtx3080_topk_gate_release_v2,topk_gate.release.cub_pair.e33_t1,topk_gate,cub_block_radix_top2,L1_kernel_body,warm,5,5,150,13.4553599358,13.27103972435,21.481984138479998,14.306235718725333,2.942332339565089,0.20566782187951024,False
20260803T181855Z-86cfbe2a805d-rtx3080_topk_gate_release_v2,topk_gate.release.cub_pair.e33_t1,topk_gate,cuda_local_pair_two_reduce_top2_v4,L1_kernel_body,warm,5,5,150,8.37119996548,8.57600003481,21.684736609444997,11.055308798949467,5.297155120341196,0.4791503536151391,False
20260803T181855Z-86cfbe2a805d-rtx3080_topk_gate_release_v2,topk_gate.release.cub_pair.e33_t1,topk_gate,cuda_naive,L1_kernel_body,warm,5,5,150,8.77056002617,8.84223997593,82.90150451657999,22.856908881663735,28.221123918989715,1.2346868102374622,True
20260803T181855Z-86cfbe2a805d-rtx3080_topk_gate_release_v2,topk_gate.release.cub_pair.e33_t1,topk_gate,cuda_subwarp_pair_top2_v2,L1_kernel_body,warm,5,5,150,8.11008006334,8.13567996025,8.9815038442625,8.1892010887466,0.4610697998610564,0.05630217097668382,False
20260803T181855Z-86cfbe2a805d-rtx3080_topk_gate_release_v2,topk_gate.release.cub_pair.e33_t1,topk_gate,cuda_vector_pair_top2_v3,L1_kernel_body,warm,5,5,150,8.44287991524,8.325119912625,21.622784137734996,10.875767457487,5.314873301104018,0.48868949450047316,False
20260803T181855Z-86cfbe2a805d-rtx3080_topk_gate_release_v2,topk_gate.release.cub_pair.e33_t1024,topk_gate,cub_block_radix_top2,L1_kernel_body,warm,5,5,150,21.4476799965,21.4374411106,22.299136519445,21.560661268232668,0.3901330921828927,0.018094671927234077,False
20260803T181855Z-86cfbe2a805d-rtx3080_topk_gate_release_v2,topk_gate.release.cub_pair.e33_t1024,topk_gate,cuda_local_pair_two_reduce_top2_v4,L1_kernel_body,warm,5,5,150,9.41056013107,9.44639980793,10.2604794502,9.464627198376533,0.44185273043972517,0.04668464179080568,False
20260803T181855Z-86cfbe2a805d-rtx3080_topk_gate_release_v2,topk_gate.release.cub_pair.e33_t1024,topk_gate,cuda_naive,L1_kernel_body,warm,5,5,150,10.4806399345,10.5574405193,12.293119966979997,10.800605901082733,0.7503110657567613,0.06946934946321341,True
20260803T181855Z-86cfbe2a805d-rtx3080_topk_gate_release_v2,topk_gate.release.cub_pair.e33_t1024,topk_gate,cuda_subwarp_pair_top2_v2,L1_kernel_body,warm,5,5,150,9.48224008083,9.59487974644,21.787135004999996,11.900108794372466,4.9253762310335425,0.41389337829942713,False
20260803T181855Z-86cfbe2a805d-rtx3080_topk_gate_release_v2,topk_gate.release.cub_pair.e33_t1024,topk_gate,cuda_vector_pair_top2_v3,L1_kernel_body,warm,5,5,150,9.47712004185,9.57440018654,68.21375942233499,19.249288539092266,20.981826256913003,1.090005285873409,False
20260803T181855Z-86cfbe2a805d-rtx3080_topk_gate_release_v2,topk_gate.release.cub_pair.e33_t128,topk_gate,cub_block_radix_top2,L1_kernel_body,warm,5,5,150,13.0611205101,13.3990395069,73.4950401783,24.935697038969998,21.138393893882462,0.8477161821803884,False
20260803T181855Z-86cfbe2a805d-rtx3080_topk_gate_release_v2,topk_gate.release.cub_pair.e33_t128,topk_gate,cuda_local_pair_two_reduce_top2_v4,L1_kernel_body,warm,5,5,150,8.04863989353,8.15104007721,15.610368370999979,9.370692265033933,4.539028217295239,0.4843855810132937,False
20260803T181855Z-86cfbe2a805d-rtx3080_topk_gate_release_v2,topk_gate.release.cub_pair.e33_t128,topk_gate,cuda_naive,L1_kernel_body,warm,5,5,150,9.78431999683,9.784319996835,10.4447996616,9.811421851315666,0.5316343756731388,0.054185253037698,True
20260803T181855Z-86cfbe2a805d-rtx3080_topk_gate_release_v2,topk_gate.release.cub_pair.e33_t128,topk_gate,cuda_subwarp_pair_top2_v2,L1_kernel_body,warm,5,5,150,8.87296020985,8.668159842489999,21.3719046116,11.099136042594933,5.139368593160946,0.46304221999241146,False
20260803T181855Z-86cfbe2a805d-rtx3080_topk_gate_release_v2,topk_gate.release.cub_pair.e33_t128,topk_gate,cuda_vector_pair_top2_v3,L1_kernel_body,warm,5,5,150,8.26880007982,8.401920199395,9.618432193994499,8.566237874826333,0.6695671906262638,0.07816350659534285,False
20260803T181855Z-86cfbe2a805d-rtx3080_topk_gate_release_v2,topk_gate.release.cub_pair.e33_t16,topk_gate,cub_block_radix_top2,L1_kernel_body,warm,5,5,150,12.6361596584,12.74368047715,14.388736426824998,12.869836783406,0.7977418657077165,0.06198539104523082,False
20260803T181855Z-86cfbe2a805d-rtx3080_topk_gate_release_v2,topk_gate.release.cub_pair.e33_t16,topk_gate,cuda_local_pair_two_reduce_top2_v4,L1_kernel_body,warm,5,5,150,8.32512021065,8.350720107555,33.180671930289996,13.220249636967067,9.897540777014388,0.7486651953483868,False
20260803T181855Z-86cfbe2a805d-rtx3080_topk_gate_release_v2,topk_gate.release.cub_pair.e33_t16,topk_gate,cuda_naive,L1_kernel_body,warm,5,5,150,9.34911996126,9.47200000286,10.286591649045,9.516578121978934,0.4708828291156376,0.049480267285161465,True
20260803T181855Z-86cfbe2a805d-rtx3080_topk_gate_release_v2,topk_gate.release.cub_pair.e33_t16,topk_gate,cuda_subwarp_pair_top2_v2,L1_kernel_body,warm,5,5,150,8.22784006596,8.40703994036,24.141312241545,11.4077695647866,6.20417532388892,0.5438552460806986,False
20260803T181855Z-86cfbe2a805d-rtx3080_topk_gate_release_v2,topk_gate.release.cub_pair.e33_t16,topk_gate,cuda_vector_pair_top2_v3,L1_kernel_body,warm,5,5,150,8.99071991444,8.924160003665,21.322752237289997,10.9023914496094,4.871471265935682,0.4468259361674463,False
20260803T181855Z-86cfbe2a805d-rtx3080_topk_gate_release_v2,topk_gate.release.cub_pair.e33_t2,topk_gate,cub_block_radix_top2,L1_kernel_body,warm,5,5,150,12.7129602432,12.85120010375,21.879295706744998,14.106146144864667,3.1214430767418313,0.2212824852859043,False
20260803T181855Z-86cfbe2a805d-rtx3080_topk_gate_release_v2,topk_gate.release.cub_pair.e33_t2,topk_gate,cuda_local_pair_two_reduce_top2_v4,L1_kernel_body,warm,5,5,150,8.56575995684,8.596479892729999,21.336576342544998,11.031210605302068,5.149413139321683,0.46680399129055306,False
20260803T181855Z-86cfbe2a805d-rtx3080_topk_gate_release_v2,topk_gate.release.cub_pair.e33_t2,topk_gate,cuda_naive,L1_kernel_body,warm,5,5,150,8.514559865,8.719360232355,39.54739117619498,13.906329611936465,10.832889840390282,0.7789898659594474,True
20260803T181855Z-86cfbe2a805d-rtx3080_topk_gate_release_v2,topk_gate.release.cub_pair.e33_t2,topk_gate,cuda_subwarp_pair_top2_v2,L1_kernel_body,warm,5,5,150,8.26368004084,8.37632000446,9.633280038833,8.487389858564134,0.5813467994608902,0.0684953571296465,False
20260803T181855Z-86cfbe2a805d-rtx3080_topk_gate_release_v2,topk_gate.release.cub_pair.e33_t2,topk_gate,cuda_vector_pair_top2_v3,L1_kernel_body,warm,5,5,150,8.0588799715,8.04863989353,21.363712549189998,10.668851188818733,5.310455015209476,0.4977532183385393,False
20260803T181855Z-86cfbe2a805d-rtx3080_topk_gate_release_v2,topk_gate.release.cub_pair.e33_t2048,topk_gate,cub_block_radix_top2,L1_kernel_body,warm,5,5,150,36.3827204704,36.382720470449996,45.590527057645005,38.72938653627933,4.4390256068781,0.11461647095080867,False
20260803T181855Z-86cfbe2a805d-rtx3080_topk_gate_release_v2,topk_gate.release.cub_pair.e33_t2048,topk_gate,cuda_local_pair_two_reduce_top2_v4,L1_kernel_body,warm,5,5,150,9.99935984612,10.1273596287,11.2911361456,10.080324268340734,0.8360524517273946,0.0829390433751406,False
20260803T181855Z-86cfbe2a805d-rtx3080_topk_gate_release_v2,topk_gate.release.cub_pair.e33_t2048,topk_gate,cuda_naive,L1_kernel_body,warm,5,5,150,10.5318403244,10.5676794052,23.7465596199,13.2748628576604,5.265916463946095,0.3966833044084777,True
20260803T181855Z-86cfbe2a805d-rtx3080_topk_gate_release_v2,topk_gate.release.cub_pair.e33_t2048,topk_gate,cuda_subwarp_pair_top2_v2,L1_kernel_body,warm,5,5,150,9.50783997774,9.697279930115,10.775551795989998,9.692842713991666,0.656342108243339,0.06771409870253088,False
20260803T181855Z-86cfbe2a805d-rtx3080_topk_gate_release_v2,topk_gate.release.cub_pair.e33_t2048,topk_gate,cuda_vector_pair_top2_v3,L1_kernel_body,warm,5,5,150,9.77407991886,9.804800152775,11.2138235569,9.878323165576067,0.7276332976001564,0.07365959641164702,False
20260803T181855Z-86cfbe2a805d-rtx3080_topk_gate_release_v2,topk_gate.release.cub_pair.e33_t256,topk_gate,cub_block_radix_top2,L1_kernel_body,warm,5,5,150,11.9244801998,12.175359725949999,24.6896636486,14.514995225272665,4.834464873365128,0.3330669282582773,False
20260803T181855Z-86cfbe2a805d-rtx3080_topk_gate_release_v2,topk_gate.release.cub_pair.e33_t256,topk_gate,cuda_local_pair_two_reduce_top2_v4,L1_kernel_body,warm,5,5,150,8.15104007721,8.32000017166,9.458175897596,8.385809059937333,0.570754357057356,0.06806193093330713,False
20260803T181855Z-86cfbe2a805d-rtx3080_topk_gate_release_v2,topk_gate.release.cub_pair.e33_t256,topk_gate,cuda_naive,L1_kernel_body,warm,5,5,150,10.3065598011,10.3065598011,10.8953595161,10.173986132938467,0.5909471481445521,0.05808413147245698,True
20260803T181855Z-86cfbe2a805d-rtx3080_topk_gate_release_v2,topk_gate.release.cub_pair.e33_t256,topk_gate,cuda_subwarp_pair_top2_v2,L1_kernel_body,warm,5,5,150,8.23808014393,8.535040020945,29.4144001006949,11.7746346831314,7.003819743284044,0.5948226787297164,False
20260803T181855Z-86cfbe2a805d-rtx3080_topk_gate_release_v2,topk_gate.release.cub_pair.e33_t256,topk_gate,cuda_vector_pair_top2_v3,L1_kernel_body,warm,5,5,150,8.514559865,8.596479892729999,22.9534727335,11.373841067155,5.746918734449562,0.5052751045594722,False
20260803T181855Z-86cfbe2a805d-rtx3080_topk_gate_release_v2,topk_gate.release.cub_pair.e33_t32,topk_gate,cub_block_radix_top2,L1_kernel_body,warm,5,5,150,12.8870403767,12.9331195354,13.924863934489998,12.924723219869334,0.584462850035068,0.0452205312324651,False
20260803T181855Z-86cfbe2a805d-rtx3080_topk_gate_release_v2,topk_gate.release.cub_pair.e33_t32,topk_gate,cuda_local_pair_two_reduce_top2_v4,L1_kernel_body,warm,5,5,150,8.27903985977,8.350720107555,24.623615145644997,11.336362687744199,6.063673768253183,0.5348870652143701,False
20260803T181855Z-86cfbe2a805d-rtx3080_topk_gate_release_v2,topk_gate.release.cub_pair.e33_t32,topk_gate,cuda_naive,L1_kernel_body,warm,5,5,150,9.92255985737,9.7587198019,10.492416024245,9.811285320916067,0.4583947589958582,0.04672117301681514,True
20260803T181855Z-86cfbe2a805d-rtx3080_topk_gate_release_v2,topk_gate.release.cub_pair.e33_t32,topk_gate,cuda_subwarp_pair_top2_v2,L1_kernel_body,warm,5,5,150,8.37632000446,8.75519990921,21.28895998,11.289053857326266,5.038404313665267,0.44630882068079514,False
20260803T181855Z-86cfbe2a805d-rtx3080_topk_gate_release_v2,topk_gate.release.cub_pair.e33_t32,topk_gate,cuda_vector_pair_top2_v3,L1_kernel_body,warm,5,5,150,8.92928004265,8.85760009289,10.950655818004996,8.885725847880867,0.9951616490166887,0.11199553824339765,False
20260803T181855Z-86cfbe2a805d-rtx3080_topk_gate_release_v2,topk_gate.release.cub_pair.e33_t4,topk_gate,cub_block_radix_top2,L1_kernel_body,warm,5,5,150,12.8716796637,12.8614401817,13.595135807999998,12.868130103748667,0.44850418381181234,0.034853873888107234,False
20260803T181855Z-86cfbe2a805d-rtx3080_topk_gate_release_v2,topk_gate.release.cub_pair.e33_t4,topk_gate,cuda_local_pair_two_reduce_top2_v4,L1_kernel_body,warm,5,5,150,8.15104007721,8.279039859775,21.4379531145,10.889693852264667,5.270719770363541,0.4840099126631939,False
20260803T181855Z-86cfbe2a805d-rtx3080_topk_gate_release_v2,topk_gate.release.cub_pair.e33_t4,topk_gate,cuda_naive,L1_kernel_body,warm,5,5,150,9.80991989374,9.68703985214,10.4447996616,9.484356256324466,0.7434035554029985,0.07838207837324476,True
20260803T181855Z-86cfbe2a805d-rtx3080_topk_gate_release_v2,topk_gate.release.cub_pair.e33_t4,topk_gate,cuda_subwarp_pair_top2_v2,L1_kernel_body,warm,5,5,150,8.13567996025,8.2687997818,20.9054714441,10.7346602479616,5.0607443102543375,0.47143963510305975,False
20260803T181855Z-86cfbe2a805d-rtx3080_topk_gate_release_v2,topk_gate.release.cub_pair.e33_t4,topk_gate,cuda_vector_pair_top2_v3,L1_kernel_body,warm,5,5,150,8.1817600131,8.125439882275,9.526272028686996,8.387515711784866,1.8375008651028846,0.219075698722222,False
20260803T181855Z-86cfbe2a805d-rtx3080_topk_gate_release_v2,topk_gate.release.cub_pair.e33_t4096,topk_gate,cub_block_radix_top2,L1_kernel_body,warm,5,5,150,66.5446400642,66.5395212173,74.542591094955,67.09104639689001,2.122683211793712,0.0316388449098941,False
20260803T181855Z-86cfbe2a805d-rtx3080_topk_gate_release_v2,topk_gate.release.cub_pair.e33_t4096,topk_gate,cuda_local_pair_two_reduce_top2_v4,L1_kernel_body,warm,5,5,150,13.0406397581,13.1123197079,14.160383880134999,13.172872527443333,0.5425012338686213,0.04118321442330946,False
20260803T181855Z-86cfbe2a805d-rtx3080_topk_gate_release_v2,topk_gate.release.cub_pair.e33_t4096,topk_gate,cuda_naive,L1_kernel_body,warm,5,5,150,10.3628802299,10.32191991805,10.993152260799999,10.148932266235933,0.6364208927396965,0.06270816240019446,True
20260803T181855Z-86cfbe2a805d-rtx3080_topk_gate_release_v2,topk_gate.release.cub_pair.e33_t4096,topk_gate,cuda_subwarp_pair_top2_v2,L1_kernel_body,warm,5,5,150,13.2659196854,13.34272027015,14.3416315317,12.766890708607999,1.3551021574224325,0.10614190943992048,False
20260803T181855Z-86cfbe2a805d-rtx3080_topk_gate_release_v2,topk_gate.release.cub_pair.e33_t4096,topk_gate,cuda_vector_pair_top2_v3,L1_kernel_body,warm,5,5,150,13.7625598907,13.64480018615,19.591168046004995,14.179327984651934,3.0491650192765953,0.21504298529359708,False
20260803T181855Z-86cfbe2a805d-rtx3080_topk_gate_release_v2,topk_gate.release.cub_pair.e33_t512,topk_gate,cub_block_radix_top2,L1_kernel_body,warm,5,5,150,14.2028796673,14.044159650800001,17.508863806689998,14.076723233856667,1.4170119063745648,0.10066347706307352,False
20260803T181855Z-86cfbe2a805d-rtx3080_topk_gate_release_v2,topk_gate.release.cub_pair.e33_t512,topk_gate,cuda_local_pair_two_reduce_top2_v4,L1_kernel_body,warm,5,5,150,8.32512021065,8.41727972031,21.274111866945,10.8750164786974,5.168286491087174,0.47524401468366567,False
20260803T181855Z-86cfbe2a805d-rtx3080_topk_gate_release_v2,topk_gate.release.cub_pair.e33_t512,topk_gate,cuda_naive,L1_kernel_body,warm,5,5,150,10.4345595837,10.4140794277,22.07283186909,12.4230314532874,4.860713234099384,0.3912662744497145,True
20260803T181855Z-86cfbe2a805d-rtx3080_topk_gate_release_v2,topk_gate.release.cub_pair.e33_t512,topk_gate,cuda_subwarp_pair_top2_v2,L1_kernel_body,warm,5,5,150,8.41728001833,8.40704023838,9.095168113709498,8.409224541982267,0.4142035928960702,0.04925586073105761,False
20260803T181855Z-86cfbe2a805d-rtx3080_topk_gate_release_v2,topk_gate.release.cub_pair.e33_t512,topk_gate,cuda_vector_pair_top2_v3,L1_kernel_body,warm,5,5,150,8.34048002958,8.36607992649,9.080320000648499,8.374340267976333,0.4357360815189239,0.052032287628099916,False
20260803T181855Z-86cfbe2a805d-rtx3080_topk_gate_release_v2,topk_gate.release.cub_pair.e33_t64,topk_gate,cub_block_radix_top2,L1_kernel_body,warm,5,5,150,13.076480031,13.2096004486,67.00799870490499,22.200729640326,20.373522275076848,0.9176960669828543,False
20260803T181855Z-86cfbe2a805d-rtx3080_topk_gate_release_v2,topk_gate.release.cub_pair.e33_t64,topk_gate,cuda_local_pair_two_reduce_top2_v4,L1_kernel_body,warm,5,5,150,8.19199979305,8.227840065955,20.9305596352,10.7131562550856,5.104444229040291,0.47646502183865563,False
20260803T181855Z-86cfbe2a805d-rtx3080_topk_gate_release_v2,topk_gate.release.cub_pair.e33_t64,topk_gate,cuda_naive,L1_kernel_body,warm,5,5,150,9.63584005833,9.44128006697,80.15206241611499,22.918758487705,27.778746423270757,1.2120528447547867,True
20260803T181855Z-86cfbe2a805d-rtx3080_topk_gate_release_v2,topk_gate.release.cub_pair.e33_t64,topk_gate,cuda_subwarp_pair_top2_v2,L1_kernel_body,warm,5,5,150,8.65791976452,8.616960048675,9.534463882447,8.583577601115266,0.5972049875833296,0.06957530010630238,False
20260803T181855Z-86cfbe2a805d-rtx3080_topk_gate_release_v2,topk_gate.release.cub_pair.e33_t64,topk_gate,cuda_vector_pair_top2_v3,L1_kernel_body,warm,5,5,150,8.22272002697,8.145920038225,8.9927679300295,8.177663969993734,0.44757429408804583,0.054731313946174386,False
20260803T181855Z-86cfbe2a805d-rtx3080_topk_gate_release_v2,topk_gate.release.cub_pair.e33_t8,topk_gate,cub_block_radix_top2,L1_kernel_body,warm,5,5,150,12.9535996914,12.90239989755,14.135295689134999,12.947933840748,0.5936192194764829,0.045846636751288,False
20260803T181855Z-86cfbe2a805d-rtx3080_topk_gate_release_v2,topk_gate.release.cub_pair.e33_t8,topk_gate,cuda_local_pair_two_reduce_top2_v4,L1_kernel_body,warm,5,5,150,8.20735991001,8.176639974115,21.12796783448,10.699816513061068,5.1865946240939245,0.4847367819590873,False
20260803T181855Z-86cfbe2a805d-rtx3080_topk_gate_release_v2,topk_gate.release.cub_pair.e33_t8,topk_gate,cuda_naive,L1_kernel_body,warm,5,5,150,9.46896016598,9.46175992489,10.367280304425,9.516430942218134,0.5340039614831933,0.056113890252087004,True
20260803T181855Z-86cfbe2a805d-rtx3080_topk_gate_release_v2,topk_gate.release.cub_pair.e33_t8,topk_gate,cuda_subwarp_pair_top2_v2,L1_kernel_body,warm,5,5,150,8.75007987022,8.87808024883,21.926912069289997,11.2543061614026,5.336939751890197,0.474213130098912,False
20260803T181855Z-86cfbe2a805d-rtx3080_topk_gate_release_v2,topk_gate.release.cub_pair.e33_t8,topk_gate,cuda_vector_pair_top2_v3,L1_kernel_body,warm,5,5,150,8.20223987103,8.227840065955,9.3383678495905,8.311739726861333,0.5245238580914034,0.06310638630758393,False
20260803T181855Z-86cfbe2a805d-rtx3080_topk_gate_release_v2,topk_gate.release.cub_pair.e3_t1,topk_gate,cub_block_radix_top2,L1_kernel_body,warm,5,5,150,12.9689598083,13.214720487600001,31.6779524088,16.480460834501333,7.089128840845305,0.43015355650762105,False
20260803T181855Z-86cfbe2a805d-rtx3080_topk_gate_release_v2,topk_gate.release.cub_pair.e3_t1,topk_gate,cuda_local_pair_two_reduce_top2_v4,L1_kernel_body,warm,5,5,150,8.5504001379,8.50943982601,9.350143939255,8.530466139316733,0.45837359491134033,0.05373371014260363,False
20260803T181855Z-86cfbe2a805d-rtx3080_topk_gate_release_v2,topk_gate.release.cub_pair.e3_t1,topk_gate,cuda_naive,L1_kernel_body,warm,5,5,150,8.43264013529,8.42751979828,9.516032010314499,8.503159475326667,0.8252676016935359,0.09705423073484476,True
20260803T181855Z-86cfbe2a805d-rtx3080_topk_gate_release_v2,topk_gate.release.cub_pair.e3_t1,topk_gate,cuda_subwarp_pair_top2_v2,L1_kernel_body,warm,5,5,150,8.46336007118,8.473600149155,9.07263994217,8.520567492644133,0.32387106921292436,0.038010504522442264,False
20260803T181855Z-86cfbe2a805d-rtx3080_topk_gate_release_v2,topk_gate.release.cub_pair.e3_t1,topk_gate,cuda_vector_pair_top2_v3,L1_kernel_body,warm,5,5,150,8.48895996809,8.49919974804,42.514431476549994,15.049045439562265,13.368405740484421,0.8883225048507309,False
20260803T181855Z-86cfbe2a805d-rtx3080_topk_gate_release_v2,topk_gate.release.cub_pair.e3_t1024,topk_gate,cub_block_radix_top2,L1_kernel_body,warm,5,5,150,21.3452804089,21.3811206818,23.097343444834998,21.667498652134668,0.6712311808083448,0.0309787110909646,False
20260803T181855Z-86cfbe2a805d-rtx3080_topk_gate_release_v2,topk_gate.release.cub_pair.e3_t1024,topk_gate,cuda_local_pair_two_reduce_top2_v4,L1_kernel_body,warm,5,5,150,9.01120007038,9.01120007038,9.7541117668135,9.098513074715067,0.4095260938304353,0.04501022205139384,False
20260803T181855Z-86cfbe2a805d-rtx3080_topk_gate_release_v2,topk_gate.release.cub_pair.e3_t1024,topk_gate,cuda_naive,L1_kernel_body,warm,5,5,150,8.20223987103,8.279039859775,20.7564806938,10.665437885126199,5.040178467464377,0.4725711707058279,True
20260803T181855Z-86cfbe2a805d-rtx3080_topk_gate_release_v2,topk_gate.release.cub_pair.e3_t1024,topk_gate,cuda_subwarp_pair_top2_v2,L1_kernel_body,warm,5,5,150,8.87296020985,8.872960209845001,21.120513081545,11.171771764754867,4.986130399427501,0.4463150970518334,False
20260803T181855Z-86cfbe2a805d-rtx3080_topk_gate_release_v2,topk_gate.release.cub_pair.e3_t1024,topk_gate,cuda_vector_pair_top2_v3,L1_kernel_body,warm,5,5,150,8.95999997854,8.990719914435001,32.44902420045,12.686882142225333,8.179875621840365,0.6447506589988374,False
20260803T181855Z-86cfbe2a805d-rtx3080_topk_gate_release_v2,topk_gate.release.cub_pair.e3_t128,topk_gate,cub_block_radix_top2,L1_kernel_body,warm,5,5,150,13.0969595909,13.1123197079,33.586688637734994,16.459912482894666,7.322778099204963,0.4448856035422351,False
20260803T181855Z-86cfbe2a805d-rtx3080_topk_gate_release_v2,topk_gate.release.cub_pair.e3_t128,topk_gate,cuda_local_pair_two_reduce_top2_v4,L1_kernel_body,warm,5,5,150,8.67327988148,8.739839792255,21.096176266675002,11.1240447918576,4.990573188103983,0.44862936831726025,False
20260803T181855Z-86cfbe2a805d-rtx3080_topk_gate_release_v2,topk_gate.release.cub_pair.e3_t128,topk_gate,cuda_naive,L1_kernel_body,warm,5,5,150,8.5811200738,8.62208008766,20.421632528289997,10.795349379381467,4.789760152393847,0.4436873679643968,True
20260803T181855Z-86cfbe2a805d-rtx3080_topk_gate_release_v2,topk_gate.release.cub_pair.e3_t128,topk_gate,cuda_subwarp_pair_top2_v2,L1_kernel_body,warm,5,5,150,8.97024005651,8.934400081635001,21.29664003849,11.2443391919132,5.021467332423706,0.4465773618813534,False
20260803T181855Z-86cfbe2a805d-rtx3080_topk_gate_release_v2,topk_gate.release.cub_pair.e3_t128,topk_gate,cuda_vector_pair_top2_v3,L1_kernel_body,warm,5,5,150,8.87296020985,8.826879858969999,20.7313925028,11.051895403861867,4.82068828085888,0.43618656390598715,False
20260803T181855Z-86cfbe2a805d-rtx3080_topk_gate_release_v2,topk_gate.release.cub_pair.e3_t16,topk_gate,cub_block_radix_top2,L1_kernel_body,warm,5,5,150,13.1174397469,13.0304002762,14.095360040634997,13.040025639529334,0.6454487892708682,0.049497509216106496,False
20260803T181855Z-86cfbe2a805d-rtx3080_topk_gate_release_v2,topk_gate.release.cub_pair.e3_t16,topk_gate,cuda_local_pair_two_reduce_top2_v4,L1_kernel_body,warm,5,5,150,8.83199989796,8.883199989795,42.03212833406,15.3485994497942,13.126041295213522,0.8551947256262212,False
20260803T181855Z-86cfbe2a805d-rtx3080_topk_gate_release_v2,topk_gate.release.cub_pair.e3_t16,topk_gate,cuda_naive,L1_kernel_body,warm,5,5,150,8.19711983204,8.432639837265,32.432640075669994,13.094024554887334,9.651321256594661,0.737078292173533,True
20260803T181855Z-86cfbe2a805d-rtx3080_topk_gate_release_v2,topk_gate.release.cub_pair.e3_t16,topk_gate,cuda_subwarp_pair_top2_v2,L1_kernel_body,warm,5,5,150,8.75007987022,8.78592014313,9.4489600956455,8.745164799690599,0.40669085879834976,0.04650465349866687,False
20260803T181855Z-86cfbe2a805d-rtx3080_topk_gate_release_v2,topk_gate.release.cub_pair.e3_t16,topk_gate,cuda_vector_pair_top2_v3,L1_kernel_body,warm,5,5,150,7.95647978783,8.22272002697,9.264639884230998,8.2834773461026,0.5790683346950715,0.06990643065711102,False
20260803T181855Z-86cfbe2a805d-rtx3080_topk_gate_release_v2,topk_gate.release.cub_pair.e3_t2,topk_gate,cub_block_radix_top2,L1_kernel_body,warm,5,5,150,13.3017605543,13.4041595459,23.554048538245,14.748262421288667,3.4744900336491322,0.23558639888545865,False
20260803T181855Z-86cfbe2a805d-rtx3080_topk_gate_release_v2,topk_gate.release.cub_pair.e3_t2,topk_gate,cuda_local_pair_two_reduce_top2_v4,L1_kernel_body,warm,5,5,150,8.53504002094,8.54016005993,9.261055856941498,8.498585577806201,0.46300388647020924,0.054480111099819935,False
20260803T181855Z-86cfbe2a805d-rtx3080_topk_gate_release_v2,topk_gate.release.cub_pair.e3_t2,topk_gate,cuda_naive,L1_kernel_body,warm,5,5,150,8.14079999924,8.27391982079,9.3967360258105,8.2982911944394,0.5941902599295987,0.07160392977385024,True
20260803T181855Z-86cfbe2a805d-rtx3080_topk_gate_release_v2,topk_gate.release.cub_pair.e3_t2,topk_gate,cuda_subwarp_pair_top2_v2,L1_kernel_body,warm,5,5,150,8.71936023235,8.69376003742,32.09318387509,13.233015493551001,9.310483999597835,0.7035799213063131,False
20260803T181855Z-86cfbe2a805d-rtx3080_topk_gate_release_v2,topk_gate.release.cub_pair.e3_t2,topk_gate,cuda_vector_pair_top2_v3,L1_kernel_body,warm,5,5,150,8.53504002094,8.54016005993,22.39027190209,11.130606917538866,5.593306332846414,0.5025158443096984,False
20260803T181855Z-86cfbe2a805d-rtx3080_topk_gate_release_v2,topk_gate.release.cub_pair.e3_t2048,topk_gate,cub_block_radix_top2,L1_kernel_body,warm,5,5,150,34.3193590641,34.48832035065,46.44505548479,38.11164170901134,7.320535618474936,0.19208135074233829,False
20260803T181855Z-86cfbe2a805d-rtx3080_topk_gate_release_v2,topk_gate.release.cub_pair.e3_t2048,topk_gate,cuda_local_pair_two_reduce_top2_v4,L1_kernel_body,warm,5,5,150,8.91392022371,8.94976019859,9.559552073479,8.8869546771042,0.43998754870521734,0.04950937241063849,False
20260803T181855Z-86cfbe2a805d-rtx3080_topk_gate_release_v2,topk_gate.release.cub_pair.e3_t2048,topk_gate,cuda_naive,L1_kernel_body,warm,5,5,150,8.35071980953,8.30976009369,9.309183955192498,8.299042113622265,0.5833548619757177,0.07029183054971895,True
20260803T181855Z-86cfbe2a805d-rtx3080_topk_gate_release_v2,topk_gate.release.cub_pair.e3_t2048,topk_gate,cuda_subwarp_pair_top2_v2,L1_kernel_body,warm,5,5,150,9.07775998116,9.118719995025,21.059072613699996,11.506892808276932,4.771308951703898,0.4146479011494646,False
20260803T181855Z-86cfbe2a805d-rtx3080_topk_gate_release_v2,topk_gate.release.cub_pair.e3_t2048,topk_gate,cuda_vector_pair_top2_v3,L1_kernel_body,warm,5,5,150,9.00095999241,8.965120017530001,21.0329604149,11.2937642614078,4.862561808376934,0.4305527985025253,False
20260803T181855Z-86cfbe2a805d-rtx3080_topk_gate_release_v2,topk_gate.release.cub_pair.e3_t256,topk_gate,cub_block_radix_top2,L1_kernel_body,warm,5,5,150,11.7913603783,11.8835198879,13.4302717447,12.158225067455334,0.8184533762480051,0.06731684696632319,False
20260803T181855Z-86cfbe2a805d-rtx3080_topk_gate_release_v2,topk_gate.release.cub_pair.e3_t256,topk_gate,cuda_local_pair_two_reduce_top2_v4,L1_kernel_body,warm,5,5,150,8.77567976713,8.678399920465,9.402368068699499,8.5808469573658,0.5520464199593278,0.06433472391503861,False
20260803T181855Z-86cfbe2a805d-rtx3080_topk_gate_release_v2,topk_gate.release.cub_pair.e3_t256,topk_gate,cuda_naive,L1_kernel_body,warm,5,5,150,7.91552007198,8.053759932515,9.12383973598,8.101273592313134,0.5711877007294714,0.07050591419001587,True
20260803T181855Z-86cfbe2a805d-rtx3080_topk_gate_release_v2,topk_gate.release.cub_pair.e3_t256,topk_gate,cuda_subwarp_pair_top2_v2,L1_kernel_body,warm,5,5,150,8.9087998867,8.934400081635,20.890623331045,11.208772277831601,4.811218388282317,0.429236875281855,False
20260803T181855Z-86cfbe2a805d-rtx3080_topk_gate_release_v2,topk_gate.release.cub_pair.e3_t256,topk_gate,cuda_vector_pair_top2_v3,L1_kernel_body,warm,5,5,150,8.84223997593,8.893439769745001,21.208063364045,11.194436291854267,4.969666377065282,0.4439407440892317,False
20260803T181855Z-86cfbe2a805d-rtx3080_topk_gate_release_v2,topk_gate.release.cub_pair.e3_t32,topk_gate,cub_block_radix_top2,L1_kernel_body,warm,5,5,150,12.7948796749,12.88192033765,13.845504522345,12.872499203681333,0.5617689902141015,0.04364101961283823,False
20260803T181855Z-86cfbe2a805d-rtx3080_topk_gate_release_v2,topk_gate.release.cub_pair.e3_t32,topk_gate,cuda_local_pair_two_reduce_top2_v4,L1_kernel_body,warm,5,5,150,8.95488023758,9.10336017609,20.8542710543,11.728759475550534,4.665372516781362,0.39777203433207714,False
20260803T181855Z-86cfbe2a805d-rtx3080_topk_gate_release_v2,topk_gate.release.cub_pair.e3_t32,topk_gate,cuda_naive,L1_kernel_body,warm,5,5,150,8.25856000185,8.25344026089,20.173825025545,10.564130143323935,4.808872349066059,0.4552076019344626,True
20260803T181855Z-86cfbe2a805d-rtx3080_topk_gate_release_v2,topk_gate.release.cub_pair.e3_t32,topk_gate,cuda_subwarp_pair_top2_v2,L1_kernel_body,warm,5,5,150,8.87808024883,8.73472005129,9.555968046189498,8.701269340515001,0.4922642216970662,0.05657384025626893,False
20260803T181855Z-86cfbe2a805d-rtx3080_topk_gate_release_v2,topk_gate.release.cub_pair.e3_t32,topk_gate,cuda_vector_pair_top2_v3,L1_kernel_body,warm,5,5,150,8.74495983124,8.7961602211,10.661888122545,9.023965847492066,0.856831170980498,0.09495062209467779,False
20260803T181855Z-86cfbe2a805d-rtx3080_topk_gate_release_v2,topk_gate.release.cub_pair.e3_t4,topk_gate,cub_block_radix_top2,L1_kernel_body,warm,5,5,150,12.9484796524,12.9996800423,14.096896052344999,13.035246944426667,0.5770624744480213,0.04426939335389801,False
20260803T181855Z-86cfbe2a805d-rtx3080_topk_gate_release_v2,topk_gate.release.cub_pair.e3_t4,topk_gate,cuda_local_pair_two_reduce_top2_v4,L1_kernel_body,warm,5,5,150,8.47872018814,8.412159979345,9.298943877222499,8.361028265953333,0.6072158565888032,0.07262454297175705,False
20260803T181855Z-86cfbe2a805d-rtx3080_topk_gate_release_v2,topk_gate.release.cub_pair.e3_t4,topk_gate,cuda_naive,L1_kernel_body,warm,5,5,150,8.40191990137,8.38656008244,20.189695835134998,10.6476202964792,4.7694181083305836,0.4479327751673926,True
20260803T181855Z-86cfbe2a805d-rtx3080_topk_gate_release_v2,topk_gate.release.cub_pair.e3_t4,topk_gate,cuda_subwarp_pair_top2_v2,L1_kernel_body,warm,5,5,150,8.40192019939,8.463360071185,9.198591977354498,8.496742411454534,0.38541176173050773,0.04535994420766842,False
20260803T181855Z-86cfbe2a805d-rtx3080_topk_gate_release_v2,topk_gate.release.cub_pair.e3_t4,topk_gate,cuda_vector_pair_top2_v3,L1_kernel_body,warm,5,5,150,8.89856010675,9.077759981155,56.39475226399,18.867441097894336,16.87482658075609,0.8943887246394728,False
20260803T181855Z-86cfbe2a805d-rtx3080_topk_gate_release_v2,topk_gate.release.cub_pair.e3_t4096,topk_gate,cub_block_radix_top2,L1_kernel_body,warm,5,5,150,66.3449621201,66.5958404541,245.9284429552499,89.94877452848667,48.13365453792445,0.5351229607100493,False
20260803T181855Z-86cfbe2a805d-rtx3080_topk_gate_release_v2,topk_gate.release.cub_pair.e3_t4096,topk_gate,cuda_local_pair_two_reduce_top2_v4,L1_kernel_body,warm,5,5,150,9.09312009811,9.01120007038,20.981760025,10.287104006607466,3.628413327032681,0.3527147508863651,False
20260803T181855Z-86cfbe2a805d-rtx3080_topk_gate_release_v2,topk_gate.release.cub_pair.e3_t4096,topk_gate,cuda_naive,L1_kernel_body,warm,5,5,150,8.48895996809,8.529919981955,51.0064661503,16.1581739147528,13.790227495889432,0.8534521022390175,True
20260803T181855Z-86cfbe2a805d-rtx3080_topk_gate_release_v2,topk_gate.release.cub_pair.e3_t4096,topk_gate,cuda_subwarp_pair_top2_v2,L1_kernel_body,warm,5,5,150,8.43775987625,8.637439906595,9.54367995262,8.7265962560978,1.7400024847898956,0.1993907399547734,False
20260803T181855Z-86cfbe2a805d-rtx3080_topk_gate_release_v2,topk_gate.release.cub_pair.e3_t4096,topk_gate,cuda_vector_pair_top2_v3,L1_kernel_body,warm,5,5,150,9.00095999241,9.08288002014,67.57836866381,20.061593600115398,22.09545126656955,1.1013806633209067,False
20260803T181855Z-86cfbe2a805d-rtx3080_topk_gate_release_v2,topk_gate.release.cub_pair.e3_t512,topk_gate,cub_block_radix_top2,L1_kernel_body,warm,5,5,150,18.0019199848,15.4111999273,24.46745634079,16.838314668335332,3.609742449709082,0.21437670698108816,False
20260803T181855Z-86cfbe2a805d-rtx3080_topk_gate_release_v2,topk_gate.release.cub_pair.e3_t512,topk_gate,cuda_local_pair_two_reduce_top2_v4,L1_kernel_body,warm,5,5,150,8.9087998867,8.91391992569,9.4991358816585,8.880469330151733,0.5064766173002685,0.05703264078404455,False
20260803T181855Z-86cfbe2a805d-rtx3080_topk_gate_release_v2,topk_gate.release.cub_pair.e3_t512,topk_gate,cuda_naive,L1_kernel_body,warm,5,5,150,8.11519980431,8.14079999924,20.377600193,10.577646966774001,4.903968165394868,0.46361616915359144,True
20260803T181855Z-86cfbe2a805d-rtx3080_topk_gate_release_v2,topk_gate.release.cub_pair.e3_t512,topk_gate,cuda_subwarp_pair_top2_v2,L1_kernel_body,warm,5,5,150,8.99071991444,9.00095999241,21.342464327789997,11.509168990451066,5.053960728750208,0.4391247302862075,False
20260803T181855Z-86cfbe2a805d-rtx3080_topk_gate_release_v2,topk_gate.release.cub_pair.e3_t512,topk_gate,cuda_vector_pair_top2_v3,L1_kernel_body,warm,5,5,150,8.99071991444,9.03679996729,20.966911912,11.371383396784134,4.778810192550529,0.42024879698471806,False
20260803T181855Z-86cfbe2a805d-rtx3080_topk_gate_release_v2,topk_gate.release.cub_pair.e3_t64,topk_gate,cub_block_radix_top2,L1_kernel_body,warm,5,5,150,13.5628801584,13.64480018615,20.162047684194974,14.563328011829332,2.7305705905732,0.18749633245610092,False
20260803T181855Z-86cfbe2a805d-rtx3080_topk_gate_release_v2,topk_gate.release.cub_pair.e3_t64,topk_gate,cuda_local_pair_two_reduce_top2_v4,L1_kernel_body,warm,5,5,150,8.91391992569,8.91903996468,20.84147202968,11.251575525601266,4.748056928101216,0.4219904063477801,False
20260803T181855Z-86cfbe2a805d-rtx3080_topk_gate_release_v2,topk_gate.release.cub_pair.e3_t64,topk_gate,cuda_naive,L1_kernel_body,warm,5,5,150,8.24319988489,8.391680121425,20.5619192123,10.790092754365201,4.887531370131679,0.4529647224908606,True
20260803T181855Z-86cfbe2a805d-rtx3080_topk_gate_release_v2,topk_gate.release.cub_pair.e3_t64,topk_gate,cuda_subwarp_pair_top2_v2,L1_kernel_body,warm,5,5,150,8.91903996468,8.990719914435001,22.3083525896,11.571268268425534,5.340538890036342,0.46153444602170757,False
20260803T181855Z-86cfbe2a805d-rtx3080_topk_gate_release_v2,topk_gate.release.cub_pair.e3_t64,topk_gate,cuda_vector_pair_top2_v3,L1_kernel_body,warm,5,5,150,8.7296000123,8.893439769745001,65.74028658865,15.177932775021732,16.293622442869854,1.0735073533652888,False
20260803T181855Z-86cfbe2a805d-rtx3080_topk_gate_release_v2,topk_gate.release.cub_pair.e3_t8,topk_gate,cub_block_radix_top2,L1_kernel_body,warm,5,5,150,12.8819203377,12.958719730399999,13.840896487244999,12.998246391615334,0.6005452549934894,0.046202021172708184,False
20260803T181855Z-86cfbe2a805d-rtx3080_topk_gate_release_v2,topk_gate.release.cub_pair.e3_t8,topk_gate,cuda_local_pair_two_reduce_top2_v4,L1_kernel_body,warm,5,5,150,8.98048013449,9.02656018734,21.2479996681,11.315131735802266,4.918871892461258,0.43471627262610035,False
20260803T181855Z-86cfbe2a805d-rtx3080_topk_gate_release_v2,topk_gate.release.cub_pair.e3_t8,topk_gate,cuda_naive,L1_kernel_body,warm,5,5,150,8.43775987625,8.391680121425,9.09312009811,8.363007982571933,0.5422712252332579,0.06484164864643469,True
20260803T181855Z-86cfbe2a805d-rtx3080_topk_gate_release_v2,topk_gate.release.cub_pair.e3_t8,topk_gate,cuda_subwarp_pair_top2_v2,L1_kernel_body,warm,5,5,150,8.69888007641,8.64767998457,32.54169559479999,11.312196258702933,7.735882840124583,0.683853308695299,False
20260803T181855Z-86cfbe2a805d-rtx3080_topk_gate_release_v2,topk_gate.release.cub_pair.e3_t8,topk_gate,cuda_vector_pair_top2_v3,L1_kernel_body,warm,5,5,150,8.62208008766,8.75519990921,21.8270713091,11.088622939584734,5.205042062700039,0.4694038286863207,False
20260803T181855Z-86cfbe2a805d-rtx3080_topk_gate_release_v2,topk_gate.release.cub_pair.e48_t1,topk_gate,cub_block_radix_top2,L1_kernel_body,warm,5,5,150,12.9433602095,12.9126405716,13.90335977079,12.947660795848,0.6103455197085875,0.04713944312661562,False
20260803T181855Z-86cfbe2a805d-rtx3080_topk_gate_release_v2,topk_gate.release.cub_pair.e48_t1,topk_gate,cuda_local_pair_two_reduce_top2_v4,L1_kernel_body,warm,5,5,150,8.47360014915,8.494080007075,9.415679842233999,8.572723193962533,0.5538909966953426,0.06461085750271611,False
20260803T181855Z-86cfbe2a805d-rtx3080_topk_gate_release_v2,topk_gate.release.cub_pair.e48_t1,topk_gate,cuda_naive,L1_kernel_body,warm,5,5,150,10.050560236,10.1478397846,10.911231637,10.166067210829134,0.4885812524161548,0.04806000612466014,True
20260803T181855Z-86cfbe2a805d-rtx3080_topk_gate_release_v2,topk_gate.release.cub_pair.e48_t1,topk_gate,cuda_subwarp_pair_top2_v2,L1_kernel_body,warm,5,5,150,8.37632000446,8.811519742015,21.515263319,11.2464554468768,5.149402831764297,0.4578689575651423,False
20260803T181855Z-86cfbe2a805d-rtx3080_topk_gate_release_v2,topk_gate.release.cub_pair.e48_t1,topk_gate,cuda_vector_pair_top2_v3,L1_kernel_body,warm,5,5,150,8.2687997818,8.320000171665,23.6339211464,11.276356287798,6.142420923068386,0.5447168186513422,False
20260803T181855Z-86cfbe2a805d-rtx3080_topk_gate_release_v2,topk_gate.release.cub_pair.e48_t1024,topk_gate,cub_block_radix_top2,L1_kernel_body,warm,5,5,150,21.4937591553,21.9443202019,36.22707104685499,24.390314722059998,5.120198187023133,0.2099275161214764,False
20260803T181855Z-86cfbe2a805d-rtx3080_topk_gate_release_v2,topk_gate.release.cub_pair.e48_t1024,topk_gate,cuda_local_pair_two_reduce_top2_v4,L1_kernel_body,warm,5,5,150,9.90720003843,10.2041602135,22.319616675345003,12.381525357565334,4.819658462342901,0.38926209196009953,False
20260803T181855Z-86cfbe2a805d-rtx3080_topk_gate_release_v2,topk_gate.release.cub_pair.e48_t1024,topk_gate,cuda_naive,L1_kernel_body,warm,5,5,150,10.0198400021,9.97376024723,10.943999886545,9.943586138884067,0.6279591632099796,0.06315218216437689,True
20260803T181855Z-86cfbe2a805d-rtx3080_topk_gate_release_v2,topk_gate.release.cub_pair.e48_t1024,topk_gate,cuda_subwarp_pair_top2_v2,L1_kernel_body,warm,5,5,150,10.040320158,9.98399972916,22.299136519445,12.317422942319133,4.916165178692645,0.39912286861581336,False
20260803T181855Z-86cfbe2a805d-rtx3080_topk_gate_release_v2,topk_gate.release.cub_pair.e48_t1024,topk_gate,cuda_vector_pair_top2_v3,L1_kernel_body,warm,5,5,150,10.0659203529,9.989119768145,22.12147116659,12.1849856297162,4.924915285302441,0.4041789982330202,False
20260803T181855Z-86cfbe2a805d-rtx3080_topk_gate_release_v2,topk_gate.release.cub_pair.e48_t128,topk_gate,cub_block_radix_top2,L1_kernel_body,warm,5,5,150,12.9535996914,13.00480008125,21.38828718663998,14.253943475087333,2.988523922453009,0.20966295591646428,False
20260803T181855Z-86cfbe2a805d-rtx3080_topk_gate_release_v2,topk_gate.release.cub_pair.e48_t128,topk_gate,cuda_local_pair_two_reduce_top2_v4,L1_kernel_body,warm,5,5,150,8.6374399066,8.657919764515,66.07616090773499,19.7376683314624,22.410572927762818,1.135421497180583,False
20260803T181855Z-86cfbe2a805d-rtx3080_topk_gate_release_v2,topk_gate.release.cub_pair.e48_t128,topk_gate,cuda_naive,L1_kernel_body,warm,5,5,150,9.90207999945,9.98399972916,10.941951870899999,9.955737626548466,0.5999774362298621,0.06026448855280521,True
20260803T181855Z-86cfbe2a805d-rtx3080_topk_gate_release_v2,topk_gate.release.cub_pair.e48_t128,topk_gate,cuda_subwarp_pair_top2_v2,L1_kernel_body,warm,5,5,150,8.37632000446,8.673279881475,22.8249597549,11.490986700854068,5.698917352819202,0.4959467364448024,False
20260803T181855Z-86cfbe2a805d-rtx3080_topk_gate_release_v2,topk_gate.release.cub_pair.e48_t128,topk_gate,cuda_vector_pair_top2_v3,L1_kernel_body,warm,5,5,150,8.51456016302,8.709120154379999,21.596159935,11.167607442537001,5.195739959866526,0.46525094892538454,False
20260803T181855Z-86cfbe2a805d-rtx3080_topk_gate_release_v2,topk_gate.release.cub_pair.e48_t16,topk_gate,cub_block_radix_top2,L1_kernel_body,warm,5,5,150,13.1072002649,13.0662405491,75.19488143916499,24.478173851967334,23.5505305454084,0.9621032470735402,False
20260803T181855Z-86cfbe2a805d-rtx3080_topk_gate_release_v2,topk_gate.release.cub_pair.e48_t16,topk_gate,cuda_local_pair_two_reduce_top2_v4,L1_kernel_body,warm,5,5,150,8.43264013529,8.49920004606,21.10975968838,10.901026082039666,5.0759974594093515,0.4656440064639854,False
20260803T181855Z-86cfbe2a805d-rtx3080_topk_gate_release_v2,topk_gate.release.cub_pair.e48_t16,topk_gate,cuda_naive,L1_kernel_body,warm,5,5,150,10.4652798176,10.4550397396,10.946559906,10.473881566529935,0.29744235504694155,0.028398483709940036,True
20260803T181855Z-86cfbe2a805d-rtx3080_topk_gate_release_v2,topk_gate.release.cub_pair.e48_t16,topk_gate,cuda_subwarp_pair_top2_v2,L1_kernel_body,warm,5,5,150,8.44287991524,8.698880076405,33.3004808426,13.548339148362935,9.86962544451685,0.7284749323469224,False
20260803T181855Z-86cfbe2a805d-rtx3080_topk_gate_release_v2,topk_gate.release.cub_pair.e48_t16,topk_gate,cuda_vector_pair_top2_v3,L1_kernel_body,warm,5,5,150,8.43263983727,8.43775987625,9.4991358816585,8.499814387162868,0.5366804602998514,0.06314025646376363,False
20260803T181855Z-86cfbe2a805d-rtx3080_topk_gate_release_v2,topk_gate.release.cub_pair.e48_t2,topk_gate,cub_block_radix_top2,L1_kernel_body,warm,5,5,150,12.9382401705,13.0355203152,33.219072222735,16.43656532764667,7.220242916365127,0.43927930029399254,False
20260803T181855Z-86cfbe2a805d-rtx3080_topk_gate_release_v2,topk_gate.release.cub_pair.e48_t2,topk_gate,cuda_local_pair_two_reduce_top2_v4,L1_kernel_body,warm,5,5,150,9.02656018734,9.02656018734,21.786110997199998,11.500612266859532,5.133433776739813,0.44636178123598264,False
20260803T181855Z-86cfbe2a805d-rtx3080_topk_gate_release_v2,topk_gate.release.cub_pair.e48_t2,topk_gate,cuda_naive,L1_kernel_body,warm,5,5,150,10.2451199293,10.2041602135,10.860032439200001,9.949661886690533,0.742325042394385,0.07460806717335577,True
20260803T181855Z-86cfbe2a805d-rtx3080_topk_gate_release_v2,topk_gate.release.cub_pair.e48_t2,topk_gate,cuda_subwarp_pair_top2_v2,L1_kernel_body,warm,5,5,150,8.35072010756,8.611840009689999,21.214719414690002,11.142894959450267,5.066493353431414,0.4546837578446821,False
20260803T181855Z-86cfbe2a805d-rtx3080_topk_gate_release_v2,topk_gate.release.cub_pair.e48_t2,topk_gate,cuda_vector_pair_top2_v3,L1_kernel_body,warm,5,5,150,8.43263983727,8.663039803505,58.615808486915,21.972309319177267,19.67175372197772,0.8952975054291794,False
20260803T181855Z-86cfbe2a805d-rtx3080_topk_gate_release_v2,topk_gate.release.cub_pair.e48_t2048,topk_gate,cub_block_radix_top2,L1_kernel_body,warm,5,5,150,34.6060800552,34.93887901305,79.85049343112999,41.086156908672,14.662221033080899,0.3568652348203967,False
20260803T181855Z-86cfbe2a805d-rtx3080_topk_gate_release_v2,topk_gate.release.cub_pair.e48_t2048,topk_gate,cuda_local_pair_two_reduce_top2_v4,L1_kernel_body,warm,5,5,150,9.34911996126,9.57440018654,34.633727073645,14.123895406722735,9.249837018700202,0.6549069327076322,False
20260803T181855Z-86cfbe2a805d-rtx3080_topk_gate_release_v2,topk_gate.release.cub_pair.e48_t2048,topk_gate,cuda_naive,L1_kernel_body,warm,5,5,150,9.3337598443,9.66656029224,20.258304357514998,11.393092258770533,4.039055603191825,0.3545179404724396,True
20260803T181855Z-86cfbe2a805d-rtx3080_topk_gate_release_v2,topk_gate.release.cub_pair.e48_t2048,topk_gate,cuda_subwarp_pair_top2_v2,L1_kernel_body,warm,5,5,150,9.51808005571,9.425920248035,11.472895681834999,9.695778119564734,0.8891145592180962,0.09170120729392378,False
20260803T181855Z-86cfbe2a805d-rtx3080_topk_gate_release_v2,topk_gate.release.cub_pair.e48_t2048,topk_gate,cuda_vector_pair_top2_v3,L1_kernel_body,warm,5,5,150,9.16480004787,9.410560131075,11.516416013245,9.644578127067932,0.9642893606194824,0.09998253401184672,False
20260803T181855Z-86cfbe2a805d-rtx3080_topk_gate_release_v2,topk_gate.release.cub_pair.e48_t256,topk_gate,cub_block_radix_top2,L1_kernel_body,warm,5,5,150,12.1395200491,12.15487957,13.371903836735,12.299605313935334,0.6421044768450316,0.05220529118259863,False
20260803T181855Z-86cfbe2a805d-rtx3080_topk_gate_release_v2,topk_gate.release.cub_pair.e48_t256,topk_gate,cuda_local_pair_two_reduce_top2_v4,L1_kernel_body,warm,5,5,150,8.51967990398,8.50943982601,10.359296202645,8.6682965238894,0.7543627786812335,0.0870254930253305,False
20260803T181855Z-86cfbe2a805d-rtx3080_topk_gate_release_v2,topk_gate.release.cub_pair.e48_t256,topk_gate,cuda_naive,L1_kernel_body,warm,5,5,150,9.84064012766,9.99935984613,19.280895531169996,11.658376495044333,3.7318420070656964,0.3200996303946783,True
20260803T181855Z-86cfbe2a805d-rtx3080_topk_gate_release_v2,topk_gate.release.cub_pair.e48_t256,topk_gate,cuda_subwarp_pair_top2_v2,L1_kernel_body,warm,5,5,150,8.66816014051,8.709120154379999,21.496831178689998,11.144669882457134,5.129046640950219,0.46022418744083843,False
20260803T181855Z-86cfbe2a805d-rtx3080_topk_gate_release_v2,topk_gate.release.cub_pair.e48_t256,topk_gate,cuda_vector_pair_top2_v3,L1_kernel_body,warm,5,5,150,8.65280002356,8.71935993433,23.311873078345002,10.393599998950801,4.673165620718207,0.44961953713727165,False
20260803T181855Z-86cfbe2a805d-rtx3080_topk_gate_release_v2,topk_gate.release.cub_pair.e48_t32,topk_gate,cub_block_radix_top2,L1_kernel_body,warm,5,5,150,13.0048000813,12.953599691400001,14.007807910434998,13.002751970290666,0.5728350201492621,0.04405490633506692,False
20260803T181855Z-86cfbe2a805d-rtx3080_topk_gate_release_v2,topk_gate.release.cub_pair.e48_t32,topk_gate,cuda_local_pair_two_reduce_top2_v4,L1_kernel_body,warm,5,5,150,8.36607992649,8.64767998457,22.4926716089,11.310830930869,5.629912633904928,0.4977452733857093,False
20260803T181855Z-86cfbe2a805d-rtx3080_topk_gate_release_v2,topk_gate.release.cub_pair.e48_t32,topk_gate,cuda_naive,L1_kernel_body,warm,5,5,150,9.90720003843,10.1683199406,10.983936190645,10.152959994475866,0.7211924147780739,0.07103272495611804,True
20260803T181855Z-86cfbe2a805d-rtx3080_topk_gate_release_v2,topk_gate.release.cub_pair.e48_t32,topk_gate,cuda_subwarp_pair_top2_v2,L1_kernel_body,warm,5,5,150,8.52480024099,8.491840064525,10.786304414269996,8.599775973956133,0.9059838199862991,0.10534970012358609,False
20260803T181855Z-86cfbe2a805d-rtx3080_topk_gate_release_v2,topk_gate.release.cub_pair.e48_t32,topk_gate,cuda_vector_pair_top2_v3,L1_kernel_body,warm,5,5,150,9.00608003139,8.96000027657,24.988671541189998,12.148667752742,7.381393870473802,0.607588751351587,False
20260803T181855Z-86cfbe2a805d-rtx3080_topk_gate_release_v2,topk_gate.release.cub_pair.e48_t4,topk_gate,cub_block_radix_top2,L1_kernel_body,warm,5,5,150,12.5951999426,12.5798404217,13.722623586645,12.580386145911334,0.7047346990603168,0.0560185268469965,False
20260803T181855Z-86cfbe2a805d-rtx3080_topk_gate_release_v2,topk_gate.release.cub_pair.e48_t4,topk_gate,cuda_local_pair_two_reduce_top2_v4,L1_kernel_body,warm,5,5,150,8.40703994036,8.52991998196,21.577727794645,10.993595759075866,5.256980198390641,0.4781856922518451,False
20260803T181855Z-86cfbe2a805d-rtx3080_topk_gate_release_v2,topk_gate.release.cub_pair.e48_t4,topk_gate,cuda_naive,L1_kernel_body,warm,5,5,150,10.2911996841,10.332159996,10.91891169549,10.267852811018,0.3996769363590513,0.03892507457159639,True
20260803T181855Z-86cfbe2a805d-rtx3080_topk_gate_release_v2,topk_gate.release.cub_pair.e48_t4,topk_gate,cuda_subwarp_pair_top2_v2,L1_kernel_body,warm,5,5,150,8.3916798234,8.41728001833,10.283007621745,8.561117863654001,0.7505710867218095,0.08767208893459336,False
20260803T181855Z-86cfbe2a805d-rtx3080_topk_gate_release_v2,topk_gate.release.cub_pair.e48_t4,topk_gate,cuda_vector_pair_top2_v3,L1_kernel_body,warm,5,5,150,8.43264013529,8.688639998435,21.573119759544998,11.608883190156199,5.095735710211231,0.4389514156307629,False
20260803T181855Z-86cfbe2a805d-rtx3080_topk_gate_release_v2,topk_gate.release.cub_pair.e48_t4096,topk_gate,cub_block_radix_top2,L1_kernel_body,warm,5,5,150,66.7903995514,66.84159994125,74.83955097201,68.303189055124,2.868175423637596,0.041991822978028726,False
20260803T181855Z-86cfbe2a805d-rtx3080_topk_gate_release_v2,topk_gate.release.cub_pair.e48_t4096,topk_gate,cuda_local_pair_two_reduce_top2_v4,L1_kernel_body,warm,5,5,150,13.0355203152,13.066239953050001,22.95603227615498,14.347195724643667,3.876206546519752,0.270171720029004,False
20260803T181855Z-86cfbe2a805d-rtx3080_topk_gate_release_v2,topk_gate.release.cub_pair.e48_t4096,topk_gate,cuda_naive,L1_kernel_body,warm,5,5,150,10.2246403694,10.2041602135,11.1001598835,10.2712661385532,0.5225448292494896,0.05087443185685916,True
20260803T181855Z-86cfbe2a805d-rtx3080_topk_gate_release_v2,topk_gate.release.cub_pair.e48_t4096,topk_gate,cuda_subwarp_pair_top2_v2,L1_kernel_body,warm,5,5,150,13.7318396568,13.41951966285,14.4291841984,13.406890662511334,0.6172930294965173,0.046042967384123355,False
20260803T181855Z-86cfbe2a805d-rtx3080_topk_gate_release_v2,topk_gate.release.cub_pair.e48_t4096,topk_gate,cuda_vector_pair_top2_v3,L1_kernel_body,warm,5,5,150,13.0560004711,12.9945600033,13.91462385659,13.051767508186668,0.4799537896928039,0.036773087583099745,False
20260803T181855Z-86cfbe2a805d-rtx3080_topk_gate_release_v2,topk_gate.release.cub_pair.e48_t512,topk_gate,cub_block_radix_top2,L1_kernel_body,warm,5,5,150,14.2336004972,14.1772800684,18.0085760355,14.459357865652,1.6414053911832556,0.11351855362003252,False
20260803T181855Z-86cfbe2a805d-rtx3080_topk_gate_release_v2,topk_gate.release.cub_pair.e48_t512,topk_gate,cuda_local_pair_two_reduce_top2_v4,L1_kernel_body,warm,5,5,150,8.5504001379,8.61184000969,52.5824022293,16.847189390660198,17.19610109400823,1.0207103805422562,False
20260803T181855Z-86cfbe2a805d-rtx3080_topk_gate_release_v2,topk_gate.release.cub_pair.e48_t512,topk_gate,cuda_naive,L1_kernel_body,warm,5,5,150,9.28256005049,9.49248015881,30.606336235984983,12.534101347130067,7.184135957576638,0.5731672146740372,True
20260803T181855Z-86cfbe2a805d-rtx3080_topk_gate_release_v2,topk_gate.release.cub_pair.e48_t512,topk_gate,cuda_subwarp_pair_top2_v2,L1_kernel_body,warm,5,5,150,9.02656018734,9.03679996729,21.6632324457,11.3545215964312,5.111635682444432,0.45018503325151565,False
20260803T181855Z-86cfbe2a805d-rtx3080_topk_gate_release_v2,topk_gate.release.cub_pair.e48_t512,topk_gate,cuda_vector_pair_top2_v3,L1_kernel_body,warm,5,5,150,9.26207989454,9.20576006174,58.94195127488,18.744797813890532,19.713215455825008,1.0516632748749546,False
20260803T181855Z-86cfbe2a805d-rtx3080_topk_gate_release_v2,topk_gate.release.cub_pair.e48_t64,topk_gate,cub_block_radix_top2,L1_kernel_body,warm,5,5,150,12.7948796749,12.9484796524,21.540351510045,14.338935422899334,3.2015512011720983,0.22327677102577706,False
20260803T181855Z-86cfbe2a805d-rtx3080_topk_gate_release_v2,topk_gate.release.cub_pair.e48_t64,topk_gate,cuda_local_pair_two_reduce_top2_v4,L1_kernel_body,warm,5,5,150,8.4582400322,8.64256024361,52.33766198159999,15.621666141352602,15.730765243184369,1.006983832636326,False
20260803T181855Z-86cfbe2a805d-rtx3080_topk_gate_release_v2,topk_gate.release.cub_pair.e48_t64,topk_gate,cuda_naive,L1_kernel_body,warm,5,5,150,10.2809602022,10.2092802525,12.458496034145,10.425207475820333,1.0020092864920105,0.09611408586505517,True
20260803T181855Z-86cfbe2a805d-rtx3080_topk_gate_release_v2,topk_gate.release.cub_pair.e48_t64,topk_gate,cuda_subwarp_pair_top2_v2,L1_kernel_body,warm,5,5,150,8.29952001572,8.371199965475,10.898432075989998,8.6055594921112,0.9098390704525059,0.10572689332826811,False
20260803T181855Z-86cfbe2a805d-rtx3080_topk_gate_release_v2,topk_gate.release.cub_pair.e48_t64,topk_gate,cuda_vector_pair_top2_v3,L1_kernel_body,warm,5,5,150,8.20735991001,8.299520015715,10.5983996391,8.5384533246344,0.8944966198296772,0.10476096616338625,False
20260803T181855Z-86cfbe2a805d-rtx3080_topk_gate_release_v2,topk_gate.release.cub_pair.e48_t8,topk_gate,cub_block_radix_top2,L1_kernel_body,warm,5,5,150,12.8409600258,12.9126405716,13.988351762279997,12.8566613475422,1.9155190952314678,0.1489903983196739,False
20260803T181855Z-86cfbe2a805d-rtx3080_topk_gate_release_v2,topk_gate.release.cub_pair.e48_t8,topk_gate,cuda_local_pair_two_reduce_top2_v4,L1_kernel_body,warm,5,5,150,8.20223987103,8.31488013268,33.046527981735,12.870178103444333,9.324406453365777,0.7244970798710523,False
20260803T181855Z-86cfbe2a805d-rtx3080_topk_gate_release_v2,topk_gate.release.cub_pair.e48_t8,topk_gate,cuda_naive,L1_kernel_body,warm,5,5,150,10.4243195057,10.4191994667,35.22969591617999,14.669619206585867,9.54094352421781,0.6503879473527465,True
20260803T181855Z-86cfbe2a805d-rtx3080_topk_gate_release_v2,topk_gate.release.cub_pair.e48_t8,topk_gate,cuda_subwarp_pair_top2_v2,L1_kernel_body,warm,5,5,150,8.27903985977,8.3046400547,9.151999950408499,8.316723199685466,0.49248628011637297,0.05921638466156942,False
20260803T181855Z-86cfbe2a805d-rtx3080_topk_gate_release_v2,topk_gate.release.cub_pair.e48_t8,topk_gate,cuda_vector_pair_top2_v3,L1_kernel_body,warm,5,5,150,8.56064021587,8.627199828624999,22.454784393304998,11.612842675051,5.452473722612313,0.4695210186844598,False
20260803T181855Z-86cfbe2a805d-rtx3080_topk_gate_release_v2,topk_gate.release.cub_pair.e4_t1,topk_gate,cub_block_radix_top2,L1_kernel_body,warm,5,5,150,12.7999997139,13.1071996689,23.519744276989996,14.82362879117,3.855319534750558,0.2600793361101338,False
20260803T181855Z-86cfbe2a805d-rtx3080_topk_gate_release_v2,topk_gate.release.cub_pair.e4_t1,topk_gate,cuda_local_pair_two_reduce_top2_v4,L1_kernel_body,warm,5,5,150,8.23808014393,8.330240249635,20.7677447796,10.756915195782934,4.992778938263684,0.4641459793436894,False
20260803T181855Z-86cfbe2a805d-rtx3080_topk_gate_release_v2,topk_gate.release.cub_pair.e4_t1,topk_gate,cuda_naive,L1_kernel_body,warm,5,5,150,8.27904015779,8.29439997673,20.553727149944997,10.666871484121334,4.958036742741693,0.46480701957665926,True
20260803T181855Z-86cfbe2a805d-rtx3080_topk_gate_release_v2,topk_gate.release.cub_pair.e4_t1,topk_gate,cuda_subwarp_pair_top2_v2,L1_kernel_body,warm,5,5,150,8.47360014915,8.48896026611,9.027072191239,8.4403541167576,0.43912637751305167,0.05202700875324696,False
20260803T181855Z-86cfbe2a805d-rtx3080_topk_gate_release_v2,topk_gate.release.cub_pair.e4_t1,topk_gate,cuda_vector_pair_top2_v3,L1_kernel_body,warm,5,5,150,8.64255994558,8.70400011539,20.660735964744998,10.867916778722934,4.880272862111869,0.44905320508769475,False
20260803T181855Z-86cfbe2a805d-rtx3080_topk_gate_release_v2,topk_gate.release.cub_pair.e4_t1024,topk_gate,cub_block_radix_top2,L1_kernel_body,warm,5,5,150,21.8163204193,22.0518410206,30.628352403649984,23.461068932218,3.6123149071101377,0.15397060200226054,False
20260803T181855Z-86cfbe2a805d-rtx3080_topk_gate_release_v2,topk_gate.release.cub_pair.e4_t1024,topk_gate,cuda_local_pair_two_reduce_top2_v4,L1_kernel_body,warm,5,5,150,8.92928004265,8.8065597415,9.717760026452495,8.988735977809267,1.892880236213641,0.2105835838194208,False
20260803T181855Z-86cfbe2a805d-rtx3080_topk_gate_release_v2,topk_gate.release.cub_pair.e4_t1024,topk_gate,cuda_naive,L1_kernel_body,warm,5,5,150,7.9667198658,7.99744009972,8.903680115938498,8.0272725184762,0.50838677868412,0.06333244293301081,True
20260803T181855Z-86cfbe2a805d-rtx3080_topk_gate_release_v2,topk_gate.release.cub_pair.e4_t1024,topk_gate,cuda_subwarp_pair_top2_v2,L1_kernel_body,warm,5,5,150,8.53504002094,8.637440204619999,9.342975884677,8.6362794756892,0.3731048667075617,0.04320203714549046,False
20260803T181855Z-86cfbe2a805d-rtx3080_topk_gate_release_v2,topk_gate.release.cub_pair.e4_t1024,topk_gate,cuda_vector_pair_top2_v3,L1_kernel_body,warm,5,5,150,8.83711993694,8.816639781,11.286528110545,9.162956802049333,1.0240041732671592,0.11175477472928132,False
20260803T181855Z-86cfbe2a805d-rtx3080_topk_gate_release_v2,topk_gate.release.cub_pair.e4_t128,topk_gate,cub_block_radix_top2,L1_kernel_body,warm,5,5,150,13.1123197079,13.1123197079,24.778239846219982,14.951219201094666,4.104140330884342,0.2745020506811815,False
20260803T181855Z-86cfbe2a805d-rtx3080_topk_gate_release_v2,topk_gate.release.cub_pair.e4_t128,topk_gate,cuda_local_pair_two_reduce_top2_v4,L1_kernel_body,warm,5,5,150,8.56575995684,8.729600012305,21.4789110422,11.153271456559601,5.128636246514661,0.45983245960523483,False
20260803T181855Z-86cfbe2a805d-rtx3080_topk_gate_release_v2,topk_gate.release.cub_pair.e4_t128,topk_gate,cuda_naive,L1_kernel_body,warm,5,5,150,7.96159982681,8.07007998228,11.653183758254983,8.627859175204467,2.15363906573741,0.2496145361211661,True
20260803T181855Z-86cfbe2a805d-rtx3080_topk_gate_release_v2,topk_gate.release.cub_pair.e4_t128,topk_gate,cuda_subwarp_pair_top2_v2,L1_kernel_body,warm,5,5,150,8.74496012926,8.750079870225001,9.4479360878485,8.7526058554652,0.36507516370004295,0.04171045397549656,False
20260803T181855Z-86cfbe2a805d-rtx3080_topk_gate_release_v2,topk_gate.release.cub_pair.e4_t128,topk_gate,cuda_vector_pair_top2_v3,L1_kernel_body,warm,5,5,150,8.8831999898,8.898559808729999,33.1934720278,13.6379050016404,9.716150277476391,0.7124371577824974,False
20260803T181855Z-86cfbe2a805d-rtx3080_topk_gate_release_v2,topk_gate.release.cub_pair.e4_t16,topk_gate,cub_block_radix_top2,L1_kernel_body,warm,5,5,150,12.8409600258,12.917760014550002,22.695935845349993,14.561348326998665,3.707811396785723,0.2546337958217063,False
20260803T181855Z-86cfbe2a805d-rtx3080_topk_gate_release_v2,topk_gate.release.cub_pair.e4_t16,topk_gate,cuda_local_pair_two_reduce_top2_v4,L1_kernel_body,warm,5,5,150,8.50432008505,8.601599931715,22.083070874199997,11.247547721863334,5.389546386615447,0.4791752406739363,False
20260803T181855Z-86cfbe2a805d-rtx3080_topk_gate_release_v2,topk_gate.release.cub_pair.e4_t16,topk_gate,cuda_naive,L1_kernel_body,warm,5,5,150,8.70912015438,8.791040182115,20.215808033934998,10.876177104313934,4.663872467729661,0.4288154213560737,True
20260803T181855Z-86cfbe2a805d-rtx3080_topk_gate_release_v2,topk_gate.release.cub_pair.e4_t16,topk_gate,cuda_subwarp_pair_top2_v2,L1_kernel_body,warm,5,5,150,8.40703994036,8.483840227125,20.788224935545,10.8353535691912,4.969220745990769,0.4586117761879083,False
20260803T181855Z-86cfbe2a805d-rtx3080_topk_gate_release_v2,topk_gate.release.cub_pair.e4_t16,topk_gate,cuda_vector_pair_top2_v3,L1_kernel_body,warm,5,5,150,8.35071980953,8.4582400322,9.360384017225,8.5228885293004,0.49620258282673513,0.058220001484340166,False
20260803T181855Z-86cfbe2a805d-rtx3080_topk_gate_release_v2,topk_gate.release.cub_pair.e4_t2,topk_gate,cub_block_radix_top2,L1_kernel_body,warm,5,5,150,12.9843199253,13.132799863799999,13.892095685045,13.102899185813333,0.5921451188341244,0.04519191595973256,False
20260803T181855Z-86cfbe2a805d-rtx3080_topk_gate_release_v2,topk_gate.release.cub_pair.e4_t2,topk_gate,cuda_local_pair_two_reduce_top2_v4,L1_kernel_body,warm,5,5,150,8.6067199707,8.69376003742,21.55827164649,11.121186121303934,5.18331463820761,0.4660757028675533,False
20260803T181855Z-86cfbe2a805d-rtx3080_topk_gate_release_v2,topk_gate.release.cub_pair.e4_t2,topk_gate,cuda_naive,L1_kernel_body,warm,5,5,150,8.51456016302,8.34559977055,9.298128038641998,8.328492804368201,0.5363657088922028,0.06440129342621093,True
20260803T181855Z-86cfbe2a805d-rtx3080_topk_gate_release_v2,topk_gate.release.cub_pair.e4_t2,topk_gate,cuda_subwarp_pair_top2_v2,L1_kernel_body,warm,5,5,150,8.4582400322,8.494080007075,31.354880332900002,12.9349632064494,9.178521973784429,0.7095901107169751,False
20260803T181855Z-86cfbe2a805d-rtx3080_topk_gate_release_v2,topk_gate.release.cub_pair.e4_t2,topk_gate,cuda_vector_pair_top2_v3,L1_kernel_body,warm,5,5,150,8.73984009027,8.64767998457,32.906752228745,13.349068816504067,9.72510569680261,0.7285231524748015,False
20260803T181855Z-86cfbe2a805d-rtx3080_topk_gate_release_v2,topk_gate.release.cub_pair.e4_t2048,topk_gate,cub_block_radix_top2,L1_kernel_body,warm,5,5,150,36.4953589439,36.61311984065,82.872316837325,46.51485848427067,18.271947023292952,0.3928195767696841,False
20260803T181855Z-86cfbe2a805d-rtx3080_topk_gate_release_v2,topk_gate.release.cub_pair.e4_t2048,topk_gate,cuda_local_pair_two_reduce_top2_v4,L1_kernel_body,warm,5,5,150,8.65279972553,8.616960048675,9.2728319466115,8.6915754675864,0.6199788681206928,0.07133101132617299,False
20260803T181855Z-86cfbe2a805d-rtx3080_topk_gate_release_v2,topk_gate.release.cub_pair.e4_t2048,topk_gate,cuda_naive,L1_kernel_body,warm,5,5,150,8.15104007721,8.03839981556,9.436672002076,8.1545898834862,0.5719764653152396,0.07014165929712111,True
20260803T181855Z-86cfbe2a805d-rtx3080_topk_gate_release_v2,topk_gate.release.cub_pair.e4_t2048,topk_gate,cuda_subwarp_pair_top2_v2,L1_kernel_body,warm,5,5,150,8.63232016563,8.42751979828,9.37983989716,8.413866659005333,0.6272094630927834,0.07454473531755858,False
20260803T181855Z-86cfbe2a805d-rtx3080_topk_gate_release_v2,topk_gate.release.cub_pair.e4_t2048,topk_gate,cuda_vector_pair_top2_v3,L1_kernel_body,warm,5,5,150,8.7296000123,8.6630398035,9.3547519743415,8.595114668210266,0.5000090739658802,0.05817363621863064,False
20260803T181855Z-86cfbe2a805d-rtx3080_topk_gate_release_v2,topk_gate.release.cub_pair.e4_t256,topk_gate,cub_block_radix_top2,L1_kernel_body,warm,5,5,150,11.9808000326,11.9552004337,13.277695775045,12.105728077887333,0.607501532037345,0.05018298181891468,False
20260803T181855Z-86cfbe2a805d-rtx3080_topk_gate_release_v2,topk_gate.release.cub_pair.e4_t256,topk_gate,cuda_local_pair_two_reduce_top2_v4,L1_kernel_body,warm,5,5,150,8.51967990398,8.67327988148,34.053631424900004,13.668761607010667,10.16529477442937,0.7436880579741489,False
20260803T181855Z-86cfbe2a805d-rtx3080_topk_gate_release_v2,topk_gate.release.cub_pair.e4_t256,topk_gate,cuda_naive,L1_kernel_body,warm,5,5,150,8.8524800539,8.555520176885,9.704959988593,8.608699727058733,0.6862297244994506,0.07971351612398606,True
20260803T181855Z-86cfbe2a805d-rtx3080_topk_gate_release_v2,topk_gate.release.cub_pair.e4_t256,topk_gate,cuda_subwarp_pair_top2_v2,L1_kernel_body,warm,5,5,150,8.82687985897,8.80639970303,20.39091229439,10.092339213690467,3.82525164656972,0.3790252750700935,False
20260803T181855Z-86cfbe2a805d-rtx3080_topk_gate_release_v2,topk_gate.release.cub_pair.e4_t256,topk_gate,cuda_vector_pair_top2_v3,L1_kernel_body,warm,5,5,150,8.73984009027,8.709120154379999,9.586687952281999,8.782506680488734,0.49936864756644384,0.05685946686221646,False
20260803T181855Z-86cfbe2a805d-rtx3080_topk_gate_release_v2,topk_gate.release.cub_pair.e4_t32,topk_gate,cub_block_radix_top2,L1_kernel_body,warm,5,5,150,13.1174403429,13.19936037065,15.15110427138,13.381836819647999,0.9300461609358739,0.06950063533657244,False
20260803T181855Z-86cfbe2a805d-rtx3080_topk_gate_release_v2,topk_gate.release.cub_pair.e4_t32,topk_gate,cuda_local_pair_two_reduce_top2_v4,L1_kernel_body,warm,5,5,150,8.68351995945,8.714240193365,21.45382392409,11.1788714567826,5.10711401681641,0.4568541678433694,False
20260803T181855Z-86cfbe2a805d-rtx3080_topk_gate_release_v2,topk_gate.release.cub_pair.e4_t32,topk_gate,cuda_naive,L1_kernel_body,warm,5,5,150,8.41727972031,8.57087999582,67.31161594388999,17.413324813047932,20.033939439799674,1.1504947880365786,True
20260803T181855Z-86cfbe2a805d-rtx3080_topk_gate_release_v2,topk_gate.release.cub_pair.e4_t32,topk_gate,cuda_subwarp_pair_top2_v2,L1_kernel_body,warm,5,5,150,8.73472005129,8.750079870225001,65.66348743438996,14.786764816442668,17.327470781019965,1.1718229779209086,False
20260803T181855Z-86cfbe2a805d-rtx3080_topk_gate_release_v2,topk_gate.release.cub_pair.e4_t32,topk_gate,cuda_vector_pair_top2_v3,L1_kernel_body,warm,5,5,150,8.36607992649,8.279039859775,8.911872178314498,8.225109366576266,0.5138445238280392,0.06247266764817853,False
20260803T181855Z-86cfbe2a805d-rtx3080_topk_gate_release_v2,topk_gate.release.cub_pair.e4_t4,topk_gate,cub_block_radix_top2,L1_kernel_body,warm,5,5,150,12.8255999088,12.805119752900001,28.975103974325,15.645354700086667,6.402110014070019,0.40920197316041385,False
20260803T181855Z-86cfbe2a805d-rtx3080_topk_gate_release_v2,topk_gate.release.cub_pair.e4_t4,topk_gate,cuda_local_pair_two_reduce_top2_v4,L1_kernel_body,warm,5,5,150,8.50431978703,8.586239814755,20.387840271,10.861841066677666,4.734202220542675,0.4358563333306749,False
20260803T181855Z-86cfbe2a805d-rtx3080_topk_gate_release_v2,topk_gate.release.cub_pair.e4_t4,topk_gate,cuda_naive,L1_kernel_body,warm,5,5,150,8.54016005993,8.4582400322,9.314815998076,8.420556815465334,0.5305668005102185,0.06300851738637649,True
20260803T181855Z-86cfbe2a805d-rtx3080_topk_gate_release_v2,topk_gate.release.cub_pair.e4_t4,topk_gate,cuda_subwarp_pair_top2_v2,L1_kernel_body,warm,5,5,150,8.59648019075,8.729600012305,21.2070393562,11.172317842641467,4.988216426694464,0.446479996089612,False
20260803T181855Z-86cfbe2a805d-rtx3080_topk_gate_release_v2,topk_gate.release.cub_pair.e4_t4,topk_gate,cuda_vector_pair_top2_v3,L1_kernel_body,warm,5,5,150,8.72447997332,8.73471975327,21.00998330113,11.192736041544,4.950584643760065,0.4423033497247692,False
20260803T181855Z-86cfbe2a805d-rtx3080_topk_gate_release_v2,topk_gate.release.cub_pair.e4_t4096,topk_gate,cub_block_radix_top2,L1_kernel_body,warm,5,5,150,66.314239502,66.3449621201,66.8671989441,66.73025712966867,1.6741736084693792,0.025088673121941733,False
20260803T181855Z-86cfbe2a805d-rtx3080_topk_gate_release_v2,topk_gate.release.cub_pair.e4_t4096,topk_gate,cuda_local_pair_two_reduce_top2_v4,L1_kernel_body,warm,5,5,150,8.42751979828,8.504319787025,10.634239912035,8.730282640457068,1.9913400581256615,0.22809571466765322,False
20260803T181855Z-86cfbe2a805d-rtx3080_topk_gate_release_v2,topk_gate.release.cub_pair.e4_t4096,topk_gate,cuda_naive,L1_kernel_body,warm,5,5,150,8.02303999662,8.03839981556,8.8325119018535,8.0306175827982,0.4763257740055234,0.05931371642273517,True
20260803T181855Z-86cfbe2a805d-rtx3080_topk_gate_release_v2,topk_gate.release.cub_pair.e4_t4096,topk_gate,cuda_subwarp_pair_top2_v2,L1_kernel_body,warm,5,5,150,9.03679996729,9.02144014835,9.5288318395635,9.020620818932999,0.2921602674711023,0.03238804438580319,False
20260803T181855Z-86cfbe2a805d-rtx3080_topk_gate_release_v2,topk_gate.release.cub_pair.e4_t4096,topk_gate,cuda_vector_pair_top2_v3,L1_kernel_body,warm,5,5,150,9.0316799283,9.221119880675,21.387776732444998,11.8422186454144,4.846050460376518,0.4092181208166621,False
20260803T181855Z-86cfbe2a805d-rtx3080_topk_gate_release_v2,topk_gate.release.cub_pair.e4_t512,topk_gate,cub_block_radix_top2,L1_kernel_body,warm,5,5,150,14.0390396118,14.05951976775,24.658943414699998,16.027920985222,4.167247691263769,0.2599992659750468,False
20260803T181855Z-86cfbe2a805d-rtx3080_topk_gate_release_v2,topk_gate.release.cub_pair.e4_t512,topk_gate,cuda_local_pair_two_reduce_top2_v4,L1_kernel_body,warm,5,5,150,8.8524800539,8.84223997593,42.350079298035,15.313305568695332,13.513210138493887,0.8824489316087741,False
20260803T181855Z-86cfbe2a805d-rtx3080_topk_gate_release_v2,topk_gate.release.cub_pair.e4_t512,topk_gate,cuda_naive,L1_kernel_body,warm,5,5,150,8.11519980431,8.360959887505,68.922881364805,19.822728681567664,23.281527819162093,1.1744865297384928,True
20260803T181855Z-86cfbe2a805d-rtx3080_topk_gate_release_v2,topk_gate.release.cub_pair.e4_t512,topk_gate,cuda_subwarp_pair_top2_v2,L1_kernel_body,warm,5,5,150,8.65280002356,8.791040182115,20.348927974745,11.003289540610334,4.653219925960267,0.42289352732075436,False
20260803T181855Z-86cfbe2a805d-rtx3080_topk_gate_release_v2,topk_gate.release.cub_pair.e4_t512,topk_gate,cuda_vector_pair_top2_v3,L1_kernel_body,warm,5,5,150,8.50943982601,8.51967990398,21.21574342249,10.927786668143,5.102440011778456,0.46692346462557116,False
20260803T181855Z-86cfbe2a805d-rtx3080_topk_gate_release_v2,topk_gate.release.cub_pair.e4_t64,topk_gate,cub_block_radix_top2,L1_kernel_body,warm,5,5,150,12.6924800873,12.5542402267,13.723647594445,12.611310907199933,1.6430131897549383,0.1302809201870461,False
20260803T181855Z-86cfbe2a805d-rtx3080_topk_gate_release_v2,topk_gate.release.cub_pair.e4_t64,topk_gate,cuda_local_pair_two_reduce_top2_v4,L1_kernel_body,warm,5,5,150,8.62719982862,8.673279881475,75.96083188057,21.585373934108734,25.8395499461492,1.1970860465529445,False
20260803T181855Z-86cfbe2a805d-rtx3080_topk_gate_release_v2,topk_gate.release.cub_pair.e4_t64,topk_gate,cuda_naive,L1_kernel_body,warm,5,5,150,8.79104018211,8.60159993172,9.44127976894,8.531148767471933,0.5959866747491719,0.06986007289212738,True
20260803T181855Z-86cfbe2a805d-rtx3080_topk_gate_release_v2,topk_gate.release.cub_pair.e4_t64,topk_gate,cuda_subwarp_pair_top2_v2,L1_kernel_body,warm,5,5,150,8.75519990921,8.760319948195,20.2751994133,10.909286379814933,4.554932681561998,0.4175280144803815,False
20260803T181855Z-86cfbe2a805d-rtx3080_topk_gate_release_v2,topk_gate.release.cub_pair.e4_t64,topk_gate,cuda_vector_pair_top2_v3,L1_kernel_body,warm,5,5,150,8.66815984249,8.65279972553,9.474048018459499,8.653073056538867,0.6112962141793613,0.07064498475688047,False
20260803T181855Z-86cfbe2a805d-rtx3080_topk_gate_release_v2,topk_gate.release.cub_pair.e4_t8,topk_gate,cub_block_radix_top2,L1_kernel_body,warm,5,5,150,12.8307205439,12.7999997139,14.117887556524998,12.826419194538666,0.7731639002428623,0.060279013847611196,False
20260803T181855Z-86cfbe2a805d-rtx3080_topk_gate_release_v2,topk_gate.release.cub_pair.e4_t8,topk_gate,cuda_local_pair_two_reduce_top2_v4,L1_kernel_body,warm,5,5,150,8.68351995945,8.58111977577,10.936319828,8.865245874722667,1.0301563391901878,0.11620166589259029,False
20260803T181855Z-86cfbe2a805d-rtx3080_topk_gate_release_v2,topk_gate.release.cub_pair.e4_t8,topk_gate,cuda_naive,L1_kernel_body,warm,5,5,150,8.78080010414,8.447999954225,9.797631978990994,8.548966395855267,0.7234428048218992,0.08462342361909864,True
20260803T181855Z-86cfbe2a805d-rtx3080_topk_gate_release_v2,topk_gate.release.cub_pair.e4_t8,topk_gate,cuda_subwarp_pair_top2_v2,L1_kernel_body,warm,5,5,150,8.52479994297,8.56064021587,78.37849569318999,22.007329996425867,27.24666264535548,1.238072162764884,False
20260803T181855Z-86cfbe2a805d-rtx3080_topk_gate_release_v2,topk_gate.release.cub_pair.e4_t8,topk_gate,cuda_vector_pair_top2_v3,L1_kernel_body,warm,5,5,150,8.32511991262,8.3046400547,9.914368063211999,8.432230397066668,0.7293215648574277,0.0864921296637172,False
20260803T181855Z-86cfbe2a805d-rtx3080_topk_gate_release_v2,topk_gate.release.cub_pair.e63_t1,topk_gate,cub_block_radix_top2,L1_kernel_body,warm,5,5,150,12.769280076,12.9535996914,13.887487649945,12.947865621250667,0.5281676134305977,0.04079186708299964,False
20260803T181855Z-86cfbe2a805d-rtx3080_topk_gate_release_v2,topk_gate.release.cub_pair.e63_t1,topk_gate,cuda_local_pair_two_reduce_top2_v4,L1_kernel_body,warm,5,5,150,8.10496002436,8.11007976532,9.022464156152498,8.188450141747667,0.4563564160853221,0.05573172067796478,False
20260803T181855Z-86cfbe2a805d-rtx3080_topk_gate_release_v2,topk_gate.release.cub_pair.e63_t1,topk_gate,cuda_naive,L1_kernel_body,warm,5,5,150,9.85599994659,9.84063982964,10.8088320494,9.955259760220867,1.7441498336471792,0.1751988271181468,True
20260803T181855Z-86cfbe2a805d-rtx3080_topk_gate_release_v2,topk_gate.release.cub_pair.e63_t1,topk_gate,cuda_subwarp_pair_top2_v2,L1_kernel_body,warm,5,5,150,9.08800005913,8.883199989795,21.949952244745,11.360870464642533,5.25999811293539,0.4629925259077316,False
20260803T181855Z-86cfbe2a805d-rtx3080_topk_gate_release_v2,topk_gate.release.cub_pair.e63_t1,topk_gate,cuda_vector_pair_top2_v3,L1_kernel_body,warm,5,5,150,8.23295980692,8.289279937745,21.89619183539,11.004654935995132,5.47093413258272,0.4971472676247065,False
20260803T181855Z-86cfbe2a805d-rtx3080_topk_gate_release_v2,topk_gate.release.cub_pair.e63_t1024,topk_gate,cub_block_radix_top2,L1_kernel_body,warm,5,5,150,21.7139208317,21.86239957805,33.771007657035,24.047411171592,4.4033367812634445,0.18311063714273126,False
20260803T181855Z-86cfbe2a805d-rtx3080_topk_gate_release_v2,topk_gate.release.cub_pair.e63_t1024,topk_gate,cuda_local_pair_two_reduce_top2_v4,L1_kernel_body,warm,5,5,150,9.71264004707,9.748480021955,11.047936022269997,9.9237205584836,0.775075811720128,0.0781033491574418,False
20260803T181855Z-86cfbe2a805d-rtx3080_topk_gate_release_v2,topk_gate.release.cub_pair.e63_t1024,topk_gate,cuda_naive,L1_kernel_body,warm,5,5,150,11.7145603895,11.627520322799999,18.86054450271997,12.800068275134,2.8192090505270615,0.22024953226255725,True
20260803T181855Z-86cfbe2a805d-rtx3080_topk_gate_release_v2,topk_gate.release.cub_pair.e63_t1024,topk_gate,cuda_subwarp_pair_top2_v2,L1_kernel_body,warm,5,5,150,10.045440197,10.040320158,22.781439423545002,12.368691241741534,5.093672864527483,0.4118198736611267,False
20260803T181855Z-86cfbe2a805d-rtx3080_topk_gate_release_v2,topk_gate.release.cub_pair.e63_t1024,topk_gate,cuda_vector_pair_top2_v3,L1_kernel_body,warm,5,5,150,9.99423980713,9.978879988195,21.90335989,11.925708786646133,5.010718131268939,0.4201610336888079,False
20260803T181855Z-86cfbe2a805d-rtx3080_topk_gate_release_v2,topk_gate.release.cub_pair.e63_t128,topk_gate,cub_block_radix_top2,L1_kernel_body,warm,5,5,150,12.6924800873,12.7334403992,13.810176253344999,12.776311417420533,1.792448218581474,0.14029465626029328,False
20260803T181855Z-86cfbe2a805d-rtx3080_topk_gate_release_v2,topk_gate.release.cub_pair.e63_t128,topk_gate,cuda_local_pair_two_reduce_top2_v4,L1_kernel_body,warm,5,5,150,8.51967990398,8.704000115395,22.1706235409,11.422788246471667,5.385434047294197,0.4714640533547209,False
20260803T181855Z-86cfbe2a805d-rtx3080_topk_gate_release_v2,topk_gate.release.cub_pair.e63_t128,topk_gate,cuda_naive,L1_kernel_body,warm,5,5,150,9.23135995865,9.26720023155,22.65395152567499,11.362167489526867,5.049032390388242,0.4443722903259622,True
20260803T181855Z-86cfbe2a805d-rtx3080_topk_gate_release_v2,topk_gate.release.cub_pair.e63_t128,topk_gate,cuda_subwarp_pair_top2_v2,L1_kernel_body,warm,5,5,150,8.31999987364,8.28415989876,9.31686401367,8.3613013188046,0.5474684463537361,0.0654764641865588,False
20260803T181855Z-86cfbe2a805d-rtx3080_topk_gate_release_v2,topk_gate.release.cub_pair.e63_t128,topk_gate,cuda_vector_pair_top2_v3,L1_kernel_body,warm,5,5,150,8.83711993694,8.57600003481,22.09740805628,10.313454929987866,4.259641682901881,0.4130179180321383,False
20260803T181855Z-86cfbe2a805d-rtx3080_topk_gate_release_v2,topk_gate.release.cub_pair.e63_t16,topk_gate,cub_block_radix_top2,L1_kernel_body,warm,5,5,150,12.9689604044,13.378559947,21.654016375544998,14.904320073127334,3.219398467325631,0.21600438339553943,False
20260803T181855Z-86cfbe2a805d-rtx3080_topk_gate_release_v2,topk_gate.release.cub_pair.e63_t16,topk_gate,cuda_local_pair_two_reduce_top2_v4,L1_kernel_body,warm,5,5,150,8.94976019859,8.826879858969999,10.283520162124997,8.872140808900735,0.693641724368926,0.07818200131281153,False
20260803T181855Z-86cfbe2a805d-rtx3080_topk_gate_release_v2,topk_gate.release.cub_pair.e63_t16,topk_gate,cuda_naive,L1_kernel_body,warm,5,5,150,9.45151984692,9.589760005475,22.0477449894,11.843652304012,4.927501628818363,0.4160457857369882,True
20260803T181855Z-86cfbe2a805d-rtx3080_topk_gate_release_v2,topk_gate.release.cub_pair.e63_t16,topk_gate,cuda_subwarp_pair_top2_v2,L1_kernel_body,warm,5,5,150,8.44287991524,8.50943982601,9.953280031687996,8.615185030302467,0.6626184752089472,0.07691285478817901,False
20260803T181855Z-86cfbe2a805d-rtx3080_topk_gate_release_v2,topk_gate.release.cub_pair.e63_t16,topk_gate,cuda_vector_pair_top2_v3,L1_kernel_body,warm,5,5,150,8.40703994036,8.39168012142,9.953280031687996,8.481450668971133,0.6380647585715775,0.07523061602019314,False
20260803T181855Z-86cfbe2a805d-rtx3080_topk_gate_release_v2,topk_gate.release.cub_pair.e63_t2,topk_gate,cub_block_radix_top2,L1_kernel_body,warm,5,5,150,12.7129602432,12.7385604382,13.7830400467,12.73965227604,0.6569060795323785,0.051563893997942895,False
20260803T181855Z-86cfbe2a805d-rtx3080_topk_gate_release_v2,topk_gate.release.cub_pair.e63_t2,topk_gate,cuda_local_pair_two_reduce_top2_v4,L1_kernel_body,warm,5,5,150,8.20223987103,8.20223987103,8.914431929589,8.206199459234934,0.42417961868470383,0.05169014240902331,False
20260803T181855Z-86cfbe2a805d-rtx3080_topk_gate_release_v2,topk_gate.release.cub_pair.e63_t2,topk_gate,cuda_naive,L1_kernel_body,warm,5,5,150,9.72288012505,9.943040013315,11.134976148589999,10.039159456891133,0.7195145871636626,0.07167079975702244,True
20260803T181855Z-86cfbe2a805d-rtx3080_topk_gate_release_v2,topk_gate.release.cub_pair.e63_t2,topk_gate,cuda_subwarp_pair_top2_v2,L1_kernel_body,warm,5,5,150,8.51456016302,8.565760254859999,21.803007125845,11.114496008554333,5.370509069153727,0.48319861422598787,False
20260803T181855Z-86cfbe2a805d-rtx3080_topk_gate_release_v2,topk_gate.release.cub_pair.e63_t2,topk_gate,cuda_vector_pair_top2_v3,L1_kernel_body,warm,5,5,150,8.3916798234,8.4582400322,21.585919857,10.964923703670667,5.271868408241537,0.4807938979526782,False
20260803T181855Z-86cfbe2a805d-rtx3080_topk_gate_release_v2,topk_gate.release.cub_pair.e63_t2048,topk_gate,cub_block_radix_top2,L1_kernel_body,warm,5,5,150,43.3049607277,43.264000415850006,67.61011314391,45.596808624266004,11.577561579665485,0.2539116646313721,False
20260803T181855Z-86cfbe2a805d-rtx3080_topk_gate_release_v2,topk_gate.release.cub_pair.e63_t2048,topk_gate,cuda_local_pair_two_reduce_top2_v4,L1_kernel_body,warm,5,5,150,9.71264004707,9.86624002457,12.6463997364,10.186001082261601,1.2714297289738434,0.12482128351507572,False
20260803T181855Z-86cfbe2a805d-rtx3080_topk_gate_release_v2,topk_gate.release.cub_pair.e63_t2048,topk_gate,cuda_naive,L1_kernel_body,warm,5,5,150,11.0745596886,11.0591995716,12.364799976334997,11.0918314695358,0.6174715544076583,0.0556690350104553,True
20260803T181855Z-86cfbe2a805d-rtx3080_topk_gate_release_v2,topk_gate.release.cub_pair.e63_t2048,topk_gate,cuda_subwarp_pair_top2_v2,L1_kernel_body,warm,5,5,150,9.58464026451,9.67680007219,69.110272645945,18.941269350051734,20.967897643608374,1.106995379037314,False
20260803T181855Z-86cfbe2a805d-rtx3080_topk_gate_release_v2,topk_gate.release.cub_pair.e63_t2048,topk_gate,cuda_vector_pair_top2_v3,L1_kernel_body,warm,5,5,150,9.92255985737,9.77919995785,10.750464141334998,9.780292244752866,0.7181466743259591,0.07342793613465337,False
20260803T181855Z-86cfbe2a805d-rtx3080_topk_gate_release_v2,topk_gate.release.cub_pair.e63_t256,topk_gate,cub_block_radix_top2,L1_kernel_body,warm,5,5,150,11.9040000439,12.1343994141,38.50291168690999,17.014920488992665,9.971124069891772,0.5860223723256489,False
20260803T181855Z-86cfbe2a805d-rtx3080_topk_gate_release_v2,topk_gate.release.cub_pair.e63_t256,topk_gate,cuda_local_pair_two_reduce_top2_v4,L1_kernel_body,warm,5,5,150,8.56064021587,8.652800023554999,22.196735739744998,11.2499370376262,5.4790933242663735,0.4870332434698224,False
20260803T181855Z-86cfbe2a805d-rtx3080_topk_gate_release_v2,topk_gate.release.cub_pair.e63_t256,topk_gate,cuda_naive,L1_kernel_body,warm,5,5,150,9.96351987123,10.1068794727,27.08275187017,12.862941877048867,6.025776729480526,0.4684602314990025,True
20260803T181855Z-86cfbe2a805d-rtx3080_topk_gate_release_v2,topk_gate.release.cub_pair.e63_t256,topk_gate,cuda_subwarp_pair_top2_v2,L1_kernel_body,warm,5,5,150,8.09471994638,8.2483202219,8.9917439222325,8.2513919909792,0.4776188919653385,0.057883432575678545,False
20260803T181855Z-86cfbe2a805d-rtx3080_topk_gate_release_v2,topk_gate.release.cub_pair.e63_t256,topk_gate,cuda_vector_pair_top2_v3,L1_kernel_body,warm,5,5,150,8.60160022974,8.7296000123,22.1137911081,11.2447487950316,5.437918469050392,0.48359626063439426,False
20260803T181855Z-86cfbe2a805d-rtx3080_topk_gate_release_v2,topk_gate.release.cub_pair.e63_t32,topk_gate,cub_block_radix_top2,L1_kernel_body,warm,5,5,150,12.9484796524,13.01504015925,29.225984811800004,15.679283221562667,5.801991173576832,0.37004186298502106,False
20260803T181855Z-86cfbe2a805d-rtx3080_topk_gate_release_v2,topk_gate.release.cub_pair.e63_t32,topk_gate,cuda_local_pair_two_reduce_top2_v4,L1_kernel_body,warm,5,5,150,8.46848011017,8.56064021587,59.752447605144994,18.589627794423535,20.32257372251023,1.0932211202532274,False
20260803T181855Z-86cfbe2a805d-rtx3080_topk_gate_release_v2,topk_gate.release.cub_pair.e63_t32,topk_gate,cuda_naive,L1_kernel_body,warm,5,5,150,9.20063972473,9.27743971348,21.345792412745,11.2245418866478,4.2634757168971955,0.3798351647623882,True
20260803T181855Z-86cfbe2a805d-rtx3080_topk_gate_release_v2,topk_gate.release.cub_pair.e63_t32,topk_gate,cuda_subwarp_pair_top2_v2,L1_kernel_body,warm,5,5,150,8.70912015438,8.872960209845001,79.307265758505,22.473864503700465,27.194523029628353,1.2100510361780725,False
20260803T181855Z-86cfbe2a805d-rtx3080_topk_gate_release_v2,topk_gate.release.cub_pair.e63_t32,topk_gate,cuda_vector_pair_top2_v3,L1_kernel_body,warm,5,5,150,8.57600003481,8.51967990398,9.658367902041999,8.5912234584492,0.6345672001724387,0.07386226225420335,False
20260803T181855Z-86cfbe2a805d-rtx3080_topk_gate_release_v2,topk_gate.release.cub_pair.e63_t4,topk_gate,cub_block_radix_top2,L1_kernel_body,warm,5,5,150,12.8255999088,12.887040376649999,21.499391198145,14.287530652681335,3.2200303469996694,0.22537346902526978,False
20260803T181855Z-86cfbe2a805d-rtx3080_topk_gate_release_v2,topk_gate.release.cub_pair.e63_t4,topk_gate,cuda_local_pair_two_reduce_top2_v4,L1_kernel_body,warm,5,5,150,8.37119996548,8.38144004345,9.7607680857175,8.546577072143934,0.665687733637582,0.07788939689168359,False
20260803T181855Z-86cfbe2a805d-rtx3080_topk_gate_release_v2,topk_gate.release.cub_pair.e63_t4,topk_gate,cuda_naive,L1_kernel_body,warm,5,5,150,9.86624002457,10.01471996305,23.07276725769,12.264516270160733,4.844133520576624,0.39497142927375634,True
20260803T181855Z-86cfbe2a805d-rtx3080_topk_gate_release_v2,topk_gate.release.cub_pair.e63_t4,topk_gate,cuda_subwarp_pair_top2_v2,L1_kernel_body,warm,5,5,150,8.31999987364,8.422399759295,10.430464088879997,8.590813855329868,0.8326715606211087,0.09692580640709691,False
20260803T181855Z-86cfbe2a805d-rtx3080_topk_gate_release_v2,topk_gate.release.cub_pair.e63_t4,topk_gate,cuda_vector_pair_top2_v3,L1_kernel_body,warm,5,5,150,8.20736020803,8.25856000185,9.01120007038,8.280405330657867,0.47008688877126653,0.056770999727608594,False
20260803T181855Z-86cfbe2a805d-rtx3080_topk_gate_release_v2,topk_gate.release.cub_pair.e63_t4096,topk_gate,cub_block_radix_top2,L1_kernel_body,warm,5,5,150,67.1180796623,67.0515203476,257.8774986267,100.86038192113067,66.53521322885982,0.6596763958408174,False
20260803T181855Z-86cfbe2a805d-rtx3080_topk_gate_release_v2,topk_gate.release.cub_pair.e63_t4096,topk_gate,cuda_local_pair_two_reduce_top2_v4,L1_kernel_body,warm,5,5,150,13.2044798136,13.460479974750001,63.428609132744995,22.16871250470267,17.966837525104836,0.8104592236149716,False
20260803T181855Z-86cfbe2a805d-rtx3080_topk_gate_release_v2,topk_gate.release.cub_pair.e63_t4096,topk_gate,cuda_naive,L1_kernel_body,warm,5,5,150,11.1155200005,11.04383945465,19.0315514803,12.0381440162674,3.089582760841448,0.2566494267443909,True
20260803T181855Z-86cfbe2a805d-rtx3080_topk_gate_release_v2,topk_gate.release.cub_pair.e63_t4096,topk_gate,cuda_subwarp_pair_top2_v2,L1_kernel_body,warm,5,5,150,13.066239953,12.9331195354,14.0697598457,12.840550371009867,0.937778164122019,0.0730325521123489,False
20260803T181855Z-86cfbe2a805d-rtx3080_topk_gate_release_v2,topk_gate.release.cub_pair.e63_t4096,topk_gate,cuda_vector_pair_top2_v3,L1_kernel_body,warm,5,5,150,13.0560004711,13.0048000813,13.815808296244999,13.008896001182,0.5153193259236394,0.03961284077271561,False
20260803T181855Z-86cfbe2a805d-rtx3080_topk_gate_release_v2,topk_gate.release.cub_pair.e63_t512,topk_gate,cub_block_radix_top2,L1_kernel_body,warm,5,5,150,13.8188803196,13.6652803421,15.540736317644999,13.46996908188,1.2369712871153555,0.09183178369572856,False
20260803T181855Z-86cfbe2a805d-rtx3080_topk_gate_release_v2,topk_gate.release.cub_pair.e63_t512,topk_gate,cuda_local_pair_two_reduce_top2_v4,L1_kernel_body,warm,5,5,150,8.5504001379,8.67839992046,36.649984121345,14.187178639570066,11.122712963219508,0.7839975266256727,False
20260803T181855Z-86cfbe2a805d-rtx3080_topk_gate_release_v2,topk_gate.release.cub_pair.e63_t512,topk_gate,cuda_naive,L1_kernel_body,warm,5,5,150,10.8236801624,10.7315194607,18.24409598109,11.570722138879134,2.674307458848483,0.23112710051712862,True
20260803T181855Z-86cfbe2a805d-rtx3080_topk_gate_release_v2,topk_gate.release.cub_pair.e63_t512,topk_gate,cuda_subwarp_pair_top2_v2,L1_kernel_body,warm,5,5,150,8.84223997593,8.990719914435001,21.9089919329,11.410773324967666,5.2464375266001015,0.4597793135650574,False
20260803T181855Z-86cfbe2a805d-rtx3080_topk_gate_release_v2,topk_gate.release.cub_pair.e63_t512,topk_gate,cuda_vector_pair_top2_v3,L1_kernel_body,warm,5,5,150,9.02144014835,9.006080031395,21.6939526796,11.424426682789067,5.142491118154155,0.4501312197925287,False
20260803T181855Z-86cfbe2a805d-rtx3080_topk_gate_release_v2,topk_gate.release.cub_pair.e63_t64,topk_gate,cub_block_radix_top2,L1_kernel_body,warm,5,5,150,12.9740798473,13.04064035415,21.151744604109968,14.328968572617333,3.0484793220811253,0.2127493899251598,False
20260803T181855Z-86cfbe2a805d-rtx3080_topk_gate_release_v2,topk_gate.release.cub_pair.e63_t64,topk_gate,cuda_local_pair_two_reduce_top2_v4,L1_kernel_body,warm,5,5,150,8.7859198451,8.944640159605001,31.784958839400005,13.454609100022934,9.149151906906217,0.6800013169383436,False
20260803T181855Z-86cfbe2a805d-rtx3080_topk_gate_release_v2,topk_gate.release.cub_pair.e63_t64,topk_gate,cuda_naive,L1_kernel_body,warm,5,5,150,9.24160003662,9.364479780195,21.63000059128,11.366197303931067,4.3527437760637735,0.3829551484697834,True
20260803T181855Z-86cfbe2a805d-rtx3080_topk_gate_release_v2,topk_gate.release.cub_pair.e63_t64,topk_gate,cuda_subwarp_pair_top2_v2,L1_kernel_body,warm,5,5,150,8.54016005993,8.791039884095,14.263808131234999,9.726907718181002,2.1005449474359508,0.215951976547462,False
20260803T181855Z-86cfbe2a805d-rtx3080_topk_gate_release_v2,topk_gate.release.cub_pair.e63_t64,topk_gate,cuda_vector_pair_top2_v3,L1_kernel_body,warm,5,5,150,8.32511991262,8.350719809535,9.9087360203285,8.521318380037666,0.6763580875017856,0.07937247000255798,False
20260803T181855Z-86cfbe2a805d-rtx3080_topk_gate_release_v2,topk_gate.release.cub_pair.e63_t8,topk_gate,cub_block_radix_top2,L1_kernel_body,warm,5,5,150,12.7948796749,12.8512001038,14.012415945534999,12.954965281484666,0.661767789987995,0.05108217394714276,False
20260803T181855Z-86cfbe2a805d-rtx3080_topk_gate_release_v2,topk_gate.release.cub_pair.e63_t8,topk_gate,cuda_local_pair_two_reduce_top2_v4,L1_kernel_body,warm,5,5,150,8.91391992569,8.92928004265,22.1491193771,11.469141328337134,5.330398077117464,0.46475999593339196,False
20260803T181855Z-86cfbe2a805d-rtx3080_topk_gate_release_v2,topk_gate.release.cub_pair.e63_t8,topk_gate,cuda_naive,L1_kernel_body,warm,5,5,150,9.82015997171,9.753599762915,30.078463912029996,13.013674696285333,7.264009023107078,0.5581827725554367,True
20260803T181855Z-86cfbe2a805d-rtx3080_topk_gate_release_v2,topk_gate.release.cub_pair.e63_t8,topk_gate,cuda_subwarp_pair_top2_v2,L1_kernel_body,warm,5,5,150,8.2483202219,8.41728001833,34.544127464315,13.3178709228836,10.020123242642844,0.7523817658741264,False
20260803T181855Z-86cfbe2a805d-rtx3080_topk_gate_release_v2,topk_gate.release.cub_pair.e63_t8,topk_gate,cuda_vector_pair_top2_v3,L1_kernel_body,warm,5,5,150,8.32000017166,8.524799942969999,21.572095751745,11.1420074502634,5.256845889311255,0.47180419801164125,False
20260803T181855Z-86cfbe2a805d-rtx3080_topk_gate_release_v2,topk_gate.release.cub_pair.e64_t1,topk_gate,cub_block_radix_top2,L1_kernel_body,warm,5,5,150,12.8716802597,12.825599908800001,13.676032423999999,12.866286897661332,0.4708866907810964,0.036598491431641254,False
20260803T181855Z-86cfbe2a805d-rtx3080_topk_gate_release_v2,topk_gate.release.cub_pair.e64_t1,topk_gate,cuda_local_pair_two_reduce_top2_v4,L1_kernel_body,warm,5,5,150,8.92928004265,8.693760037425,51.71763134001,15.803187123935867,13.229193071466813,0.8371218392668133,False
20260803T181855Z-86cfbe2a805d-rtx3080_topk_gate_release_v2,topk_gate.release.cub_pair.e64_t1,topk_gate,cuda_naive,L1_kernel_body,warm,5,5,150,9.83040004969,9.80992019176,10.73920005559,9.772987731297066,0.7152055789820767,0.07318187627430439,True
20260803T181855Z-86cfbe2a805d-rtx3080_topk_gate_release_v2,topk_gate.release.cub_pair.e64_t1,topk_gate,cuda_subwarp_pair_top2_v2,L1_kernel_body,warm,5,5,150,8.39168012142,8.62720012665,22.672384977345,11.216622960566866,5.602368309605782,0.49947014616622626,False
20260803T181855Z-86cfbe2a805d-rtx3080_topk_gate_release_v2,topk_gate.release.cub_pair.e64_t1,topk_gate,cuda_vector_pair_top2_v3,L1_kernel_body,warm,5,5,150,8.30976009369,8.483839929105,22.1081590652,11.255057092506133,5.4655504636227,0.48560841750521055,False
20260803T181855Z-86cfbe2a805d-rtx3080_topk_gate_release_v2,topk_gate.release.cub_pair.e64_t1024,topk_gate,cub_block_radix_top2,L1_kernel_body,warm,5,5,150,21.3913607597,21.47839903835,34.32806396481499,23.225480556483998,4.184279096627438,0.1801589890229112,False
20260803T181855Z-86cfbe2a805d-rtx3080_topk_gate_release_v2,topk_gate.release.cub_pair.e64_t1024,topk_gate,cuda_local_pair_two_reduce_top2_v4,L1_kernel_body,warm,5,5,150,8.48384022713,8.483840227125,9.44127976894,8.511488016447133,0.5683682870355766,0.06677660662122685,False
20260803T181855Z-86cfbe2a805d-rtx3080_topk_gate_release_v2,topk_gate.release.cub_pair.e64_t1024,topk_gate,cuda_naive,L1_kernel_body,warm,5,5,150,14.7763198614,14.70975995065,67.69766426084999,24.387652214371336,20.72534660820167,0.8498295131496292,True
20260803T181855Z-86cfbe2a805d-rtx3080_topk_gate_release_v2,topk_gate.release.cub_pair.e64_t1024,topk_gate,cuda_subwarp_pair_top2_v2,L1_kernel_body,warm,5,5,150,9.74848002195,9.7587198019,10.7371515036,9.676253898937533,0.749330884082871,0.07744018417759259,False
20260803T181855Z-86cfbe2a805d-rtx3080_topk_gate_release_v2,topk_gate.release.cub_pair.e64_t1024,topk_gate,cuda_vector_pair_top2_v3,L1_kernel_body,warm,5,5,150,8.36096018553,8.64767998457,21.857791542999998,11.2603136022884,5.289926703617161,0.46978502468546746,False
20260803T181855Z-86cfbe2a805d-rtx3080_topk_gate_release_v2,topk_gate.release.cub_pair.e64_t128,topk_gate,cub_block_radix_top2,L1_kernel_body,warm,5,5,150,13.1686401367,13.2198405266,14.181888043879997,13.196356264746,0.6018582916577043,0.04560791475943748,False
20260803T181855Z-86cfbe2a805d-rtx3080_topk_gate_release_v2,topk_gate.release.cub_pair.e64_t128,topk_gate,cuda_local_pair_two_reduce_top2_v4,L1_kernel_body,warm,5,5,150,8.37119996548,8.38144004345,9.0065920352935,8.388676289717134,0.5099250132565352,0.0607873036991072,False
20260803T181855Z-86cfbe2a805d-rtx3080_topk_gate_release_v2,topk_gate.release.cub_pair.e64_t128,topk_gate,cuda_naive,L1_kernel_body,warm,5,5,150,10.2860796452,10.48575997355,13.74412775039,11.124121606346867,1.4629955177642031,0.13151559912195596,True
20260803T181855Z-86cfbe2a805d-rtx3080_topk_gate_release_v2,topk_gate.release.cub_pair.e64_t128,topk_gate,cuda_subwarp_pair_top2_v2,L1_kernel_body,warm,5,5,150,8.29952001572,8.581120073794999,23.267328739145,11.471052845317933,5.871286087146027,0.5118349785601827,False
20260803T181855Z-86cfbe2a805d-rtx3080_topk_gate_release_v2,topk_gate.release.cub_pair.e64_t128,topk_gate,cuda_vector_pair_top2_v3,L1_kernel_body,warm,5,5,150,8.36607992649,8.49919974804,21.9648003578,11.097975508373933,5.400018690615502,0.48657691545101533,False
20260803T181855Z-86cfbe2a805d-rtx3080_topk_gate_release_v2,topk_gate.release.cub_pair.e64_t16,topk_gate,cub_block_radix_top2,L1_kernel_body,warm,5,5,150,12.9331195354,12.9843199253,21.536767482745,14.392866110799998,3.124643259799043,0.2170966669004445,False
20260803T181855Z-86cfbe2a805d-rtx3080_topk_gate_release_v2,topk_gate.release.cub_pair.e64_t16,topk_gate,cuda_local_pair_two_reduce_top2_v4,L1_kernel_body,warm,5,5,150,8.27392011881,8.35583984852,20.62745571139,10.676224013169401,4.843346115732544,0.45365722091988236,False
20260803T181855Z-86cfbe2a805d-rtx3080_topk_gate_release_v2,topk_gate.release.cub_pair.e64_t16,topk_gate,cuda_naive,L1_kernel_body,warm,5,5,150,9.67680007219,9.80992019176,53.031423330279985,15.530734992026133,14.086946077759741,0.9070366653601604,True
20260803T181855Z-86cfbe2a805d-rtx3080_topk_gate_release_v2,topk_gate.release.cub_pair.e64_t16,topk_gate,cuda_subwarp_pair_top2_v2,L1_kernel_body,warm,5,5,150,8.34048002958,8.38144004345,10.517504096059996,8.5643946607922,0.8104418779751428,0.0946292073256906,False
20260803T181855Z-86cfbe2a805d-rtx3080_topk_gate_release_v2,topk_gate.release.cub_pair.e64_t16,topk_gate,cuda_vector_pair_top2_v3,L1_kernel_body,warm,5,5,150,8.10496002436,8.23808014393,21.652992367745,10.803882642587935,5.424812001692631,0.5021168945605268,False
20260803T181855Z-86cfbe2a805d-rtx3080_topk_gate_release_v2,topk_gate.release.cub_pair.e64_t2,topk_gate,cub_block_radix_top2,L1_kernel_body,warm,5,5,150,12.8255999088,12.979199886349999,14.1312003136,13.006233604747335,0.6424477122092063,0.04939536930773794,False
20260803T181855Z-86cfbe2a805d-rtx3080_topk_gate_release_v2,topk_gate.release.cub_pair.e64_t2,topk_gate,cuda_local_pair_two_reduce_top2_v4,L1_kernel_body,warm,5,5,150,7.99744009972,8.069120049475,8.6891520023335,8.078609077135933,0.3633860336268653,0.0449812622639855,False
20260803T181855Z-86cfbe2a805d-rtx3080_topk_gate_release_v2,topk_gate.release.cub_pair.e64_t2,topk_gate,cuda_naive,L1_kernel_body,warm,5,5,150,9.88671988249,10.0864005089,11.291647493824996,10.0648960391678,0.7069445168527183,0.07023863079177625,True
20260803T181855Z-86cfbe2a805d-rtx3080_topk_gate_release_v2,topk_gate.release.cub_pair.e64_t2,topk_gate,cuda_subwarp_pair_top2_v2,L1_kernel_body,warm,5,5,150,8.20223987103,8.314880132675,10.332159996,8.5853525439894,0.853610888824967,0.09942642243882921,False
20260803T181855Z-86cfbe2a805d-rtx3080_topk_gate_release_v2,topk_gate.release.cub_pair.e64_t2,topk_gate,cuda_vector_pair_top2_v3,L1_kernel_body,warm,5,5,150,8.20223987103,8.2483202219,9.165824055672498,8.292147191365535,0.47318236818312387,0.057063913273975676,False
20260803T181855Z-86cfbe2a805d-rtx3080_topk_gate_release_v2,topk_gate.release.cub_pair.e64_t2048,topk_gate,cub_block_radix_top2,L1_kernel_body,warm,5,5,150,35.6249594688,43.38176012035,90.64550256728,48.50155518849667,19.466263184800738,0.4013533815389417,False
20260803T181855Z-86cfbe2a805d-rtx3080_topk_gate_release_v2,topk_gate.release.cub_pair.e64_t2048,topk_gate,cuda_local_pair_two_reduce_top2_v4,L1_kernel_body,warm,5,5,150,8.83712023497,8.944640159605001,21.499391198145,11.259562710921333,5.1181136788154085,0.4545570560969512,False
20260803T181855Z-86cfbe2a805d-rtx3080_topk_gate_release_v2,topk_gate.release.cub_pair.e64_t2048,topk_gate,cuda_naive,L1_kernel_body,warm,5,5,150,14.6329599619,14.6585595608,22.89510428909,16.128887414934667,3.5858023154968603,0.2223217400709586,True
20260803T181855Z-86cfbe2a805d-rtx3080_topk_gate_release_v2,topk_gate.release.cub_pair.e64_t2048,topk_gate,cuda_subwarp_pair_top2_v2,L1_kernel_body,warm,5,5,150,9.7587198019,9.84063982964,12.058112025244998,9.879142403604533,0.8868105404642533,0.08976594366538224,False
20260803T181855Z-86cfbe2a805d-rtx3080_topk_gate_release_v2,topk_gate.release.cub_pair.e64_t2048,topk_gate,cuda_vector_pair_top2_v3,L1_kernel_body,warm,5,5,150,9.79456007481,9.9481600523,21.5347194672,12.225945651531934,4.559066224652609,0.3729009071851509,False
20260803T181855Z-86cfbe2a805d-rtx3080_topk_gate_release_v2,topk_gate.release.cub_pair.e64_t256,topk_gate,cub_block_radix_top2,L1_kernel_body,warm,5,5,150,12.0012795925,12.1139204502,24.888831853890004,14.411980819712001,4.779932805944025,0.33166383342713496,False
20260803T181855Z-86cfbe2a805d-rtx3080_topk_gate_release_v2,topk_gate.release.cub_pair.e64_t256,topk_gate,cuda_local_pair_two_reduce_top2_v4,L1_kernel_body,warm,5,5,150,8.44799995422,8.47872018814,23.0502390862,11.4148693124462,6.5559968117812675,0.5743383154315168,False
20260803T181855Z-86cfbe2a805d-rtx3080_topk_gate_release_v2,topk_gate.release.cub_pair.e64_t256,topk_gate,cuda_naive,L1_kernel_body,warm,5,5,150,15.8412802219,16.10751986505,55.709695816034994,23.261388882000666,15.002076720948077,0.6449346940137556,True
20260803T181855Z-86cfbe2a805d-rtx3080_topk_gate_release_v2,topk_gate.release.cub_pair.e64_t256,topk_gate,cuda_subwarp_pair_top2_v2,L1_kernel_body,warm,5,5,150,9.18016016483,8.94976019859,78.9683191776,28.682649525005267,28.319646829277435,0.987344171415846,False
20260803T181855Z-86cfbe2a805d-rtx3080_topk_gate_release_v2,topk_gate.release.cub_pair.e64_t256,topk_gate,cuda_vector_pair_top2_v3,L1_kernel_body,warm,5,5,150,8.44288021326,8.627200126645,21.6688644886,11.1586645682654,5.238680825586859,0.46947202270828764,False
20260803T181855Z-86cfbe2a805d-rtx3080_topk_gate_release_v2,topk_gate.release.cub_pair.e64_t32,topk_gate,cub_block_radix_top2,L1_kernel_body,warm,5,5,150,12.7078402042,12.93311953545,29.3032950163,15.894118380547333,6.337436768536638,0.39872842373522077,False
20260803T181855Z-86cfbe2a805d-rtx3080_topk_gate_release_v2,topk_gate.release.cub_pair.e64_t32,topk_gate,cuda_local_pair_two_reduce_top2_v4,L1_kernel_body,warm,5,5,150,8.46336007118,8.57600003481,21.106688976245,10.9503146568926,5.080257832035035,0.4639371553435044,False
20260803T181855Z-86cfbe2a805d-rtx3080_topk_gate_release_v2,topk_gate.release.cub_pair.e64_t32,topk_gate,cuda_naive,L1_kernel_body,warm,5,5,150,9.43103998899,9.50783997774,20.070912241934998,11.196074688433734,3.6788382627065825,0.3285828618584564,True
20260803T181855Z-86cfbe2a805d-rtx3080_topk_gate_release_v2,topk_gate.release.cub_pair.e64_t32,topk_gate,cuda_subwarp_pair_top2_v2,L1_kernel_body,warm,5,5,150,8.36607992649,8.524799942969999,22.369793057445,11.325235247612333,5.506125874838936,0.4861820310531542,False
20260803T181855Z-86cfbe2a805d-rtx3080_topk_gate_release_v2,topk_gate.release.cub_pair.e64_t32,topk_gate,cuda_vector_pair_top2_v3,L1_kernel_body,warm,5,5,150,8.75008016825,8.893439769745001,22.7179509401,11.622741309802066,5.438844414578405,0.46794850454010734,False
20260803T181855Z-86cfbe2a805d-rtx3080_topk_gate_release_v2,topk_gate.release.cub_pair.e64_t4,topk_gate,cub_block_radix_top2,L1_kernel_body,warm,5,5,150,13.1123197079,13.43487977985,44.412414312370004,20.216900173826,11.109262304237808,0.5495037423502005,False
20260803T181855Z-86cfbe2a805d-rtx3080_topk_gate_release_v2,topk_gate.release.cub_pair.e64_t4,topk_gate,cuda_local_pair_two_reduce_top2_v4,L1_kernel_body,warm,5,5,150,8.22272002697,8.38656008244,20.20454394819,10.7312469522142,4.744064509805012,0.4420795207612066,False
20260803T181855Z-86cfbe2a805d-rtx3080_topk_gate_release_v2,topk_gate.release.cub_pair.e64_t4,topk_gate,cuda_naive,L1_kernel_body,warm,5,5,150,10.3936004639,10.4345601797,23.15007984639,12.748390452066733,5.688736405711681,0.44623173624160833,True
20260803T181855Z-86cfbe2a805d-rtx3080_topk_gate_release_v2,topk_gate.release.cub_pair.e64_t4,topk_gate,cuda_subwarp_pair_top2_v2,L1_kernel_body,warm,5,5,150,8.33024024963,8.340480029585,9.408000111583,8.417280038197733,0.5667942701006911,0.0673369862388528,False
20260803T181855Z-86cfbe2a805d-rtx3080_topk_gate_release_v2,topk_gate.release.cub_pair.e64_t4,topk_gate,cuda_vector_pair_top2_v3,L1_kernel_body,warm,5,5,150,8.69376003742,8.84223997593,9.4776320457435,8.749056001504334,0.5094280736020522,0.05822663308069578,False
20260803T181855Z-86cfbe2a805d-rtx3080_topk_gate_release_v2,topk_gate.release.cub_pair.e64_t4096,topk_gate,cub_block_radix_top2,L1_kernel_body,warm,5,5,150,66.8928003311,66.9286394119,157.9110403061,84.25663146972266,34.44722607431485,0.40883697192064156,False
20260803T181855Z-86cfbe2a805d-rtx3080_topk_gate_release_v2,topk_gate.release.cub_pair.e64_t4096,topk_gate,cuda_local_pair_two_reduce_top2_v4,L1_kernel_body,warm,5,5,150,10.3680002689,10.352640152,57.16633605955499,15.9776085019118,15.133765276395014,0.9471858867104038,False
20260803T181855Z-86cfbe2a805d-rtx3080_topk_gate_release_v2,topk_gate.release.cub_pair.e64_t4096,topk_gate,cuda_naive,L1_kernel_body,warm,5,5,150,14.8019194603,14.8070394993,18.638848066345,15.425126377741998,1.4557291384391078,0.09437388730504548,True
20260803T181855Z-86cfbe2a805d-rtx3080_topk_gate_release_v2,topk_gate.release.cub_pair.e64_t4096,topk_gate,cuda_subwarp_pair_top2_v2,L1_kernel_body,warm,5,5,150,12.9484796524,12.876800298700001,13.9422720671,12.922129082680668,0.5010881423468834,0.03877752181089757,False
20260803T181855Z-86cfbe2a805d-rtx3080_topk_gate_release_v2,topk_gate.release.cub_pair.e64_t4096,topk_gate,cuda_vector_pair_top2_v3,L1_kernel_body,warm,5,5,150,10.1273596287,10.1478397846,27.226623654364992,12.8475818753226,6.150540764800354,0.4787313927622598,False
20260803T181855Z-86cfbe2a805d-rtx3080_topk_gate_release_v2,topk_gate.release.cub_pair.e64_t512,topk_gate,cub_block_radix_top2,L1_kernel_body,warm,5,5,150,14.5305597782,14.21311974525,18.366976261159994,14.516155719757998,1.6723012416063578,0.11520276262469284,False
20260803T181855Z-86cfbe2a805d-rtx3080_topk_gate_release_v2,topk_gate.release.cub_pair.e64_t512,topk_gate,cuda_local_pair_two_reduce_top2_v4,L1_kernel_body,warm,5,5,150,8.49408000708,8.52991998196,23.042560100539994,11.2577194730436,5.9502027081505044,0.5285442333501162,False
20260803T181855Z-86cfbe2a805d-rtx3080_topk_gate_release_v2,topk_gate.release.cub_pair.e64_t512,topk_gate,cuda_naive,L1_kernel_body,warm,5,5,150,14.6585595608,14.6483194828,18.222592473,14.950604804354,1.91580651000231,0.1281424086231199,True
20260803T181855Z-86cfbe2a805d-rtx3080_topk_gate_release_v2,topk_gate.release.cub_pair.e64_t512,topk_gate,cuda_subwarp_pair_top2_v2,L1_kernel_body,warm,5,5,150,8.67327988148,8.73472005129,28.704255580869965,12.500036255518934,8.798295439345948,0.703861593638289,False
20260803T181855Z-86cfbe2a805d-rtx3080_topk_gate_release_v2,topk_gate.release.cub_pair.e64_t512,topk_gate,cuda_vector_pair_top2_v3,L1_kernel_body,warm,5,5,150,8.30976009369,8.45311999321,10.415103971945,8.6833834767346,0.8811756668862776,0.10147837755262251,False
20260803T181855Z-86cfbe2a805d-rtx3080_topk_gate_release_v2,topk_gate.release.cub_pair.e64_t64,topk_gate,cub_block_radix_top2,L1_kernel_body,warm,5,5,150,12.9945600033,13.168640136699999,21.4118409157,14.386517373721333,2.8370469372117384,0.1972017871673334,False
20260803T181855Z-86cfbe2a805d-rtx3080_topk_gate_release_v2,topk_gate.release.cub_pair.e64_t64,topk_gate,cuda_local_pair_two_reduce_top2_v4,L1_kernel_body,warm,5,5,150,8.49920004606,8.565759956835,78.142462968845,21.865403846899735,26.821429408735703,1.2266606003043787,False
20260803T181855Z-86cfbe2a805d-rtx3080_topk_gate_release_v2,topk_gate.release.cub_pair.e64_t64,topk_gate,cuda_naive,L1_kernel_body,warm,5,5,150,9.3644797802,9.46175992489,50.02137756346999,16.151825110117134,14.153394871589203,0.8762721720360779,True
20260803T181855Z-86cfbe2a805d-rtx3080_topk_gate_release_v2,topk_gate.release.cub_pair.e64_t64,topk_gate,cuda_subwarp_pair_top2_v2,L1_kernel_body,warm,5,5,150,8.39168012142,8.524799942969999,20.758528709445,10.921369560561,4.9053137567542855,0.44914822537168253,False
20260803T181855Z-86cfbe2a805d-rtx3080_topk_gate_release_v2,topk_gate.release.cub_pair.e64_t64,topk_gate,cuda_vector_pair_top2_v3,L1_kernel_body,warm,5,5,150,8.30976009369,8.4582400322,21.3765126467,10.9716138362898,5.208568516687483,0.4747313015574408,False
20260803T181855Z-86cfbe2a805d-rtx3080_topk_gate_release_v2,topk_gate.release.cub_pair.e64_t8,topk_gate,cub_block_radix_top2,L1_kernel_body,warm,5,5,150,13.4348797798,13.2556802034,22.611968517344998,14.638080016772001,3.318076397024753,0.22667429015437623,False
20260803T181855Z-86cfbe2a805d-rtx3080_topk_gate_release_v2,topk_gate.release.cub_pair.e64_t8,topk_gate,cuda_local_pair_two_reduce_top2_v4,L1_kernel_body,warm,5,5,150,8.38656008244,8.47872018814,20.0760322809,10.764014911652065,4.6764111109774875,0.4344485909170624,False
20260803T181855Z-86cfbe2a805d-rtx3080_topk_gate_release_v2,topk_gate.release.cub_pair.e64_t8,topk_gate,cuda_naive,L1_kernel_body,warm,5,5,150,9.8252800107,9.917439818385,11.658239901079998,9.9766271829626,0.8540119772235417,0.08560127200923823,True
20260803T181855Z-86cfbe2a805d-rtx3080_topk_gate_release_v2,topk_gate.release.cub_pair.e64_t8,topk_gate,cuda_subwarp_pair_top2_v2,L1_kernel_body,warm,5,5,150,8.30976009369,8.36607992649,21.7098248005,11.018581378460468,5.368483336395772,0.4872209181928159,False
20260803T181855Z-86cfbe2a805d-rtx3080_topk_gate_release_v2,topk_gate.release.cub_pair.e64_t8,topk_gate,cuda_vector_pair_top2_v3,L1_kernel_body,warm,5,5,150,8.28415989876,8.3046400547,9.240575969219499,8.360277326901802,0.5205512254496864,0.06226482748062081,False
20260803T181855Z-86cfbe2a805d-rtx3080_topk_gate_release_v2,topk_gate.release.cub_pair.e7_t1,topk_gate,cub_block_radix_top2,L1_kernel_body,warm,5,5,150,13.0201601982,13.091839551949999,23.010303854935,14.757410168644668,3.7090327488549883,0.25133358133093275,False
20260803T181855Z-86cfbe2a805d-rtx3080_topk_gate_release_v2,topk_gate.release.cub_pair.e7_t1,topk_gate,cuda_local_pair_two_reduce_top2_v4,L1_kernel_body,warm,5,5,150,8.80639970303,8.862720131875,21.1875832081,11.0011733571676,4.772001505296206,0.4337720487048867,False
20260803T181855Z-86cfbe2a805d-rtx3080_topk_gate_release_v2,topk_gate.release.cub_pair.e7_t1,topk_gate,cuda_naive,L1_kernel_body,warm,5,5,150,8.01791995764,8.23296010494,20.7006722689,10.673493329684867,5.025686791335569,0.47085678850412055,True
20260803T181855Z-86cfbe2a805d-rtx3080_topk_gate_release_v2,topk_gate.release.cub_pair.e7_t1,topk_gate,cuda_subwarp_pair_top2_v2,L1_kernel_body,warm,5,5,150,8.94976019859,8.93952012062,9.56416010857,8.934809597333466,0.4023831369171482,0.04503544619879049,False
20260803T181855Z-86cfbe2a805d-rtx3080_topk_gate_release_v2,topk_gate.release.cub_pair.e7_t1,topk_gate,cuda_vector_pair_top2_v3,L1_kernel_body,warm,5,5,150,8.97535979748,9.006080031395,20.941823720945003,11.446203728516466,4.750534566553705,0.4150314531549421,False
20260803T181855Z-86cfbe2a805d-rtx3080_topk_gate_release_v2,topk_gate.release.cub_pair.e7_t1024,topk_gate,cub_block_radix_top2,L1_kernel_body,warm,5,5,150,21.299200058,21.4937591553,33.435648560504994,23.682116127013334,4.3338317500073025,0.18300018996460612,False
20260803T181855Z-86cfbe2a805d-rtx3080_topk_gate_release_v2,topk_gate.release.cub_pair.e7_t1024,topk_gate,cuda_local_pair_two_reduce_top2_v4,L1_kernel_body,warm,5,5,150,8.84736001492,8.95488023758,21.387776732444998,11.296017110347334,4.962945162799318,0.4393535450874256,False
20260803T181855Z-86cfbe2a805d-rtx3080_topk_gate_release_v2,topk_gate.release.cub_pair.e7_t1024,topk_gate,cuda_naive,L1_kernel_body,warm,5,5,150,8.46336007118,8.5504001379,20.3217917681,10.8647082368536,4.73560641716998,0.4358705557418082,True
20260803T181855Z-86cfbe2a805d-rtx3080_topk_gate_release_v2,topk_gate.release.cub_pair.e7_t1024,topk_gate,cuda_subwarp_pair_top2_v2,L1_kernel_body,warm,5,5,150,9.05215978622,9.0623998642,21.13638389109,11.3384107391048,4.9024242755762355,0.43237314191382836,False
20260803T181855Z-86cfbe2a805d-rtx3080_topk_gate_release_v2,topk_gate.release.cub_pair.e7_t1024,topk_gate,cuda_vector_pair_top2_v3,L1_kernel_body,warm,5,5,150,8.79615992308,8.85760009289,9.54367995262,8.824354139963466,0.44881261339325296,0.05086067561145173,False
20260803T181855Z-86cfbe2a805d-rtx3080_topk_gate_release_v2,topk_gate.release.cub_pair.e7_t128,topk_gate,cub_block_radix_top2,L1_kernel_body,warm,5,5,150,13.8854396343,13.7471997738,26.278911828989997,15.735398372014,4.613927262604395,0.2932196029310855,False
20260803T181855Z-86cfbe2a805d-rtx3080_topk_gate_release_v2,topk_gate.release.cub_pair.e7_t128,topk_gate,cuda_local_pair_two_reduce_top2_v4,L1_kernel_body,warm,5,5,150,9.01632010937,9.05727982521,20.931583642945,11.363737563292933,4.7985148745925565,0.4222655484488384,False
20260803T181855Z-86cfbe2a805d-rtx3080_topk_gate_release_v2,topk_gate.release.cub_pair.e7_t128,topk_gate,cuda_naive,L1_kernel_body,warm,5,5,150,8.1254401803,8.20223987103,10.171391963944998,8.506709349155667,0.8765899892731678,0.10304689549081322,True
20260803T181855Z-86cfbe2a805d-rtx3080_topk_gate_release_v2,topk_gate.release.cub_pair.e7_t128,topk_gate,cuda_subwarp_pair_top2_v2,L1_kernel_body,warm,5,5,150,8.98559987545,8.93952012062,9.52319979668,8.911121070385134,0.4091733565589048,0.04591715827077418,False
20260803T181855Z-86cfbe2a805d-rtx3080_topk_gate_release_v2,topk_gate.release.cub_pair.e7_t128,topk_gate,cuda_vector_pair_top2_v3,L1_kernel_body,warm,5,5,150,8.91391992569,8.934400081635,9.562623769047999,8.8657237291336,0.5227996120274526,0.05896863335696825,False
20260803T181855Z-86cfbe2a805d-rtx3080_topk_gate_release_v2,topk_gate.release.cub_pair.e7_t16,topk_gate,cub_block_radix_top2,L1_kernel_body,warm,5,5,150,12.6515197754,12.70272016525,13.539327919489999,12.730436205862667,0.49645919029321445,0.03899781454971537,False
20260803T181855Z-86cfbe2a805d-rtx3080_topk_gate_release_v2,topk_gate.release.cub_pair.e7_t16,topk_gate,cuda_local_pair_two_reduce_top2_v4,L1_kernel_body,warm,5,5,150,9.12896007299,9.2774400115,21.550864338845003,12.042069367568466,5.683009867644926,0.4719296737278668,False
20260803T181855Z-86cfbe2a805d-rtx3080_topk_gate_release_v2,topk_gate.release.cub_pair.e7_t16,topk_gate,cuda_naive,L1_kernel_body,warm,5,5,150,8.54015976191,8.46848011017,40.33433640001499,13.024870391686934,10.387476621607053,0.797510939397663,True
20260803T181855Z-86cfbe2a805d-rtx3080_topk_gate_release_v2,topk_gate.release.cub_pair.e7_t16,topk_gate,cuda_subwarp_pair_top2_v2,L1_kernel_body,warm,5,5,150,8.89855980873,8.821759819985001,9.53343987465,8.846404282251466,1.7303024820667348,0.1955938737209014,False
20260803T181855Z-86cfbe2a805d-rtx3080_topk_gate_release_v2,topk_gate.release.cub_pair.e7_t16,topk_gate,cuda_vector_pair_top2_v3,L1_kernel_body,warm,5,5,150,9.08800005913,9.231359958645,21.055488586445,11.5611647685384,4.751919538677327,0.41102428983702477,False
20260803T181855Z-86cfbe2a805d-rtx3080_topk_gate_release_v2,topk_gate.release.cub_pair.e7_t2,topk_gate,cub_block_radix_top2,L1_kernel_body,warm,5,5,150,13.0047994852,13.1379199028,23.080447316189996,14.675421818094668,3.5242673918645364,0.2401476043107085,False
20260803T181855Z-86cfbe2a805d-rtx3080_topk_gate_release_v2,topk_gate.release.cub_pair.e7_t2,topk_gate,cuda_local_pair_two_reduce_top2_v4,L1_kernel_body,warm,5,5,150,8.98047983646,8.89855980873,21.878271698945,11.394321028389733,5.311251009118031,0.46613141721079165,False
20260803T181855Z-86cfbe2a805d-rtx3080_topk_gate_release_v2,topk_gate.release.cub_pair.e7_t2,topk_gate,cuda_naive,L1_kernel_body,warm,5,5,150,8.17151993513,8.386560082435,20.404736399645003,10.636014906564666,4.853790323003608,0.4563542234232668,True
20260803T181855Z-86cfbe2a805d-rtx3080_topk_gate_release_v2,topk_gate.release.cub_pair.e7_t2,topk_gate,cuda_subwarp_pair_top2_v2,L1_kernel_body,warm,5,5,150,8.85760009289,8.92928004265,21.140990853299996,11.250483163195932,4.9071332861286105,0.4361708928360938,False
20260803T181855Z-86cfbe2a805d-rtx3080_topk_gate_release_v2,topk_gate.release.cub_pair.e7_t2,topk_gate,cuda_vector_pair_top2_v3,L1_kernel_body,warm,5,5,150,8.99583995342,8.9087998867,30.664191842100003,13.1345749139794,8.7097402439717,0.6631155024820593,False
20260803T181855Z-86cfbe2a805d-rtx3080_topk_gate_release_v2,topk_gate.release.cub_pair.e7_t2048,topk_gate,cub_block_radix_top2,L1_kernel_body,warm,5,5,150,44.8307180405,44.016640186299995,46.19827198979,42.204439687728666,4.275262346705789,0.10129887704560289,False
20260803T181855Z-86cfbe2a805d-rtx3080_topk_gate_release_v2,topk_gate.release.cub_pair.e7_t2048,topk_gate,cuda_local_pair_two_reduce_top2_v4,L1_kernel_body,warm,5,5,150,8.78592014313,8.77568006516,9.531904131177999,8.673553065459133,0.5429182668195912,0.06259467864232775,False
20260803T181855Z-86cfbe2a805d-rtx3080_topk_gate_release_v2,topk_gate.release.cub_pair.e7_t2048,topk_gate,cuda_naive,L1_kernel_body,warm,5,5,150,8.19711983204,8.28415989876,20.466176867445,10.561194682120535,4.892670191060709,0.4632686299537404,True
20260803T181855Z-86cfbe2a805d-rtx3080_topk_gate_release_v2,topk_gate.release.cub_pair.e7_t2048,topk_gate,cuda_subwarp_pair_top2_v2,L1_kernel_body,warm,5,5,150,8.71935993433,8.683519959449999,9.508351951836,8.661333322525268,0.5216257700477631,0.06022465025000097,False
20260803T181855Z-86cfbe2a805d-rtx3080_topk_gate_release_v2,topk_gate.release.cub_pair.e7_t2048,topk_gate,cuda_vector_pair_top2_v3,L1_kernel_body,warm,5,5,150,8.99583995342,8.847360014915001,31.398912668245,13.073408015568267,9.128179920922175,0.6982249701112382,False
20260803T181855Z-86cfbe2a805d-rtx3080_topk_gate_release_v2,topk_gate.release.cub_pair.e7_t256,topk_gate,cub_block_radix_top2,L1_kernel_body,warm,5,5,150,11.6940802336,11.8169605732,12.955647706945,11.96741979122,0.49788436602827985,0.041603317566712,False
20260803T181855Z-86cfbe2a805d-rtx3080_topk_gate_release_v2,topk_gate.release.cub_pair.e7_t256,topk_gate,cuda_local_pair_two_reduce_top2_v4,L1_kernel_body,warm,5,5,150,9.01632010937,8.97023975849,9.585663944484999,8.9048405011496,0.5163218446688295,0.057982155278600796,False
20260803T181855Z-86cfbe2a805d-rtx3080_topk_gate_release_v2,topk_gate.release.cub_pair.e7_t256,topk_gate,cuda_naive,L1_kernel_body,warm,5,5,150,8.38656008244,8.42751979828,30.62067151069,12.784025593597933,8.888569676076091,0.6952872247476857,True
20260803T181855Z-86cfbe2a805d-rtx3080_topk_gate_release_v2,topk_gate.release.cub_pair.e7_t256,topk_gate,cuda_subwarp_pair_top2_v2,L1_kernel_body,warm,5,5,150,9.01120007038,9.10336017609,21.4527988434,11.468322161831933,4.986304196430832,0.43478933762655364,False
20260803T181855Z-86cfbe2a805d-rtx3080_topk_gate_release_v2,topk_gate.release.cub_pair.e7_t256,topk_gate,cuda_vector_pair_top2_v3,L1_kernel_body,warm,5,5,150,9.0623998642,9.07263994217,21.720064878445,11.479108313717667,5.100422323039638,0.4443221706467021,False
20260803T181855Z-86cfbe2a805d-rtx3080_topk_gate_release_v2,topk_gate.release.cub_pair.e7_t32,topk_gate,cub_block_radix_top2,L1_kernel_body,warm,5,5,150,12.8716802597,13.076479435,21.70828878879,14.454101339974,3.183235669493555,0.22023061791396578,False
20260803T181855Z-86cfbe2a805d-rtx3080_topk_gate_release_v2,topk_gate.release.cub_pair.e7_t32,topk_gate,cuda_local_pair_two_reduce_top2_v4,L1_kernel_body,warm,5,5,150,9.03679996729,9.0982401371,21.1056649685,11.463543486594935,4.809697574387191,0.4195646468311899,False
20260803T181855Z-86cfbe2a805d-rtx3080_topk_gate_release_v2,topk_gate.release.cub_pair.e7_t32,topk_gate,cuda_naive,L1_kernel_body,warm,5,5,150,8.02303999662,7.99584001303,8.924959927799499,8.163470935822067,1.8641145131773749,0.22834827585377535,True
20260803T181855Z-86cfbe2a805d-rtx3080_topk_gate_release_v2,topk_gate.release.cub_pair.e7_t32,topk_gate,cuda_subwarp_pair_top2_v2,L1_kernel_body,warm,5,5,150,9.00608003139,9.047039747235,20.9203195572,11.333222369351333,4.7799845506331415,0.4217674722027649,False
20260803T181855Z-86cfbe2a805d-rtx3080_topk_gate_release_v2,topk_gate.release.cub_pair.e7_t32,topk_gate,cuda_vector_pair_top2_v3,L1_kernel_body,warm,5,5,150,9.0982401371,9.08288002014,11.377663612345,9.265834649403601,0.9986106654241104,0.10777341742099686,False
20260803T181855Z-86cfbe2a805d-rtx3080_topk_gate_release_v2,topk_gate.release.cub_pair.e7_t4,topk_gate,cub_block_radix_top2,L1_kernel_body,warm,5,5,150,12.779520154,12.86144018175,13.780480027189999,12.897143459319333,0.5894870041803212,0.04570678817675432,False
20260803T181855Z-86cfbe2a805d-rtx3080_topk_gate_release_v2,topk_gate.release.cub_pair.e7_t4,topk_gate,cuda_local_pair_two_reduce_top2_v4,L1_kernel_body,warm,5,5,150,8.92416000366,8.970240056515,21.250047683745002,11.304755214848333,4.92373209148034,0.4355452195031361,False
20260803T181855Z-86cfbe2a805d-rtx3080_topk_gate_release_v2,topk_gate.release.cub_pair.e7_t4,topk_gate,cuda_naive,L1_kernel_body,warm,5,5,150,8.12543988228,8.45311999321,51.873280286779995,16.0009557843204,14.075734675929203,0.879680868171778,True
20260803T181855Z-86cfbe2a805d-rtx3080_topk_gate_release_v2,topk_gate.release.cub_pair.e7_t4,topk_gate,cuda_subwarp_pair_top2_v2,L1_kernel_body,warm,5,5,150,8.94464015961,8.934400081635,20.859903097145,11.170611162980935,4.805335770931973,0.4301766215671985,False
20260803T181855Z-86cfbe2a805d-rtx3080_topk_gate_release_v2,topk_gate.release.cub_pair.e7_t4,topk_gate,cuda_vector_pair_top2_v3,L1_kernel_body,warm,5,5,150,9.06751990318,9.210879802705,21.44921588899,11.722820262115533,4.745649170991192,0.4048214563459304,False
20260803T181855Z-86cfbe2a805d-rtx3080_topk_gate_release_v2,topk_gate.release.cub_pair.e7_t4096,topk_gate,cub_block_radix_top2,L1_kernel_body,warm,5,5,150,66.4064002037,66.4524793625,74.41971230509,67.978990999858,3.1902240390268095,0.046929558560724643,False
20260803T181855Z-86cfbe2a805d-rtx3080_topk_gate_release_v2,topk_gate.release.cub_pair.e7_t4096,topk_gate,cuda_local_pair_two_reduce_top2_v4,L1_kernel_body,warm,5,5,150,9.0623998642,8.898559808729999,21.765631914135,11.256695493063267,5.263893717119626,0.4676233553944321,False
20260803T181855Z-86cfbe2a805d-rtx3080_topk_gate_release_v2,topk_gate.release.cub_pair.e7_t4096,topk_gate,cuda_naive,L1_kernel_body,warm,5,5,150,8.50944012403,8.545280098915,20.596735477434997,10.879249044260467,4.88631953614773,0.4491412519622015,True
20260803T181855Z-86cfbe2a805d-rtx3080_topk_gate_release_v2,topk_gate.release.cub_pair.e7_t4096,topk_gate,cuda_subwarp_pair_top2_v2,L1_kernel_body,warm,5,5,150,8.212479949,8.57008010149,56.598527193049996,17.305265009403136,18.373848668726268,1.0617490491328794,False
20260803T181855Z-86cfbe2a805d-rtx3080_topk_gate_release_v2,topk_gate.release.cub_pair.e7_t4096,topk_gate,cuda_vector_pair_top2_v3,L1_kernel_body,warm,5,5,150,8.17151993513,8.26367974281,9.13407981396,8.349286381403735,0.46859428188808355,0.05612387220682452,False
20260803T181855Z-86cfbe2a805d-rtx3080_topk_gate_release_v2,topk_gate.release.cub_pair.e7_t512,topk_gate,cub_block_radix_top2,L1_kernel_body,warm,5,5,150,14.1312003136,14.3667197227,25.089024305345,16.651195756596,4.137397499108561,0.24847449754289405,False
20260803T181855Z-86cfbe2a805d-rtx3080_topk_gate_release_v2,topk_gate.release.cub_pair.e7_t512,topk_gate,cuda_local_pair_two_reduce_top2_v4,L1_kernel_body,warm,5,5,150,9.03679996729,9.11360025406,31.37382447719,13.569843212764267,9.063296679454881,0.667899881918284,False
20260803T181855Z-86cfbe2a805d-rtx3080_topk_gate_release_v2,topk_gate.release.cub_pair.e7_t512,topk_gate,cuda_naive,L1_kernel_body,warm,5,5,150,8.17663997412,8.202239871025,8.8529920578035,8.188859744866534,0.3547968129224599,0.043326766360222056,True
20260803T181855Z-86cfbe2a805d-rtx3080_topk_gate_release_v2,topk_gate.release.cub_pair.e7_t512,topk_gate,cuda_subwarp_pair_top2_v2,L1_kernel_body,warm,5,5,150,8.96000027657,8.924160003665,9.617407917979499,8.938564284642466,0.5020237380557679,0.05616380014386711,False
20260803T181855Z-86cfbe2a805d-rtx3080_topk_gate_release_v2,topk_gate.release.cub_pair.e7_t512,topk_gate,cuda_vector_pair_top2_v3,L1_kernel_body,warm,5,5,150,8.94464015961,8.852480053905,9.6005117893235,8.8206677238146,0.464224707211697,0.0526292024308266,False
20260803T181855Z-86cfbe2a805d-rtx3080_topk_gate_release_v2,topk_gate.release.cub_pair.e7_t64,topk_gate,cub_block_radix_top2,L1_kernel_body,warm,5,5,150,12.6668798923,12.7180802822,22.880768775929972,14.377301335332001,3.756682524090578,0.2612926053694505,False
20260803T181855Z-86cfbe2a805d-rtx3080_topk_gate_release_v2,topk_gate.release.cub_pair.e7_t64,topk_gate,cuda_local_pair_two_reduce_top2_v4,L1_kernel_body,warm,5,5,150,8.98047983646,9.05215978622,20.675584077845002,11.2996351281824,4.708054562091005,0.4166554502586242,False
20260803T181855Z-86cfbe2a805d-rtx3080_topk_gate_release_v2,topk_gate.release.cub_pair.e7_t64,topk_gate,cuda_naive,L1_kernel_body,warm,5,5,150,8.68351995945,8.54016005993,9.416192173959,8.478719977538534,0.5658326689152837,0.06673562405814365,True
20260803T181855Z-86cfbe2a805d-rtx3080_topk_gate_release_v2,topk_gate.release.cub_pair.e7_t64,topk_gate,cuda_subwarp_pair_top2_v2,L1_kernel_body,warm,5,5,150,9.0623998642,9.05215978622,9.874431967734996,9.124113059044733,0.5508687501819073,0.06037504649680235,False
20260803T181855Z-86cfbe2a805d-rtx3080_topk_gate_release_v2,topk_gate.release.cub_pair.e7_t64,topk_gate,cuda_vector_pair_top2_v3,L1_kernel_body,warm,5,5,150,9.04703974724,9.09312009811,31.541247367845003,13.484168525540333,8.968107225753169,0.6650841843727107,False
20260803T181855Z-86cfbe2a805d-rtx3080_topk_gate_release_v2,topk_gate.release.cub_pair.e7_t8,topk_gate,cub_block_radix_top2,L1_kernel_body,warm,5,5,150,12.9075199366,12.805119752900001,13.828095734134997,12.745864526430667,0.78521272989858,0.06160529387946271,False
20260803T181855Z-86cfbe2a805d-rtx3080_topk_gate_release_v2,topk_gate.release.cub_pair.e7_t8,topk_gate,cuda_local_pair_two_reduce_top2_v4,L1_kernel_body,warm,5,5,150,8.94976019859,9.093120098115,33.2185602188,13.834854400159198,9.603966011952153,0.6941862728849275,False
20260803T181855Z-86cfbe2a805d-rtx3080_topk_gate_release_v2,topk_gate.release.cub_pair.e7_t8,topk_gate,cuda_naive,L1_kernel_body,warm,5,5,150,7.88479983807,8.34559977055,33.3004808426,13.427029319601466,9.92769188529963,0.7393811132002726,True
20260803T181855Z-86cfbe2a805d-rtx3080_topk_gate_release_v2,topk_gate.release.cub_pair.e7_t8,topk_gate,cuda_subwarp_pair_top2_v2,L1_kernel_body,warm,5,5,150,9.07775998116,9.04191970825,9.555968046189498,9.087999999522934,0.37037438650306964,0.040754223869114446,False
20260803T181855Z-86cfbe2a805d-rtx3080_topk_gate_release_v2,topk_gate.release.cub_pair.e7_t8,topk_gate,cuda_vector_pair_top2_v3,L1_kernel_body,warm,5,5,150,9.01120007038,9.041920006275,20.4288005829,11.272260264556733,4.559261019883505,0.404467330675388,False
20260803T181855Z-86cfbe2a805d-rtx3080_topk_gate_release_v2,topk_gate.release.cub_pair.e8_t1,topk_gate,cub_block_radix_top2,L1_kernel_body,warm,5,5,150,12.9331201315,13.18400025365,21.662720441835,14.345284318927334,2.925920655174074,0.20396393617054914,False
20260803T181855Z-86cfbe2a805d-rtx3080_topk_gate_release_v2,topk_gate.release.cub_pair.e8_t1,topk_gate,cuda_local_pair_two_reduce_top2_v4,L1_kernel_body,warm,5,5,150,8.42239975929,8.48895996809,21.213695406945,10.958506647746066,5.111746197144806,0.46646375838045273,False
20260803T181855Z-86cfbe2a805d-rtx3080_topk_gate_release_v2,topk_gate.release.cub_pair.e8_t1,topk_gate,cuda_naive,L1_kernel_body,warm,5,5,150,8.52991998196,8.50943982601,10.985984087004995,8.659763173262533,1.0214917353640864,0.11795839157795851,True
20260803T181855Z-86cfbe2a805d-rtx3080_topk_gate_release_v2,topk_gate.release.cub_pair.e8_t1,topk_gate,cuda_subwarp_pair_top2_v2,L1_kernel_body,warm,5,5,150,8.94464015961,8.92928004265,11.735551953334998,9.191765332222067,1.2849794693492016,0.1397968097428096,False
20260803T181855Z-86cfbe2a805d-rtx3080_topk_gate_release_v2,topk_gate.release.cub_pair.e8_t1,topk_gate,cuda_vector_pair_top2_v3,L1_kernel_body,warm,5,5,150,8.56064021587,8.591359853745,21.130751848190002,11.038446935017268,5.044982430206316,0.45703734047967537,False
20260803T181855Z-86cfbe2a805d-rtx3080_topk_gate_release_v2,topk_gate.release.cub_pair.e8_t1024,topk_gate,cub_block_radix_top2,L1_kernel_body,warm,5,5,150,21.5039992332,21.6320002079,60.34943890570497,28.80539302826,14.548518816491617,0.5050623264268103,False
20260803T181855Z-86cfbe2a805d-rtx3080_topk_gate_release_v2,topk_gate.release.cub_pair.e8_t1024,topk_gate,cuda_local_pair_two_reduce_top2_v4,L1_kernel_body,warm,5,5,150,8.3046400547,8.371199965475,9.395471811293,8.442329597472535,0.5168565758620783,0.06122203236613919,False
20260803T181855Z-86cfbe2a805d-rtx3080_topk_gate_release_v2,topk_gate.release.cub_pair.e8_t1024,topk_gate,cuda_naive,L1_kernel_body,warm,5,5,150,8.48895996809,8.47872018814,68.305409431485,19.973939204217068,23.318118489457607,1.1674271284722089,True
20260803T181855Z-86cfbe2a805d-rtx3080_topk_gate_release_v2,topk_gate.release.cub_pair.e8_t1024,topk_gate,cuda_subwarp_pair_top2_v2,L1_kernel_body,warm,5,5,150,9.10848021507,9.13408011198,51.72582554816999,17.823607512314467,14.181366964287296,0.7956507656763245,False
20260803T181855Z-86cfbe2a805d-rtx3080_topk_gate_release_v2,topk_gate.release.cub_pair.e8_t1024,topk_gate,cuda_vector_pair_top2_v3,L1_kernel_body,warm,5,5,150,8.77056002617,8.67327988148,9.462783932687,8.719564775625532,1.6824399175061084,0.19294998784906808,False
20260803T181855Z-86cfbe2a805d-rtx3080_topk_gate_release_v2,topk_gate.release.cub_pair.e8_t128,topk_gate,cub_block_radix_top2,L1_kernel_body,warm,5,5,150,13.5987198353,13.3376002312,21.331968307489998,14.319411174460665,3.537463181071323,0.2470397098017936,False
20260803T181855Z-86cfbe2a805d-rtx3080_topk_gate_release_v2,topk_gate.release.cub_pair.e8_t128,topk_gate,cuda_local_pair_two_reduce_top2_v4,L1_kernel_body,warm,5,5,150,8.17407995462,8.02815973759,9.820911943914496,8.250858660538933,1.760733517918786,0.21340003390674706,False
20260803T181855Z-86cfbe2a805d-rtx3080_topk_gate_release_v2,topk_gate.release.cub_pair.e8_t128,topk_gate,cuda_naive,L1_kernel_body,warm,5,5,150,8.61184000969,8.514559864995,20.553727149944997,10.7202559749304,4.905101393364987,0.45755450288087296,True
20260803T181855Z-86cfbe2a805d-rtx3080_topk_gate_release_v2,topk_gate.release.cub_pair.e8_t128,topk_gate,cuda_subwarp_pair_top2_v2,L1_kernel_body,warm,5,5,150,9.0623998642,9.077759981155,21.274111866945,11.370222961902734,4.916939101405241,0.4324399897768076,False
20260803T181855Z-86cfbe2a805d-rtx3080_topk_gate_release_v2,topk_gate.release.cub_pair.e8_t128,topk_gate,cuda_vector_pair_top2_v3,L1_kernel_body,warm,5,5,150,8.51968020201,8.596479892729999,10.308608353124999,8.7260501424474,0.6562284743350588,0.07520338109712099,False
20260803T181855Z-86cfbe2a805d-rtx3080_topk_gate_release_v2,topk_gate.release.cub_pair.e8_t16,topk_gate,cub_block_radix_top2,L1_kernel_body,warm,5,5,150,13.1584000587,13.1481599808,26.26406371589,15.330372238156,4.743778491735006,0.3094366149784767,False
20260803T181855Z-86cfbe2a805d-rtx3080_topk_gate_release_v2,topk_gate.release.cub_pair.e8_t16,topk_gate,cuda_local_pair_two_reduce_top2_v4,L1_kernel_body,warm,5,5,150,8.14592003822,8.156160116195,8.6891520023335,8.151859200000533,0.3528122421388111,0.04327997251704103,False
20260803T181855Z-86cfbe2a805d-rtx3080_topk_gate_release_v2,topk_gate.release.cub_pair.e8_t16,topk_gate,cuda_naive,L1_kernel_body,warm,5,5,150,8.35071980953,8.581120073794999,19.8860800266,10.622361580530066,4.658453024997263,0.43855153956873694,True
20260803T181855Z-86cfbe2a805d-rtx3080_topk_gate_release_v2,topk_gate.release.cub_pair.e8_t16,topk_gate,cuda_subwarp_pair_top2_v2,L1_kernel_body,warm,5,5,150,8.91903996468,8.98047983646,9.5800322294235,8.993041086196268,0.368776773335815,0.04100690409408485,False
20260803T181855Z-86cfbe2a805d-rtx3080_topk_gate_release_v2,topk_gate.release.cub_pair.e8_t16,topk_gate,cuda_vector_pair_top2_v3,L1_kernel_body,warm,5,5,150,8.6067199707,8.63232016563,28.24550318713999,11.989469873903733,7.545316368934179,0.6293286065430888,False
20260803T181855Z-86cfbe2a805d-rtx3080_topk_gate_release_v2,topk_gate.release.cub_pair.e8_t2,topk_gate,cub_block_radix_top2,L1_kernel_body,warm,5,5,150,13.0508798361,13.0918395519,21.902847886089997,14.300091711681334,2.929920023907837,0.20488819813053852,False
20260803T181855Z-86cfbe2a805d-rtx3080_topk_gate_release_v2,topk_gate.release.cub_pair.e8_t2,topk_gate,cuda_local_pair_two_reduce_top2_v4,L1_kernel_body,warm,5,5,150,8.20223987103,8.340480029585,75.68742370607995,20.760780819258333,25.39896545768909,1.2234108957081342,False
20260803T181855Z-86cfbe2a805d-rtx3080_topk_gate_release_v2,topk_gate.release.cub_pair.e8_t2,topk_gate,cuda_naive,L1_kernel_body,warm,5,5,150,8.20223987103,8.627200126645,20.403712391844998,10.8123477419234,4.872665061448376,0.45065744995929824,True
20260803T181855Z-86cfbe2a805d-rtx3080_topk_gate_release_v2,topk_gate.release.cub_pair.e8_t2,topk_gate,cuda_subwarp_pair_top2_v2,L1_kernel_body,warm,5,5,150,9.13407981396,8.995839953419999,21.274111866945,11.2691882689794,5.00863391178715,0.4444538321872193,False
20260803T181855Z-86cfbe2a805d-rtx3080_topk_gate_release_v2,topk_gate.release.cub_pair.e8_t2,topk_gate,cuda_vector_pair_top2_v3,L1_kernel_body,warm,5,5,150,8.73472005129,8.78592014313,20.8793592453,11.121595732371867,4.8524801211321105,0.436311500426858,False
20260803T181855Z-86cfbe2a805d-rtx3080_topk_gate_release_v2,topk_gate.release.cub_pair.e8_t2048,topk_gate,cub_block_radix_top2,L1_kernel_body,warm,5,5,150,34.344959259,37.7958405018,46.613503694545,38.64070822397866,6.510760241532062,0.1684948475528143,False
20260803T181855Z-86cfbe2a805d-rtx3080_topk_gate_release_v2,topk_gate.release.cub_pair.e8_t2048,topk_gate,cuda_local_pair_two_reduce_top2_v4,L1_kernel_body,warm,5,5,150,8.39679986238,8.43775987625,31.0681605339,12.816315758229667,9.06095393117258,0.706985853196877,False
20260803T181855Z-86cfbe2a805d-rtx3080_topk_gate_release_v2,topk_gate.release.cub_pair.e8_t2048,topk_gate,cuda_naive,L1_kernel_body,warm,5,5,150,8.84736001492,9.077759981155,21.679104566545,13.620906631151,6.066339410376351,0.4453697227835509,True
20260803T181855Z-86cfbe2a805d-rtx3080_topk_gate_release_v2,topk_gate.release.cub_pair.e8_t2048,topk_gate,cuda_subwarp_pair_top2_v2,L1_kernel_body,warm,5,5,150,8.89856010675,8.924160003665,9.59487974644,8.886545066039,0.4663474026745384,0.05247792018258491,False
20260803T181855Z-86cfbe2a805d-rtx3080_topk_gate_release_v2,topk_gate.release.cub_pair.e8_t2048,topk_gate,cuda_vector_pair_top2_v3,L1_kernel_body,warm,5,5,150,8.82175981998,8.92928004265,33.481215834645,12.944315727550201,8.612370554235374,0.6653399635413036,False
20260803T181855Z-86cfbe2a805d-rtx3080_topk_gate_release_v2,topk_gate.release.cub_pair.e8_t256,topk_gate,cub_block_radix_top2,L1_kernel_body,warm,5,5,150,11.6633599997,11.8886399269,13.491200089449993,12.072209111850666,0.6521211742003122,0.05401837958225545,False
20260803T181855Z-86cfbe2a805d-rtx3080_topk_gate_release_v2,topk_gate.release.cub_pair.e8_t256,topk_gate,cuda_local_pair_two_reduce_top2_v4,L1_kernel_body,warm,5,5,150,8.33024024963,8.45311999321,21.157886981944998,10.893243781725467,5.080873170989778,0.46642426010087684,False
20260803T181855Z-86cfbe2a805d-rtx3080_topk_gate_release_v2,topk_gate.release.cub_pair.e8_t256,topk_gate,cuda_naive,L1_kernel_body,warm,5,5,150,8.52480024099,8.49920004606,9.149440199133998,8.471893326441467,0.4392847193098505,0.05185201257655207,True
20260803T181855Z-86cfbe2a805d-rtx3080_topk_gate_release_v2,topk_gate.release.cub_pair.e8_t256,topk_gate,cuda_subwarp_pair_top2_v2,L1_kernel_body,warm,5,5,150,9.04703974724,8.934400081635,9.5288318395635,8.874598403771667,0.46606411567660944,0.05251664294786952,False
20260803T181855Z-86cfbe2a805d-rtx3080_topk_gate_release_v2,topk_gate.release.cub_pair.e8_t256,topk_gate,cuda_vector_pair_top2_v3,L1_kernel_body,warm,5,5,150,8.67839992046,8.6630398035,11.244032323379997,8.796842658519733,0.8401965930783105,0.0955111539098157,False
20260803T181855Z-86cfbe2a805d-rtx3080_topk_gate_release_v2,topk_gate.release.cub_pair.e8_t32,topk_gate,cub_block_radix_top2,L1_kernel_body,warm,5,5,150,12.8870403767,13.1430399418,23.06252777577497,14.796731750171332,3.7305012001035043,0.252116566218098,False
20260803T181855Z-86cfbe2a805d-rtx3080_topk_gate_release_v2,topk_gate.release.cub_pair.e8_t32,topk_gate,cuda_local_pair_two_reduce_top2_v4,L1_kernel_body,warm,5,5,150,8.26368004084,8.50943982601,71.85100817682496,23.719662896791466,25.742242149080933,1.0852701516497125,False
20260803T181855Z-86cfbe2a805d-rtx3080_topk_gate_release_v2,topk_gate.release.cub_pair.e8_t32,topk_gate,cuda_naive,L1_kernel_body,warm,5,5,150,8.23807984591,8.412159979345,31.088640689800002,12.7805440346392,9.108838902742777,0.7127113586131408,True
20260803T181855Z-86cfbe2a805d-rtx3080_topk_gate_release_v2,topk_gate.release.cub_pair.e8_t32,topk_gate,cuda_subwarp_pair_top2_v2,L1_kernel_body,warm,5,5,150,9.0623998642,9.0623998642,21.48659110069,11.436373321216667,4.9903937843209585,0.43636156709424834,False
20260803T181855Z-86cfbe2a805d-rtx3080_topk_gate_release_v2,topk_gate.release.cub_pair.e8_t32,topk_gate,cuda_vector_pair_top2_v3,L1_kernel_body,warm,5,5,150,8.57087999582,8.43775987625,9.298943877222499,8.4467712044716,0.5028593094911442,0.059532725264884366,False
20260803T181855Z-86cfbe2a805d-rtx3080_topk_gate_release_v2,topk_gate.release.cub_pair.e8_t4,topk_gate,cub_block_radix_top2,L1_kernel_body,warm,5,5,150,12.8665602207,12.9075205326,14.392832338829994,13.025689617789334,0.6963449984338046,0.0534593575362642,False
20260803T181855Z-86cfbe2a805d-rtx3080_topk_gate_release_v2,topk_gate.release.cub_pair.e8_t4,topk_gate,cuda_local_pair_two_reduce_top2_v4,L1_kernel_body,warm,5,5,150,8.16640019417,8.217599987985,9.0117120146755,8.2668202400202,0.46634018446778214,0.05641107111658238,False
20260803T181855Z-86cfbe2a805d-rtx3080_topk_gate_release_v2,topk_gate.release.cub_pair.e8_t4,topk_gate,cuda_naive,L1_kernel_body,warm,5,5,150,8.43263983727,8.41727972031,20.603903532045003,10.770431967577933,4.9010280013518335,0.45504470165220146,True
20260803T181855Z-86cfbe2a805d-rtx3080_topk_gate_release_v2,topk_gate.release.cub_pair.e8_t4,topk_gate,cuda_subwarp_pair_top2_v2,L1_kernel_body,warm,5,5,150,8.92928004265,8.893439769745001,9.679359734059497,8.936516249179933,0.5098348604980476,0.05705073949200652,False
20260803T181855Z-86cfbe2a805d-rtx3080_topk_gate_release_v2,topk_gate.release.cub_pair.e8_t4,topk_gate,cuda_vector_pair_top2_v3,L1_kernel_body,warm,5,5,150,8.65791976452,8.709120154379999,9.4648322165045,8.714239974816866,0.4328391741877082,0.04967032987828689,False
20260803T181855Z-86cfbe2a805d-rtx3080_topk_gate_release_v2,topk_gate.release.cub_pair.e8_t4096,topk_gate,cub_block_radix_top2,L1_kernel_body,warm,5,5,150,66.4217591286,66.4576005936,169.39110088349997,84.83150513966866,35.31953996298338,0.4163493256996021,False
20260803T181855Z-86cfbe2a805d-rtx3080_topk_gate_release_v2,topk_gate.release.cub_pair.e8_t4096,topk_gate,cuda_local_pair_two_reduce_top2_v4,L1_kernel_body,warm,5,5,150,8.35584014654,8.25856000185,9.042943984269499,8.763596789041866,3.3351571849312154,0.38056944713631125,False
20260803T181855Z-86cfbe2a805d-rtx3080_topk_gate_release_v2,topk_gate.release.cub_pair.e8_t4096,topk_gate,cuda_naive,L1_kernel_body,warm,5,5,150,8.55552017689,8.48896026611,9.1146239340295,8.489779202143266,0.37720007020550755,0.04442990344322294,True
20260803T181855Z-86cfbe2a805d-rtx3080_topk_gate_release_v2,topk_gate.release.cub_pair.e8_t4096,topk_gate,cuda_subwarp_pair_top2_v2,L1_kernel_body,warm,5,5,150,8.2483202219,8.54016005993,9.456640154123999,8.528759467601734,0.5477823134839388,0.06422766588327455,False
20260803T181855Z-86cfbe2a805d-rtx3080_topk_gate_release_v2,topk_gate.release.cub_pair.e8_t4096,topk_gate,cuda_vector_pair_top2_v3,L1_kernel_body,warm,5,5,150,9.00095999241,8.995839953425,9.596928030251998,8.979933901627465,0.35911663963576285,0.03999101146732036,False
20260803T181855Z-86cfbe2a805d-rtx3080_topk_gate_release_v2,topk_gate.release.cub_pair.e8_t512,topk_gate,cub_block_radix_top2,L1_kernel_body,warm,5,5,150,14.0339195728,13.9673602581,18.22924786809,14.665659737590001,1.5488941196175585,0.10561366807437518,False
20260803T181855Z-86cfbe2a805d-rtx3080_topk_gate_release_v2,topk_gate.release.cub_pair.e8_t512,topk_gate,cuda_local_pair_two_reduce_top2_v4,L1_kernel_body,warm,5,5,150,8.17152023315,8.207359910015,9.0885120630235,8.183534944057733,0.5558232902125729,0.06791970633866114,False
20260803T181855Z-86cfbe2a805d-rtx3080_topk_gate_release_v2,topk_gate.release.cub_pair.e8_t512,topk_gate,cuda_naive,L1_kernel_body,warm,5,5,150,8.67839992046,8.760319948195,22.269440293345,11.5115349253028,6.01755872081117,0.5227416465187751,True
20260803T181855Z-86cfbe2a805d-rtx3080_topk_gate_release_v2,topk_gate.release.cub_pair.e8_t512,topk_gate,cuda_subwarp_pair_top2_v2,L1_kernel_body,warm,5,5,150,9.07263994217,8.975359797475,9.732095867397,8.9306453148528,0.5178399154340572,0.05798460213987263,False
20260803T181855Z-86cfbe2a805d-rtx3080_topk_gate_release_v2,topk_gate.release.cub_pair.e8_t512,topk_gate,cuda_vector_pair_top2_v3,L1_kernel_body,warm,5,5,150,8.77568006516,8.84223997593,20.7677447796,11.151496489840467,4.801063499705006,0.4305308712672778,False
20260803T181855Z-86cfbe2a805d-rtx3080_topk_gate_release_v2,topk_gate.release.cub_pair.e8_t64,topk_gate,cub_block_radix_top2,L1_kernel_body,warm,5,5,150,12.9484796524,13.1584000587,29.740031957644995,15.851451778411999,7.810335999864031,0.49272054755898653,False
20260803T181855Z-86cfbe2a805d-rtx3080_topk_gate_release_v2,topk_gate.release.cub_pair.e8_t64,topk_gate,cuda_local_pair_two_reduce_top2_v4,L1_kernel_body,warm,5,5,150,8.45311999321,8.442879915235,9.178111821414499,8.4586986502014,0.4892374162406212,0.05783837874741791,False
20260803T181855Z-86cfbe2a805d-rtx3080_topk_gate_release_v2,topk_gate.release.cub_pair.e8_t64,topk_gate,cuda_naive,L1_kernel_body,warm,5,5,150,8.07936012745,8.20223987103,20.450304746645003,10.5864533225682,4.910782019369896,0.4638741483799009,True
20260803T181855Z-86cfbe2a805d-rtx3080_topk_gate_release_v2,topk_gate.release.cub_pair.e8_t64,topk_gate,cuda_subwarp_pair_top2_v2,L1_kernel_body,warm,5,5,150,9.12383973598,9.323520064355,20.482048988345,11.442244251567667,4.5323291358455124,0.39610491055760777,False
20260803T181855Z-86cfbe2a805d-rtx3080_topk_gate_release_v2,topk_gate.release.cub_pair.e8_t64,topk_gate,cuda_vector_pair_top2_v3,L1_kernel_body,warm,5,5,150,8.64767998457,8.67327988148,9.491967827080497,8.792337056000466,0.7823132891818766,0.08897671736185031,False
20260803T181855Z-86cfbe2a805d-rtx3080_topk_gate_release_v2,topk_gate.release.cub_pair.e8_t8,topk_gate,cub_block_radix_top2,L1_kernel_body,warm,5,5,150,12.8870403767,12.9638397694,13.9263999462,12.946227208770667,0.8485396586306889,0.06554339306325704,False
20260803T181855Z-86cfbe2a805d-rtx3080_topk_gate_release_v2,topk_gate.release.cub_pair.e8_t8,topk_gate,cuda_local_pair_two_reduce_top2_v4,L1_kernel_body,warm,5,5,150,8.2687997818,8.19711983204,8.69376003742,8.166126934687199,0.3695541668273651,0.04525452148650941,False
20260803T181855Z-86cfbe2a805d-rtx3080_topk_gate_release_v2,topk_gate.release.cub_pair.e8_t8,topk_gate,cuda_naive,L1_kernel_body,warm,5,5,150,8.00255984068,8.03839981556,9.0152957737415,8.104686935742935,0.45596668828305403,0.05625963000152045,True
20260803T181855Z-86cfbe2a805d-rtx3080_topk_gate_release_v2,topk_gate.release.cub_pair.e8_t8,topk_gate,cuda_subwarp_pair_top2_v2,L1_kernel_body,warm,5,5,150,8.96512001753,9.016320109365001,21.049856543544998,11.322777605058333,4.821562670345846,0.4258286118939458,False
20260803T181855Z-86cfbe2a805d-rtx3080_topk_gate_release_v2,topk_gate.release.cub_pair.e8_t8,topk_gate,cuda_vector_pair_top2_v3,L1_kernel_body,warm,5,5,150,8.45311999321,8.586239814755,9.2216318845735,8.6308181444802,0.39480280421928715,0.04574338117317203,False
20260803T181855Z-86cfbe2a805d-rtx3080_topk_gate_release_v2,topk_gate.release.cub_pair.e9_t1,topk_gate,cub_block_radix_top2,L1_kernel_body,warm,5,5,150,13.3273601532,13.4041595459,21.418496966344996,14.590020291008669,2.974775032323508,0.20389108260231553,False
20260803T181855Z-86cfbe2a805d-rtx3080_topk_gate_release_v2,topk_gate.release.cub_pair.e9_t1,topk_gate,cuda_local_pair_two_reduce_top2_v4,L1_kernel_body,warm,5,5,150,8.72447997332,8.76543998718,23.702015280744998,11.556454459826266,6.010808966135296,0.5201257000605755,False
20260803T181855Z-86cfbe2a805d-rtx3080_topk_gate_release_v2,topk_gate.release.cub_pair.e9_t1,topk_gate,cuda_naive,L1_kernel_body,warm,5,5,150,7.98207998276,7.99744009972,8.793599873780998,8.0146432081862,0.4377155029706774,0.05461447148683954,True
20260803T181855Z-86cfbe2a805d-rtx3080_topk_gate_release_v2,topk_gate.release.cub_pair.e9_t1,topk_gate,cuda_subwarp_pair_top2_v2,L1_kernel_body,warm,5,5,150,8.37119996548,8.39680016041,9.335296154020499,8.472098139922267,0.46447499207653176,0.05482408069470185,False
20260803T181855Z-86cfbe2a805d-rtx3080_topk_gate_release_v2,topk_gate.release.cub_pair.e9_t1,topk_gate,cuda_vector_pair_top2_v3,L1_kernel_body,warm,5,5,150,8.50943982601,8.77056002617,21.2479996681,11.063091202576334,5.07039231559426,0.45831605495699834,False
20260803T181855Z-86cfbe2a805d-rtx3080_topk_gate_release_v2,topk_gate.release.cub_pair.e9_t1024,topk_gate,cub_block_radix_top2,L1_kernel_body,warm,5,5,150,21.304320097,21.3606405258,22.094334959945,21.467204173402667,0.37538435597706343,0.01748641103633585,False
20260803T181855Z-86cfbe2a805d-rtx3080_topk_gate_release_v2,topk_gate.release.cub_pair.e9_t1024,topk_gate,cuda_local_pair_two_reduce_top2_v4,L1_kernel_body,warm,5,5,150,8.07936012745,8.28415989876,21.433855772024998,11.089646911620667,5.8729989882614175,0.5295929649579009,False
20260803T181855Z-86cfbe2a805d-rtx3080_topk_gate_release_v2,topk_gate.release.cub_pair.e9_t1024,topk_gate,cuda_naive,L1_kernel_body,warm,5,5,150,8.5811200738,8.616960048675,22.216191887845,11.292603703339534,5.421375775829236,0.48008200041820165,True
20260803T181855Z-86cfbe2a805d-rtx3080_topk_gate_release_v2,topk_gate.release.cub_pair.e9_t1024,topk_gate,cuda_subwarp_pair_top2_v2,L1_kernel_body,warm,5,5,150,8.34048002958,8.401920199395,32.685567617424994,13.139217034974733,9.718210873189886,0.7396339406923096,False
20260803T181855Z-86cfbe2a805d-rtx3080_topk_gate_release_v2,topk_gate.release.cub_pair.e9_t1024,topk_gate,cuda_vector_pair_top2_v3,L1_kernel_body,warm,5,5,150,8.58624011278,8.58624011278,21.750271797179998,11.291852784156735,6.040367623892372,0.5349314890438028,False
20260803T181855Z-86cfbe2a805d-rtx3080_topk_gate_release_v2,topk_gate.release.cub_pair.e9_t128,topk_gate,cub_block_radix_top2,L1_kernel_body,warm,5,5,150,13.1635200977,13.3171200752,58.95475196838997,22.265309921900666,15.95764249528388,0.71670426107959,False
20260803T181855Z-86cfbe2a805d-rtx3080_topk_gate_release_v2,topk_gate.release.cub_pair.e9_t128,topk_gate,cuda_local_pair_two_reduce_top2_v4,L1_kernel_body,warm,5,5,150,8.18688005209,8.25344026089,21.18683171275,10.750694406034599,5.193573287893715,0.48309189078785914,False
20260803T181855Z-86cfbe2a805d-rtx3080_topk_gate_release_v2,topk_gate.release.cub_pair.e9_t128,topk_gate,cuda_naive,L1_kernel_body,warm,5,5,150,7.8796800971,7.982079982755,20.443136692034997,10.4132607658726,5.025486140941411,0.4826044650117134,True
20260803T181855Z-86cfbe2a805d-rtx3080_topk_gate_release_v2,topk_gate.release.cub_pair.e9_t128,topk_gate,cuda_subwarp_pair_top2_v2,L1_kernel_body,warm,5,5,150,8.86272013187,8.821759819985001,56.174079656635,14.407133793829868,15.327634489022632,1.063892007137949,False
20260803T181855Z-86cfbe2a805d-rtx3080_topk_gate_release_v2,topk_gate.release.cub_pair.e9_t128,topk_gate,cuda_vector_pair_top2_v3,L1_kernel_body,warm,5,5,150,8.69376003742,8.729600012305,21.638144254700002,11.194299729665198,5.2173215335648955,0.4660694871103774,False
20260803T181855Z-86cfbe2a805d-rtx3080_topk_gate_release_v2,topk_gate.release.cub_pair.e9_t16,topk_gate,cub_block_radix_top2,L1_kernel_body,warm,5,5,150,12.9484796524,13.2607996464,21.602815985644998,14.595549885432002,3.063220193946872,0.20987357228687287,False
20260803T181855Z-86cfbe2a805d-rtx3080_topk_gate_release_v2,topk_gate.release.cub_pair.e9_t16,topk_gate,cuda_local_pair_two_reduce_top2_v4,L1_kernel_body,warm,5,5,150,8.54527980089,8.43775987625,9.52319979668,8.495786678790667,0.6318554575919737,0.07437280165818796,False
20260803T181855Z-86cfbe2a805d-rtx3080_topk_gate_release_v2,topk_gate.release.cub_pair.e9_t16,topk_gate,cuda_naive,L1_kernel_body,warm,5,5,150,8.76543998718,8.709120154379999,66.54771304132498,19.266969577471734,22.203448711148237,1.1524100155901027,True
20260803T181855Z-86cfbe2a805d-rtx3080_topk_gate_release_v2,topk_gate.release.cub_pair.e9_t16,topk_gate,cuda_subwarp_pair_top2_v2,L1_kernel_body,warm,5,5,150,8.94976019859,8.995839953425,22.16806352139,11.3292629798252,5.3120675649955995,0.46888024176463766,False
20260803T181855Z-86cfbe2a805d-rtx3080_topk_gate_release_v2,topk_gate.release.cub_pair.e9_t16,topk_gate,cuda_vector_pair_top2_v3,L1_kernel_body,warm,5,5,150,8.50943982601,8.693760037425,21.0841608047,11.447637335460001,4.996003246747182,0.4364222153746651,False
20260803T181855Z-86cfbe2a805d-rtx3080_topk_gate_release_v2,topk_gate.release.cub_pair.e9_t2,topk_gate,cub_block_radix_top2,L1_kernel_body,warm,5,5,150,12.9023998976,12.9791998863,23.17619204519,14.585582915942666,3.6387270436432635,0.24947422839480615,False
20260803T181855Z-86cfbe2a805d-rtx3080_topk_gate_release_v2,topk_gate.release.cub_pair.e9_t2,topk_gate,cuda_local_pair_two_reduce_top2_v4,L1_kernel_body,warm,5,5,150,8.816639781,8.86784017086,67.96083188055499,20.0109397133176,22.791238386539632,1.1389389360546471,False
20260803T181855Z-86cfbe2a805d-rtx3080_topk_gate_release_v2,topk_gate.release.cub_pair.e9_t2,topk_gate,cuda_naive,L1_kernel_body,warm,5,5,150,8.94464015961,8.94464015961,63.913984060315,20.949469844500666,20.711002714458008,0.9886170327071424,True
20260803T181855Z-86cfbe2a805d-rtx3080_topk_gate_release_v2,topk_gate.release.cub_pair.e9_t2,topk_gate,cuda_subwarp_pair_top2_v2,L1_kernel_body,warm,5,5,150,9.11359995604,9.08288002014,21.228543519945,11.354112040994334,4.934960737744957,0.4346408349615668,False
20260803T181855Z-86cfbe2a805d-rtx3080_topk_gate_release_v2,topk_gate.release.cub_pair.e9_t2,topk_gate,cuda_vector_pair_top2_v3,L1_kernel_body,warm,5,5,150,8.43263983727,8.555520176885,9.559552073479,8.648021356264934,0.550136995147908,0.06361420404557272,False
20260803T181855Z-86cfbe2a805d-rtx3080_topk_gate_release_v2,topk_gate.release.cub_pair.e9_t2048,topk_gate,cub_block_radix_top2,L1_kernel_body,warm,5,5,150,38.3795201778,38.48191976545,136.27750539815,57.27552868525933,37.76123143710591,0.6592908403274905,False
20260803T181855Z-86cfbe2a805d-rtx3080_topk_gate_release_v2,topk_gate.release.cub_pair.e9_t2048,topk_gate,cuda_local_pair_two_reduce_top2_v4,L1_kernel_body,warm,5,5,150,8.46336007118,8.596479892729999,58.97881793975999,16.276275245348266,17.688653337049026,1.0867752646358333,False
20260803T181855Z-86cfbe2a805d-rtx3080_topk_gate_release_v2,topk_gate.release.cub_pair.e9_t2048,topk_gate,cuda_naive,L1_kernel_body,warm,5,5,150,8.84223997593,8.949760198595,30.807552933700002,13.401975484690468,8.759254280864576,0.6535793391706,True
20260803T181855Z-86cfbe2a805d-rtx3080_topk_gate_release_v2,topk_gate.release.cub_pair.e9_t2048,topk_gate,cuda_subwarp_pair_top2_v2,L1_kernel_body,warm,5,5,150,8.41215997934,8.442879915235,67.171839952505,19.663052852948134,22.74639189416938,1.156808765367223,False
20260803T181855Z-86cfbe2a805d-rtx3080_topk_gate_release_v2,topk_gate.release.cub_pair.e9_t2048,topk_gate,cuda_vector_pair_top2_v3,L1_kernel_body,warm,5,5,150,8.35584014654,8.32512021065,11.578879952445,8.6363477309546,1.1649123421365772,0.13488483539879606,False
20260803T181855Z-86cfbe2a805d-rtx3080_topk_gate_release_v2,topk_gate.release.cub_pair.e9_t256,topk_gate,cub_block_radix_top2,L1_kernel_body,warm,5,5,150,11.837439537,12.134400010099998,13.535743892234999,12.281105049448,0.6775284569598075,0.05516836263771398,False
20260803T181855Z-86cfbe2a805d-rtx3080_topk_gate_release_v2,topk_gate.release.cub_pair.e9_t256,topk_gate,cuda_local_pair_two_reduce_top2_v4,L1_kernel_body,warm,5,5,150,8.42239975929,8.57088029385,21.178367137945,11.010935481387268,5.059817536706311,0.4595265811210461,False
20260803T181855Z-86cfbe2a805d-rtx3080_topk_gate_release_v2,topk_gate.release.cub_pair.e9_t256,topk_gate,cuda_naive,L1_kernel_body,warm,5,5,150,8.63232016563,8.688639998435,20.7928329706,11.066982463996267,4.853788287254511,0.4385828118048555,True
20260803T181855Z-86cfbe2a805d-rtx3080_topk_gate_release_v2,topk_gate.release.cub_pair.e9_t256,topk_gate,cuda_subwarp_pair_top2_v2,L1_kernel_body,warm,5,5,150,8.33024024963,8.43775987625,21.724672913545,10.981171274183467,5.36010138596856,0.4881174559739415,False
20260803T181855Z-86cfbe2a805d-rtx3080_topk_gate_release_v2,topk_gate.release.cub_pair.e9_t256,topk_gate,cuda_vector_pair_top2_v3,L1_kernel_body,warm,5,5,150,8.22784006596,8.30976009369,21.424129009245,10.8718762755412,5.268103663501059,0.4845625106452762,False
20260803T181855Z-86cfbe2a805d-rtx3080_topk_gate_release_v2,topk_gate.release.cub_pair.e9_t32,topk_gate,cub_block_radix_top2,L1_kernel_body,warm,5,5,150,12.9689598083,12.943359613399998,14.139903724234998,12.995379177728001,0.6767450084834206,0.0520758185835203,False
20260803T181855Z-86cfbe2a805d-rtx3080_topk_gate_release_v2,topk_gate.release.cub_pair.e9_t32,topk_gate,cuda_local_pair_two_reduce_top2_v4,L1_kernel_body,warm,5,5,150,8.54527980089,8.586239814755,42.703359603864996,15.076625140508268,13.26006533022384,0.8795115091504366,False
20260803T181855Z-86cfbe2a805d-rtx3080_topk_gate_release_v2,topk_gate.release.cub_pair.e9_t32,topk_gate,cuda_naive,L1_kernel_body,warm,5,5,150,7.94624000788,8.012800216675,21.3309442997,10.5969663937894,5.325189378607777,0.5025201723512805,True
20260803T181855Z-86cfbe2a805d-rtx3080_topk_gate_release_v2,topk_gate.release.cub_pair.e9_t32,topk_gate,cuda_subwarp_pair_top2_v2,L1_kernel_body,warm,5,5,150,8.32000017166,8.422399759295,21.2899839878,10.9178880532584,5.154562085976382,0.47212080402656476,False
20260803T181855Z-86cfbe2a805d-rtx3080_topk_gate_release_v2,topk_gate.release.cub_pair.e9_t32,topk_gate,cuda_vector_pair_top2_v3,L1_kernel_body,warm,5,5,150,8.25344026089,8.3046400547,10.660352110835,8.465681083995934,0.7685868263539308,0.09078854007469248,False
20260803T181855Z-86cfbe2a805d-rtx3080_topk_gate_release_v2,topk_gate.release.cub_pair.e9_t4,topk_gate,cub_block_radix_top2,L1_kernel_body,warm,5,5,150,13.0201601982,13.08159947395,21.8623995781,14.618897112212002,3.5178795613680447,0.24063919010890078,False
20260803T181855Z-86cfbe2a805d-rtx3080_topk_gate_release_v2,topk_gate.release.cub_pair.e9_t4,topk_gate,cuda_local_pair_two_reduce_top2_v4,L1_kernel_body,warm,5,5,150,8.6630398035,8.75519990921,9.43104028702,8.706662404537466,0.4323292496623741,0.04965499172645838,False
20260803T181855Z-86cfbe2a805d-rtx3080_topk_gate_release_v2,topk_gate.release.cub_pair.e9_t4,topk_gate,cuda_naive,L1_kernel_body,warm,5,5,150,8.01792025566,8.084480166435,21.202431321145,10.639496501287534,5.285535842976899,0.4967843959850236,True
20260803T181855Z-86cfbe2a805d-rtx3080_topk_gate_release_v2,topk_gate.release.cub_pair.e9_t4,topk_gate,cuda_subwarp_pair_top2_v2,L1_kernel_body,warm,5,5,150,8.46336007118,8.652800023554999,9.677824050184999,8.6814037243526,0.6841733247981564,0.07880906665807405,False
20260803T181855Z-86cfbe2a805d-rtx3080_topk_gate_release_v2,topk_gate.release.cub_pair.e9_t4,topk_gate,cuda_vector_pair_top2_v3,L1_kernel_body,warm,5,5,150,8.53504002094,8.77568006516,31.451135754579997,12.664012801647466,9.848591215297802,0.7776832959310176,False
20260803T181855Z-86cfbe2a805d-rtx3080_topk_gate_release_v2,topk_gate.release.cub_pair.e9_t4096,topk_gate,cub_block_radix_top2,L1_kernel_body,warm,5,5,150,66.7494392395,66.6726398468,143.16492700595,83.131460412348,29.079240790070138,0.34979826705595596,False
20260803T181855Z-86cfbe2a805d-rtx3080_topk_gate_release_v2,topk_gate.release.cub_pair.e9_t4096,topk_gate,cuda_local_pair_two_reduce_top2_v4,L1_kernel_body,warm,5,5,150,10.3219199181,10.1888000965,22.4665594101,12.500992023946866,5.11474637905506,0.40914723961564536,False
20260803T181855Z-86cfbe2a805d-rtx3080_topk_gate_release_v2,topk_gate.release.cub_pair.e9_t4096,topk_gate,cuda_naive,L1_kernel_body,warm,5,5,150,8.77568006516,8.791040182115,68.73088097572999,20.211916867893468,23.053358997045997,1.1405825161326557,True
20260803T181855Z-86cfbe2a805d-rtx3080_topk_gate_release_v2,topk_gate.release.cub_pair.e9_t4096,topk_gate,cuda_subwarp_pair_top2_v2,L1_kernel_body,warm,5,5,150,10.4140794277,10.4140794277,10.956799984,10.477090148133401,0.3639004974525209,0.03473297378445803,False
20260803T181855Z-86cfbe2a805d-rtx3080_topk_gate_release_v2,topk_gate.release.cub_pair.e9_t4096,topk_gate,cuda_vector_pair_top2_v3,L1_kernel_body,warm,5,5,150,10.4806399345,10.5062401295,22.1183991432,12.793582888443932,4.665525835566886,0.3646770319345895,False
20260803T181855Z-86cfbe2a805d-rtx3080_topk_gate_release_v2,topk_gate.release.cub_pair.e9_t512,topk_gate,cub_block_radix_top2,L1_kernel_body,warm,5,5,150,14.2233598232,14.5254397392,47.15724921227499,20.969540238379334,12.697650795809546,0.6055283354553368,False
20260803T181855Z-86cfbe2a805d-rtx3080_topk_gate_release_v2,topk_gate.release.cub_pair.e9_t512,topk_gate,cuda_local_pair_two_reduce_top2_v4,L1_kernel_body,warm,5,5,150,8.35072010756,8.42751979828,9.566208124159498,8.513262923558534,0.5896172088009242,0.06925866311133086,False
20260803T181855Z-86cfbe2a805d-rtx3080_topk_gate_release_v2,topk_gate.release.cub_pair.e9_t512,topk_gate,cuda_naive,L1_kernel_body,warm,5,5,150,8.82175981998,8.872959911825,51.437566280344996,20.197785600029665,16.7857704029389,0.8310698378199562,True
20260803T181855Z-86cfbe2a805d-rtx3080_topk_gate_release_v2,topk_gate.release.cub_pair.e9_t512,topk_gate,cuda_subwarp_pair_top2_v2,L1_kernel_body,warm,5,5,150,8.58624011278,8.586240112785,22.119423151,11.0937429388352,5.487603400883668,0.49465752281617625,False
20260803T181855Z-86cfbe2a805d-rtx3080_topk_gate_release_v2,topk_gate.release.cub_pair.e9_t512,topk_gate,cuda_vector_pair_top2_v3,L1_kernel_body,warm,5,5,150,8.33023995161,8.38144004345,9.5308801233755,8.458308255672133,0.5984956850104136,0.07075832033067168,False
20260803T181855Z-86cfbe2a805d-rtx3080_topk_gate_release_v2,topk_gate.release.cub_pair.e9_t64,topk_gate,cub_block_radix_top2,L1_kernel_body,warm,5,5,150,12.8972804546,13.03552031515,34.534912705400004,16.599517933526002,7.538545588854157,0.4541424407047735,False
20260803T181855Z-86cfbe2a805d-rtx3080_topk_gate_release_v2,topk_gate.release.cub_pair.e9_t64,topk_gate,cuda_local_pair_two_reduce_top2_v4,L1_kernel_body,warm,5,5,150,8.74496012926,8.64767998457,21.115905046445,10.975709891319733,5.076659305715175,0.46253585016219406,False
20260803T181855Z-86cfbe2a805d-rtx3080_topk_gate_release_v2,topk_gate.release.cub_pair.e9_t64,topk_gate,cuda_naive,L1_kernel_body,warm,5,5,150,8.00768017769,7.97695994377,8.660480052231,8.003242659568667,0.4283004655728259,0.05351586647953882,True
20260803T181855Z-86cfbe2a805d-rtx3080_topk_gate_release_v2,topk_gate.release.cub_pair.e9_t64,topk_gate,cuda_subwarp_pair_top2_v2,L1_kernel_body,warm,5,5,150,8.32512021065,8.62208008766,21.57520055772,11.039684251944466,5.145994309408919,0.466136004614673,False
20260803T181855Z-86cfbe2a805d-rtx3080_topk_gate_release_v2,topk_gate.release.cub_pair.e9_t64,topk_gate,cuda_vector_pair_top2_v3,L1_kernel_body,warm,5,5,150,8.21759998798,8.340480029585,21.6883206367,10.953727980453333,5.355962041466438,0.4889624839163456,False
20260803T181855Z-86cfbe2a805d-rtx3080_topk_gate_release_v2,topk_gate.release.cub_pair.e9_t8,topk_gate,cub_block_radix_top2,L1_kernel_body,warm,5,5,150,12.7283203602,12.76927948,13.614591956145,12.821504036584,0.4714861291606104,0.03677307496962168,False
20260803T181855Z-86cfbe2a805d-rtx3080_topk_gate_release_v2,topk_gate.release.cub_pair.e9_t8,topk_gate,cuda_local_pair_two_reduce_top2_v4,L1_kernel_body,warm,5,5,150,8.93440008163,8.903679847715,21.685760617245002,11.299566884833867,5.177673884627081,0.4582187916933779,False
20260803T181855Z-86cfbe2a805d-rtx3080_topk_gate_release_v2,topk_gate.release.cub_pair.e9_t8,topk_gate,cuda_naive,L1_kernel_body,warm,5,5,150,8.14079999924,8.13055992126,20.377088189135,10.501324816542933,4.92254285426288,0.46875446100936774,True
20260803T181855Z-86cfbe2a805d-rtx3080_topk_gate_release_v2,topk_gate.release.cub_pair.e9_t8,topk_gate,cuda_subwarp_pair_top2_v2,L1_kernel_body,warm,5,5,150,8.62208008766,8.709120154379999,71.03641414639499,15.724339159328935,17.667507001232437,1.1235770751453589,False
20260803T181855Z-86cfbe2a805d-rtx3080_topk_gate_release_v2,topk_gate.release.cub_pair.e9_t8,topk_gate,cuda_vector_pair_top2_v3,L1_kernel_body,warm,5,5,150,8.50943982601,8.504319787025,9.243136048316,8.541252271334534,0.4316944777473831,0.05054229333515901,False
20260803T181855Z-86cfbe2a805d-rtx3080_topk_gate_release_v2,topk_gate.release.main.e15_t1,topk_gate,cuda_local_pair_two_reduce_top2_v4,L1_kernel_body,warm,5,5,150,8.27903985977,8.35583984852,21.0237443447,10.7923456033076,5.124935918578191,0.47486766148477666,False
20260803T181855Z-86cfbe2a805d-rtx3080_topk_gate_release_v2,topk_gate.release.main.e15_t1,topk_gate,cuda_local_pair_two_reduce_top2_v4,L2_operator_steady,warm,5,5,150,8.43775987625,8.39680016041,21.2592637539,10.931131728490334,5.137118733178602,0.4699530534235063,False
20260803T181855Z-86cfbe2a805d-rtx3080_topk_gate_release_v2,topk_gate.release.main.e15_t1,topk_gate,cuda_naive,L1_kernel_body,warm,5,5,150,8.71935993433,8.739840090274999,21.0841608047,11.136136547725734,4.952788759103985,0.4447492842673039,True
20260803T181855Z-86cfbe2a805d-rtx3080_topk_gate_release_v2,topk_gate.release.main.e15_t1,topk_gate,cuda_naive,L2_operator_steady,warm,5,5,150,8.75007987022,8.698880076405,20.738048553444997,11.01919568777,4.819290974589603,0.43735415098748487,True
20260803T181855Z-86cfbe2a805d-rtx3080_topk_gate_release_v2,topk_gate.release.main.e15_t1,topk_gate,cuda_subwarp_pair_top2_v2,L1_kernel_body,warm,5,5,150,8.77567976713,8.760319948195,21.28895998,11.149038894972934,5.065788019106899,0.4543699297157396,False
20260803T181855Z-86cfbe2a805d-rtx3080_topk_gate_release_v2,topk_gate.release.main.e15_t1,topk_gate,cuda_subwarp_pair_top2_v2,L2_operator_steady,warm,5,5,150,8.41728001833,8.45311999321,9.393151998521999,8.475579750537266,0.5281748812742477,0.06231725696885417,False
20260803T181855Z-86cfbe2a805d-rtx3080_topk_gate_release_v2,topk_gate.release.main.e15_t1,topk_gate,cuda_vector_pair_top2_v3,L1_kernel_body,warm,5,5,150,8.69376003742,8.74495983124,9.56416010857,8.660582383473667,0.6962875746195522,0.08039731553714274,False
20260803T181855Z-86cfbe2a805d-rtx3080_topk_gate_release_v2,topk_gate.release.main.e15_t1,topk_gate,cuda_vector_pair_top2_v3,L2_operator_steady,warm,5,5,150,8.58623981476,8.698880076405,9.6414721012135,8.773495479424401,1.2844386281964182,0.14639987348357142,False
20260803T181855Z-86cfbe2a805d-rtx3080_topk_gate_release_v2,topk_gate.release.main.e15_t1,topk_gate,cuda_warp_pair_top2_v1,L1_kernel_body,warm,5,5,150,8.68863999844,8.74495983124,56.67891311644999,15.029794057210331,15.54192808184241,1.0340745869625798,False
20260803T181855Z-86cfbe2a805d-rtx3080_topk_gate_release_v2,topk_gate.release.main.e15_t1,topk_gate,cuda_warp_pair_top2_v1,L2_operator_steady,warm,5,5,150,9.00095999241,8.92928004265,22.482431530945,11.481156253814467,5.451328248403756,0.4748065550098774,False
20260803T181855Z-86cfbe2a805d-rtx3080_topk_gate_release_v2,topk_gate.release.main.e15_t1024,topk_gate,cuda_local_pair_two_reduce_top2_v4,L1_kernel_body,warm,5,5,150,8.37119996548,8.360959887505,64.50944113733499,19.274478932221868,22.07770257416023,1.1454370648252445,False
20260803T181855Z-86cfbe2a805d-rtx3080_topk_gate_release_v2,topk_gate.release.main.e15_t1024,topk_gate,cuda_local_pair_two_reduce_top2_v4,L2_operator_steady,warm,5,5,150,8.22272002697,8.330240249635,20.9305596352,10.781559487185,5.081066518058771,0.47127380079831166,False
20260803T181855Z-86cfbe2a805d-rtx3080_topk_gate_release_v2,topk_gate.release.main.e15_t1024,topk_gate,cuda_naive,L1_kernel_body,warm,5,5,150,8.82175981998,8.852480053905,9.53343987465,8.8482474684714,0.3610272756475129,0.04080212233371035,True
20260803T181855Z-86cfbe2a805d-rtx3080_topk_gate_release_v2,topk_gate.release.main.e15_t1024,topk_gate,cuda_naive,L2_operator_steady,warm,5,5,150,9.05216008425,9.0623998642,32.7326709032,13.650466156006933,9.51088475108133,0.696744319379601,True
20260803T181855Z-86cfbe2a805d-rtx3080_topk_gate_release_v2,topk_gate.release.main.e15_t1024,topk_gate,cuda_subwarp_pair_top2_v2,L1_kernel_body,warm,5,5,150,8.38144004345,8.51967990398,21.507071256645,10.984584542114334,5.232503613707705,0.4763497056849582,False
20260803T181855Z-86cfbe2a805d-rtx3080_topk_gate_release_v2,topk_gate.release.main.e15_t1024,topk_gate,cuda_subwarp_pair_top2_v2,L2_operator_steady,warm,5,5,150,8.18687975407,8.3353599906,21.4425611496,10.8677803357434,5.282087730410547,0.48603188206133635,False
20260803T181855Z-86cfbe2a805d-rtx3080_topk_gate_release_v2,topk_gate.release.main.e15_t1024,topk_gate,cuda_vector_pair_top2_v3,L1_kernel_body,warm,5,5,150,8.12543988228,8.24320018291,20.966911912,10.684074676038668,5.106841175514205,0.47798628616546396,False
20260803T181855Z-86cfbe2a805d-rtx3080_topk_gate_release_v2,topk_gate.release.main.e15_t1024,topk_gate,cuda_vector_pair_top2_v3,L2_operator_steady,warm,5,5,150,8.12543988228,8.25856000185,9.788927972312997,8.466909849643265,0.6836299974884293,0.08074138140460213,False
20260803T181855Z-86cfbe2a805d-rtx3080_topk_gate_release_v2,topk_gate.release.main.e15_t1024,topk_gate,cuda_warp_pair_top2_v1,L1_kernel_body,warm,5,5,150,8.74495983124,8.84223997593,23.2197123766,11.703091196218267,5.762839213705168,0.49242026034688763,False
20260803T181855Z-86cfbe2a805d-rtx3080_topk_gate_release_v2,topk_gate.release.main.e15_t1024,topk_gate,cuda_warp_pair_top2_v1,L2_operator_steady,warm,5,5,150,8.31488013268,8.432639837265,72.19097709652999,20.690602687994666,24.757786725073565,1.1965715594857373,False
20260803T181855Z-86cfbe2a805d-rtx3080_topk_gate_release_v2,topk_gate.release.main.e15_t128,topk_gate,cuda_local_pair_two_reduce_top2_v4,L1_kernel_body,warm,5,5,150,8.34048002958,8.52991998196,9.50272023678,8.566510931650534,0.58095056864503,0.06781647432429024,False
20260803T181855Z-86cfbe2a805d-rtx3080_topk_gate_release_v2,topk_gate.release.main.e15_t128,topk_gate,cuda_local_pair_two_reduce_top2_v4,L2_operator_steady,warm,5,5,150,8.26368004084,8.371199965475,21.926912069289997,11.010799002646133,5.431735366487397,0.4933098283950178,False
20260803T181855Z-86cfbe2a805d-rtx3080_topk_gate_release_v2,topk_gate.release.main.e15_t128,topk_gate,cuda_naive,L1_kernel_body,warm,5,5,150,8.83199989796,8.7961602211,21.350944519045,11.197582920391532,5.087604297150564,0.4543484369189804,True
20260803T181855Z-86cfbe2a805d-rtx3080_topk_gate_release_v2,topk_gate.release.main.e15_t128,topk_gate,cuda_naive,L2_operator_steady,warm,5,5,150,8.81152004004,8.84223997593,9.508351951836,8.790425594647399,0.44275259667340167,0.05036759505057404,True
20260803T181855Z-86cfbe2a805d-rtx3080_topk_gate_release_v2,topk_gate.release.main.e15_t128,topk_gate,cuda_subwarp_pair_top2_v2,L1_kernel_body,warm,5,5,150,8.38144004345,8.412159979345,9.037311941386,8.430523721377334,0.3688836734170131,0.04375572450874343,False
20260803T181855Z-86cfbe2a805d-rtx3080_topk_gate_release_v2,topk_gate.release.main.e15_t128,topk_gate,cuda_subwarp_pair_top2_v2,L2_operator_steady,warm,5,5,150,8.81151974201,8.750079870225001,9.575424194337,8.690892763932068,0.5307957796163004,0.061074942935568984,False
20260803T181855Z-86cfbe2a805d-rtx3080_topk_gate_release_v2,topk_gate.release.main.e15_t128,topk_gate,cuda_vector_pair_top2_v3,L1_kernel_body,warm,5,5,150,8.37632000446,8.34560006857,9.378815829755498,8.413047444820466,0.5544600680319586,0.06590478321542269,False
20260803T181855Z-86cfbe2a805d-rtx3080_topk_gate_release_v2,topk_gate.release.main.e15_t128,topk_gate,cuda_vector_pair_top2_v3,L2_operator_steady,warm,5,5,150,8.50944012403,8.74495983124,21.080576777445,11.057015478610067,5.029536048263202,0.4548728414094112,False
20260803T181855Z-86cfbe2a805d-rtx3080_topk_gate_release_v2,topk_gate.release.main.e15_t128,topk_gate,cuda_warp_pair_top2_v1,L1_kernel_body,warm,5,5,150,8.65279972553,8.64255994558,21.4379531145,11.072989829382266,5.176426666188598,0.4674822921315171,False
20260803T181855Z-86cfbe2a805d-rtx3080_topk_gate_release_v2,topk_gate.release.main.e15_t128,topk_gate,cuda_warp_pair_top2_v1,L2_operator_steady,warm,5,5,150,8.3353599906,8.494080007075,21.545983552944996,10.968883216381467,5.251246322042792,0.4787402890934533,False
20260803T181855Z-86cfbe2a805d-rtx3080_topk_gate_release_v2,topk_gate.release.main.e15_t16,topk_gate,cuda_local_pair_two_reduce_top2_v4,L1_kernel_body,warm,5,5,150,8.21759998798,8.30976009369,9.171456098556,8.3619157473248,0.4957219058435545,0.05928329354456235,False
20260803T181855Z-86cfbe2a805d-rtx3080_topk_gate_release_v2,topk_gate.release.main.e15_t16,topk_gate,cuda_local_pair_two_reduce_top2_v4,L2_operator_steady,warm,5,5,150,8.55552017689,8.524799942969999,9.2523521184935,8.5245951890942,0.5398435550936944,0.06332776432414461,False
20260803T181855Z-86cfbe2a805d-rtx3080_topk_gate_release_v2,topk_gate.release.main.e15_t16,topk_gate,cuda_naive,L1_kernel_body,warm,5,5,150,8.51968020201,8.371199965475,9.057791829109,8.383897590637467,0.4567643333756067,0.054481144174004244,True
20260803T181855Z-86cfbe2a805d-rtx3080_topk_gate_release_v2,topk_gate.release.main.e15_t16,topk_gate,cuda_naive,L2_operator_steady,warm,5,5,150,8.65791976452,8.65279972553,9.3957120180135,8.669320531686267,0.4340017338510922,0.05006179345484122,True
20260803T181855Z-86cfbe2a805d-rtx3080_topk_gate_release_v2,topk_gate.release.main.e15_t16,topk_gate,cuda_subwarp_pair_top2_v2,L1_kernel_body,warm,5,5,150,8.37119996548,8.42751979828,9.1397118568435,8.395707698663333,0.442608363805693,0.05271841037011805,False
20260803T181855Z-86cfbe2a805d-rtx3080_topk_gate_release_v2,topk_gate.release.main.e15_t16,topk_gate,cuda_subwarp_pair_top2_v2,L2_operator_steady,warm,5,5,150,8.49408000708,8.49919974804,75.109886407875,20.945373904706333,25.311535710494866,1.2084547082163797,False
20260803T181855Z-86cfbe2a805d-rtx3080_topk_gate_release_v2,topk_gate.release.main.e15_t16,topk_gate,cuda_vector_pair_top2_v3,L1_kernel_body,warm,5,5,150,8.64255994558,8.780800104145,11.025407850724996,8.947711996237201,0.9387058681693389,0.10491015676008511,False
20260803T181855Z-86cfbe2a805d-rtx3080_topk_gate_release_v2,topk_gate.release.main.e15_t16,topk_gate,cuda_vector_pair_top2_v3,L2_operator_steady,warm,5,5,150,8.4582400322,8.47872018814,9.247744083402498,8.518314671516134,0.4888370183718597,0.057386588453517885,False
20260803T181855Z-86cfbe2a805d-rtx3080_topk_gate_release_v2,topk_gate.release.main.e15_t16,topk_gate,cuda_warp_pair_top2_v1,L1_kernel_body,warm,5,5,150,8.86784017086,8.944640159605001,21.55212759968,11.276356244085667,5.157959012127442,0.4574136272816619,False
20260803T181855Z-86cfbe2a805d-rtx3080_topk_gate_release_v2,topk_gate.release.main.e15_t16,topk_gate,cuda_warp_pair_top2_v1,L2_operator_steady,warm,5,5,150,8.74495983124,8.77056002617,53.93817424773499,14.2019241690638,14.751672721105754,1.0387094414459328,False
20260803T181855Z-86cfbe2a805d-rtx3080_topk_gate_release_v2,topk_gate.release.main.e15_t2,topk_gate,cuda_local_pair_two_reduce_top2_v4,L1_kernel_body,warm,5,5,150,8.83199989796,8.924160003665,21.193215250945,11.1506772994978,5.020399601506328,0.4502327048539405,False
20260803T181855Z-86cfbe2a805d-rtx3080_topk_gate_release_v2,topk_gate.release.main.e15_t2,topk_gate,cuda_local_pair_two_reduce_top2_v4,L2_operator_steady,warm,5,5,150,8.77056002617,8.76543998718,21.1466228962,11.1298560023298,5.054644340705916,0.45415181828478574,False
20260803T181855Z-86cfbe2a805d-rtx3080_topk_gate_release_v2,topk_gate.release.main.e15_t2,topk_gate,cuda_naive,L1_kernel_body,warm,5,5,150,8.71936023235,8.898559808729999,56.4029419422,19.4385238011698,16.928978289519044,0.8708983492100499,True
20260803T181855Z-86cfbe2a805d-rtx3080_topk_gate_release_v2,topk_gate.release.main.e15_t2,topk_gate,cuda_naive,L2_operator_steady,warm,5,5,150,8.46336007118,8.545280098915,22.8464639187,11.248981297015,5.779722257242561,0.5137996147950085,True
20260803T181855Z-86cfbe2a805d-rtx3080_topk_gate_release_v2,topk_gate.release.main.e15_t2,topk_gate,cuda_subwarp_pair_top2_v2,L1_kernel_body,warm,5,5,150,8.59135985374,8.65279972553,21.612032055845,11.0508714675902,5.270009875127706,0.476886360553871,False
20260803T181855Z-86cfbe2a805d-rtx3080_topk_gate_release_v2,topk_gate.release.main.e15_t2,topk_gate,cuda_subwarp_pair_top2_v2,L2_operator_steady,warm,5,5,150,8.82175981998,8.944640159605001,21.4789110422,11.323050645986534,5.073200423038823,0.4480418379862165,False
20260803T181855Z-86cfbe2a805d-rtx3080_topk_gate_release_v2,topk_gate.release.main.e15_t2,topk_gate,cuda_vector_pair_top2_v3,L1_kernel_body,warm,5,5,150,8.81151974201,8.811519742015,10.096639931196997,8.897194663683667,0.6195706744041437,0.0696366324244979,False
20260803T181855Z-86cfbe2a805d-rtx3080_topk_gate_release_v2,topk_gate.release.main.e15_t2,topk_gate,cuda_vector_pair_top2_v3,L2_operator_steady,warm,5,5,150,8.80639970303,8.862720131875,20.972543954845,11.111219187577,4.920782507169274,0.44286611793879466,False
20260803T181855Z-86cfbe2a805d-rtx3080_topk_gate_release_v2,topk_gate.release.main.e15_t2,topk_gate,cuda_warp_pair_top2_v1,L1_kernel_body,warm,5,5,150,8.57600003481,8.780800104145,9.518591761589,8.733422919114867,0.4779587570396874,0.05472754056070933,False
20260803T181855Z-86cfbe2a805d-rtx3080_topk_gate_release_v2,topk_gate.release.main.e15_t2,topk_gate,cuda_warp_pair_top2_v1,L2_operator_steady,warm,5,5,150,8.53504002094,8.616960048675,9.462783932687,8.597094376882001,0.5097168091184492,0.05928942812226211,False
20260803T181855Z-86cfbe2a805d-rtx3080_topk_gate_release_v2,topk_gate.release.main.e15_t2048,topk_gate,cuda_local_pair_two_reduce_top2_v4,L1_kernel_body,warm,5,5,150,8.60159993172,8.85760009289,45.26643204689,15.821346044540865,13.937941066433073,0.8809579808945738,False
20260803T181855Z-86cfbe2a805d-rtx3080_topk_gate_release_v2,topk_gate.release.main.e15_t2048,topk_gate,cuda_local_pair_two_reduce_top2_v4,L2_operator_steady,warm,5,5,150,8.45311999321,8.432639837265,11.20921605829,8.649386664232066,0.9614058448506891,0.11115306578053732,False
20260803T181855Z-86cfbe2a805d-rtx3080_topk_gate_release_v2,topk_gate.release.main.e15_t2048,topk_gate,cuda_naive,L1_kernel_body,warm,5,5,150,8.7603199482,8.75519990921,32.2662401199,13.289335477352067,9.46656749945381,0.7123431804085998,True
20260803T181855Z-86cfbe2a805d-rtx3080_topk_gate_release_v2,topk_gate.release.main.e15_t2048,topk_gate,cuda_naive,L2_operator_steady,warm,5,5,150,9.01120007038,9.02144014835,20.946431756000003,11.285162683328133,4.821305047221425,0.4272251258144524,True
20260803T181855Z-86cfbe2a805d-rtx3080_topk_gate_release_v2,topk_gate.release.main.e15_t2048,topk_gate,cuda_subwarp_pair_top2_v2,L1_kernel_body,warm,5,5,150,8.43775987625,8.48896026611,10.491904020334998,8.6515711863844,0.7488830774758629,0.08656035549409037,False
20260803T181855Z-86cfbe2a805d-rtx3080_topk_gate_release_v2,topk_gate.release.main.e15_t2048,topk_gate,cuda_subwarp_pair_top2_v2,L2_operator_steady,warm,5,5,150,9.08800005913,8.71935993433,32.125952124579996,13.395285395785265,9.336480372007562,0.6969974954729387,False
20260803T181855Z-86cfbe2a805d-rtx3080_topk_gate_release_v2,topk_gate.release.main.e15_t2048,topk_gate,cuda_vector_pair_top2_v3,L1_kernel_body,warm,5,5,150,8.50944012403,8.709120154379999,21.7451530695,11.306530209382332,5.225552104259175,0.4621711530848723,False
20260803T181855Z-86cfbe2a805d-rtx3080_topk_gate_release_v2,topk_gate.release.main.e15_t2048,topk_gate,cuda_vector_pair_top2_v3,L2_operator_steady,warm,5,5,150,8.45311999321,8.47872018814,10.5881595612,8.785851736864467,0.9199308854678867,0.10470594235137817,False
20260803T181855Z-86cfbe2a805d-rtx3080_topk_gate_release_v2,topk_gate.release.main.e15_t2048,topk_gate,cuda_warp_pair_top2_v1,L1_kernel_body,warm,5,5,150,10.4192000628,10.4345595837,22.1342712641,12.633292806152333,4.689210191796355,0.37117877846642955,False
20260803T181855Z-86cfbe2a805d-rtx3080_topk_gate_release_v2,topk_gate.release.main.e15_t2048,topk_gate,cuda_warp_pair_top2_v1,L2_operator_steady,warm,5,5,150,10.3116798401,10.4294395447,84.54706859590999,24.53265065749287,28.49002865251402,1.161310656980006,False
20260803T181855Z-86cfbe2a805d-rtx3080_topk_gate_release_v2,topk_gate.release.main.e15_t256,topk_gate,cuda_local_pair_two_reduce_top2_v4,L1_kernel_body,warm,5,5,150,8.77567976713,8.596479892729999,66.77196836467498,19.681553014118798,22.48816862586592,1.1426013287535675,False
20260803T181855Z-86cfbe2a805d-rtx3080_topk_gate_release_v2,topk_gate.release.main.e15_t256,topk_gate,cuda_local_pair_two_reduce_top2_v4,L2_operator_steady,warm,5,5,150,10.7212799788,10.199040174499999,81.19193696977,26.679022939998866,28.04905337640439,1.051352346728991,False
20260803T181855Z-86cfbe2a805d-rtx3080_topk_gate_release_v2,topk_gate.release.main.e15_t256,topk_gate,cuda_naive,L1_kernel_body,warm,5,5,150,8.94463986158,9.04191970825,21.366272568699998,11.376162072022334,4.9758669308369825,0.43739416679674864,True
20260803T181855Z-86cfbe2a805d-rtx3080_topk_gate_release_v2,topk_gate.release.main.e15_t256,topk_gate,cuda_naive,L2_operator_steady,warm,5,5,150,8.99071991444,8.91391992569,9.6005117893235,8.891050660610068,0.44759877900485995,0.05034261934732329,True
20260803T181855Z-86cfbe2a805d-rtx3080_topk_gate_release_v2,topk_gate.release.main.e15_t256,topk_gate,cuda_subwarp_pair_top2_v2,L1_kernel_body,warm,5,5,150,8.30976009369,8.34559977055,9.11360025406,8.415505087375534,0.42904947503755736,0.050983211415461346,False
20260803T181855Z-86cfbe2a805d-rtx3080_topk_gate_release_v2,topk_gate.release.main.e15_t256,topk_gate,cuda_subwarp_pair_top2_v2,L2_operator_steady,warm,5,5,150,8.22272002697,8.42751979828,9.5288318395635,8.603443201383467,1.7800874962653963,0.20690407951773906,False
20260803T181855Z-86cfbe2a805d-rtx3080_topk_gate_release_v2,topk_gate.release.main.e15_t256,topk_gate,cuda_vector_pair_top2_v3,L1_kernel_body,warm,5,5,150,8.39168012142,8.46848011017,80.62566471098998,22.376516302426598,28.195336072058616,1.2600413617110275,False
20260803T181855Z-86cfbe2a805d-rtx3080_topk_gate_release_v2,topk_gate.release.main.e15_t256,topk_gate,cuda_vector_pair_top2_v3,L2_operator_steady,warm,5,5,150,8.58111977577,8.62208008766,9.565184116362499,8.636962131659267,0.5634365194918729,0.06523549726200198,False
20260803T181855Z-86cfbe2a805d-rtx3080_topk_gate_release_v2,topk_gate.release.main.e15_t256,topk_gate,cuda_warp_pair_top2_v1,L1_kernel_body,warm,5,5,150,8.34560006857,8.33536028862,9.436672002076,8.442879986763067,0.5779749190383118,0.0684570809894815,False
20260803T181855Z-86cfbe2a805d-rtx3080_topk_gate_release_v2,topk_gate.release.main.e15_t256,topk_gate,cuda_warp_pair_top2_v1,L2_operator_steady,warm,5,5,150,8.67327988148,8.60159993172,9.6209919452635,8.587946645418667,0.6031671739920511,0.07023415478644329,False
20260803T181855Z-86cfbe2a805d-rtx3080_topk_gate_release_v2,topk_gate.release.main.e15_t32,topk_gate,cuda_local_pair_two_reduce_top2_v4,L1_kernel_body,warm,5,5,150,8.25343996286,8.494080007075,32.2775042057,13.0974378426868,9.588746088032309,0.7321085393343832,False
20260803T181855Z-86cfbe2a805d-rtx3080_topk_gate_release_v2,topk_gate.release.main.e15_t32,topk_gate,cuda_local_pair_two_reduce_top2_v4,L2_operator_steady,warm,5,5,150,8.30976009369,8.54016005993,21.638144254700002,11.071488078437001,5.257824909302163,0.4748977618954748,False
20260803T181855Z-86cfbe2a805d-rtx3080_topk_gate_release_v2,topk_gate.release.main.e15_t32,topk_gate,cuda_naive,L1_kernel_body,warm,5,5,150,8.77568006516,9.05727982521,67.27884745602,20.512972855569334,22.498983858612426,1.096817317364308,True
20260803T181855Z-86cfbe2a805d-rtx3080_topk_gate_release_v2,topk_gate.release.main.e15_t32,topk_gate,cuda_naive,L2_operator_steady,warm,5,5,150,8.90368014574,8.949760198595,20.3217917681,11.212390363219267,4.829609738859245,0.4307386366694945,True
20260803T181855Z-86cfbe2a805d-rtx3080_topk_gate_release_v2,topk_gate.release.main.e15_t32,topk_gate,cuda_subwarp_pair_top2_v2,L1_kernel_body,warm,5,5,150,8.70400011539,8.688639998435,9.60511982441,8.639010111491134,0.6068660782210962,0.07024717767303877,False
20260803T181855Z-86cfbe2a805d-rtx3080_topk_gate_release_v2,topk_gate.release.main.e15_t32,topk_gate,cuda_subwarp_pair_top2_v2,L2_operator_steady,warm,5,5,150,8.3046400547,8.473600149155,11.976191937945,9.611673601467134,4.986437838797312,0.518789759780875,False
20260803T181855Z-86cfbe2a805d-rtx3080_topk_gate_release_v2,topk_gate.release.main.e15_t32,topk_gate,cuda_vector_pair_top2_v3,L1_kernel_body,warm,5,5,150,8.16640019417,8.519679903985,21.684736609444997,11.023155228296067,5.335211418838993,0.4840003890305096,False
20260803T181855Z-86cfbe2a805d-rtx3080_topk_gate_release_v2,topk_gate.release.main.e15_t32,topk_gate,cuda_vector_pair_top2_v3,L2_operator_steady,warm,5,5,150,8.61696004868,8.71935993433,21.632512211799998,11.1309482733412,5.241803020688133,0.47092151467834376,False
20260803T181855Z-86cfbe2a805d-rtx3080_topk_gate_release_v2,topk_gate.release.main.e15_t32,topk_gate,cuda_warp_pair_top2_v1,L1_kernel_body,warm,5,5,150,8.5504001379,8.50943982601,9.42080020905,8.520157845814934,0.5551695939510318,0.06515954328519029,False
20260803T181855Z-86cfbe2a805d-rtx3080_topk_gate_release_v2,topk_gate.release.main.e15_t32,topk_gate,cuda_warp_pair_top2_v1,L2_operator_steady,warm,5,5,150,8.50432008505,8.64767998457,21.2329602242,10.993796241284,5.10341008287987,0.46420817439889417,False
20260803T181855Z-86cfbe2a805d-rtx3080_topk_gate_release_v2,topk_gate.release.main.e15_t4,topk_gate,cuda_local_pair_two_reduce_top2_v4,L1_kernel_body,warm,5,5,150,8.87807995081,8.85760009289,9.5493119955035,8.799641609191735,0.43794462679137913,0.04976846174438748,False
20260803T181855Z-86cfbe2a805d-rtx3080_topk_gate_release_v2,topk_gate.release.main.e15_t4,topk_gate,cuda_local_pair_two_reduce_top2_v4,L2_operator_steady,warm,5,5,150,8.69376003742,8.86784017086,21.837311387045,11.242496057349735,5.218346654136402,0.46416264035288946,False
20260803T181855Z-86cfbe2a805d-rtx3080_topk_gate_release_v2,topk_gate.release.main.e15_t4,topk_gate,cuda_naive,L1_kernel_body,warm,5,5,150,8.514559865,8.58111977577,20.8030730486,10.8995243072516,4.8919502296885025,0.4488223606633752,True
20260803T181855Z-86cfbe2a805d-rtx3080_topk_gate_release_v2,topk_gate.release.main.e15_t4,topk_gate,cuda_naive,L2_operator_steady,warm,5,5,150,8.4582400322,8.4582400322,9.2021760046485,8.498790403206934,0.40355800370561007,0.04748416945937759,True
20260803T181855Z-86cfbe2a805d-rtx3080_topk_gate_release_v2,topk_gate.release.main.e15_t4,topk_gate,cuda_subwarp_pair_top2_v2,L1_kernel_body,warm,5,5,150,8.6732801795,8.560640215875,9.48224008083,8.527121071020934,0.530276324949162,0.06218702895532749,False
20260803T181855Z-86cfbe2a805d-rtx3080_topk_gate_release_v2,topk_gate.release.main.e15_t4,topk_gate,cuda_subwarp_pair_top2_v2,L2_operator_steady,warm,5,5,150,8.69376003742,8.6630398035,9.31840002537,8.5761365373932,0.5320396719973274,0.062037220335468914,False
20260803T181855Z-86cfbe2a805d-rtx3080_topk_gate_release_v2,topk_gate.release.main.e15_t4,topk_gate,cuda_vector_pair_top2_v3,L1_kernel_body,warm,5,5,150,9.00608003139,9.09312009811,21.4128649235,11.407360017298666,4.989179365169662,0.43736494312477486,False
20260803T181855Z-86cfbe2a805d-rtx3080_topk_gate_release_v2,topk_gate.release.main.e15_t4,topk_gate,cuda_vector_pair_top2_v3,L2_operator_steady,warm,5,5,150,8.81152004004,8.79615992308,10.121728122269996,8.915148818493867,0.6004537816924623,0.06735207610296555,False
20260803T181855Z-86cfbe2a805d-rtx3080_topk_gate_release_v2,topk_gate.release.main.e15_t4,topk_gate,cuda_warp_pair_top2_v1,L1_kernel_body,warm,5,5,150,8.39168012142,8.5504001379,21.291280746445,11.236759459972667,5.587667703239361,0.4972668252927924,False
20260803T181855Z-86cfbe2a805d-rtx3080_topk_gate_release_v2,topk_gate.release.main.e15_t4,topk_gate,cuda_warp_pair_top2_v1,L2_operator_steady,warm,5,5,150,8.62720012665,8.883199989795,55.41990399359499,17.943893309434802,15.51691886767575,0.8647464962086594,False
20260803T181855Z-86cfbe2a805d-rtx3080_topk_gate_release_v2,topk_gate.release.main.e15_t4096,topk_gate,cuda_local_pair_two_reduce_top2_v4,L1_kernel_body,warm,5,5,150,10.3628802299,10.4191994667,10.98956823349,10.316390367350266,0.5659297851671587,0.05485734496420729,False
20260803T181855Z-86cfbe2a805d-rtx3080_topk_gate_release_v2,topk_gate.release.main.e15_t4096,topk_gate,cuda_local_pair_two_reduce_top2_v4,L2_operator_steady,warm,5,5,150,10.5676794052,10.5676794052,22.07283186909,12.617796254155799,4.711821400679585,0.37342665119732765,False
20260803T181855Z-86cfbe2a805d-rtx3080_topk_gate_release_v2,topk_gate.release.main.e15_t4096,topk_gate,cuda_naive,L1_kernel_body,warm,5,5,150,8.83711993694,8.893439769745001,21.4072328806,11.292467168968066,5.157902935790966,0.4567560709819896,True
20260803T181855Z-86cfbe2a805d-rtx3080_topk_gate_release_v2,topk_gate.release.main.e15_t4096,topk_gate,cuda_naive,L2_operator_steady,warm,5,5,150,8.94464015961,8.975359797475,22.218239903445,11.467502892016068,5.163183838912086,0.45024482553275047,True
20260803T181855Z-86cfbe2a805d-rtx3080_topk_gate_release_v2,topk_gate.release.main.e15_t4096,topk_gate,cuda_subwarp_pair_top2_v2,L1_kernel_body,warm,5,5,150,10.4140794277,10.4294395447,22.324224710445,12.611925307909134,4.764741421137771,0.3777965143949693,False
20260803T181855Z-86cfbe2a805d-rtx3080_topk_gate_release_v2,topk_gate.release.main.e15_t4096,topk_gate,cuda_subwarp_pair_top2_v2,L2_operator_steady,warm,5,5,150,10.4345595837,10.337280035,10.946559906,10.269457046195132,0.5385174393099681,0.05243874499767157,False
20260803T181855Z-86cfbe2a805d-rtx3080_topk_gate_release_v2,topk_gate.release.main.e15_t4096,topk_gate,cuda_vector_pair_top2_v3,L1_kernel_body,warm,5,5,150,10.4345595837,10.531840324400001,21.816831231099997,12.6373205105444,4.512385029880469,0.35706817961255305,False
20260803T181855Z-86cfbe2a805d-rtx3080_topk_gate_release_v2,topk_gate.release.main.e15_t4096,topk_gate,cuda_vector_pair_top2_v3,L2_operator_steady,warm,5,5,150,10.4652798176,10.5216002464,22.4255990982,12.876185528434533,4.768277505306143,0.3703175521023937,False
20260803T181855Z-86cfbe2a805d-rtx3080_topk_gate_release_v2,topk_gate.release.main.e15_t4096,topk_gate,cuda_warp_pair_top2_v1,L1_kernel_body,warm,5,5,150,11.1308801174,11.1667203903,51.24403095245998,18.085546795529265,14.503653462791817,0.8019471916866296,False
20260803T181855Z-86cfbe2a805d-rtx3080_topk_gate_release_v2,topk_gate.release.main.e15_t4096,topk_gate,cuda_warp_pair_top2_v1,L2_operator_steady,warm,5,5,150,10.7980799675,10.8851194382,11.71302378179,10.936797885098532,0.5268767150126077,0.04817467786713706,False
20260803T181855Z-86cfbe2a805d-rtx3080_topk_gate_release_v2,topk_gate.release.main.e15_t512,topk_gate,cuda_local_pair_two_reduce_top2_v4,L1_kernel_body,warm,5,5,150,8.16128015518,8.320000171665,9.310207962989498,8.370312547683733,0.4835104575752967,0.05776492273387039,False
20260803T181855Z-86cfbe2a805d-rtx3080_topk_gate_release_v2,topk_gate.release.main.e15_t512,topk_gate,cuda_local_pair_two_reduce_top2_v4,L2_operator_steady,warm,5,5,150,8.11008006334,8.238080143925,10.912255644799998,8.664951483407668,1.0831463621373463,0.12500316524696536,False
20260803T181855Z-86cfbe2a805d-rtx3080_topk_gate_release_v2,topk_gate.release.main.e15_t512,topk_gate,cuda_naive,L1_kernel_body,warm,5,5,150,8.94976019859,9.0623998642,52.04633688927997,14.611387705804933,12.442951646189297,0.8515927368928727,True
20260803T181855Z-86cfbe2a805d-rtx3080_topk_gate_release_v2,topk_gate.release.main.e15_t512,topk_gate,cuda_naive,L2_operator_steady,warm,5,5,150,8.90880018473,8.98047983646,32.59801495075,12.7207423607504,8.34267242240165,0.6558321979810551,True
20260803T181855Z-86cfbe2a805d-rtx3080_topk_gate_release_v2,topk_gate.release.main.e15_t512,topk_gate,cuda_subwarp_pair_top2_v2,L1_kernel_body,warm,5,5,150,8.16128015518,8.186879754065,9.091583758588001,8.2834773341816,0.44162731180240244,0.05331424159030851,False
20260803T181855Z-86cfbe2a805d-rtx3080_topk_gate_release_v2,topk_gate.release.main.e15_t512,topk_gate,cuda_subwarp_pair_top2_v2,L2_operator_steady,warm,5,5,150,8.46848011017,8.60159993172,21.516287326845,11.1274666746464,5.392447483315556,0.48460693174683567,False
20260803T181855Z-86cfbe2a805d-rtx3080_topk_gate_release_v2,topk_gate.release.main.e15_t512,topk_gate,cuda_vector_pair_top2_v3,L1_kernel_body,warm,5,5,150,8.24320018291,8.39680016041,20.741632580745,10.790297627449867,4.9562919712899,0.45932856927703203,False
20260803T181855Z-86cfbe2a805d-rtx3080_topk_gate_release_v2,topk_gate.release.main.e15_t512,topk_gate,cuda_vector_pair_top2_v3,L2_operator_steady,warm,5,5,150,8.62207978964,8.596479892729999,72.30719852447,17.993932767708998,22.053906030559578,1.225630122956578,False
20260803T181855Z-86cfbe2a805d-rtx3080_topk_gate_release_v2,topk_gate.release.main.e15_t512,topk_gate,cuda_warp_pair_top2_v1,L1_kernel_body,warm,5,5,150,8.25343996286,8.576000034805,21.5449595451,11.111014409859067,5.291307865580921,0.47622185251472793,False
20260803T181855Z-86cfbe2a805d-rtx3080_topk_gate_release_v2,topk_gate.release.main.e15_t512,topk_gate,cuda_warp_pair_top2_v1,L2_operator_steady,warm,5,5,150,8.92928004265,8.99071991444,57.456128120445,18.948710429669532,16.80397838656234,0.8868138256126912,False
20260803T181855Z-86cfbe2a805d-rtx3080_topk_gate_release_v2,topk_gate.release.main.e15_t64,topk_gate,cuda_local_pair_two_reduce_top2_v4,L1_kernel_body,warm,5,5,150,10.5523204803,10.55232048035,58.383872032155,20.521301229794332,17.625312112110123,0.8588788749185359,False
20260803T181855Z-86cfbe2a805d-rtx3080_topk_gate_release_v2,topk_gate.release.main.e15_t64,topk_gate,cuda_local_pair_two_reduce_top2_v4,L2_operator_steady,warm,5,5,150,8.35584014654,8.391680121425,21.8987518549,11.0032213568686,5.438642183075279,0.49427726723686116,False
20260803T181855Z-86cfbe2a805d-rtx3080_topk_gate_release_v2,topk_gate.release.main.e15_t64,topk_gate,cuda_naive,L1_kernel_body,warm,5,5,150,8.90367984772,8.80639970303,9.4320639669895,8.692599475384267,0.4753309607032034,0.05468225725218875,True
20260803T181855Z-86cfbe2a805d-rtx3080_topk_gate_release_v2,topk_gate.release.main.e15_t64,topk_gate,cuda_naive,L2_operator_steady,warm,5,5,150,8.8524800539,8.86784017086,9.587711960074499,8.896921575069534,0.38104192386346025,0.04282851328387507,True
20260803T181855Z-86cfbe2a805d-rtx3080_topk_gate_release_v2,topk_gate.release.main.e15_t64,topk_gate,cuda_subwarp_pair_top2_v2,L1_kernel_body,warm,5,5,150,8.18687975407,8.299520015715,22.007808685344997,10.935022981961266,5.513791078994337,0.5042322350936114,False
20260803T181855Z-86cfbe2a805d-rtx3080_topk_gate_release_v2,topk_gate.release.main.e15_t64,topk_gate,cuda_subwarp_pair_top2_v2,L2_operator_steady,warm,5,5,150,8.51456016302,8.463360071185,9.3624320328245,8.534152539571267,0.5104537277812787,0.059813054127448556,False
20260803T181855Z-86cfbe2a805d-rtx3080_topk_gate_release_v2,topk_gate.release.main.e15_t64,topk_gate,cuda_vector_pair_top2_v3,L1_kernel_body,warm,5,5,150,8.41728001833,8.62208008766,20.864511132245,10.470741331577067,4.358910894980867,0.41629439186273387,False
20260803T181855Z-86cfbe2a805d-rtx3080_topk_gate_release_v2,topk_gate.release.main.e15_t64,topk_gate,cuda_vector_pair_top2_v3,L2_operator_steady,warm,5,5,150,8.68863999844,8.852480053905,32.576512098289996,13.443276814620333,9.525362886973507,0.7085596033114583,False
20260803T181855Z-86cfbe2a805d-rtx3080_topk_gate_release_v2,topk_gate.release.main.e15_t64,topk_gate,cuda_warp_pair_top2_v1,L1_kernel_body,warm,5,5,150,8.51967990398,8.627200126645,21.5039992332,11.119411194322934,5.198755894800111,0.4675387755652349,False
20260803T181855Z-86cfbe2a805d-rtx3080_topk_gate_release_v2,topk_gate.release.main.e15_t64,topk_gate,cuda_warp_pair_top2_v1,L2_operator_steady,warm,5,5,150,8.81152004004,8.791040182115,10.968064069745,9.062741359076133,0.9622712669911089,0.10617882921566725,False
20260803T181855Z-86cfbe2a805d-rtx3080_topk_gate_release_v2,topk_gate.release.main.e15_t8,topk_gate,cuda_local_pair_two_reduce_top2_v4,L1_kernel_body,warm,5,5,150,8.65791976452,8.78592014313,23.200256228445,11.474056585629734,5.829033677875022,0.5080185577239861,False
20260803T181855Z-86cfbe2a805d-rtx3080_topk_gate_release_v2,topk_gate.release.main.e15_t8,topk_gate,cuda_local_pair_two_reduce_top2_v4,L2_operator_steady,warm,5,5,150,8.8524800539,8.862720131875,22.062593102445,11.354794677098266,5.343448255259105,0.47058959736510453,False
20260803T181855Z-86cfbe2a805d-rtx3080_topk_gate_release_v2,topk_gate.release.main.e15_t8,topk_gate,cuda_naive,L1_kernel_body,warm,5,5,150,8.67327988148,8.719360232355,23.87353563310996,11.618577019372866,6.377234543256571,0.5488825811132587,True
20260803T181855Z-86cfbe2a805d-rtx3080_topk_gate_release_v2,topk_gate.release.main.e15_t8,topk_gate,cuda_naive,L2_operator_steady,warm,5,5,150,8.56575995684,8.58111977577,9.5129597187,8.649523190657268,0.7447151343739395,0.08609898117601895,True
20260803T181855Z-86cfbe2a805d-rtx3080_topk_gate_release_v2,topk_gate.release.main.e15_t8,topk_gate,cuda_subwarp_pair_top2_v2,L1_kernel_body,warm,5,5,150,8.5811200738,8.596479892729999,21.1102730036,10.963968026637867,5.054933774192321,0.46104966394565744,False
20260803T181855Z-86cfbe2a805d-rtx3080_topk_gate_release_v2,topk_gate.release.main.e15_t8,topk_gate,cuda_subwarp_pair_top2_v2,L2_operator_steady,warm,5,5,150,8.1817600131,8.279039859775,9.2011519968515,8.346009600162533,0.5080414577044647,0.06087237878261857,False
20260803T181855Z-86cfbe2a805d-rtx3080_topk_gate_release_v2,topk_gate.release.main.e15_t8,topk_gate,cuda_vector_pair_top2_v3,L1_kernel_body,warm,5,5,150,8.49920004606,8.494080007075,21.121535778035,10.879590392113068,5.121971088609198,0.47078712561846664,False
20260803T181855Z-86cfbe2a805d-rtx3080_topk_gate_release_v2,topk_gate.release.main.e15_t8,topk_gate,cuda_vector_pair_top2_v3,L2_operator_steady,warm,5,5,150,8.23807984591,8.2483202219,21.2229114771,10.7752788623168,5.22718793631841,0.48510929537043174,False
20260803T181855Z-86cfbe2a805d-rtx3080_topk_gate_release_v2,topk_gate.release.main.e15_t8,topk_gate,cuda_warp_pair_top2_v1,L1_kernel_body,warm,5,5,150,8.94464015961,8.965120017530001,21.491199135789998,11.286869323252267,5.0913794051942345,0.45108871728543887,False
20260803T181855Z-86cfbe2a805d-rtx3080_topk_gate_release_v2,topk_gate.release.main.e15_t8,topk_gate,cuda_warp_pair_top2_v1,L2_operator_steady,warm,5,5,150,8.8831999898,8.893439769745001,9.534463882447,8.841693886121401,0.624123322825609,0.0705886599179011,False
20260803T181855Z-86cfbe2a805d-rtx3080_topk_gate_release_v2,topk_gate.release.main.e16_t1,topk_gate,cuda_local_pair_two_reduce_top2_v4,L1_kernel_body,warm,5,5,150,8.09983998537,8.432639837265,20.6643199921,10.7439445535342,4.946715648758793,0.4604189480046767,False
20260803T181855Z-86cfbe2a805d-rtx3080_topk_gate_release_v2,topk_gate.release.main.e16_t1,topk_gate,cuda_local_pair_two_reduce_top2_v4,L2_operator_steady,warm,5,5,150,8.14079999924,8.207359910015,32.861183881745,12.992375453314134,9.883985539065858,0.7607527641563515,False
20260803T181855Z-86cfbe2a805d-rtx3080_topk_gate_release_v2,topk_gate.release.main.e16_t1,topk_gate,cuda_naive,L1_kernel_body,warm,5,5,150,8.38144004345,8.458240032195,21.939551353459997,11.336068268614667,6.459463425238812,0.569815148619266,True
20260803T181855Z-86cfbe2a805d-rtx3080_topk_gate_release_v2,topk_gate.release.main.e16_t1,topk_gate,cuda_naive,L2_operator_steady,warm,5,5,150,8.61184000969,8.647679984565,79.013888597495,22.122837396461733,27.395765712678976,1.2383477409213604,True
20260803T181855Z-86cfbe2a805d-rtx3080_topk_gate_release_v2,topk_gate.release.main.e16_t1,topk_gate,cuda_subwarp_pair_top2_v2,L1_kernel_body,warm,5,5,150,8.47360014915,8.519679903985,78.444545269035,22.0940287510554,27.40998546626498,1.2406060377266253,False
20260803T181855Z-86cfbe2a805d-rtx3080_topk_gate_release_v2,topk_gate.release.main.e16_t1,topk_gate,cuda_subwarp_pair_top2_v2,L2_operator_steady,warm,5,5,150,8.34048002958,8.565760254859999,21.121535778035,10.9950292984648,5.05547823192015,0.4597967040093317,False
20260803T181855Z-86cfbe2a805d-rtx3080_topk_gate_release_v2,topk_gate.release.main.e16_t1,topk_gate,cuda_vector_pair_top2_v3,L1_kernel_body,warm,5,5,150,8.95999997854,8.77056002617,9.6209919452635,8.705092267195667,0.763491296265263,0.08770628418752197,False
20260803T181855Z-86cfbe2a805d-rtx3080_topk_gate_release_v2,topk_gate.release.main.e16_t1,topk_gate,cuda_vector_pair_top2_v3,L2_operator_steady,warm,5,5,150,8.89855980873,8.934400081635,20.2956795692,11.0258858879408,4.617578587092931,0.4187943385250572,False
20260803T181855Z-86cfbe2a805d-rtx3080_topk_gate_release_v2,topk_gate.release.main.e16_t1,topk_gate,cuda_warp_pair_top2_v1,L1_kernel_body,warm,5,5,150,8.99583995342,8.970240056515,51.776512861244996,15.371195745468533,15.127932203251149,0.9841740651641172,False
20260803T181855Z-86cfbe2a805d-rtx3080_topk_gate_release_v2,topk_gate.release.main.e16_t1,topk_gate,cuda_warp_pair_top2_v1,L2_operator_steady,warm,5,5,150,9.05728012323,9.04191970825,21.7088007927,11.416303010780267,5.140867982342362,0.4503093494880004,False
20260803T181855Z-86cfbe2a805d-rtx3080_topk_gate_release_v2,topk_gate.release.main.e16_t1024,topk_gate,cuda_local_pair_two_reduce_top2_v4,L1_kernel_body,warm,5,5,150,8.23296010494,8.25344026089,20.5470710993,10.6160128315288,4.932455456015314,0.46462410457589826,False
20260803T181855Z-86cfbe2a805d-rtx3080_topk_gate_release_v2,topk_gate.release.main.e16_t1024,topk_gate,cuda_local_pair_two_reduce_top2_v4,L2_operator_steady,warm,5,5,150,7.98720002174,7.987200021745,8.761855959895998,8.0495957136158,0.4012500782151709,0.04984723363640002,False
20260803T181855Z-86cfbe2a805d-rtx3080_topk_gate_release_v2,topk_gate.release.main.e16_t1024,topk_gate,cuda_naive,L1_kernel_body,warm,5,5,150,8.06912004948,8.125439882275,8.945295959709998,8.157695960998668,0.43415217841441917,0.053219950889328085,True
20260803T181855Z-86cfbe2a805d-rtx3080_topk_gate_release_v2,topk_gate.release.main.e16_t1024,topk_gate,cuda_naive,L2_operator_steady,warm,5,5,150,8.17151993513,8.25344026089,21.352448463445,10.8036096374182,5.235568017488383,0.48461284637266444,True
20260803T181855Z-86cfbe2a805d-rtx3080_topk_gate_release_v2,topk_gate.release.main.e16_t1024,topk_gate,cuda_subwarp_pair_top2_v2,L1_kernel_body,warm,5,5,150,8.40191990137,8.401920199395,9.346272021533998,8.461868822574534,0.5197349176028194,0.061420819502220725,False
20260803T181855Z-86cfbe2a805d-rtx3080_topk_gate_release_v2,topk_gate.release.main.e16_t1024,topk_gate,cuda_subwarp_pair_top2_v2,L2_operator_steady,warm,5,5,150,8.44799995422,8.386560082435,9.391103982927,8.438715716203665,0.5049297247235247,0.059834901625371736,False
20260803T181855Z-86cfbe2a805d-rtx3080_topk_gate_release_v2,topk_gate.release.main.e16_t1024,topk_gate,cuda_vector_pair_top2_v3,L1_kernel_body,warm,5,5,150,9.01631981134,8.97023975849,9.559552073479,8.942865049838666,0.45961596020836065,0.05139471049232174,False
20260803T181855Z-86cfbe2a805d-rtx3080_topk_gate_release_v2,topk_gate.release.main.e16_t1024,topk_gate,cuda_vector_pair_top2_v3,L2_operator_steady,warm,5,5,150,8.98047983646,8.965120017530001,21.734912991499996,11.327556300163332,5.181647595066272,0.45743737287728664,False
20260803T181855Z-86cfbe2a805d-rtx3080_topk_gate_release_v2,topk_gate.release.main.e16_t1024,topk_gate,cuda_warp_pair_top2_v1,L1_kernel_body,warm,5,5,150,8.09983998537,8.56064021587,21.540351510045,11.0228821714728,5.267830737495855,0.47789957794604676,False
20260803T181855Z-86cfbe2a805d-rtx3080_topk_gate_release_v2,topk_gate.release.main.e16_t1024,topk_gate,cuda_warp_pair_top2_v1,L2_operator_steady,warm,5,5,150,9.04703974724,8.831999897955,10.495488047589998,8.977476259071,0.898448621126627,0.10007808377313376,False
20260803T181855Z-86cfbe2a805d-rtx3080_topk_gate_release_v2,topk_gate.release.main.e16_t128,topk_gate,cuda_local_pair_two_reduce_top2_v4,L1_kernel_body,warm,5,5,150,8.20735991001,8.26367974281,21.357056498545,10.811050661405067,5.2665850571723825,0.48714830982837204,False
20260803T181855Z-86cfbe2a805d-rtx3080_topk_gate_release_v2,topk_gate.release.main.e16_t128,topk_gate,cuda_local_pair_two_reduce_top2_v4,L2_operator_steady,warm,5,5,150,8.16639989614,8.2483202219,20.5880314112,10.617036751909,4.963970018875493,0.4675475968360894,False
20260803T181855Z-86cfbe2a805d-rtx3080_topk_gate_release_v2,topk_gate.release.main.e16_t128,topk_gate,cuda_naive,L1_kernel_body,warm,5,5,150,8.99071991444,9.03679996729,20.7564806938,11.2095231771462,4.762427658624862,0.4248555075325973,True
20260803T181855Z-86cfbe2a805d-rtx3080_topk_gate_release_v2,topk_gate.release.main.e16_t128,topk_gate,cuda_naive,L2_operator_steady,warm,5,5,150,8.98048013449,9.01120007038,31.5391993523,13.3913259108864,9.03046276156038,0.6743516528276798,True
20260803T181855Z-86cfbe2a805d-rtx3080_topk_gate_release_v2,topk_gate.release.main.e16_t128,topk_gate,cuda_subwarp_pair_top2_v2,L1_kernel_body,warm,5,5,150,8.82687985897,8.76543998718,21.531135439845002,11.179349339008267,5.247099086760425,0.4693563934397904,False
20260803T181855Z-86cfbe2a805d-rtx3080_topk_gate_release_v2,topk_gate.release.main.e16_t128,topk_gate,cuda_subwarp_pair_top2_v2,L2_operator_steady,warm,5,5,150,8.73984009027,8.688639998435,9.494527846571998,8.7413418451946,0.41244222153098176,0.047182941570659956,False
20260803T181855Z-86cfbe2a805d-rtx3080_topk_gate_release_v2,topk_gate.release.main.e16_t128,topk_gate,cuda_vector_pair_top2_v3,L1_kernel_body,warm,5,5,150,9.02143985033,8.847360014915001,10.480639934534999,8.917333336671065,0.7335628439748626,0.08226257966136649,False
20260803T181855Z-86cfbe2a805d-rtx3080_topk_gate_release_v2,topk_gate.release.main.e16_t128,topk_gate,cuda_vector_pair_top2_v3,L2_operator_steady,warm,5,5,150,9.02144014835,9.05215978622,22.2310400009,11.5121493419008,5.236044760334444,0.45482773067204735,False
20260803T181855Z-86cfbe2a805d-rtx3080_topk_gate_release_v2,topk_gate.release.main.e16_t128,topk_gate,cuda_warp_pair_top2_v1,L1_kernel_body,warm,5,5,150,8.71935993433,8.76543998718,21.4891511202,11.239765342076467,5.15300626066456,0.4584620856250526,False
20260803T181855Z-86cfbe2a805d-rtx3080_topk_gate_release_v2,topk_gate.release.main.e16_t128,topk_gate,cuda_warp_pair_top2_v1,L2_operator_steady,warm,5,5,150,8.52479994297,8.50943982601,9.586687952281999,8.5840554634726,0.5539052230194879,0.06452721855963063,False
20260803T181855Z-86cfbe2a805d-rtx3080_topk_gate_release_v2,topk_gate.release.main.e16_t16,topk_gate,cuda_local_pair_two_reduce_top2_v4,L1_kernel_body,warm,5,5,150,8.17663997412,8.20223987103,20.393472313900002,10.613213797411666,4.890235440511273,0.4607685790428434,False
20260803T181855Z-86cfbe2a805d-rtx3080_topk_gate_release_v2,topk_gate.release.main.e16_t16,topk_gate,cuda_local_pair_two_reduce_top2_v4,L2_operator_steady,warm,5,5,150,8.20223987103,8.202239871025,9.003008007999501,8.220398954550067,0.4926524217609727,0.05993047593976993,False
20260803T181855Z-86cfbe2a805d-rtx3080_topk_gate_release_v2,topk_gate.release.main.e16_t16,topk_gate,cuda_naive,L1_kernel_body,warm,5,5,150,8.5811200738,8.596479892729999,10.821631491169995,8.782779725393201,0.7612087884928502,0.08667060000286768,True
20260803T181855Z-86cfbe2a805d-rtx3080_topk_gate_release_v2,topk_gate.release.main.e16_t16,topk_gate,cuda_naive,L2_operator_steady,warm,5,5,150,8.47871989012,8.555520176885,9.24672007561,8.507392001151935,0.5452592254566152,0.06409240638997062,True
20260803T181855Z-86cfbe2a805d-rtx3080_topk_gate_release_v2,topk_gate.release.main.e16_t16,topk_gate,cuda_subwarp_pair_top2_v2,L1_kernel_body,warm,5,5,150,8.8524800539,8.97023975849,33.03526389599,13.6245248198508,9.740787456943318,0.7149451144711547,False
20260803T181855Z-86cfbe2a805d-rtx3080_topk_gate_release_v2,topk_gate.release.main.e16_t16,topk_gate,cuda_subwarp_pair_top2_v2,L2_operator_steady,warm,5,5,150,8.7603199482,8.95488023758,21.638144254700002,11.291647998493067,5.13781593359432,0.45501028142924665,False
20260803T181855Z-86cfbe2a805d-rtx3080_topk_gate_release_v2,topk_gate.release.main.e16_t16,topk_gate,cuda_vector_pair_top2_v3,L1_kernel_body,warm,5,5,150,8.97024005651,8.944640159605001,9.6209919452635,8.914807490507933,0.4552509021524136,0.051066823668053776,False
20260803T181855Z-86cfbe2a805d-rtx3080_topk_gate_release_v2,topk_gate.release.main.e16_t16,topk_gate,cuda_vector_pair_top2_v3,L2_operator_steady,warm,5,5,150,8.98559987545,8.92928004265,47.631872892394874,11.6454848368972,10.00612052823539,0.8592274747146896,False
20260803T181855Z-86cfbe2a805d-rtx3080_topk_gate_release_v2,topk_gate.release.main.e16_t16,topk_gate,cuda_warp_pair_top2_v1,L1_kernel_body,warm,5,5,150,8.6067199707,8.73471975327,11.3264644146,9.143022918700934,2.0055412200090963,0.21935209370491757,False
20260803T181855Z-86cfbe2a805d-rtx3080_topk_gate_release_v2,topk_gate.release.main.e16_t16,topk_gate,cuda_warp_pair_top2_v1,L2_operator_steady,warm,5,5,150,8.80640000105,8.88831973076,21.300224065800002,11.2105472087866,5.021038643699696,0.4478852414772677,False
20260803T181855Z-86cfbe2a805d-rtx3080_topk_gate_release_v2,topk_gate.release.main.e16_t2,topk_gate,cuda_local_pair_two_reduce_top2_v4,L1_kernel_body,warm,5,5,150,8.11008006334,8.156160116195,9.3967360258105,8.250094950198866,0.5407954497312757,0.06555020917889436,False
20260803T181855Z-86cfbe2a805d-rtx3080_topk_gate_release_v2,topk_gate.release.main.e16_t2,topk_gate,cuda_local_pair_two_reduce_top2_v4,L2_operator_steady,warm,5,5,150,8.23296010494,8.46848011017,58.338817834894996,17.866069388389334,19.089584280226134,1.068482600466778,False
20260803T181855Z-86cfbe2a805d-rtx3080_topk_gate_release_v2,topk_gate.release.main.e16_t2,topk_gate,cuda_naive,L1_kernel_body,warm,5,5,150,8.66815984249,8.616960048675,11.04179197549,8.933785601456334,0.9413930028751365,0.10537447895790963,True
20260803T181855Z-86cfbe2a805d-rtx3080_topk_gate_release_v2,topk_gate.release.main.e16_t2,topk_gate,cuda_naive,L2_operator_steady,warm,5,5,150,8.40192019939,8.52991998196,9.721855789421499,8.884087467193867,1.8626580478636,0.2096622815502221,True
20260803T181855Z-86cfbe2a805d-rtx3080_topk_gate_release_v2,topk_gate.release.main.e16_t2,topk_gate,cuda_subwarp_pair_top2_v2,L1_kernel_body,warm,5,5,150,8.94464015961,9.0623998642,20.946431756000003,11.261337681610666,4.80375084518879,0.4265701802933351,False
20260803T181855Z-86cfbe2a805d-rtx3080_topk_gate_release_v2,topk_gate.release.main.e16_t2,topk_gate,cuda_subwarp_pair_top2_v2,L2_operator_steady,warm,5,5,150,9.0316799283,9.05215978622,76.30847907065,22.1102763096468,26.414877353671354,1.1946877996339846,False
20260803T181855Z-86cfbe2a805d-rtx3080_topk_gate_release_v2,topk_gate.release.main.e16_t2,topk_gate,cuda_vector_pair_top2_v3,L1_kernel_body,warm,5,5,150,9.01632010937,9.077759981155,20.9259516001,11.365853846073001,4.765725281998395,0.41930200287108155,False
20260803T181855Z-86cfbe2a805d-rtx3080_topk_gate_release_v2,topk_gate.release.main.e16_t2,topk_gate,cuda_vector_pair_top2_v3,L2_operator_steady,warm,5,5,150,9.04704004526,9.395200014115,52.863487958864965,20.832802152631334,16.208164912465058,0.7780117525101081,False
20260803T181855Z-86cfbe2a805d-rtx3080_topk_gate_release_v2,topk_gate.release.main.e16_t2,topk_gate,cuda_warp_pair_top2_v1,L1_kernel_body,warm,5,5,150,9.04192000628,9.24160003662,31.831551194200003,13.211170105141,8.47231750600242,0.6412995547385693,False
20260803T181855Z-86cfbe2a805d-rtx3080_topk_gate_release_v2,topk_gate.release.main.e16_t2,topk_gate,cuda_warp_pair_top2_v1,L2_operator_steady,warm,5,5,150,9.06751990318,9.05215978622,21.1763191223,11.4757631659488,5.449093937103212,0.47483499426616904,False
20260803T181855Z-86cfbe2a805d-rtx3080_topk_gate_release_v2,topk_gate.release.main.e16_t2048,topk_gate,cuda_local_pair_two_reduce_top2_v4,L1_kernel_body,warm,5,5,150,8.34560006857,8.32512021065,8.899583816526999,8.333038918177534,0.35592241981108447,0.042712199391590745,False
20260803T181855Z-86cfbe2a805d-rtx3080_topk_gate_release_v2,topk_gate.release.main.e16_t2048,topk_gate,cuda_local_pair_two_reduce_top2_v4,L2_operator_steady,warm,5,5,150,8.30976009369,8.524799942969999,20.7267844677,10.8922197461122,4.872099916510896,0.4473009202967937,False
20260803T181855Z-86cfbe2a805d-rtx3080_topk_gate_release_v2,topk_gate.release.main.e16_t2048,topk_gate,cuda_naive,L1_kernel_body,warm,5,5,150,8.16639989614,8.27391982079,23.167999982835,11.248571705819932,5.9292762969350035,0.5271137040329518,True
20260803T181855Z-86cfbe2a805d-rtx3080_topk_gate_release_v2,topk_gate.release.main.e16_t2048,topk_gate,cuda_naive,L2_operator_steady,warm,5,5,150,8.26368004084,8.34560006857,21.623296141645,10.910515236854934,5.334746586832859,0.48895459756221865,True
20260803T181855Z-86cfbe2a805d-rtx3080_topk_gate_release_v2,topk_gate.release.main.e16_t2048,topk_gate,cuda_subwarp_pair_top2_v2,L1_kernel_body,warm,5,5,150,8.32511991262,8.330240249635,10.005503892913499,8.541798420746867,0.8213357391972418,0.09615489604651978,False
20260803T181855Z-86cfbe2a805d-rtx3080_topk_gate_release_v2,topk_gate.release.main.e16_t2048,topk_gate,cuda_subwarp_pair_top2_v2,L2_operator_steady,warm,5,5,150,8.31488013268,8.56064021587,24.1459202766,11.613866666952067,6.23457579461865,0.5368217126479933,False
20260803T181855Z-86cfbe2a805d-rtx3080_topk_gate_release_v2,topk_gate.release.main.e16_t2048,topk_gate,cuda_vector_pair_top2_v3,L1_kernel_body,warm,5,5,150,8.92928004265,9.05215978622,20.8803832531,11.275127454598135,4.787395386165245,0.4245978952737148,False
20260803T181855Z-86cfbe2a805d-rtx3080_topk_gate_release_v2,topk_gate.release.main.e16_t2048,topk_gate,cuda_vector_pair_top2_v3,L2_operator_steady,warm,5,5,150,8.61184000969,8.616960048675,9.375744134190999,8.6548479954404,0.6462080931126322,0.07466429144140618,False
20260803T181855Z-86cfbe2a805d-rtx3080_topk_gate_release_v2,topk_gate.release.main.e16_t2048,topk_gate,cuda_warp_pair_top2_v1,L1_kernel_body,warm,5,5,150,10.4191994667,10.4345595837,10.9532159567,10.4852820674574,0.312893764932401,0.029841234877553975,False
20260803T181855Z-86cfbe2a805d-rtx3080_topk_gate_release_v2,topk_gate.release.main.e16_t2048,topk_gate,cuda_warp_pair_top2_v1,L2_operator_steady,warm,5,5,150,10.4038405418,10.4038405418,10.958847999545,10.381789871058267,0.340969403578326,0.03284302685887143,False
20260803T181855Z-86cfbe2a805d-rtx3080_topk_gate_release_v2,topk_gate.release.main.e16_t256,topk_gate,cuda_local_pair_two_reduce_top2_v4,L1_kernel_body,warm,5,5,150,8.31999987364,8.478719890115,21.724672913545,10.982946117720067,5.335154389315889,0.48576714591252185,False
20260803T181855Z-86cfbe2a805d-rtx3080_topk_gate_release_v2,topk_gate.release.main.e16_t256,topk_gate,cuda_local_pair_two_reduce_top2_v4,L2_operator_steady,warm,5,5,150,8.39168012142,8.391680121425,20.393472313900002,10.798489622276534,4.8058574590080285,0.44504904177468285,False
20260803T181855Z-86cfbe2a805d-rtx3080_topk_gate_release_v2,topk_gate.release.main.e16_t256,topk_gate,cuda_naive,L1_kernel_body,warm,5,5,150,8.01791995764,8.289279937745,9.314815998076,8.341162661711467,0.5896407745053396,0.07069047786491137,True
20260803T181855Z-86cfbe2a805d-rtx3080_topk_gate_release_v2,topk_gate.release.main.e16_t256,topk_gate,cuda_naive,L2_operator_steady,warm,5,5,150,8.12543988228,8.248319923875,9.23647999763,8.378231485684735,0.5402625057136442,0.06448407478794908,True
20260803T181855Z-86cfbe2a805d-rtx3080_topk_gate_release_v2,topk_gate.release.main.e16_t256,topk_gate,cuda_subwarp_pair_top2_v2,L1_kernel_body,warm,5,5,150,8.55552017689,8.535040020945,9.740287929771998,8.617028280098799,0.7127361615528458,0.08271252436282754,False
20260803T181855Z-86cfbe2a805d-rtx3080_topk_gate_release_v2,topk_gate.release.main.e16_t256,topk_gate,cuda_subwarp_pair_top2_v2,L2_operator_steady,warm,5,5,150,8.46336007118,8.616960048675,9.3634560406215,8.5964799920718,0.43298572675729885,0.05036779323125568,False
20260803T181855Z-86cfbe2a805d-rtx3080_topk_gate_release_v2,topk_gate.release.main.e16_t256,topk_gate,cuda_vector_pair_top2_v3,L1_kernel_body,warm,5,5,150,9.01632010937,9.016320109365001,21.004191279415,11.293410110472466,4.857584101756983,0.43012553818908145,False
20260803T181855Z-86cfbe2a805d-rtx3080_topk_gate_release_v2,topk_gate.release.main.e16_t256,topk_gate,cuda_vector_pair_top2_v3,L2_operator_steady,warm,5,5,150,9.0316799283,9.0623998642,22.0160007477,11.469209639229666,5.048587841116203,0.44018620287904103,False
20260803T181855Z-86cfbe2a805d-rtx3080_topk_gate_release_v2,topk_gate.release.main.e16_t256,topk_gate,cuda_warp_pair_top2_v1,L1_kernel_body,warm,5,5,150,8.47871989012,8.57088029385,21.390848755835,11.2328704516096,5.824378038118807,0.5185119923896399,False
20260803T181855Z-86cfbe2a805d-rtx3080_topk_gate_release_v2,topk_gate.release.main.e16_t256,topk_gate,cuda_warp_pair_top2_v1,L2_operator_steady,warm,5,5,150,8.62208008766,8.62208008766,21.6279041767,11.1099904219318,5.218341963215103,0.4696981513965824,False
20260803T181855Z-86cfbe2a805d-rtx3080_topk_gate_release_v2,topk_gate.release.main.e16_t32,topk_gate,cuda_local_pair_two_reduce_top2_v4,L1_kernel_body,warm,5,5,150,8.17152023315,8.29439997673,21.0432004929,10.768247481186267,5.119088181856148,0.475387307990456,False
20260803T181855Z-86cfbe2a805d-rtx3080_topk_gate_release_v2,topk_gate.release.main.e16_t32,topk_gate,cuda_local_pair_two_reduce_top2_v4,L2_operator_steady,warm,5,5,150,8.10496002436,8.125439882275,8.745983839036999,8.125986142953,0.36691704928301627,0.045153541099896326,False
20260803T181855Z-86cfbe2a805d-rtx3080_topk_gate_release_v2,topk_gate.release.main.e16_t32,topk_gate,cuda_naive,L1_kernel_body,warm,5,5,150,8.89343976974,8.89855980873,20.870143175145,11.159074123702467,4.830228590942664,0.4328520930498168,True
20260803T181855Z-86cfbe2a805d-rtx3080_topk_gate_release_v2,topk_gate.release.main.e16_t32,topk_gate,cuda_naive,L2_operator_steady,warm,5,5,150,8.77056002617,8.801279962065,22.114815115945,11.3670143842696,5.814615121377454,0.5115340690888972,True
20260803T181855Z-86cfbe2a805d-rtx3080_topk_gate_release_v2,topk_gate.release.main.e16_t32,topk_gate,cuda_subwarp_pair_top2_v2,L1_kernel_body,warm,5,5,150,8.81152004004,8.80639970303,10.1227515936,8.835686409473533,0.6656231480154826,0.07533349613922562,False
20260803T181855Z-86cfbe2a805d-rtx3080_topk_gate_release_v2,topk_gate.release.main.e16_t32,topk_gate,cuda_subwarp_pair_top2_v2,L2_operator_steady,warm,5,5,150,8.83199989796,8.816639781,31.44448101519,13.1607210834828,9.019630369417882,0.685344694428473,False
20260803T181855Z-86cfbe2a805d-rtx3080_topk_gate_release_v2,topk_gate.release.main.e16_t32,topk_gate,cuda_vector_pair_top2_v3,L1_kernel_body,warm,5,5,150,8.92416000366,8.88831973076,9.56416010857,8.861900782585133,0.40606953565797727,0.04582194560967782,False
20260803T181855Z-86cfbe2a805d-rtx3080_topk_gate_release_v2,topk_gate.release.main.e16_t32,topk_gate,cuda_vector_pair_top2_v3,L2_operator_steady,warm,5,5,150,8.31488013268,8.519679903985,9.54367995262,8.617369580269068,0.5283649776943256,0.061313951174161885,False
20260803T181855Z-86cfbe2a805d-rtx3080_topk_gate_release_v2,topk_gate.release.main.e16_t32,topk_gate,cuda_warp_pair_top2_v1,L1_kernel_body,warm,5,5,150,8.75007987022,8.68351995945,9.4059520959835,8.684066124756601,0.4454196624628785,0.05129160189062504,False
20260803T181855Z-86cfbe2a805d-rtx3080_topk_gate_release_v2,topk_gate.release.main.e16_t32,topk_gate,cuda_warp_pair_top2_v1,L2_operator_steady,warm,5,5,150,9.08288002014,9.08288002014,20.841088533395,11.309864532945467,4.747244173257186,0.41974368122876576,False
20260803T181855Z-86cfbe2a805d-rtx3080_topk_gate_release_v2,topk_gate.release.main.e16_t4,topk_gate,cuda_local_pair_two_reduce_top2_v4,L1_kernel_body,warm,5,5,150,8.15104007721,8.166400194165,51.534336328509994,14.6359636783596,14.955276977543067,1.0218170327694647,False
20260803T181855Z-86cfbe2a805d-rtx3080_topk_gate_release_v2,topk_gate.release.main.e16_t4,topk_gate,cuda_local_pair_two_reduce_top2_v4,L2_operator_steady,warm,5,5,150,8.60159993172,8.70400011539,20.788224935545,10.911607456205934,4.926522823210401,0.45149377330362633,False
20260803T181855Z-86cfbe2a805d-rtx3080_topk_gate_release_v2,topk_gate.release.main.e16_t4,topk_gate,cuda_naive,L1_kernel_body,warm,5,5,150,8.42239975929,8.49919974804,9.268223911524998,8.573132785161466,0.4795219817023613,0.055933110301560555,True
20260803T181855Z-86cfbe2a805d-rtx3080_topk_gate_release_v2,topk_gate.release.main.e16_t4,topk_gate,cuda_naive,L2_operator_steady,warm,5,5,150,8.41728001833,8.391680121425,9.09312009811,8.453188268343133,0.3989059663910993,0.04719000142052755,True
20260803T181855Z-86cfbe2a805d-rtx3080_topk_gate_release_v2,topk_gate.release.main.e16_t4,topk_gate,cuda_subwarp_pair_top2_v2,L1_kernel_body,warm,5,5,150,8.86784017086,8.995839953425,21.172735095045,11.293422889710268,4.914054212716187,0.43512531680660876,False
20260803T181855Z-86cfbe2a805d-rtx3080_topk_gate_release_v2,topk_gate.release.main.e16_t4,topk_gate,cuda_subwarp_pair_top2_v2,L2_operator_steady,warm,5,5,150,8.93440008163,8.934400081635,20.5926394463,11.121527445318934,4.723685288927929,0.42473350105485147,False
20260803T181855Z-86cfbe2a805d-rtx3080_topk_gate_release_v2,topk_gate.release.main.e16_t4,topk_gate,cuda_vector_pair_top2_v3,L1_kernel_body,warm,5,5,150,8.98047983646,8.89855980873,21.2945920229,11.2151892662054,5.037846861891866,0.44919855941016995,False
20260803T181855Z-86cfbe2a805d-rtx3080_topk_gate_release_v2,topk_gate.release.main.e16_t4,topk_gate,cuda_vector_pair_top2_v3,L2_operator_steady,warm,5,5,150,8.92416000366,8.96000027657,20.8998394012,11.204061826069399,4.8632711500890515,0.43406321971316547,False
20260803T181855Z-86cfbe2a805d-rtx3080_topk_gate_release_v2,topk_gate.release.main.e16_t4,topk_gate,cuda_warp_pair_top2_v1,L1_kernel_body,warm,5,5,150,8.95999997854,8.93952012062,32.377343654635,12.990395736694666,9.229345072019473,0.7104745120234366,False
20260803T181855Z-86cfbe2a805d-rtx3080_topk_gate_release_v2,topk_gate.release.main.e16_t4,topk_gate,cuda_warp_pair_top2_v1,L2_operator_steady,warm,5,5,150,8.94464015961,9.01120007038,22.509567737544998,11.076608029999534,5.036028642316745,0.45465440581424604,False
20260803T181855Z-86cfbe2a805d-rtx3080_topk_gate_release_v2,topk_gate.release.main.e16_t4096,topk_gate,cuda_local_pair_two_reduce_top2_v4,L1_kernel_body,warm,5,5,150,8.96512001753,8.965120017530001,9.769983887672499,8.975155206521068,0.436326131231358,0.04861488422109258,False
20260803T181855Z-86cfbe2a805d-rtx3080_topk_gate_release_v2,topk_gate.release.main.e16_t4096,topk_gate,cuda_local_pair_two_reduce_top2_v4,L2_operator_steady,warm,5,5,150,8.92928004265,8.98559987545,20.966911912,11.299976511798667,4.823590137956118,0.4268672711770377,False
20260803T181855Z-86cfbe2a805d-rtx3080_topk_gate_release_v2,topk_gate.release.main.e16_t4096,topk_gate,cuda_naive,L1_kernel_body,warm,5,5,150,8.19712013006,8.12543988228,8.8325119018535,8.1271466771758,0.42839060583735905,0.052711071038061504,True
20260803T181855Z-86cfbe2a805d-rtx3080_topk_gate_release_v2,topk_gate.release.main.e16_t4096,topk_gate,cuda_naive,L2_operator_steady,warm,5,5,150,8.11520010233,8.44799995422,21.582335829745,10.994278426966066,5.2473820600732894,0.47728298814070824,True
20260803T181855Z-86cfbe2a805d-rtx3080_topk_gate_release_v2,topk_gate.release.main.e16_t4096,topk_gate,cuda_subwarp_pair_top2_v2,L1_kernel_body,warm,5,5,150,10.4755198956,10.4755198956,22.710783958434998,12.800819182396467,4.769267679850836,0.3725751931883763,False
20260803T181855Z-86cfbe2a805d-rtx3080_topk_gate_release_v2,topk_gate.release.main.e16_t4096,topk_gate,cuda_subwarp_pair_top2_v2,L2_operator_steady,warm,5,5,150,10.4447996616,10.5472004414,22.6769930124,12.856866125265332,4.810740641815505,0.3741767702132174,False
20260803T181855Z-86cfbe2a805d-rtx3080_topk_gate_release_v2,topk_gate.release.main.e16_t4096,topk_gate,cuda_vector_pair_top2_v3,L1_kernel_body,warm,5,5,150,8.19199979305,8.437759876255,9.52319979668,8.497834642728533,0.5747801920955995,0.06763842981899279,False
20260803T181855Z-86cfbe2a805d-rtx3080_topk_gate_release_v2,topk_gate.release.main.e16_t4096,topk_gate,cuda_vector_pair_top2_v3,L2_operator_steady,warm,5,5,150,8.34048002958,8.49919974804,16.440832078459977,9.320925839741466,2.957790625437254,0.31732798611337243,False
20260803T181855Z-86cfbe2a805d-rtx3080_topk_gate_release_v2,topk_gate.release.main.e16_t4096,topk_gate,cuda_warp_pair_top2_v1,L1_kernel_body,warm,5,5,150,9.51296001673,9.60511982441,10.681344270699999,9.682466113564466,0.6093750128956316,0.06293593034546635,False
20260803T181855Z-86cfbe2a805d-rtx3080_topk_gate_release_v2,topk_gate.release.main.e16_t4096,topk_gate,cuda_warp_pair_top2_v1,L2_operator_steady,warm,5,5,150,10.2451199293,10.2655994892,18.422783613199996,11.586218671000132,3.4778560380220216,0.30017179347106265,False
20260803T181855Z-86cfbe2a805d-rtx3080_topk_gate_release_v2,topk_gate.release.main.e16_t512,topk_gate,cuda_local_pair_two_reduce_top2_v4,L1_kernel_body,warm,5,5,150,8.17663997412,8.238080143925,8.9881601631655,8.269346157709933,0.4883231655062788,0.05905220995628418,False
20260803T181855Z-86cfbe2a805d-rtx3080_topk_gate_release_v2,topk_gate.release.main.e16_t512,topk_gate,cuda_local_pair_two_reduce_top2_v4,L2_operator_steady,warm,5,5,150,8.25856000185,8.340480029585,20.977151989945,10.742715736230068,5.062313734008294,0.4712322152335762,False
20260803T181855Z-86cfbe2a805d-rtx3080_topk_gate_release_v2,topk_gate.release.main.e16_t512,topk_gate,cuda_naive,L1_kernel_body,warm,5,5,150,8.19711983204,8.29952001572,21.878271698945,10.9210965275758,5.461738459976715,0.5001089813816597,True
20260803T181855Z-86cfbe2a805d-rtx3080_topk_gate_release_v2,topk_gate.release.main.e16_t512,topk_gate,cuda_naive,L2_operator_steady,warm,5,5,150,8.38144004345,8.555520176885,21.5971839428,11.0953131079658,5.246858224698276,0.4728896042538296,True
20260803T181855Z-86cfbe2a805d-rtx3080_topk_gate_release_v2,topk_gate.release.main.e16_t512,topk_gate,cuda_subwarp_pair_top2_v2,L1_kernel_body,warm,5,5,150,9.02143985033,8.975359797475,21.56953573229,11.334109870592,5.099223475748564,0.4499006568640421,False
20260803T181855Z-86cfbe2a805d-rtx3080_topk_gate_release_v2,topk_gate.release.main.e16_t512,topk_gate,cuda_subwarp_pair_top2_v2,L2_operator_steady,warm,5,5,150,8.49408000708,8.442879915235,9.545727968219499,8.509235179423667,0.5691824621518281,0.06688996721211542,False
20260803T181855Z-86cfbe2a805d-rtx3080_topk_gate_release_v2,topk_gate.release.main.e16_t512,topk_gate,cuda_vector_pair_top2_v3,L1_kernel_body,warm,5,5,150,9.10335987806,9.08288002014,9.719808101649498,9.092642124493667,0.446605417415419,0.049117232516207567,False
20260803T181855Z-86cfbe2a805d-rtx3080_topk_gate_release_v2,topk_gate.release.main.e16_t512,topk_gate,cuda_vector_pair_top2_v3,L2_operator_steady,warm,5,5,150,8.96000027657,8.965120017530001,9.5697921514535,8.949418660005067,0.3780107529717638,0.04223858189371484,False
20260803T181855Z-86cfbe2a805d-rtx3080_topk_gate_release_v2,topk_gate.release.main.e16_t512,topk_gate,cuda_warp_pair_top2_v1,L1_kernel_body,warm,5,5,150,8.43263983727,8.540160059925,20.7155203819,10.872012790043266,4.920605459445321,0.4525937887004398,False
20260803T181855Z-86cfbe2a805d-rtx3080_topk_gate_release_v2,topk_gate.release.main.e16_t512,topk_gate,cuda_warp_pair_top2_v1,L2_operator_steady,warm,5,5,150,8.23807984591,8.483840227125,9.480703741307998,8.515993591149533,0.5710484619711707,0.06705599949777412,False
20260803T181855Z-86cfbe2a805d-rtx3080_topk_gate_release_v2,topk_gate.release.main.e16_t64,topk_gate,cuda_local_pair_two_reduce_top2_v4,L1_kernel_body,warm,5,5,150,8.10496002436,8.09984028339,8.668671846389,8.120456548531866,0.3591170107959918,0.04422374636816672,False
20260803T181855Z-86cfbe2a805d-rtx3080_topk_gate_release_v2,topk_gate.release.main.e16_t64,topk_gate,cuda_local_pair_two_reduce_top2_v4,L2_operator_steady,warm,5,5,150,8.12543988228,8.11007976532,8.735744029284998,8.107007952531132,0.4142680443704522,0.05109999235181598,False
20260803T181855Z-86cfbe2a805d-rtx3080_topk_gate_release_v2,topk_gate.release.main.e16_t64,topk_gate,cuda_naive,L1_kernel_body,warm,5,5,150,8.89343976974,8.821759819985001,9.458175897596,8.7805952072146,0.419844510034062,0.047815039883525846,True
20260803T181855Z-86cfbe2a805d-rtx3080_topk_gate_release_v2,topk_gate.release.main.e16_t64,topk_gate,cuda_naive,L2_operator_steady,warm,5,5,150,9.02656018734,9.03168022633,21.4026248455,11.381009089946533,5.031960366886012,0.44213657392919736,True
20260803T181855Z-86cfbe2a805d-rtx3080_topk_gate_release_v2,topk_gate.release.main.e16_t64,topk_gate,cuda_subwarp_pair_top2_v2,L1_kernel_body,warm,5,5,150,8.59135985374,8.76543998718,21.4584308863,11.182353079318267,5.152915596871398,0.4608078067577478,False
20260803T181855Z-86cfbe2a805d-rtx3080_topk_gate_release_v2,topk_gate.release.main.e16_t64,topk_gate,cuda_subwarp_pair_top2_v2,L2_operator_steady,warm,5,5,150,8.94464015961,8.801279962065,20.936191678045,10.252492789426599,5.26310825345803,0.5133491299682625,False
20260803T181855Z-86cfbe2a805d-rtx3080_topk_gate_release_v2,topk_gate.release.main.e16_t64,topk_gate,cuda_vector_pair_top2_v3,L1_kernel_body,warm,5,5,150,8.91903996468,8.934400081635,31.3958406448,12.2337962826106,7.691535590562063,0.6287120868192803,False
20260803T181855Z-86cfbe2a805d-rtx3080_topk_gate_release_v2,topk_gate.release.main.e16_t64,topk_gate,cuda_vector_pair_top2_v3,L2_operator_steady,warm,5,5,150,8.99584025145,9.07263994217,30.747136473645,13.322240006922666,8.695843614678335,0.6527313432395524,False
20260803T181855Z-86cfbe2a805d-rtx3080_topk_gate_release_v2,topk_gate.release.main.e16_t64,topk_gate,cuda_warp_pair_top2_v1,L1_kernel_body,warm,5,5,150,8.38144004345,8.432639837265,9.560576081276,8.5438464125002,0.596342379813677,0.06979788154211077,False
20260803T181855Z-86cfbe2a805d-rtx3080_topk_gate_release_v2,topk_gate.release.main.e16_t64,topk_gate,cuda_warp_pair_top2_v1,L2_operator_steady,warm,5,5,150,8.6067199707,8.73471975327,67.97721624376,19.84907948573427,22.45046058616859,1.1310580222273763,False
20260803T181855Z-86cfbe2a805d-rtx3080_topk_gate_release_v2,topk_gate.release.main.e16_t8,topk_gate,cuda_local_pair_two_reduce_top2_v4,L1_kernel_body,warm,5,5,150,8.19712013006,8.30976009369,20.4856330156,10.651443239053734,4.91568629714577,0.46150424752979075,False
20260803T181855Z-86cfbe2a805d-rtx3080_topk_gate_release_v2,topk_gate.release.main.e16_t8,topk_gate,cuda_local_pair_two_reduce_top2_v4,L2_operator_steady,warm,5,5,150,8.10496002436,8.12031984329,9.43104028702,8.260812799136067,0.5696093106672355,0.06895317985256928,False
20260803T181855Z-86cfbe2a805d-rtx3080_topk_gate_release_v2,topk_gate.release.main.e16_t8,topk_gate,cuda_naive,L1_kernel_body,warm,5,5,150,8.48384022713,8.514559864995,9.285120040180999,8.4836351950964,0.5139755288395582,0.060584350578468955,True
20260803T181855Z-86cfbe2a805d-rtx3080_topk_gate_release_v2,topk_gate.release.main.e16_t8,topk_gate,cuda_naive,L2_operator_steady,warm,5,5,150,8.75007987022,8.80639970303,22.299136519445,11.413503976663135,5.426360780913438,0.4754333806698243,True
20260803T181855Z-86cfbe2a805d-rtx3080_topk_gate_release_v2,topk_gate.release.main.e16_t8,topk_gate,cuda_subwarp_pair_top2_v2,L1_kernel_body,warm,5,5,150,8.46848011017,8.514559864995,31.718912720699997,13.0618709325786,9.333734918288485,0.714578712840326,False
20260803T181855Z-86cfbe2a805d-rtx3080_topk_gate_release_v2,topk_gate.release.main.e16_t8,topk_gate,cuda_subwarp_pair_top2_v2,L2_operator_steady,warm,5,5,150,8.4582400322,8.42751979828,23.83155226709,11.284548306463867,6.031876211826073,0.5345252683592991,False
20260803T181855Z-86cfbe2a805d-rtx3080_topk_gate_release_v2,topk_gate.release.main.e16_t8,topk_gate,cuda_vector_pair_top2_v3,L1_kernel_body,warm,5,5,150,9.04191970825,9.05727982521,21.181951165199997,11.446340254943665,4.893267755047135,0.4274962692056735,False
20260803T181855Z-86cfbe2a805d-rtx3080_topk_gate_release_v2,topk_gate.release.main.e16_t8,topk_gate,cuda_vector_pair_top2_v3,L2_operator_steady,warm,5,5,150,8.95488023758,8.934400081635,9.5800322294235,8.9108479817714,0.4150220174957617,0.04657491838540588,False
20260803T181855Z-86cfbe2a805d-rtx3080_topk_gate_release_v2,topk_gate.release.main.e16_t8,topk_gate,cuda_warp_pair_top2_v1,L1_kernel_body,warm,5,5,150,9.03679996729,9.262079894545,23.235584497444997,12.1756330649068,5.631965487654599,0.46256038249767256,False
20260803T181855Z-86cfbe2a805d-rtx3080_topk_gate_release_v2,topk_gate.release.main.e16_t8,topk_gate,cuda_warp_pair_top2_v1,L2_operator_steady,warm,5,5,150,8.73472005129,8.75519990921,9.637888073919498,8.778478948274866,0.6131904022428275,0.06985155467774185,False
20260803T181855Z-86cfbe2a805d-rtx3080_topk_gate_release_v2,topk_gate.release.main.e17_t1,topk_gate,cuda_local_pair_two_reduce_top2_v4,L1_kernel_body,warm,5,5,150,8.62208008766,8.72447997332,9.5719521343715,8.725785601139068,0.5286892427466837,0.06058930014022673,False
20260803T181855Z-86cfbe2a805d-rtx3080_topk_gate_release_v2,topk_gate.release.main.e17_t1,topk_gate,cuda_local_pair_two_reduce_top2_v4,L2_operator_steady,warm,5,5,150,8.83711993694,8.83711993694,9.508351951836,8.764142930507866,0.48408572719171217,0.055234805163505055,False
20260803T181855Z-86cfbe2a805d-rtx3080_topk_gate_release_v2,topk_gate.release.main.e17_t1,topk_gate,cuda_naive,L1_kernel_body,warm,5,5,150,8.78080010414,8.739839792255,9.278463989494998,8.726596275965333,0.3618113238499083,0.041460761149957615,True
20260803T181855Z-86cfbe2a805d-rtx3080_topk_gate_release_v2,topk_gate.release.main.e17_t1,topk_gate,cuda_naive,L2_operator_steady,warm,5,5,150,8.8524800539,8.919039964675001,31.6108798981,13.017634145420267,8.527907723269282,0.6551042707149274,True
20260803T181855Z-86cfbe2a805d-rtx3080_topk_gate_release_v2,topk_gate.release.main.e17_t1,topk_gate,cuda_subwarp_pair_top2_v2,L1_kernel_body,warm,5,5,150,8.48895996809,8.51967990398,32.62771248819,13.208507760365666,9.67317266192553,0.7323440949894053,False
20260803T181855Z-86cfbe2a805d-rtx3080_topk_gate_release_v2,topk_gate.release.main.e17_t1,topk_gate,cuda_subwarp_pair_top2_v2,L2_operator_steady,warm,5,5,150,8.36607992649,8.371199965475,9.348607927560499,8.461789874236,0.5401260884558714,0.06383118660277988,False
20260803T181855Z-86cfbe2a805d-rtx3080_topk_gate_release_v2,topk_gate.release.main.e17_t1,topk_gate,cuda_vector_pair_top2_v3,L1_kernel_body,warm,5,5,150,8.25343996286,8.36607992649,9.516543954614498,8.455372806390201,0.5340898470473371,0.06316573606827783,False
20260803T181855Z-86cfbe2a805d-rtx3080_topk_gate_release_v2,topk_gate.release.main.e17_t1,topk_gate,cuda_vector_pair_top2_v3,L2_operator_steady,warm,5,5,150,8.27392011881,8.535040020945,23.270912766445,11.364352023603333,5.937307606600186,0.5224501664739547,False
20260803T181855Z-86cfbe2a805d-rtx3080_topk_gate_release_v2,topk_gate.release.main.e17_t1,topk_gate,cuda_warp_pair_top2_v1,L1_kernel_body,warm,5,5,150,8.36096018553,8.657920062545,20.865535140044997,11.006293304761666,5.023639544443866,0.4564333700129982,False
20260803T181855Z-86cfbe2a805d-rtx3080_topk_gate_release_v2,topk_gate.release.main.e17_t1,topk_gate,cuda_warp_pair_top2_v1,L2_operator_steady,warm,5,5,150,8.27392011881,8.33536028862,21.4379531145,10.861021868388,5.249890514345565,0.48336985027402,False
20260803T181855Z-86cfbe2a805d-rtx3080_topk_gate_release_v2,topk_gate.release.main.e17_t1024,topk_gate,cuda_local_pair_two_reduce_top2_v4,L1_kernel_body,warm,5,5,150,9.55904006958,9.282559752465,25.188351750369996,11.651413317523534,5.792109131869914,0.4971164419305834,False
20260803T181855Z-86cfbe2a805d-rtx3080_topk_gate_release_v2,topk_gate.release.main.e17_t1024,topk_gate,cuda_local_pair_two_reduce_top2_v4,L2_operator_steady,warm,5,5,150,8.39168012142,8.47872018814,21.873663663845,11.043225566543867,5.409395507539771,0.4898383606260718,False
20260803T181855Z-86cfbe2a805d-rtx3080_topk_gate_release_v2,topk_gate.release.main.e17_t1024,topk_gate,cuda_naive,L1_kernel_body,warm,5,5,150,8.67839992046,8.780800104145,23.188992142700002,11.533448541163667,5.826580848694545,0.5051898248732007,True
20260803T181855Z-86cfbe2a805d-rtx3080_topk_gate_release_v2,topk_gate.release.main.e17_t1024,topk_gate,cuda_naive,L2_operator_steady,warm,5,5,150,8.42239975929,8.4582400322,44.862975358995,15.4609663248074,14.23203387153228,0.9205138652101406,True
20260803T181855Z-86cfbe2a805d-rtx3080_topk_gate_release_v2,topk_gate.release.main.e17_t1024,topk_gate,cuda_subwarp_pair_top2_v2,L1_kernel_body,warm,5,5,150,8.40703994036,8.402400016785,9.339904189107,8.456934372583799,0.51333608098132,0.06070001945923619,False
20260803T181855Z-86cfbe2a805d-rtx3080_topk_gate_release_v2,topk_gate.release.main.e17_t1024,topk_gate,cuda_subwarp_pair_top2_v2,L2_operator_steady,warm,5,5,150,8.36607992649,8.39680016041,9.798143982888496,8.905250144003533,2.4684274210467922,0.27718788143294776,False
20260803T181855Z-86cfbe2a805d-rtx3080_topk_gate_release_v2,topk_gate.release.main.e17_t1024,topk_gate,cuda_vector_pair_top2_v3,L1_kernel_body,warm,5,5,150,8.50432008505,8.637440204619999,21.6632324457,11.135863475003667,5.2288421455726555,0.4695497710895682,False
20260803T181855Z-86cfbe2a805d-rtx3080_topk_gate_release_v2,topk_gate.release.main.e17_t1024,topk_gate,cuda_vector_pair_top2_v3,L2_operator_steady,warm,5,5,150,8.4582400322,8.59647989273,33.133055567745004,13.405866670608667,9.790293464054555,0.7302991820378926,False
20260803T181855Z-86cfbe2a805d-rtx3080_topk_gate_release_v2,topk_gate.release.main.e17_t1024,topk_gate,cuda_warp_pair_top2_v1,L1_kernel_body,warm,5,5,150,8.38656008244,8.37632000446,9.2124160826185,8.4120917240776,0.46587048728071817,0.055381051771853054,False
20260803T181855Z-86cfbe2a805d-rtx3080_topk_gate_release_v2,topk_gate.release.main.e17_t1024,topk_gate,cuda_warp_pair_top2_v1,L2_operator_steady,warm,5,5,150,8.43263983727,8.422399759295,21.510655283945,10.914747711023333,5.2733425002148495,0.4831392020989221,False
20260803T181855Z-86cfbe2a805d-rtx3080_topk_gate_release_v2,topk_gate.release.main.e17_t128,topk_gate,cuda_local_pair_two_reduce_top2_v4,L1_kernel_body,warm,5,5,150,8.30976009369,8.483839929105,21.238783597945,10.934545059999,5.15788037331132,0.47170507277710116,False
20260803T181855Z-86cfbe2a805d-rtx3080_topk_gate_release_v2,topk_gate.release.main.e17_t128,topk_gate,cuda_local_pair_two_reduce_top2_v4,L2_operator_steady,warm,5,5,150,8.45311999321,8.606719970705,21.586943864844997,11.089510397117133,5.253201418987932,0.47370904853956153,False
20260803T181855Z-86cfbe2a805d-rtx3080_topk_gate_release_v2,topk_gate.release.main.e17_t128,topk_gate,cuda_naive,L1_kernel_body,warm,5,5,150,8.98559987545,8.9087998867,9.518591761589,8.9393834670382,0.38503851662232186,0.04307215570761201,True
20260803T181855Z-86cfbe2a805d-rtx3080_topk_gate_release_v2,topk_gate.release.main.e17_t128,topk_gate,cuda_naive,L2_operator_steady,warm,5,5,150,9.00095999241,9.00095999241,33.102335333845,13.7429674824084,9.67681288155795,0.7041283401088371,True
20260803T181855Z-86cfbe2a805d-rtx3080_topk_gate_release_v2,topk_gate.release.main.e17_t128,topk_gate,cuda_subwarp_pair_top2_v2,L1_kernel_body,warm,5,5,150,8.23296010494,8.59135985374,52.488704442999996,18.009019756319066,16.3535269847302,0.9080742431298637,False
20260803T181855Z-86cfbe2a805d-rtx3080_topk_gate_release_v2,topk_gate.release.main.e17_t128,topk_gate,cuda_subwarp_pair_top2_v2,L2_operator_steady,warm,5,5,150,8.96512001753,8.934400081635001,21.7395210266,11.965576612948666,5.239841603009689,0.4379096613981262,False
20260803T181855Z-86cfbe2a805d-rtx3080_topk_gate_release_v2,topk_gate.release.main.e17_t128,topk_gate,cuda_vector_pair_top2_v3,L1_kernel_body,warm,5,5,150,8.30976009369,8.627200126645,21.286399960544998,11.015236258506,5.1523464690899905,0.4677472500974577,False
20260803T181855Z-86cfbe2a805d-rtx3080_topk_gate_release_v2,topk_gate.release.main.e17_t128,topk_gate,cuda_vector_pair_top2_v3,L2_operator_steady,warm,5,5,150,8.4275200963,8.62208008766,22.490111589445,11.171635210512266,5.535713109671295,0.49551502580949913,False
20260803T181855Z-86cfbe2a805d-rtx3080_topk_gate_release_v2,topk_gate.release.main.e17_t128,topk_gate,cuda_warp_pair_top2_v1,L1_kernel_body,warm,5,5,150,8.69888007641,8.70400011539,9.416192173959,8.642013879616801,0.49884365338566955,0.05772307940424055,False
20260803T181855Z-86cfbe2a805d-rtx3080_topk_gate_release_v2,topk_gate.release.main.e17_t128,topk_gate,cuda_warp_pair_top2_v1,L2_operator_steady,warm,5,5,150,8.99071991444,8.975359797475,32.7577590942,12.9348266482356,9.475231572606209,0.7325364174013648,False
20260803T181855Z-86cfbe2a805d-rtx3080_topk_gate_release_v2,topk_gate.release.main.e17_t16,topk_gate,cuda_local_pair_two_reduce_top2_v4,L1_kernel_body,warm,5,5,150,8.33023995161,8.49919974804,9.554944038392499,8.539204227924133,0.5771598485705514,0.06758941854127057,False
20260803T181855Z-86cfbe2a805d-rtx3080_topk_gate_release_v2,topk_gate.release.main.e17_t16,topk_gate,cuda_local_pair_two_reduce_top2_v4,L2_operator_steady,warm,5,5,150,8.48384022713,8.61184000969,9.45151984692,8.569241603215733,0.5255758686122837,0.06133283351645187,False
20260803T181855Z-86cfbe2a805d-rtx3080_topk_gate_release_v2,topk_gate.release.main.e17_t16,topk_gate,cuda_naive,L1_kernel_body,warm,5,5,150,8.89344006777,8.75519990921,9.6005117893235,8.765508258342134,0.5982374872581957,0.06824903583757999,True
20260803T181855Z-86cfbe2a805d-rtx3080_topk_gate_release_v2,topk_gate.release.main.e17_t16,topk_gate,cuda_naive,L2_operator_steady,warm,5,5,150,8.97024005651,9.02144014835,20.823551893235,11.312059708437,4.72834909989433,0.4179918796192114,True
20260803T181855Z-86cfbe2a805d-rtx3080_topk_gate_release_v2,topk_gate.release.main.e17_t16,topk_gate,cuda_subwarp_pair_top2_v2,L1_kernel_body,warm,5,5,150,8.50944012403,8.606719970705,9.6005117893235,8.643857053915735,0.49874622996322887,0.05769949998621193,False
20260803T181855Z-86cfbe2a805d-rtx3080_topk_gate_release_v2,topk_gate.release.main.e17_t16,topk_gate,cuda_subwarp_pair_top2_v2,L2_operator_steady,warm,5,5,150,8.45311999321,8.606719970705,9.3445122241935,8.6171648303664,0.46816659946961564,0.05432953978318055,False
20260803T181855Z-86cfbe2a805d-rtx3080_topk_gate_release_v2,topk_gate.release.main.e17_t16,topk_gate,cuda_vector_pair_top2_v3,L1_kernel_body,warm,5,5,150,8.14079999924,8.176639974115,9.1909122467035,8.328465056419267,0.5147091726494663,0.06180120456322835,False
20260803T181855Z-86cfbe2a805d-rtx3080_topk_gate_release_v2,topk_gate.release.main.e17_t16,topk_gate,cuda_vector_pair_top2_v3,L2_operator_steady,warm,5,5,150,8.39168012142,8.30976009369,9.3634560406215,8.4266325434052,0.663961648789358,0.07879323625058075,False
20260803T181855Z-86cfbe2a805d-rtx3080_topk_gate_release_v2,topk_gate.release.main.e17_t16,topk_gate,cuda_warp_pair_top2_v1,L1_kernel_body,warm,5,5,150,8.56575995684,8.524799942969999,33.399295210845004,13.3839530666662,9.916943783636302,0.7409577524845959,False
20260803T181855Z-86cfbe2a805d-rtx3080_topk_gate_release_v2,topk_gate.release.main.e17_t16,topk_gate,cuda_warp_pair_top2_v1,L2_operator_steady,warm,5,5,150,8.54528009892,8.565760254859999,21.0385924578,10.924168550968535,5.057863997720057,0.4629976161683836,False
20260803T181855Z-86cfbe2a805d-rtx3080_topk_gate_release_v2,topk_gate.release.main.e17_t2,topk_gate,cuda_local_pair_two_reduce_top2_v4,L1_kernel_body,warm,5,5,150,8.20736020803,8.32512021065,10.066096365444999,8.601337615649532,1.3870108348084698,0.16125524851912573,False
20260803T181855Z-86cfbe2a805d-rtx3080_topk_gate_release_v2,topk_gate.release.main.e17_t2,topk_gate,cuda_local_pair_two_reduce_top2_v4,L2_operator_steady,warm,5,5,150,8.35071980953,8.422399759295,9.340927869082,8.441719444592666,0.4850529743683857,0.05745902568215363,False
20260803T181855Z-86cfbe2a805d-rtx3080_topk_gate_release_v2,topk_gate.release.main.e17_t2,topk_gate,cuda_naive,L1_kernel_body,warm,5,5,150,8.87808024883,9.02656018734,20.7006722689,11.319295962652067,4.700424568263286,0.41525767890267223,True
20260803T181855Z-86cfbe2a805d-rtx3080_topk_gate_release_v2,topk_gate.release.main.e17_t2,topk_gate,cuda_naive,L2_operator_steady,warm,5,5,150,8.94464015961,8.903679847715,47.164928197844986,15.910297632219132,14.657074035181317,0.9212319199799269,True
20260803T181855Z-86cfbe2a805d-rtx3080_topk_gate_release_v2,topk_gate.release.main.e17_t2,topk_gate,cuda_subwarp_pair_top2_v2,L1_kernel_body,warm,5,5,150,8.39679986238,8.514559864995,32.333312630645,13.135189318655467,9.557680787236475,0.7276393628877524,False
20260803T181855Z-86cfbe2a805d-rtx3080_topk_gate_release_v2,topk_gate.release.main.e17_t2,topk_gate,cuda_subwarp_pair_top2_v2,L2_operator_steady,warm,5,5,150,8.27392011881,8.2687997818,21.3672965765,10.787020782629133,5.255484617452354,0.4872044583352911,False
20260803T181855Z-86cfbe2a805d-rtx3080_topk_gate_release_v2,topk_gate.release.main.e17_t2,topk_gate,cuda_vector_pair_top2_v3,L1_kernel_body,warm,5,5,150,8.43263983727,8.442879915235,21.581824660294984,10.923895438513467,5.406749927323301,0.49494705965979624,False
20260803T181855Z-86cfbe2a805d-rtx3080_topk_gate_release_v2,topk_gate.release.main.e17_t2,topk_gate,cuda_vector_pair_top2_v3,L2_operator_steady,warm,5,5,150,8.34560006857,8.458240032195,21.602815985644998,11.1183871785796,5.378294743117897,0.4837297583483675,False
20260803T181855Z-86cfbe2a805d-rtx3080_topk_gate_release_v2,topk_gate.release.main.e17_t2,topk_gate,cuda_warp_pair_top2_v1,L1_kernel_body,warm,5,5,150,8.99071991444,8.975359797475,21.911039948444998,11.378005329768065,5.248742794264538,0.46130605867553504,False
20260803T181855Z-86cfbe2a805d-rtx3080_topk_gate_release_v2,topk_gate.release.main.e17_t2,topk_gate,cuda_warp_pair_top2_v1,L2_operator_steady,warm,5,5,150,8.59136015177,8.59647989273,9.265152156352997,8.5870592117308,0.4305482972880188,0.05013920210307224,False
20260803T181855Z-86cfbe2a805d-rtx3080_topk_gate_release_v2,topk_gate.release.main.e17_t2048,topk_gate,cuda_local_pair_two_reduce_top2_v4,L1_kernel_body,warm,5,5,150,10.045440197,10.2758395672,10.9055995941,10.204637889066266,0.4749617644424119,0.046543715671803355,False
20260803T181855Z-86cfbe2a805d-rtx3080_topk_gate_release_v2,topk_gate.release.main.e17_t2048,topk_gate,cuda_local_pair_two_reduce_top2_v4,L2_operator_steady,warm,5,5,150,10.6086397171,10.5881595612,13.169664144499999,10.940347727140267,1.8840931200862898,0.17221510385929745,False
20260803T181855Z-86cfbe2a805d-rtx3080_topk_gate_release_v2,topk_gate.release.main.e17_t2048,topk_gate,cuda_naive,L1_kernel_body,warm,5,5,150,8.26880007982,8.46336007118,21.4527988434,11.116612287363534,5.204786569140265,0.46819898316114217,True
20260803T181855Z-86cfbe2a805d-rtx3080_topk_gate_release_v2,topk_gate.release.main.e17_t2048,topk_gate,cuda_naive,L2_operator_steady,warm,5,5,150,9.02656018734,9.02656018734,51.869697570789995,18.188087578615534,15.669933885349778,0.8615492870054986,True
20260803T181855Z-86cfbe2a805d-rtx3080_topk_gate_release_v2,topk_gate.release.main.e17_t2048,topk_gate,cuda_subwarp_pair_top2_v2,L1_kernel_body,warm,5,5,150,10.2246397734,10.3014397621,53.753344297434985,15.650269929566667,14.161095534449938,0.9048467277677196,False
20260803T181855Z-86cfbe2a805d-rtx3080_topk_gate_release_v2,topk_gate.release.main.e17_t2048,topk_gate,cuda_subwarp_pair_top2_v2,L2_operator_steady,warm,5,5,150,9.86111998558,10.24512052535,23.1797760725,12.6485845605544,5.251948030482988,0.41522021735630393,False
20260803T181855Z-86cfbe2a805d-rtx3080_topk_gate_release_v2,topk_gate.release.main.e17_t2048,topk_gate,cuda_vector_pair_top2_v3,L1_kernel_body,warm,5,5,150,10.347520113,10.316799879049999,11.0489594936,10.188322110969933,0.5514146230698577,0.05412222121208168,False
20260803T181855Z-86cfbe2a805d-rtx3080_topk_gate_release_v2,topk_gate.release.main.e17_t2048,topk_gate,cuda_vector_pair_top2_v3,L2_operator_steady,warm,5,5,150,10.1478397846,10.4755198956,11.505151927469996,10.808524779480868,2.4012150437682274,0.22215936890173438,False
20260803T181855Z-86cfbe2a805d-rtx3080_topk_gate_release_v2,topk_gate.release.main.e17_t2048,topk_gate,cuda_warp_pair_top2_v1,L1_kernel_body,warm,5,5,150,10.2809602022,10.2348804474,26.568704485894983,13.653469916183868,9.232783494268528,0.6762224951566804,False
20260803T181855Z-86cfbe2a805d-rtx3080_topk_gate_release_v2,topk_gate.release.main.e17_t2048,topk_gate,cuda_warp_pair_top2_v1,L2_operator_steady,warm,5,5,150,10.1888000965,10.2758395672,22.7737593651,12.615748258431532,5.0746264434964194,0.40224537931032944,False
20260803T181855Z-86cfbe2a805d-rtx3080_topk_gate_release_v2,topk_gate.release.main.e17_t256,topk_gate,cuda_local_pair_two_reduce_top2_v4,L1_kernel_body,warm,5,5,150,8.27391982079,8.401920199395,9.5288318395635,8.4320255835848,0.6167523876967831,0.07314403657615284,False
20260803T181855Z-86cfbe2a805d-rtx3080_topk_gate_release_v2,topk_gate.release.main.e17_t256,topk_gate,cuda_local_pair_two_reduce_top2_v4,L2_operator_steady,warm,5,5,150,8.34048002958,8.2687997818,9.490943819287999,8.398711450894533,0.5620387553728153,0.06691964102576158,False
20260803T181855Z-86cfbe2a805d-rtx3080_topk_gate_release_v2,topk_gate.release.main.e17_t256,topk_gate,cuda_naive,L1_kernel_body,warm,5,5,150,8.41728001833,8.3353599906,9.1545599699,8.416460788250067,0.6741109732629527,0.0800943520350093,True
20260803T181855Z-86cfbe2a805d-rtx3080_topk_gate_release_v2,topk_gate.release.main.e17_t256,topk_gate,cuda_naive,L2_operator_steady,warm,5,5,150,8.26367974281,8.29439997673,9.042943984269499,8.394410665830067,0.5391434307124567,0.06422647785234896,True
20260803T181855Z-86cfbe2a805d-rtx3080_topk_gate_release_v2,topk_gate.release.main.e17_t256,topk_gate,cuda_subwarp_pair_top2_v2,L1_kernel_body,warm,5,5,150,8.15615981817,8.11007976532,9.0552320778345,8.1983488122622,0.48623888210572563,0.05930936743975351,False
20260803T181855Z-86cfbe2a805d-rtx3080_topk_gate_release_v2,topk_gate.release.main.e17_t256,topk_gate,cuda_subwarp_pair_top2_v2,L2_operator_steady,warm,5,5,150,8.29952001572,8.31488013268,24.178688526145,11.395072019099667,6.271389681726683,0.5503598109090486,False
20260803T181855Z-86cfbe2a805d-rtx3080_topk_gate_release_v2,topk_gate.release.main.e17_t256,topk_gate,cuda_vector_pair_top2_v3,L1_kernel_body,warm,5,5,150,8.53504002094,8.524799942969999,44.206080198299986,15.249134922026734,13.764720855356959,0.9026558506918578,False
20260803T181855Z-86cfbe2a805d-rtx3080_topk_gate_release_v2,topk_gate.release.main.e17_t256,topk_gate,cuda_vector_pair_top2_v3,L2_operator_steady,warm,5,5,150,8.3609598875,8.38656008244,9.5800322294235,8.501043192544934,0.6214153869531698,0.0730987212837744,False
20260803T181855Z-86cfbe2a805d-rtx3080_topk_gate_release_v2,topk_gate.release.main.e17_t256,topk_gate,cuda_warp_pair_top2_v1,L1_kernel_body,warm,5,5,150,8.21759998798,8.22272002697,9.166848063469498,8.284774386882733,0.4877598032850907,0.05887424092771432,False
20260803T181855Z-86cfbe2a805d-rtx3080_topk_gate_release_v2,topk_gate.release.main.e17_t256,topk_gate,cuda_warp_pair_top2_v1,L2_operator_steady,warm,5,5,150,8.33024024963,8.41727972031,21.356032490700002,10.912563252448933,5.194746495048657,0.4760335747774825,False
20260803T181855Z-86cfbe2a805d-rtx3080_topk_gate_release_v2,topk_gate.release.main.e17_t32,topk_gate,cuda_local_pair_two_reduce_top2_v4,L1_kernel_body,warm,5,5,150,8.22272002697,8.30976009369,10.401791870624997,8.573269307614535,0.8587670699156377,0.10016798016048617,False
20260803T181855Z-86cfbe2a805d-rtx3080_topk_gate_release_v2,topk_gate.release.main.e17_t32,topk_gate,cuda_local_pair_two_reduce_top2_v4,L2_operator_steady,warm,5,5,150,8.80640000105,8.934400081635,10.933759808544998,9.026560036343,0.9982375670494944,0.11058892457706603,False
20260803T181855Z-86cfbe2a805d-rtx3080_topk_gate_release_v2,topk_gate.release.main.e17_t32,topk_gate,cuda_naive,L1_kernel_body,warm,5,5,150,9.09312009811,9.11360025406,31.202303171144997,13.382246414820333,8.847954463332286,0.6611710910907685,True
20260803T181855Z-86cfbe2a805d-rtx3080_topk_gate_release_v2,topk_gate.release.main.e17_t32,topk_gate,cuda_naive,L2_operator_steady,warm,5,5,150,8.95488023758,8.91903996468,20.67456007,11.085687446592333,4.757453893855997,0.42915280777814163,True
20260803T181855Z-86cfbe2a805d-rtx3080_topk_gate_release_v2,topk_gate.release.main.e17_t32,topk_gate,cuda_subwarp_pair_top2_v2,L1_kernel_body,warm,5,5,150,8.97024005651,9.077759981155,75.78009605408499,23.1142058372494,23.91706490077168,1.03473444292983,False
20260803T181855Z-86cfbe2a805d-rtx3080_topk_gate_release_v2,topk_gate.release.main.e17_t32,topk_gate,cuda_subwarp_pair_top2_v2,L2_operator_steady,warm,5,5,150,8.4582400322,8.560640215875,21.320704221744997,11.038105555375868,5.144071016413325,0.4660284312925435,False
20260803T181855Z-86cfbe2a805d-rtx3080_topk_gate_release_v2,topk_gate.release.main.e17_t32,topk_gate,cuda_vector_pair_top2_v3,L1_kernel_body,warm,5,5,150,8.80127996206,8.75519990921,21.4732789993,11.156002155940534,5.176919163981525,0.4640478812766124,False
20260803T181855Z-86cfbe2a805d-rtx3080_topk_gate_release_v2,topk_gate.release.main.e17_t32,topk_gate,cuda_vector_pair_top2_v3,L2_operator_steady,warm,5,5,150,8.30463975668,8.34559977055,9.758720010520497,8.4616533319158,0.6311547910178927,0.0745900081532876,False
20260803T181855Z-86cfbe2a805d-rtx3080_topk_gate_release_v2,topk_gate.release.main.e17_t32,topk_gate,cuda_warp_pair_top2_v1,L1_kernel_body,warm,5,5,150,8.35584014654,8.545280098915,31.867903470999998,13.090952499708466,9.352068847043236,0.714391779150639,False
20260803T181855Z-86cfbe2a805d-rtx3080_topk_gate_release_v2,topk_gate.release.main.e17_t32,topk_gate,cuda_warp_pair_top2_v1,L2_operator_steady,warm,5,5,150,8.77568006516,8.85760009289,38.508543968234996,14.706414894263334,11.605859158787386,0.7891698447399705,False
20260803T181855Z-86cfbe2a805d-rtx3080_topk_gate_release_v2,topk_gate.release.main.e17_t4,topk_gate,cuda_local_pair_two_reduce_top2_v4,L1_kernel_body,warm,5,5,150,8.35071980953,8.401920199395,21.0841608047,10.854877853393267,5.106875058422018,0.4704682196700715,False
20260803T181855Z-86cfbe2a805d-rtx3080_topk_gate_release_v2,topk_gate.release.main.e17_t4,topk_gate,cuda_local_pair_two_reduce_top2_v4,L2_operator_steady,warm,5,5,150,8.48896026611,8.64767998457,21.0190731287,10.979176557064267,4.97579619080634,0.45320303985864885,False
20260803T181855Z-86cfbe2a805d-rtx3080_topk_gate_release_v2,topk_gate.release.main.e17_t4,topk_gate,cuda_naive,L1_kernel_body,warm,5,5,150,9.06751990318,8.96000027657,9.677824050184999,9.004441599051534,0.4546188653931534,0.05048829073876606,True
20260803T181855Z-86cfbe2a805d-rtx3080_topk_gate_release_v2,topk_gate.release.main.e17_t4,topk_gate,cuda_naive,L2_operator_steady,warm,5,5,150,8.92416000366,8.990719914435001,9.829888015984999,9.035844270387667,0.46195166069849725,0.05112434952120728,True
20260803T181855Z-86cfbe2a805d-rtx3080_topk_gate_release_v2,topk_gate.release.main.e17_t4,topk_gate,cuda_subwarp_pair_top2_v2,L1_kernel_body,warm,5,5,150,8.16128015518,8.320000171665,21.561855673799997,10.8941312789912,5.32549006667602,0.4888402691590441,False
20260803T181855Z-86cfbe2a805d-rtx3080_topk_gate_release_v2,topk_gate.release.main.e17_t4,topk_gate,cuda_subwarp_pair_top2_v2,L2_operator_steady,warm,5,5,150,8.3609598875,8.43775987625,22.200319767,11.097975448767468,5.538766865976389,0.49907903396844516,False
20260803T181855Z-86cfbe2a805d-rtx3080_topk_gate_release_v2,topk_gate.release.main.e17_t4,topk_gate,cuda_vector_pair_top2_v3,L1_kernel_body,warm,5,5,150,8.32512021065,8.64767998457,21.3616645336,11.0444544235854,5.135408741204202,0.4649762264614495,False
20260803T181855Z-86cfbe2a805d-rtx3080_topk_gate_release_v2,topk_gate.release.main.e17_t4,topk_gate,cuda_vector_pair_top2_v3,L2_operator_steady,warm,5,5,150,8.98559987545,8.84223997593,9.60511982441,8.827903989950867,0.5248540270884333,0.05945397998051341,False
20260803T181855Z-86cfbe2a805d-rtx3080_topk_gate_release_v2,topk_gate.release.main.e17_t4,topk_gate,cuda_warp_pair_top2_v1,L1_kernel_body,warm,5,5,150,8.64256024361,8.61184000969,9.406976103786,8.593134931723332,0.5175213240749255,0.06022497356167289,False
20260803T181855Z-86cfbe2a805d-rtx3080_topk_gate_release_v2,topk_gate.release.main.e17_t4,topk_gate,cuda_warp_pair_top2_v1,L2_operator_steady,warm,5,5,150,8.56575995684,8.73471975327,9.49248015881,8.671095462640267,0.4972755841069889,0.05734864599859603,False
20260803T181855Z-86cfbe2a805d-rtx3080_topk_gate_release_v2,topk_gate.release.main.e17_t4096,topk_gate,cuda_local_pair_two_reduce_top2_v4,L1_kernel_body,warm,5,5,150,12.0268797874,11.8937599659,18.4888321161,12.480921618146267,2.6315214129956517,0.21084351729039216,False
20260803T181855Z-86cfbe2a805d-rtx3080_topk_gate_release_v2,topk_gate.release.main.e17_t4096,topk_gate,cuda_local_pair_two_reduce_top2_v4,L2_operator_steady,warm,5,5,150,11.7504000664,11.704319715499999,19.73043131829997,12.6201173106848,3.067819722089807,0.24308963590159682,False
20260803T181855Z-86cfbe2a805d-rtx3080_topk_gate_release_v2,topk_gate.release.main.e17_t4096,topk_gate,cuda_naive,L1_kernel_body,warm,5,5,150,8.81152004004,8.509440124034999,9.595904022454999,8.550468285878399,0.6163521898201969,0.07208402735533664,True
20260803T181855Z-86cfbe2a805d-rtx3080_topk_gate_release_v2,topk_gate.release.main.e17_t4096,topk_gate,cuda_naive,L2_operator_steady,warm,5,5,150,8.49919974804,8.555520176885,21.382144689545,11.007249049344667,5.163392746503003,0.46909020803980206,True
20260803T181855Z-86cfbe2a805d-rtx3080_topk_gate_release_v2,topk_gate.release.main.e17_t4096,topk_gate,cuda_subwarp_pair_top2_v2,L1_kernel_body,warm,5,5,150,11.6838395596,11.71967983245,18.6163198948,12.878916279472666,2.687411105248758,0.20866748777085736,False
20260803T181855Z-86cfbe2a805d-rtx3080_topk_gate_release_v2,topk_gate.release.main.e17_t4096,topk_gate,cuda_subwarp_pair_top2_v2,L2_operator_steady,warm,5,5,150,11.9961601496,11.7145597935,18.436096251034996,12.356881026426999,2.7050880690641477,0.21891349955372402,False
20260803T181855Z-86cfbe2a805d-rtx3080_topk_gate_release_v2,topk_gate.release.main.e17_t4096,topk_gate,cuda_vector_pair_top2_v3,L1_kernel_body,warm,5,5,150,12.0729601383,12.12927997115,20.5414390564,13.406549398104866,3.0666387463276115,0.22874183768428197,False
20260803T181855Z-86cfbe2a805d-rtx3080_topk_gate_release_v2,topk_gate.release.main.e17_t4096,topk_gate,cuda_vector_pair_top2_v3,L2_operator_steady,warm,5,5,150,11.2588799,11.581439971950001,18.363392353044997,12.579839988548066,2.3512876614751237,0.18690918673175455,False
20260803T181855Z-86cfbe2a805d-rtx3080_topk_gate_release_v2,topk_gate.release.main.e17_t4096,topk_gate,cuda_warp_pair_top2_v1,L1_kernel_body,warm,5,5,150,12.1241599321,12.08832025525,18.453503847145,13.062963243324466,2.3877078260328077,0.18278454754536588,False
20260803T181855Z-86cfbe2a805d-rtx3080_topk_gate_release_v2,topk_gate.release.main.e17_t4096,topk_gate,cuda_warp_pair_top2_v1,L2_operator_steady,warm,5,5,150,11.4841604233,11.6633605957,13.451775908444999,11.837917892143334,0.8177713940856354,0.06908067799898994,False
20260803T181855Z-86cfbe2a805d-rtx3080_topk_gate_release_v2,topk_gate.release.main.e17_t512,topk_gate,cuda_local_pair_two_reduce_top2_v4,L1_kernel_body,warm,5,5,150,8.36096018553,8.42751979828,22.365185022345003,11.1375701626138,5.6104473078122785,0.5037406926194036,False
20260803T181855Z-86cfbe2a805d-rtx3080_topk_gate_release_v2,topk_gate.release.main.e17_t512,topk_gate,cuda_local_pair_two_reduce_top2_v4,L2_operator_steady,warm,5,5,150,8.20223987103,8.458240032195,21.444607853934997,10.9203455646836,5.230070509226468,0.47892903006114723,False
20260803T181855Z-86cfbe2a805d-rtx3080_topk_gate_release_v2,topk_gate.release.main.e17_t512,topk_gate,cuda_naive,L1_kernel_body,warm,5,5,150,8.49408000708,8.53504002094,9.4673919677735,8.5341525197028,0.555037223205462,0.06503718112888741,True
20260803T181855Z-86cfbe2a805d-rtx3080_topk_gate_release_v2,topk_gate.release.main.e17_t512,topk_gate,cuda_naive,L2_operator_steady,warm,5,5,150,8.48895996809,8.560640215875,9.381887912749498,8.595865591367467,0.48400511288911713,0.05630673348070808,True
20260803T181855Z-86cfbe2a805d-rtx3080_topk_gate_release_v2,topk_gate.release.main.e17_t512,topk_gate,cuda_subwarp_pair_top2_v2,L1_kernel_body,warm,5,5,150,8.00768017769,8.29952001572,22.262784242644997,10.957823983828066,5.614948684734297,0.5124145718183676,False
20260803T181855Z-86cfbe2a805d-rtx3080_topk_gate_release_v2,topk_gate.release.main.e17_t512,topk_gate,cuda_subwarp_pair_top2_v2,L2_operator_steady,warm,5,5,150,8.25343996286,8.217599987985,9.932288199664999,8.426905604203666,0.7012520888743131,0.0832158471698676,False
20260803T181855Z-86cfbe2a805d-rtx3080_topk_gate_release_v2,topk_gate.release.main.e17_t512,topk_gate,cuda_vector_pair_top2_v3,L1_kernel_body,warm,5,5,150,8.89855980873,8.862720131875,21.7507851124,11.227477347849867,5.2797155171877,0.4702494918147218,False
20260803T181855Z-86cfbe2a805d-rtx3080_topk_gate_release_v2,topk_gate.release.main.e17_t512,topk_gate,cuda_vector_pair_top2_v3,L2_operator_steady,warm,5,5,150,8.18175971508,8.483840227125,67.2855050564,21.46747730175733,22.452934705738027,1.0459046673313601,False
20260803T181855Z-86cfbe2a805d-rtx3080_topk_gate_release_v2,topk_gate.release.main.e17_t512,topk_gate,cuda_warp_pair_top2_v1,L1_kernel_body,warm,5,5,150,8.82687985897,8.71935993433,21.596159935,11.169860255717333,5.246839680019448,0.46973189994331704,False
20260803T181855Z-86cfbe2a805d-rtx3080_topk_gate_release_v2,topk_gate.release.main.e17_t512,topk_gate,cuda_warp_pair_top2_v1,L2_operator_steady,warm,5,5,150,8.16128015518,8.376320004465,34.4632321596,13.241002662976266,9.984434341704574,0.7540542507118799,False
20260803T181855Z-86cfbe2a805d-rtx3080_topk_gate_release_v2,topk_gate.release.main.e17_t64,topk_gate,cuda_local_pair_two_reduce_top2_v4,L1_kernel_body,warm,5,5,150,8.42239975929,8.483840227125,81.23135995864999,22.224554769196,27.71000755785042,1.2468194681792881,False
20260803T181855Z-86cfbe2a805d-rtx3080_topk_gate_release_v2,topk_gate.release.main.e17_t64,topk_gate,cuda_local_pair_two_reduce_top2_v4,L2_operator_steady,warm,5,5,150,8.43775987625,8.43775987625,9.145343899727,8.459605352083733,0.42706841398231,0.05048325497561377,False
20260803T181855Z-86cfbe2a805d-rtx3080_topk_gate_release_v2,topk_gate.release.main.e17_t64,topk_gate,cuda_naive,L1_kernel_body,warm,5,5,150,9.03679996729,9.09312009811,21.3048321009,11.502796729404865,4.93594861828638,0.4291085667599863,True
20260803T181855Z-86cfbe2a805d-rtx3080_topk_gate_release_v2,topk_gate.release.main.e17_t64,topk_gate,cuda_naive,L2_operator_steady,warm,5,5,150,8.95999997854,9.00095999241,22.477823495845,11.512149377665,5.446269062309279,0.4730888111020968,True
20260803T181855Z-86cfbe2a805d-rtx3080_topk_gate_release_v2,topk_gate.release.main.e17_t64,topk_gate,cuda_subwarp_pair_top2_v2,L1_kernel_body,warm,5,5,150,8.28927993774,8.514559864995,21.140990853299996,10.8541951457662,5.114620478157492,0.4712113988619881,False
20260803T181855Z-86cfbe2a805d-rtx3080_topk_gate_release_v2,topk_gate.release.main.e17_t64,topk_gate,cuda_subwarp_pair_top2_v2,L2_operator_steady,warm,5,5,150,8.52991998196,8.78592014313,22.3083525896,11.262771205106333,5.5036241596774,0.4886563048694586,False
20260803T181855Z-86cfbe2a805d-rtx3080_topk_gate_release_v2,topk_gate.release.main.e17_t64,topk_gate,cuda_vector_pair_top2_v3,L1_kernel_body,warm,5,5,150,8.47360014915,8.5504001379,23.827456235925,11.6960597554842,7.184198337255335,0.6142409056936218,False
20260803T181855Z-86cfbe2a805d-rtx3080_topk_gate_release_v2,topk_gate.release.main.e17_t64,topk_gate,cuda_vector_pair_top2_v3,L2_operator_steady,warm,5,5,150,8.47359985113,8.45311999321,9.309183955192498,8.6701397220292,1.8181904353522078,0.20970716662529978,False
20260803T181855Z-86cfbe2a805d-rtx3080_topk_gate_release_v2,topk_gate.release.main.e17_t64,topk_gate,cuda_warp_pair_top2_v1,L1_kernel_body,warm,5,5,150,8.35583984852,8.4582400322,21.752495050394998,11.0818005402884,5.4898989454397595,0.49539774023914046,False
20260803T181855Z-86cfbe2a805d-rtx3080_topk_gate_release_v2,topk_gate.release.main.e17_t64,topk_gate,cuda_warp_pair_top2_v1,L2_operator_steady,warm,5,5,150,8.42239975929,8.50943982601,10.7724797726,8.849134922029,0.9926117308252358,0.112170482151225,False
20260803T181855Z-86cfbe2a805d-rtx3080_topk_gate_release_v2,topk_gate.release.main.e17_t8,topk_gate,cuda_local_pair_two_reduce_top2_v4,L1_kernel_body,warm,5,5,150,8.29439997673,8.39680016041,9.076736241581498,8.370312527815134,0.43730145599392356,0.052244340284874694,False
20260803T181855Z-86cfbe2a805d-rtx3080_topk_gate_release_v2,topk_gate.release.main.e17_t8,topk_gate,cuda_local_pair_two_reduce_top2_v4,L2_operator_steady,warm,5,5,150,8.34559977055,8.65279972553,21.6279041767,11.044113071759734,5.2631749887038595,0.476559317575444,False
20260803T181855Z-86cfbe2a805d-rtx3080_topk_gate_release_v2,topk_gate.release.main.e17_t8,topk_gate,cuda_naive,L1_kernel_body,warm,5,5,150,9.00608003139,9.01120007038,9.72800016403,9.0582357565554,0.39704466441206404,0.04383244983712472,True
20260803T181855Z-86cfbe2a805d-rtx3080_topk_gate_release_v2,topk_gate.release.main.e17_t8,topk_gate,cuda_naive,L2_operator_steady,warm,5,5,150,8.85760009289,8.83711993694,9.4776320457435,8.824968524773935,0.3913812864570504,0.04434931244891621,True
20260803T181855Z-86cfbe2a805d-rtx3080_topk_gate_release_v2,topk_gate.release.main.e17_t8,topk_gate,cuda_subwarp_pair_top2_v2,L1_kernel_body,warm,5,5,150,8.33024024963,8.34559977055,75.93369483949,21.422967580954335,26.320634078721266,1.2286175563333768,False
20260803T181855Z-86cfbe2a805d-rtx3080_topk_gate_release_v2,topk_gate.release.main.e17_t8,topk_gate,cuda_subwarp_pair_top2_v2,L2_operator_steady,warm,5,5,150,9.00608003139,8.995839953425,21.801983118045,11.3970517079034,5.18770541133059,0.45517959769658006,False
20260803T181855Z-86cfbe2a805d-rtx3080_topk_gate_release_v2,topk_gate.release.main.e17_t8,topk_gate,cuda_vector_pair_top2_v3,L1_kernel_body,warm,5,5,150,8.50431978703,8.63232016563,9.4571518898035,8.623786687850867,0.4515927778137279,0.0523659494558149,False
20260803T181855Z-86cfbe2a805d-rtx3080_topk_gate_release_v2,topk_gate.release.main.e17_t8,topk_gate,cuda_vector_pair_top2_v3,L2_operator_steady,warm,5,5,150,8.67327988148,8.69376003742,21.347840428345,11.1166122595456,5.1000977418165325,0.45878165242627644,False
20260803T181855Z-86cfbe2a805d-rtx3080_topk_gate_release_v2,topk_gate.release.main.e17_t8,topk_gate,cuda_warp_pair_top2_v1,L1_kernel_body,warm,5,5,150,8.74495983124,8.59135985374,9.50272023678,8.593544526895,0.5866803301379272,0.06826988890344474,False
20260803T181855Z-86cfbe2a805d-rtx3080_topk_gate_release_v2,topk_gate.release.main.e17_t8,topk_gate,cuda_warp_pair_top2_v1,L2_operator_steady,warm,5,5,150,8.34559977055,8.447999954225,61.072894811625005,13.2328789114948,14.282531605051462,1.0793215671795255,False
20260803T181855Z-86cfbe2a805d-rtx3080_topk_gate_release_v2,topk_gate.release.main.e2_t1,topk_gate,cuda_local_pair_two_reduce_top2_v4,L1_kernel_body,warm,5,5,150,8.67839992046,8.565759956835,29.963263273244998,12.655069887638065,8.604531663579703,0.6799276290038448,False
20260803T181855Z-86cfbe2a805d-rtx3080_topk_gate_release_v2,topk_gate.release.main.e2_t1,topk_gate,cuda_local_pair_two_reduce_top2_v4,L2_operator_steady,warm,5,5,150,8.58624011278,8.698880076405,20.265983343145002,10.747630921999733,4.758693208029225,0.4427667122703735,False
20260803T181855Z-86cfbe2a805d-rtx3080_topk_gate_release_v2,topk_gate.release.main.e2_t1,topk_gate,cuda_naive,L1_kernel_body,warm,5,5,150,8.37632000446,8.36607992649,9.375231862069,8.358434132735134,0.5947647075312226,0.07115743189287985,True
20260803T181855Z-86cfbe2a805d-rtx3080_topk_gate_release_v2,topk_gate.release.main.e2_t1,topk_gate,cuda_naive,L2_operator_steady,warm,5,5,150,8.42239975929,8.43775987625,20.526590943345,10.715818659464734,4.887089406074334,0.4560630933930389,True
20260803T181855Z-86cfbe2a805d-rtx3080_topk_gate_release_v2,topk_gate.release.main.e2_t1,topk_gate,cuda_subwarp_pair_top2_v2,L1_kernel_body,warm,5,5,150,8.52479994297,8.7961602211,53.56339097023994,18.519039956726402,16.15695400891931,0.8724509503016032,False
20260803T181855Z-86cfbe2a805d-rtx3080_topk_gate_release_v2,topk_gate.release.main.e2_t1,topk_gate,cuda_subwarp_pair_top2_v2,L2_operator_steady,warm,5,5,150,8.72447997332,8.698880076405,20.329471826545,10.801766415436,4.7589279672503775,0.4405694202431325,False
20260803T181855Z-86cfbe2a805d-rtx3080_topk_gate_release_v2,topk_gate.release.main.e2_t1,topk_gate,cuda_vector_pair_top2_v3,L1_kernel_body,warm,5,5,150,8.56575995684,8.519679903985,19.694591760645,10.607820808888134,4.538759452118661,0.42786916689954857,False
20260803T181855Z-86cfbe2a805d-rtx3080_topk_gate_release_v2,topk_gate.release.main.e2_t1,topk_gate,cuda_vector_pair_top2_v3,L2_operator_steady,warm,5,5,150,7.93088018894,7.97695994377,31.284223794945,12.469247980913133,9.195205523261738,0.7374306403511245,False
20260803T181855Z-86cfbe2a805d-rtx3080_topk_gate_release_v2,topk_gate.release.main.e2_t1,topk_gate,cuda_warp_pair_top2_v1,L1_kernel_body,warm,5,5,150,8.79615992308,8.719360232355,9.33888018131,8.6489770531656,0.4382744799254543,0.050673562576402265,False
20260803T181855Z-86cfbe2a805d-rtx3080_topk_gate_release_v2,topk_gate.release.main.e2_t1,topk_gate,cuda_warp_pair_top2_v1,L2_operator_steady,warm,5,5,150,8.89855980873,8.919039964675001,21.115905046445,11.275673615932332,4.918384193690158,0.4361942675194647,False
20260803T181855Z-86cfbe2a805d-rtx3080_topk_gate_release_v2,topk_gate.release.main.e2_t1024,topk_gate,cuda_local_pair_two_reduce_top2_v4,L1_kernel_body,warm,5,5,150,8.67327988148,8.714240193365,20.2444791794,10.828390399615868,4.707795447961131,0.43476410382545294,False
20260803T181855Z-86cfbe2a805d-rtx3080_topk_gate_release_v2,topk_gate.release.main.e2_t1024,topk_gate,cuda_local_pair_two_reduce_top2_v4,L2_operator_steady,warm,5,5,150,8.43775987625,8.709120154379999,20.112384557745003,10.7286528110524,4.689114232067506,0.43706458906349294,False
20260803T181855Z-86cfbe2a805d-rtx3080_topk_gate_release_v2,topk_gate.release.main.e2_t1024,topk_gate,cuda_naive,L1_kernel_body,warm,5,5,150,8.34048002958,8.26367974281,9.446911811829,8.361164776484534,0.631044042570062,0.07547322166701581,True
20260803T181855Z-86cfbe2a805d-rtx3080_topk_gate_release_v2,topk_gate.release.main.e2_t1024,topk_gate,cuda_naive,L2_operator_steady,warm,5,5,150,8.4275200963,8.35583984852,9.840639978620992,8.4708693146692,0.7256304231162919,0.08566186021305995,True
20260803T181855Z-86cfbe2a805d-rtx3080_topk_gate_release_v2,topk_gate.release.main.e2_t1024,topk_gate,cuda_subwarp_pair_top2_v2,L1_kernel_body,warm,5,5,150,8.67839992046,8.73471975327,22.5177598,11.268437373639333,5.600387690940822,0.49699772073473236,False
20260803T181855Z-86cfbe2a805d-rtx3080_topk_gate_release_v2,topk_gate.release.main.e2_t1024,topk_gate,cuda_subwarp_pair_top2_v2,L2_operator_steady,warm,5,5,150,8.77568006516,8.7961602211,50.628607273145,15.951940258346267,13.269652044348607,0.8318519145284379,False
20260803T181855Z-86cfbe2a805d-rtx3080_topk_gate_release_v2,topk_gate.release.main.e2_t1024,topk_gate,cuda_vector_pair_top2_v3,L1_kernel_body,warm,5,5,150,8.4275200963,8.20223987103,9.189887851476996,8.196710399786866,0.5899313906111308,0.07197172546519032,False
20260803T181855Z-86cfbe2a805d-rtx3080_topk_gate_release_v2,topk_gate.release.main.e2_t1024,topk_gate,cuda_vector_pair_top2_v3,L2_operator_steady,warm,5,5,150,8.7603199482,8.606719970705,19.932672381399996,10.616763750713133,4.634637382939287,0.43653956061968285,False
20260803T181855Z-86cfbe2a805d-rtx3080_topk_gate_release_v2,topk_gate.release.main.e2_t1024,topk_gate,cuda_warp_pair_top2_v1,L1_kernel_body,warm,5,5,150,8.99583995342,9.00095999241,21.499391198145,11.334997375805933,5.091007285927899,0.4491405791407095,False
20260803T181855Z-86cfbe2a805d-rtx3080_topk_gate_release_v2,topk_gate.release.main.e2_t1024,topk_gate,cuda_warp_pair_top2_v1,L2_operator_steady,warm,5,5,150,8.47360014915,8.82176011801,52.301310777690006,17.0317823886876,17.069182785296775,1.0021959179465572,False
20260803T181855Z-86cfbe2a805d-rtx3080_topk_gate_release_v2,topk_gate.release.main.e2_t128,topk_gate,cuda_local_pair_two_reduce_top2_v4,L1_kernel_body,warm,5,5,150,8.7961602211,8.801279962065,30.8792310953,13.0271914243688,8.867998063341773,0.6807298499316747,False
20260803T181855Z-86cfbe2a805d-rtx3080_topk_gate_release_v2,topk_gate.release.main.e2_t128,topk_gate,cuda_local_pair_two_reduce_top2_v4,L2_operator_steady,warm,5,5,150,8.56064021587,8.565760254859999,20.424192547799997,10.776098136106068,4.812550315719384,0.44659488573091205,False
20260803T181855Z-86cfbe2a805d-rtx3080_topk_gate_release_v2,topk_gate.release.main.e2_t128,topk_gate,cuda_naive,L1_kernel_body,warm,5,5,150,8.25343996286,8.2483202219,9.375231862069,8.351539198557733,0.5815577821248195,0.06963480243560989,True
20260803T181855Z-86cfbe2a805d-rtx3080_topk_gate_release_v2,topk_gate.release.main.e2_t128,topk_gate,cuda_naive,L2_operator_steady,warm,5,5,150,8.15615981817,8.166400194165,8.955392241479,8.187972287336867,0.5267169054213126,0.06432812507632789,True
20260803T181855Z-86cfbe2a805d-rtx3080_topk_gate_release_v2,topk_gate.release.main.e2_t128,topk_gate,cuda_subwarp_pair_top2_v2,L1_kernel_body,warm,5,5,150,8.61184000969,8.69888007641,22.726656079279998,11.2919893622406,5.641371420851557,0.4995905716769268,False
20260803T181855Z-86cfbe2a805d-rtx3080_topk_gate_release_v2,topk_gate.release.main.e2_t128,topk_gate,cuda_subwarp_pair_top2_v2,L2_operator_steady,warm,5,5,150,8.76543998718,8.77056002617,30.413824319845,12.927044264475867,8.680365034691787,0.6714887685923566,False
20260803T181855Z-86cfbe2a805d-rtx3080_topk_gate_release_v2,topk_gate.release.main.e2_t128,topk_gate,cuda_vector_pair_top2_v3,L1_kernel_body,warm,5,5,150,8.72448027134,8.72448027134,19.9475204945,10.788044861952734,4.5721397230615395,0.4238154161915434,False
20260803T181855Z-86cfbe2a805d-rtx3080_topk_gate_release_v2,topk_gate.release.main.e2_t128,topk_gate,cuda_vector_pair_top2_v3,L2_operator_steady,warm,5,5,150,8.43263983727,8.51967990398,9.816576063647993,8.803942394256001,1.8606485371141925,0.2113426523926536,False
20260803T181855Z-86cfbe2a805d-rtx3080_topk_gate_release_v2,topk_gate.release.main.e2_t128,topk_gate,cuda_warp_pair_top2_v1,L1_kernel_body,warm,5,5,150,8.89343976974,8.85760009289,9.5129597187,8.744140768050533,0.5252025701044757,0.06006337089442434,False
20260803T181855Z-86cfbe2a805d-rtx3080_topk_gate_release_v2,topk_gate.release.main.e2_t128,topk_gate,cuda_warp_pair_top2_v1,L2_operator_steady,warm,5,5,150,8.99071991444,9.00095999241,9.778688222170498,9.120631476243732,0.9255495480434163,0.10147866959148287,False
20260803T181855Z-86cfbe2a805d-rtx3080_topk_gate_release_v2,topk_gate.release.main.e2_t16,topk_gate,cuda_local_pair_two_reduce_top2_v4,L1_kernel_body,warm,5,5,150,8.54016005993,8.535040020945,66.521599769565,19.346773358186134,22.186962214369,1.1468042656829442,False
20260803T181855Z-86cfbe2a805d-rtx3080_topk_gate_release_v2,topk_gate.release.main.e2_t16,topk_gate,cuda_local_pair_two_reduce_top2_v4,L2_operator_steady,warm,5,5,150,8.7296000123,8.47872018814,9.33888018131,8.3800746679304,0.6562739456885872,0.07831361553377007,False
20260803T181855Z-86cfbe2a805d-rtx3080_topk_gate_release_v2,topk_gate.release.main.e2_t16,topk_gate,cuda_naive,L1_kernel_body,warm,5,5,150,8.816639781,8.7961602211,20.895231366144998,10.934135425091334,4.943473994462664,0.4521138436897832,True
20260803T181855Z-86cfbe2a805d-rtx3080_topk_gate_release_v2,topk_gate.release.main.e2_t16,topk_gate,cuda_naive,L2_operator_steady,warm,5,5,150,8.55039983988,8.67839992046,20.280831456199998,10.802175958951468,4.7418044876439485,0.43896752891851804,True
20260803T181855Z-86cfbe2a805d-rtx3080_topk_gate_release_v2,topk_gate.release.main.e2_t16,topk_gate,cuda_subwarp_pair_top2_v2,L1_kernel_body,warm,5,5,150,8.80127996206,9.05215978622,75.72019290925499,31.606852277122464,28.78525377301972,0.9107282661568592,False
20260803T181855Z-86cfbe2a805d-rtx3080_topk_gate_release_v2,topk_gate.release.main.e2_t16,topk_gate,cuda_subwarp_pair_top2_v2,L2_operator_steady,warm,5,5,150,8.59648019075,8.45311999321,9.36959981918,8.431069850922068,0.5726873324111855,0.06792581991816297,False
20260803T181855Z-86cfbe2a805d-rtx3080_topk_gate_release_v2,topk_gate.release.main.e2_t16,topk_gate,cuda_vector_pair_top2_v3,L1_kernel_body,warm,5,5,150,8.71423989534,8.7961602211,67.97875094416,19.1087274312976,21.757509737596664,1.1386163634298696,False
20260803T181855Z-86cfbe2a805d-rtx3080_topk_gate_release_v2,topk_gate.release.main.e2_t16,topk_gate,cuda_vector_pair_top2_v3,L2_operator_steady,warm,5,5,150,8.77056002617,8.71424019337,9.408000111583,8.581802654267,0.5461375696773461,0.06363902686643562,False
20260803T181855Z-86cfbe2a805d-rtx3080_topk_gate_release_v2,topk_gate.release.main.e2_t16,topk_gate,cuda_warp_pair_top2_v1,L1_kernel_body,warm,5,5,150,8.90367984772,8.86784017086,9.7541117668135,8.908253856499734,0.564188102394427,0.06333318644515032,False
20260803T181855Z-86cfbe2a805d-rtx3080_topk_gate_release_v2,topk_gate.release.main.e2_t16,topk_gate,cuda_warp_pair_top2_v1,L2_operator_steady,warm,5,5,150,9.01632010937,9.02144014835,21.274111866945,11.395618116853933,4.918891312117187,0.43164760890348075,False
20260803T181855Z-86cfbe2a805d-rtx3080_topk_gate_release_v2,topk_gate.release.main.e2_t2,topk_gate,cuda_local_pair_two_reduce_top2_v4,L1_kernel_body,warm,5,5,150,8.47360014915,8.83711993694,22.222847938545,11.665885869662334,5.36504393083467,0.4598916868188047,False
20260803T181855Z-86cfbe2a805d-rtx3080_topk_gate_release_v2,topk_gate.release.main.e2_t2,topk_gate,cuda_local_pair_two_reduce_top2_v4,L2_operator_steady,warm,5,5,150,8.65791976452,8.524799942969999,31.8371832371,13.027464509009201,9.385815853672579,0.7204637438990354,False
20260803T181855Z-86cfbe2a805d-rtx3080_topk_gate_release_v2,topk_gate.release.main.e2_t2,topk_gate,cuda_naive,L1_kernel_body,warm,5,5,150,8.50431978703,8.524799942969999,20.286463499045,10.702916288375867,4.6964321901225015,0.4387993013850966,True
20260803T181855Z-86cfbe2a805d-rtx3080_topk_gate_release_v2,topk_gate.release.main.e2_t2,topk_gate,cuda_naive,L2_operator_steady,warm,5,5,150,8.816639781,8.816639781,20.215808033934998,10.9748907009772,4.5895238150735524,0.41818401113232984,True
20260803T181855Z-86cfbe2a805d-rtx3080_topk_gate_release_v2,topk_gate.release.main.e2_t2,topk_gate,cuda_subwarp_pair_top2_v2,L1_kernel_body,warm,5,5,150,8.52479994297,8.52991998196,21.388800740245,11.355409049986067,7.886015299877764,0.6944721467244229,False
20260803T181855Z-86cfbe2a805d-rtx3080_topk_gate_release_v2,topk_gate.release.main.e2_t2,topk_gate,cuda_subwarp_pair_top2_v2,L2_operator_steady,warm,5,5,150,8.11519980431,8.17152023315,9.176064133642498,8.221286404132467,0.7090597423884785,0.08624681193834415,False
20260803T181855Z-86cfbe2a805d-rtx3080_topk_gate_release_v2,topk_gate.release.main.e2_t2,topk_gate,cuda_vector_pair_top2_v3,L1_kernel_body,warm,5,5,150,8.42751979828,8.37119996548,9.4330879747875,8.361847452323,0.6529011876745954,0.0780809733013263,False
20260803T181855Z-86cfbe2a805d-rtx3080_topk_gate_release_v2,topk_gate.release.main.e2_t2,topk_gate,cuda_vector_pair_top2_v3,L2_operator_steady,warm,5,5,150,8.73472005129,8.801279962065,20.020223855944998,10.923008004822467,4.511458259737138,0.4130234325329933,False
20260803T181855Z-86cfbe2a805d-rtx3080_topk_gate_release_v2,topk_gate.release.main.e2_t2,topk_gate,cuda_warp_pair_top2_v1,L1_kernel_body,warm,5,5,150,8.69376003742,8.739839792255,21.41030490399,11.130265581609132,5.100936677817413,0.4582942464774463,False
20260803T181855Z-86cfbe2a805d-rtx3080_topk_gate_release_v2,topk_gate.release.main.e2_t2,topk_gate,cuda_warp_pair_top2_v1,L2_operator_steady,warm,5,5,150,8.8831999898,8.862720131875,9.478656053546,8.867840003967334,0.3569243744979418,0.04024930246128249,False
20260803T181855Z-86cfbe2a805d-rtx3080_topk_gate_release_v2,topk_gate.release.main.e2_t2048,topk_gate,cuda_local_pair_two_reduce_top2_v4,L1_kernel_body,warm,5,5,150,8.59136015177,8.78592014313,20.186111807834997,10.871671454113134,4.621654832306273,0.42510986942653967,False
20260803T181855Z-86cfbe2a805d-rtx3080_topk_gate_release_v2,topk_gate.release.main.e2_t2048,topk_gate,cuda_local_pair_two_reduce_top2_v4,L2_operator_steady,warm,5,5,150,8.6374399066,8.57600003481,10.493952095483476,8.8828586697578,2.1798548095421073,0.24540014544681968,False
20260803T181855Z-86cfbe2a805d-rtx3080_topk_gate_release_v2,topk_gate.release.main.e2_t2048,topk_gate,cuda_naive,L1_kernel_body,warm,5,5,150,8.73984009027,8.42751979828,9.4571518898035,8.451481616497068,0.5786543245675443,0.06846779663319937,True
20260803T181855Z-86cfbe2a805d-rtx3080_topk_gate_release_v2,topk_gate.release.main.e2_t2048,topk_gate,cuda_naive,L2_operator_steady,warm,5,5,150,8.6067199707,8.75519990921,20.5619192123,10.890990932781934,4.821663230971299,0.44272034204509986,True
20260803T181855Z-86cfbe2a805d-rtx3080_topk_gate_release_v2,topk_gate.release.main.e2_t2048,topk_gate,cuda_subwarp_pair_top2_v2,L1_kernel_body,warm,5,5,150,8.514559865,8.586239814755,9.34912025928,8.535381317138667,0.44474568706375617,0.05210612983051227,False
20260803T181855Z-86cfbe2a805d-rtx3080_topk_gate_release_v2,topk_gate.release.main.e2_t2048,topk_gate,cuda_subwarp_pair_top2_v2,L2_operator_steady,warm,5,5,150,8.52991998196,8.668159842489999,20.342271924000002,10.875767393906933,4.764808928291354,0.43811243434286784,False
20260803T181855Z-86cfbe2a805d-rtx3080_topk_gate_release_v2,topk_gate.release.main.e2_t2048,topk_gate,cuda_vector_pair_top2_v3,L1_kernel_body,warm,5,5,150,8.17663997412,8.350719809535,9.360384017225,8.312490673860001,0.6533070835159537,0.07859342153253604,False
20260803T181855Z-86cfbe2a805d-rtx3080_topk_gate_release_v2,topk_gate.release.main.e2_t2048,topk_gate,cuda_vector_pair_top2_v3,L2_operator_steady,warm,5,5,150,8.75007987022,8.729600012305,30.6539517641,12.785800532498667,8.878237824190688,0.6943826318597868,False
20260803T181855Z-86cfbe2a805d-rtx3080_topk_gate_release_v2,topk_gate.release.main.e2_t2048,topk_gate,cuda_warp_pair_top2_v1,L1_kernel_body,warm,5,5,150,8.70911985636,8.616960048675,9.495551854374499,8.659353613853867,0.5220583370097921,0.060288372584134345,False
20260803T181855Z-86cfbe2a805d-rtx3080_topk_gate_release_v2,topk_gate.release.main.e2_t2048,topk_gate,cuda_warp_pair_top2_v1,L2_operator_steady,warm,5,5,150,8.75008016825,8.59647989273,10.392575681184994,8.724586641788267,0.725484608203489,0.08315403789202183,False
20260803T181855Z-86cfbe2a805d-rtx3080_topk_gate_release_v2,topk_gate.release.main.e2_t256,topk_gate,cuda_local_pair_two_reduce_top2_v4,L1_kernel_body,warm,5,5,150,8.59135985374,8.524799942969999,9.366016060114,8.5148330529534,0.5348897396824756,0.06281858215610547,False
20260803T181855Z-86cfbe2a805d-rtx3080_topk_gate_release_v2,topk_gate.release.main.e2_t256,topk_gate,cuda_local_pair_two_reduce_top2_v4,L2_operator_steady,warm,5,5,150,8.07424008846,8.23296010494,9.2216318845735,8.232072512308667,0.5319663612732211,0.06462119478148672,False
20260803T181855Z-86cfbe2a805d-rtx3080_topk_gate_release_v2,topk_gate.release.main.e2_t256,topk_gate,cuda_naive,L1_kernel_body,warm,5,5,150,8.28415989876,8.39680016041,20.265983343145002,10.692539795239867,4.7771242731184405,0.4467717085556355,True
20260803T181855Z-86cfbe2a805d-rtx3080_topk_gate_release_v2,topk_gate.release.main.e2_t256,topk_gate,cuda_naive,L2_operator_steady,warm,5,5,150,8.76543998718,8.85760009289,20.398080349,10.931950898963935,4.743161216597368,0.4338805818316378,True
20260803T181855Z-86cfbe2a805d-rtx3080_topk_gate_release_v2,topk_gate.release.main.e2_t256,topk_gate,cuda_subwarp_pair_top2_v2,L1_kernel_body,warm,5,5,150,8.70400011539,8.647679984565,9.524736076594497,8.6160725315404,0.6986624113647091,0.08108826948788472,False
20260803T181855Z-86cfbe2a805d-rtx3080_topk_gate_release_v2,topk_gate.release.main.e2_t256,topk_gate,cuda_subwarp_pair_top2_v2,L2_operator_steady,warm,5,5,150,8.08448016644,8.17151993513,43.30035138129,14.959001636505333,13.712546993560062,0.9166752786560652,False
20260803T181855Z-86cfbe2a805d-rtx3080_topk_gate_release_v2,topk_gate.release.main.e2_t256,topk_gate,cuda_vector_pair_top2_v3,L1_kernel_body,warm,5,5,150,8.0025601387,8.24319988489,50.88358235357498,13.604044791062801,14.25626396100542,1.0479430331169663,False
20260803T181855Z-86cfbe2a805d-rtx3080_topk_gate_release_v2,topk_gate.release.main.e2_t256,topk_gate,cuda_vector_pair_top2_v3,L2_operator_steady,warm,5,5,150,8.34048002958,8.47872018814,20.2455031872,10.715886970359467,4.759440957971028,0.4441481112236267,False
20260803T181855Z-86cfbe2a805d-rtx3080_topk_gate_release_v2,topk_gate.release.main.e2_t256,topk_gate,cuda_warp_pair_top2_v1,L1_kernel_body,warm,5,5,150,8.89343976974,9.00095999241,82.47091245653499,22.426624151070936,27.120751845605103,1.2093104901974294,False
20260803T181855Z-86cfbe2a805d-rtx3080_topk_gate_release_v2,topk_gate.release.main.e2_t256,topk_gate,cuda_warp_pair_top2_v1,L2_operator_steady,warm,5,5,150,9.04703974724,8.91391992569,21.2229114771,11.161873050530266,5.0033465589345125,0.4482533116336437,False
20260803T181855Z-86cfbe2a805d-rtx3080_topk_gate_release_v2,topk_gate.release.main.e2_t32,topk_gate,cuda_local_pair_two_reduce_top2_v4,L1_kernel_body,warm,5,5,150,8.47360014915,8.49919974804,19.564031958599998,10.597102936110668,4.485808744696161,0.423305196877,False
20260803T181855Z-86cfbe2a805d-rtx3080_topk_gate_release_v2,topk_gate.release.main.e2_t32,topk_gate,cuda_local_pair_two_reduce_top2_v4,L2_operator_steady,warm,5,5,150,8.6374399066,8.67327988148,20.286463499045,10.834261385599401,4.7314284526519605,0.4367098304403883,False
20260803T181855Z-86cfbe2a805d-rtx3080_topk_gate_release_v2,topk_gate.release.main.e2_t32,topk_gate,cuda_naive,L1_kernel_body,warm,5,5,150,8.82687985897,8.59647989273,9.406976103786,8.499950905641267,0.5934938624638822,0.06982321063407447,True
20260803T181855Z-86cfbe2a805d-rtx3080_topk_gate_release_v2,topk_gate.release.main.e2_t32,topk_gate,cuda_naive,L2_operator_steady,warm,5,5,150,8.4838399291,8.657919764515,20.132864713645,10.738210129735933,4.69421167853877,0.4371502905814535,True
20260803T181855Z-86cfbe2a805d-rtx3080_topk_gate_release_v2,topk_gate.release.main.e2_t32,topk_gate,cuda_subwarp_pair_top2_v2,L1_kernel_body,warm,5,5,150,8.13055992126,8.09984028339,20.4083204269,10.4972288131708,4.9495533589856056,0.47151047643883265,False
20260803T181855Z-86cfbe2a805d-rtx3080_topk_gate_release_v2,topk_gate.release.main.e2_t32,topk_gate,cuda_subwarp_pair_top2_v2,L2_operator_steady,warm,5,5,150,8.3353599906,8.45311999321,31.8371832371,13.001932843525266,9.40657109209116,0.7234748252661116,False
20260803T181855Z-86cfbe2a805d-rtx3080_topk_gate_release_v2,topk_gate.release.main.e2_t32,topk_gate,cuda_vector_pair_top2_v3,L1_kernel_body,warm,5,5,150,8.22272002697,8.26367974281,9.247744083402498,8.324437352021134,0.5233066460716853,0.06286390586441605,False
20260803T181855Z-86cfbe2a805d-rtx3080_topk_gate_release_v2,topk_gate.release.main.e2_t32,topk_gate,cuda_vector_pair_top2_v3,L2_operator_steady,warm,5,5,150,8.23808014393,8.22272002697,20.1681929827,10.4897194703428,4.846107685005086,0.4619863952230857,False
20260803T181855Z-86cfbe2a805d-rtx3080_topk_gate_release_v2,topk_gate.release.main.e2_t32,topk_gate,cuda_warp_pair_top2_v1,L1_kernel_body,warm,5,5,150,8.77056002617,8.698880076405,9.493504166602499,8.650410644213599,0.4737102870049245,0.05476159531476082,False
20260803T181855Z-86cfbe2a805d-rtx3080_topk_gate_release_v2,topk_gate.release.main.e2_t32,topk_gate,cuda_warp_pair_top2_v1,L2_operator_steady,warm,5,5,150,8.98047983646,8.924160003665,21.202431321145,11.205700238544134,5.002940060293343,0.44646384909394426,False
20260803T181855Z-86cfbe2a805d-rtx3080_topk_gate_release_v2,topk_gate.release.main.e2_t4,topk_gate,cuda_local_pair_two_reduce_top2_v4,L1_kernel_body,warm,5,5,150,8.7603199482,8.780800104145,19.953152537344998,10.920823462804199,4.501950409545597,0.4122354348899627,False
20260803T181855Z-86cfbe2a805d-rtx3080_topk_gate_release_v2,topk_gate.release.main.e2_t4,topk_gate,cuda_local_pair_two_reduce_top2_v4,L2_operator_steady,warm,5,5,150,8.74495983124,8.91391992569,71.00927925113999,28.560656952857602,25.403941439108102,0.8894732877132345,False
20260803T181855Z-86cfbe2a805d-rtx3080_topk_gate_release_v2,topk_gate.release.main.e2_t4,topk_gate,cuda_naive,L1_kernel_body,warm,5,5,150,8.0895999074,8.07936012745,8.936960101128498,8.159436786174467,0.5259627559907903,0.06446066925624001,True
20260803T181855Z-86cfbe2a805d-rtx3080_topk_gate_release_v2,topk_gate.release.main.e2_t4,topk_gate,cuda_naive,L2_operator_steady,warm,5,5,150,8.72447997332,8.596479892729999,9.4059520959835,8.5096447984374,0.5600078132554435,0.06580860030236232,True
20260803T181855Z-86cfbe2a805d-rtx3080_topk_gate_release_v2,topk_gate.release.main.e2_t4,topk_gate,cuda_subwarp_pair_top2_v2,L1_kernel_body,warm,5,5,150,8.64767998457,8.637440204619999,20.834815979035,10.9051904122034,5.019235803763006,0.4602611796806642,False
20260803T181855Z-86cfbe2a805d-rtx3080_topk_gate_release_v2,topk_gate.release.main.e2_t4,topk_gate,cuda_subwarp_pair_top2_v2,L2_operator_steady,warm,5,5,150,8.16640019417,8.396799862385,9.0065920352935,8.361096501350533,0.5038519995187896,0.060261474010903295,False
20260803T181855Z-86cfbe2a805d-rtx3080_topk_gate_release_v2,topk_gate.release.main.e2_t4,topk_gate,cuda_vector_pair_top2_v3,L1_kernel_body,warm,5,5,150,8.50943982601,8.64256024361,20.6960642338,10.927923186619667,4.909777851778099,0.44928736850838347,False
20260803T181855Z-86cfbe2a805d-rtx3080_topk_gate_release_v2,topk_gate.release.main.e2_t4,topk_gate,cuda_vector_pair_top2_v3,L2_operator_steady,warm,5,5,150,8.45311999321,8.36607992649,9.558015942571995,9.873271473248533,8.195582320209192,0.8300776842219915,False
20260803T181855Z-86cfbe2a805d-rtx3080_topk_gate_release_v2,topk_gate.release.main.e2_t4,topk_gate,cuda_warp_pair_top2_v1,L1_kernel_body,warm,5,5,150,8.95488023758,9.016320109365001,21.157886981944998,11.339844278495267,4.881663378425977,0.4304876908833307,False
20260803T181855Z-86cfbe2a805d-rtx3080_topk_gate_release_v2,topk_gate.release.main.e2_t4,topk_gate,cuda_warp_pair_top2_v1,L2_operator_steady,warm,5,5,150,8.82687985897,8.739839792255,9.408000111583,8.649403750896933,0.5327128522316606,0.06158954623622685,False
20260803T181855Z-86cfbe2a805d-rtx3080_topk_gate_release_v2,topk_gate.release.main.e2_t4096,topk_gate,cuda_local_pair_two_reduce_top2_v4,L1_kernel_body,warm,5,5,150,8.34560006857,8.545280098915,20.258207917184997,10.7142506559698,4.796085852391918,0.44763614427105264,False
20260803T181855Z-86cfbe2a805d-rtx3080_topk_gate_release_v2,topk_gate.release.main.e2_t4096,topk_gate,cuda_local_pair_two_reduce_top2_v4,L2_operator_steady,warm,5,5,150,8.7296000123,8.780800104145,19.90086400509,10.850141839184666,4.4914734595373185,0.4139552759869571,False
20260803T181855Z-86cfbe2a805d-rtx3080_topk_gate_release_v2,topk_gate.release.main.e2_t4096,topk_gate,cuda_naive,L1_kernel_body,warm,5,5,150,8.56063991785,8.596479892729999,20.184065103545002,10.706397875152,4.758446365874781,0.4444488633211032,True
20260803T181855Z-86cfbe2a805d-rtx3080_topk_gate_release_v2,topk_gate.release.main.e2_t4096,topk_gate,cuda_naive,L2_operator_steady,warm,5,5,150,8.75519990921,8.75519990921,20.3832322359,10.887168021998667,4.747583899096617,0.43607151919614223,True
20260803T181855Z-86cfbe2a805d-rtx3080_topk_gate_release_v2,topk_gate.release.main.e2_t4096,topk_gate,cuda_subwarp_pair_top2_v2,L1_kernel_body,warm,5,5,150,8.47360014915,8.360959887505,9.261055856941498,8.376866134007601,0.5874461787820789,0.07012720143601449,False
20260803T181855Z-86cfbe2a805d-rtx3080_topk_gate_release_v2,topk_gate.release.main.e2_t4096,topk_gate,cuda_subwarp_pair_top2_v2,L2_operator_steady,warm,5,5,150,8.67327988148,8.760319948195,20.2137589455,10.846003190677735,4.659814050778072,0.4296342135306798,False
20260803T181855Z-86cfbe2a805d-rtx3080_topk_gate_release_v2,topk_gate.release.main.e2_t4096,topk_gate,cuda_vector_pair_top2_v3,L1_kernel_body,warm,5,5,150,8.44287991524,8.71935993433,19.766272306445,10.684142903488066,4.5305422478319715,0.42404358391283586,False
20260803T181855Z-86cfbe2a805d-rtx3080_topk_gate_release_v2,topk_gate.release.main.e2_t4096,topk_gate,cuda_vector_pair_top2_v3,L2_operator_steady,warm,5,5,150,8.24319988489,8.35583984852,20.261375308045,10.586862977344667,4.823220533833943,0.4555854311286906,False
20260803T181855Z-86cfbe2a805d-rtx3080_topk_gate_release_v2,topk_gate.release.main.e2_t4096,topk_gate,cuda_warp_pair_top2_v1,L1_kernel_body,warm,5,5,150,9.34911996126,9.364479780195,10.863103806934998,9.539174413680934,1.7013110882910336,0.17834992993220042,False
20260803T181855Z-86cfbe2a805d-rtx3080_topk_gate_release_v2,topk_gate.release.main.e2_t4096,topk_gate,cuda_warp_pair_top2_v1,L2_operator_steady,warm,5,5,150,9.42591995001,9.41568017006,10.6757122278,9.616861883798867,1.866698017159896,0.1941067720130873,False
20260803T181855Z-86cfbe2a805d-rtx3080_topk_gate_release_v2,topk_gate.release.main.e2_t512,topk_gate,cuda_local_pair_two_reduce_top2_v4,L1_kernel_body,warm,5,5,150,8.69376003742,8.340480029585,9.278463989494998,8.361506136258466,0.5414620994294854,0.0647565271861146,False
20260803T181855Z-86cfbe2a805d-rtx3080_topk_gate_release_v2,topk_gate.release.main.e2_t512,topk_gate,cuda_local_pair_two_reduce_top2_v4,L2_operator_steady,warm,5,5,150,8.7296000123,8.72448027134,20.8133131266,10.954069375993202,4.963807354993115,0.45314733589981926,False
20260803T181855Z-86cfbe2a805d-rtx3080_topk_gate_release_v2,topk_gate.release.main.e2_t512,topk_gate,cuda_naive,L1_kernel_body,warm,5,5,150,8.33024024963,8.57600003481,23.106559515035,10.715886938572334,5.219908462773162,0.4871186578111289,True
20260803T181855Z-86cfbe2a805d-rtx3080_topk_gate_release_v2,topk_gate.release.main.e2_t512,topk_gate,cuda_naive,L2_operator_steady,warm,5,5,150,8.49408000708,8.42751979828,21.0944008827,10.8354901711146,5.106483119681571,0.47127384539506156,True
20260803T181855Z-86cfbe2a805d-rtx3080_topk_gate_release_v2,topk_gate.release.main.e2_t512,topk_gate,cuda_subwarp_pair_top2_v2,L1_kernel_body,warm,5,5,150,8.7296000123,8.780800104145,20.144128799445,10.898568542798067,4.58176541851795,0.4204006609240116,False
20260803T181855Z-86cfbe2a805d-rtx3080_topk_gate_release_v2,topk_gate.release.main.e2_t512,topk_gate,cuda_subwarp_pair_top2_v2,L2_operator_steady,warm,5,5,150,8.49408000708,8.64767998457,20.4390406609,10.876108805338665,4.830273885115484,0.4441178340128859,False
20260803T181855Z-86cfbe2a805d-rtx3080_topk_gate_release_v2,topk_gate.release.main.e2_t512,topk_gate,cuda_vector_pair_top2_v3,L1_kernel_body,warm,5,5,150,8.26880007982,8.56064021587,20.0965124369,10.6654378652584,4.746394168639159,0.4450257203316579,False
20260803T181855Z-86cfbe2a805d-rtx3080_topk_gate_release_v2,topk_gate.release.main.e2_t512,topk_gate,cuda_vector_pair_top2_v3,L2_operator_steady,warm,5,5,150,8.59647989273,8.47872018814,20.4902410507,10.772889629999932,4.851416655249072,0.45033568725507334,False
20260803T181855Z-86cfbe2a805d-rtx3080_topk_gate_release_v2,topk_gate.release.main.e2_t512,topk_gate,cuda_warp_pair_top2_v1,L1_kernel_body,warm,5,5,150,8.92928004265,8.79615992308,9.53343987465,8.746939710776333,0.48280951794760973,0.05519753581390103,False
20260803T181855Z-86cfbe2a805d-rtx3080_topk_gate_release_v2,topk_gate.release.main.e2_t512,topk_gate,cuda_warp_pair_top2_v1,L2_operator_steady,warm,5,5,150,9.00608003139,8.95488023758,17.296383917345,9.575901869934267,2.3623720559218153,0.24669969346062562,False
20260803T181855Z-86cfbe2a805d-rtx3080_topk_gate_release_v2,topk_gate.release.main.e2_t64,topk_gate,cuda_local_pair_two_reduce_top2_v4,L1_kernel_body,warm,5,5,150,8.44799995422,8.57087999582,30.454784631745,11.8836565653476,7.20471554581324,0.6062709323679029,False
20260803T181855Z-86cfbe2a805d-rtx3080_topk_gate_release_v2,topk_gate.release.main.e2_t64,topk_gate,cuda_local_pair_two_reduce_top2_v4,L2_operator_steady,warm,5,5,150,8.22271972895,8.273919820785,58.98956894874999,17.6734208782524,19.440548836427684,1.099987884085858,False
20260803T181855Z-86cfbe2a805d-rtx3080_topk_gate_release_v2,topk_gate.release.main.e2_t64,topk_gate,cuda_naive,L1_kernel_body,warm,5,5,150,8.77056002617,8.668160140514999,20.471808910344997,10.809344017505,4.829763406454582,0.4468137380615426,True
20260803T181855Z-86cfbe2a805d-rtx3080_topk_gate_release_v2,topk_gate.release.main.e2_t64,topk_gate,cuda_naive,L2_operator_steady,warm,5,5,150,8.70912015438,8.729600012305,20.5619192123,10.877542392412133,4.835578713335238,0.44454698854664093,True
20260803T181855Z-86cfbe2a805d-rtx3080_topk_gate_release_v2,topk_gate.release.main.e2_t64,topk_gate,cuda_subwarp_pair_top2_v2,L1_kernel_body,warm,5,5,150,8.55551987886,8.709120154379999,20.2956795692,10.8901717503862,4.728269516931888,0.4341776810603752,False
20260803T181855Z-86cfbe2a805d-rtx3080_topk_gate_release_v2,topk_gate.release.main.e2_t64,topk_gate,cuda_subwarp_pair_top2_v2,L2_operator_steady,warm,5,5,150,8.75519990921,8.77568006516,19.492351949245,10.7118591864902,4.447175394238816,0.4151637280526984,False
20260803T181855Z-86cfbe2a805d-rtx3080_topk_gate_release_v2,topk_gate.release.main.e2_t64,topk_gate,cuda_vector_pair_top2_v3,L1_kernel_body,warm,5,5,150,8.39679986238,8.678399920465,20.465152859699998,10.7419647852596,4.847311527407351,0.4512499923718756,False
20260803T181855Z-86cfbe2a805d-rtx3080_topk_gate_release_v2,topk_gate.release.main.e2_t64,topk_gate,cuda_vector_pair_top2_v3,L2_operator_steady,warm,5,5,150,8.28415989876,8.442879915235,64.29235148431499,19.055684228738468,21.56866921544569,1.1318758726552214,False
20260803T181855Z-86cfbe2a805d-rtx3080_topk_gate_release_v2,topk_gate.release.main.e2_t64,topk_gate,cuda_warp_pair_top2_v1,L1_kernel_body,warm,5,5,150,8.75007987022,8.652800023554999,9.6107518672935,8.686387213070933,0.548661608840617,0.0631633837385251,False
20260803T181855Z-86cfbe2a805d-rtx3080_topk_gate_release_v2,topk_gate.release.main.e2_t64,topk_gate,cuda_warp_pair_top2_v1,L2_operator_steady,warm,5,5,150,8.84223997593,8.91903996468,20.7621127367,11.198122664293134,4.738871205859472,0.42318443438470826,False
20260803T181855Z-86cfbe2a805d-rtx3080_topk_gate_release_v2,topk_gate.release.main.e2_t8,topk_gate,cuda_local_pair_two_reduce_top2_v4,L1_kernel_body,warm,5,5,150,8.46336007118,8.46848011017,9.360384017225,8.5191338777538,0.5010389416323385,0.058813366337710976,False
20260803T181855Z-86cfbe2a805d-rtx3080_topk_gate_release_v2,topk_gate.release.main.e2_t8,topk_gate,cuda_local_pair_two_reduce_top2_v4,L2_operator_steady,warm,5,5,150,8.35072010756,8.39168012142,9.4003200531,8.437077343464399,0.589811763862477,0.06990711828893711,False
20260803T181855Z-86cfbe2a805d-rtx3080_topk_gate_release_v2,topk_gate.release.main.e2_t8,topk_gate,cuda_naive,L1_kernel_body,warm,5,5,150,8.58111977577,8.606719970705,20.619775652845,10.829960560797534,4.878881812132582,0.4504985761253127,True
20260803T181855Z-86cfbe2a805d-rtx3080_topk_gate_release_v2,topk_gate.release.main.e2_t8,topk_gate,cuda_naive,L2_operator_steady,warm,5,5,150,8.36607992649,8.43775987625,10.363904118529993,8.700381863117133,1.8868442427624363,0.21686912970581113,True
20260803T181855Z-86cfbe2a805d-rtx3080_topk_gate_release_v2,topk_gate.release.main.e2_t8,topk_gate,cuda_subwarp_pair_top2_v2,L1_kernel_body,warm,5,5,150,8.67839992046,8.74495983124,20.112384557745003,10.959052832921534,4.631770601038552,0.4226433316503854,False
20260803T181855Z-86cfbe2a805d-rtx3080_topk_gate_release_v2,topk_gate.release.main.e2_t8,topk_gate,cuda_subwarp_pair_top2_v2,L2_operator_steady,warm,5,5,150,8.20735991001,8.39680016041,9.303551912309,8.396799997488934,0.533407336655619,0.06352507345835731,False
20260803T181855Z-86cfbe2a805d-rtx3080_topk_gate_release_v2,topk_gate.release.main.e2_t8,topk_gate,cuda_vector_pair_top2_v3,L1_kernel_body,warm,5,5,150,7.7875199914,7.99232006073,8.914431929589,8.015325872103467,0.61684952413725,0.07695875800684941,False
20260803T181855Z-86cfbe2a805d-rtx3080_topk_gate_release_v2,topk_gate.release.main.e2_t8,topk_gate,cuda_vector_pair_top2_v3,L2_operator_steady,warm,5,5,150,8.6374399066,8.59135985374,9.279487997291998,8.448887447516,0.5419181500887924,0.06414077042156811,False
20260803T181855Z-86cfbe2a805d-rtx3080_topk_gate_release_v2,topk_gate.release.main.e2_t8,topk_gate,cuda_warp_pair_top2_v1,L1_kernel_body,warm,5,5,150,8.76543998718,8.831999897955,20.9407997131,11.167197823524466,4.862990467664965,0.4354709699348876,False
20260803T181855Z-86cfbe2a805d-rtx3080_topk_gate_release_v2,topk_gate.release.main.e2_t8,topk_gate,cuda_warp_pair_top2_v1,L2_operator_steady,warm,5,5,150,8.6732801795,8.56064021587,21.9545602798,11.075037884711067,5.425494071725165,0.48988492212879764,False
20260803T181855Z-86cfbe2a805d-rtx3080_topk_gate_release_v2,topk_gate.release.main.e31_t1,topk_gate,cuda_local_pair_two_reduce_top2_v4,L1_kernel_body,warm,5,5,150,8.67839992046,8.78592014313,31.325184106845,13.087948791186534,9.109863807945393,0.6960497747423954,False
20260803T181855Z-86cfbe2a805d-rtx3080_topk_gate_release_v2,topk_gate.release.main.e31_t1,topk_gate,cuda_local_pair_two_reduce_top2_v4,L2_operator_steady,warm,5,5,150,8.90368014574,8.81152004004,33.0649590492,13.383953066665667,9.789073887826685,0.7314037817576888,False
20260803T181855Z-86cfbe2a805d-rtx3080_topk_gate_release_v2,topk_gate.release.main.e31_t1,topk_gate,cuda_naive,L1_kernel_body,warm,5,5,150,8.19712013006,8.32512021065,9.5800322294235,8.386628290017667,0.6330678086499313,0.0754853782423446,True
20260803T181855Z-86cfbe2a805d-rtx3080_topk_gate_release_v2,topk_gate.release.main.e31_t1,topk_gate,cuda_naive,L2_operator_steady,warm,5,5,150,8.14079999924,8.23296010494,21.9750404358,10.8995925625162,5.498610840139462,0.5044785673043629,True
20260803T181855Z-86cfbe2a805d-rtx3080_topk_gate_release_v2,topk_gate.release.main.e31_t1,topk_gate,cuda_subwarp_pair_top2_v2,L1_kernel_body,warm,5,5,150,8.20736020803,8.25856000185,9.149440199133998,8.3026602625844,0.5274010329540573,0.0635219334856767,False
20260803T181855Z-86cfbe2a805d-rtx3080_topk_gate_release_v2,topk_gate.release.main.e31_t1,topk_gate,cuda_subwarp_pair_top2_v2,L2_operator_steady,warm,5,5,150,8.41215997934,8.52991998196,21.658624410644997,11.082001078128465,5.254900185671244,0.4741833310269533,False
20260803T181855Z-86cfbe2a805d-rtx3080_topk_gate_release_v2,topk_gate.release.main.e31_t1,topk_gate,cuda_vector_pair_top2_v3,L1_kernel_body,warm,5,5,150,8.77056002617,8.791039884095,21.278719902,11.133269353705867,5.046655091712225,0.4532949784451567,False
20260803T181855Z-86cfbe2a805d-rtx3080_topk_gate_release_v2,topk_gate.release.main.e31_t1,topk_gate,cuda_vector_pair_top2_v3,L2_operator_steady,warm,5,5,150,8.51456016302,8.40704023838,9.42080020905,8.474965349832933,0.5490211690047786,0.06478152373987009,False
20260803T181855Z-86cfbe2a805d-rtx3080_topk_gate_release_v2,topk_gate.release.main.e31_t1,topk_gate,cuda_warp_pair_top2_v1,L1_kernel_body,warm,5,5,150,8.27391982079,8.33536028862,21.4527988434,10.9065557400402,5.270682457250161,0.48325819652673724,False
20260803T181855Z-86cfbe2a805d-rtx3080_topk_gate_release_v2,topk_gate.release.main.e31_t1,topk_gate,cuda_warp_pair_top2_v1,L2_operator_steady,warm,5,5,150,8.37119996548,8.545280098915,21.571071744,11.051076285046534,5.258635583060189,0.4758482746314737,False
20260803T181855Z-86cfbe2a805d-rtx3080_topk_gate_release_v2,topk_gate.release.main.e31_t1024,topk_gate,cuda_local_pair_two_reduce_top2_v4,L1_kernel_body,warm,5,5,150,8.52480024099,8.801279962065,21.857791542999998,11.419989347457067,5.219275550329809,0.45702980900695894,False
20260803T181855Z-86cfbe2a805d-rtx3080_topk_gate_release_v2,topk_gate.release.main.e31_t1024,topk_gate,cuda_local_pair_two_reduce_top2_v4,L2_operator_steady,warm,5,5,150,8.49920004606,8.69376003742,31.79161596299,13.202705109121133,9.277489212810925,0.7026960866073985,False
20260803T181855Z-86cfbe2a805d-rtx3080_topk_gate_release_v2,topk_gate.release.main.e31_t1024,topk_gate,cuda_naive,L1_kernel_body,warm,5,5,150,10.2297598124,10.2604794502,22.140927314745,12.241305553912266,4.912631112062445,0.4013159454624013,True
20260803T181855Z-86cfbe2a805d-rtx3080_topk_gate_release_v2,topk_gate.release.main.e31_t1024,topk_gate,cuda_naive,L2_operator_steady,warm,5,5,150,10.3884804249,10.352640152,73.13868832588,22.217113633952,24.730128523023218,1.1131116728516368,True
20260803T181855Z-86cfbe2a805d-rtx3080_topk_gate_release_v2,topk_gate.release.main.e31_t1024,topk_gate,cuda_subwarp_pair_top2_v2,L1_kernel_body,warm,5,5,150,8.64255994558,8.86784017086,52.63871979711499,15.149943470954334,13.356716488632756,0.8816347410299203,False
20260803T181855Z-86cfbe2a805d-rtx3080_topk_gate_release_v2,topk_gate.release.main.e31_t1024,topk_gate,cuda_subwarp_pair_top2_v2,L2_operator_steady,warm,5,5,150,8.7603199482,8.77568006516,21.4425611496,11.185220289230534,5.143433011596684,0.4598419055321544,False
20260803T181855Z-86cfbe2a805d-rtx3080_topk_gate_release_v2,topk_gate.release.main.e31_t1024,topk_gate,cuda_vector_pair_top2_v3,L1_kernel_body,warm,5,5,150,8.3916798234,8.48896026611,9.279487997291998,8.468616565068933,0.4634743504923565,0.05472846089219343,False
20260803T181855Z-86cfbe2a805d-rtx3080_topk_gate_release_v2,topk_gate.release.main.e31_t1024,topk_gate,cuda_vector_pair_top2_v3,L2_operator_steady,warm,5,5,150,8.63232016563,8.74495983124,65.25439858433501,19.738760431608267,22.14544395002253,1.1219267809016198,False
20260803T181855Z-86cfbe2a805d-rtx3080_topk_gate_release_v2,topk_gate.release.main.e31_t1024,topk_gate,cuda_warp_pair_top2_v1,L1_kernel_body,warm,5,5,150,8.53504002094,8.683519959449999,22.030336856835,11.273352507749333,5.338749175368877,0.4735724507593465,False
20260803T181855Z-86cfbe2a805d-rtx3080_topk_gate_release_v2,topk_gate.release.main.e31_t1024,topk_gate,cuda_warp_pair_top2_v1,L2_operator_steady,warm,5,5,150,8.49919974804,8.48896026611,22.195711731899998,9.499374910195266,3.4369276955015504,0.3618056691091164,False
20260803T181855Z-86cfbe2a805d-rtx3080_topk_gate_release_v2,topk_gate.release.main.e31_t128,topk_gate,cuda_local_pair_two_reduce_top2_v4,L1_kernel_body,warm,5,5,150,8.67839992046,8.663039803505,21.30422484874,11.056744519868666,5.0930402430105195,0.4606274689496955,False
20260803T181855Z-86cfbe2a805d-rtx3080_topk_gate_release_v2,topk_gate.release.main.e31_t128,topk_gate,cuda_local_pair_two_reduce_top2_v4,L2_operator_steady,warm,5,5,150,8.42240005732,8.64256024361,76.527103662515,21.514513123036668,26.112063191689888,1.2136952875652294,False
20260803T181855Z-86cfbe2a805d-rtx3080_topk_gate_release_v2,topk_gate.release.main.e31_t128,topk_gate,cuda_naive,L1_kernel_body,warm,5,5,150,9.83040004969,9.87136006355,81.715199470485,23.6479829867652,27.8391236915913,1.1772303670537867,True
20260803T181855Z-86cfbe2a805d-rtx3080_topk_gate_release_v2,topk_gate.release.main.e31_t128,topk_gate,cuda_naive,L2_operator_steady,warm,5,5,150,9.57952022552,9.7023999691,22.035967588425,10.2359039823226,3.217287404890602,0.3143139492561532,True
20260803T181855Z-86cfbe2a805d-rtx3080_topk_gate_release_v2,topk_gate.release.main.e31_t128,topk_gate,cuda_subwarp_pair_top2_v2,L1_kernel_body,warm,5,5,150,8.1561601162,8.36096018553,33.377791047100004,13.289540274938,9.983067078561188,0.7511973230095623,False
20260803T181855Z-86cfbe2a805d-rtx3080_topk_gate_release_v2,topk_gate.release.main.e31_t128,topk_gate,cuda_subwarp_pair_top2_v2,L2_operator_steady,warm,5,5,150,8.44287991524,8.483839929105,68.159487247445,19.662301802635668,22.6962189584189,1.1543012199810982,False
20260803T181855Z-86cfbe2a805d-rtx3080_topk_gate_release_v2,topk_gate.release.main.e31_t128,topk_gate,cuda_vector_pair_top2_v3,L1_kernel_body,warm,5,5,150,8.30975979567,8.43775987625,69.30534482003999,20.2597717324888,23.829239932904663,1.1761850156826703,False
20260803T181855Z-86cfbe2a805d-rtx3080_topk_gate_release_v2,topk_gate.release.main.e31_t128,topk_gate,cuda_vector_pair_top2_v3,L2_operator_steady,warm,5,5,150,8.59648019075,8.46848011017,9.5493119955035,8.5232298930488,0.5877367524162214,0.06895704560257791,False
20260803T181855Z-86cfbe2a805d-rtx3080_topk_gate_release_v2,topk_gate.release.main.e31_t128,topk_gate,cuda_warp_pair_top2_v1,L1_kernel_body,warm,5,5,150,8.35584014654,8.37632000446,9.2113918066035,8.4194645206132,0.5090390322730636,0.06045978708346521,False
20260803T181855Z-86cfbe2a805d-rtx3080_topk_gate_release_v2,topk_gate.release.main.e31_t128,topk_gate,cuda_warp_pair_top2_v1,L2_operator_steady,warm,5,5,150,8.13055992126,8.38144004345,20.884991288200002,10.87010134856,5.000687018482751,0.46004051463100754,False
20260803T181855Z-86cfbe2a805d-rtx3080_topk_gate_release_v2,topk_gate.release.main.e31_t16,topk_gate,cuda_local_pair_two_reduce_top2_v4,L1_kernel_body,warm,5,5,150,8.19712013006,8.340480029585,60.67660856246,14.359688548247535,16.44231504320198,1.1450328458000303,False
20260803T181855Z-86cfbe2a805d-rtx3080_topk_gate_release_v2,topk_gate.release.main.e31_t16,topk_gate,cuda_local_pair_two_reduce_top2_v4,L2_operator_steady,warm,5,5,150,8.29952001572,8.37632000446,10.511360168434997,8.614229309558333,0.8127115030330959,0.09434523668081517,False
20260803T181855Z-86cfbe2a805d-rtx3080_topk_gate_release_v2,topk_gate.release.main.e31_t16,topk_gate,cuda_naive,L1_kernel_body,warm,5,5,150,8.38144004345,8.432639837265,9.3726721107945,8.514150424798466,0.4736013748324391,0.05562520641554785,True
20260803T181855Z-86cfbe2a805d-rtx3080_topk_gate_release_v2,topk_gate.release.main.e31_t16,topk_gate,cuda_naive,L2_operator_steady,warm,5,5,150,8.42751979828,8.46848011017,9.442815929652994,8.662562127907867,1.746354565353252,0.20159792675276567,True
20260803T181855Z-86cfbe2a805d-rtx3080_topk_gate_release_v2,topk_gate.release.main.e31_t16,topk_gate,cuda_subwarp_pair_top2_v2,L1_kernel_body,warm,5,5,150,8.38656008244,8.40704023838,21.918720006935,11.1202986399338,5.515255268713783,0.4959628735965867,False
20260803T181855Z-86cfbe2a805d-rtx3080_topk_gate_release_v2,topk_gate.release.main.e31_t16,topk_gate,cuda_subwarp_pair_top2_v2,L2_operator_steady,warm,5,5,150,8.67840021849,8.85760009289,32.74137604238,13.106858674684533,9.173003287868355,0.6998628363625915,False
20260803T181855Z-86cfbe2a805d-rtx3080_topk_gate_release_v2,topk_gate.release.main.e31_t16,topk_gate,cuda_vector_pair_top2_v3,L1_kernel_body,warm,5,5,150,9.07775998116,9.047039747235,21.045248508445,11.270690103373333,4.8593350140245075,0.4311479571752312,False
20260803T181855Z-86cfbe2a805d-rtx3080_topk_gate_release_v2,topk_gate.release.main.e31_t16,topk_gate,cuda_vector_pair_top2_v3,L2_operator_steady,warm,5,5,150,8.64256024361,8.637440204619999,21.1558389664,10.973388759295334,5.0738779159625444,0.4623802206647027,False
20260803T181855Z-86cfbe2a805d-rtx3080_topk_gate_release_v2,topk_gate.release.main.e31_t16,topk_gate,cuda_warp_pair_top2_v1,L1_kernel_body,warm,5,5,150,8.51968020201,8.637440204619999,21.6017919779,11.103095424174734,5.248713959551304,0.47272528597054975,False
20260803T181855Z-86cfbe2a805d-rtx3080_topk_gate_release_v2,topk_gate.release.main.e31_t16,topk_gate,cuda_warp_pair_top2_v1,L2_operator_steady,warm,5,5,150,8.14592003822,8.2483202219,9.238832116125,8.304168530305068,0.5111835851474186,0.06155746758774407,False
20260803T181855Z-86cfbe2a805d-rtx3080_topk_gate_release_v2,topk_gate.release.main.e31_t2,topk_gate,cuda_local_pair_two_reduce_top2_v4,L1_kernel_body,warm,5,5,150,8.50943982601,8.750079870225001,59.802110671994996,16.824729569753064,18.354644917701574,1.0909325372277567,False
20260803T181855Z-86cfbe2a805d-rtx3080_topk_gate_release_v2,topk_gate.release.main.e31_t2,topk_gate,cuda_local_pair_two_reduce_top2_v4,L2_operator_steady,warm,5,5,150,8.67327988148,8.714240193365,71.82950401305997,21.019033594925002,25.411491484345518,1.2089752542419965,False
20260803T181855Z-86cfbe2a805d-rtx3080_topk_gate_release_v2,topk_gate.release.main.e31_t2,topk_gate,cuda_naive,L1_kernel_body,warm,5,5,150,8.16128015518,8.24319988489,32.349184751500005,13.127202149231266,9.838458553173057,0.7494710937889534,True
20260803T181855Z-86cfbe2a805d-rtx3080_topk_gate_release_v2,topk_gate.release.main.e31_t2,topk_gate,cuda_naive,L2_operator_steady,warm,5,5,150,8.23295980692,8.371199965475,9.3624320328245,8.436121610800733,0.5299390061095685,0.06281784812479346,True
20260803T181855Z-86cfbe2a805d-rtx3080_topk_gate_release_v2,topk_gate.release.main.e31_t2,topk_gate,cuda_subwarp_pair_top2_v2,L1_kernel_body,warm,5,5,150,8.24319988489,8.473600149155,11.60601615909,8.856029860179,1.2067712565449857,0.13626549092513948,False
20260803T181855Z-86cfbe2a805d-rtx3080_topk_gate_release_v2,topk_gate.release.main.e31_t2,topk_gate,cuda_subwarp_pair_top2_v2,L2_operator_steady,warm,5,5,150,8.24320018291,8.540160059929999,21.372928619344997,10.988612254459667,5.194556094796384,0.47272175726176907,False
20260803T181855Z-86cfbe2a805d-rtx3080_topk_gate_release_v2,topk_gate.release.main.e31_t2,topk_gate,cuda_vector_pair_top2_v3,L1_kernel_body,warm,5,5,150,8.40703994036,8.35583984852,9.237504005432498,8.447726953029735,0.4842440315969963,0.05732240569438914,False
20260803T181855Z-86cfbe2a805d-rtx3080_topk_gate_release_v2,topk_gate.release.main.e31_t2,topk_gate,cuda_vector_pair_top2_v3,L2_operator_steady,warm,5,5,150,8.84736001492,8.924160003665,23.045615553839998,11.6605759779622,5.912719576374004,0.5070692552022039,False
20260803T181855Z-86cfbe2a805d-rtx3080_topk_gate_release_v2,topk_gate.release.main.e31_t2,topk_gate,cuda_warp_pair_top2_v1,L1_kernel_body,warm,5,5,150,8.53504002094,8.473600149155,21.4128649235,10.9610325455664,5.2121584129449685,0.47551710035321637,False
20260803T181855Z-86cfbe2a805d-rtx3080_topk_gate_release_v2,topk_gate.release.main.e31_t2,topk_gate,cuda_warp_pair_top2_v1,L2_operator_steady,warm,5,5,150,8.87296020985,8.683519959449999,9.52319979668,8.635460245609133,0.6245929130587476,0.07232885049483424,False
20260803T181855Z-86cfbe2a805d-rtx3080_topk_gate_release_v2,topk_gate.release.main.e31_t2048,topk_gate,cuda_local_pair_two_reduce_top2_v4,L1_kernel_body,warm,5,5,150,10.3884804249,10.373120307899999,22.9534727335,12.6667434732118,5.087043596367706,0.40160626976665426,False
20260803T181855Z-86cfbe2a805d-rtx3080_topk_gate_release_v2,topk_gate.release.main.e31_t2048,topk_gate,cuda_local_pair_two_reduce_top2_v4,L2_operator_steady,warm,5,5,150,10.4550397396,10.368000268900001,23.829504251499998,12.942267763613867,5.835952631092441,0.4509219510586659,False
20260803T181855Z-86cfbe2a805d-rtx3080_topk_gate_release_v2,topk_gate.release.main.e31_t2048,topk_gate,cuda_naive,L1_kernel_body,warm,5,5,150,10.2297604084,10.26048004625,23.655422925944997,12.458734921612134,5.48445392020547,0.4402095360975698,True
20260803T181855Z-86cfbe2a805d-rtx3080_topk_gate_release_v2,topk_gate.release.main.e31_t2048,topk_gate,cuda_naive,L2_operator_steady,warm,5,5,150,10.3782403469,10.368000268900001,10.8702725172,10.052676280339,0.7937169546431634,0.07895578575384081,True
20260803T181855Z-86cfbe2a805d-rtx3080_topk_gate_release_v2,topk_gate.release.main.e31_t2048,topk_gate,cuda_subwarp_pair_top2_v2,L1_kernel_body,warm,5,5,150,10.6035196781,10.62399983405,22.170111536934996,12.810103432337067,4.950633424392844,0.3864631890399697,False
20260803T181855Z-86cfbe2a805d-rtx3080_topk_gate_release_v2,topk_gate.release.main.e31_t2048,topk_gate,cuda_subwarp_pair_top2_v2,L2_operator_steady,warm,5,5,150,10.1478397846,10.2297604084,10.967040062,10.197879477339667,0.5253196952046898,0.05151264009071527,False
20260803T181855Z-86cfbe2a805d-rtx3080_topk_gate_release_v2,topk_gate.release.main.e31_t2048,topk_gate,cuda_vector_pair_top2_v3,L1_kernel_body,warm,5,5,150,9.88672018051,10.081280469900001,22.770175337799998,12.5175807515816,5.112702284101584,0.4084417257268816,False
20260803T181855Z-86cfbe2a805d-rtx3080_topk_gate_release_v2,topk_gate.release.main.e31_t2048,topk_gate,cuda_vector_pair_top2_v3,L2_operator_steady,warm,5,5,150,10.4652798176,10.465279817599999,34.87385690214499,15.1949311812742,9.828136238207719,0.6468036031857541,False
20260803T181855Z-86cfbe2a805d-rtx3080_topk_gate_release_v2,topk_gate.release.main.e31_t2048,topk_gate,cuda_warp_pair_top2_v1,L1_kernel_body,warm,5,5,150,9.93279993534,10.122239589700001,13.286911845199999,10.579421818256332,1.3143626059570694,0.12423765953721076,False
20260803T181855Z-86cfbe2a805d-rtx3080_topk_gate_release_v2,topk_gate.release.main.e31_t2048,topk_gate,cuda_warp_pair_top2_v1,L2_operator_steady,warm,5,5,150,10.0095999241,10.2655994892,11.1057919264,10.239385561149401,0.5515362274550266,0.053864191768271986,False
20260803T181855Z-86cfbe2a805d-rtx3080_topk_gate_release_v2,topk_gate.release.main.e31_t256,topk_gate,cuda_local_pair_two_reduce_top2_v4,L1_kernel_body,warm,5,5,150,8.37632000446,8.35583984852,10.831871569169998,8.609860237439799,0.9830262225004256,0.11417446920052854,False
20260803T181855Z-86cfbe2a805d-rtx3080_topk_gate_release_v2,topk_gate.release.main.e31_t256,topk_gate,cuda_local_pair_two_reduce_top2_v4,L2_operator_steady,warm,5,5,150,8.51967990398,8.48895996809,21.351424455645002,10.945740759371533,5.203469916565278,0.475387644468938,False
20260803T181855Z-86cfbe2a805d-rtx3080_topk_gate_release_v2,topk_gate.release.main.e31_t256,topk_gate,cuda_naive,L1_kernel_body,warm,5,5,150,10.3731197119,10.2809596062,10.8646404743,9.971370700994132,0.8537936853382925,0.08562450549082187,True
20260803T181855Z-86cfbe2a805d-rtx3080_topk_gate_release_v2,topk_gate.release.main.e31_t256,topk_gate,cuda_naive,L2_operator_steady,warm,5,5,150,9.93279993534,9.943040013315,22.493695616745,12.142250692842534,5.093461770353367,0.41948250774922635,True
20260803T181855Z-86cfbe2a805d-rtx3080_topk_gate_release_v2,topk_gate.release.main.e31_t256,topk_gate,cuda_subwarp_pair_top2_v2,L1_kernel_body,warm,5,5,150,8.49920004606,8.529919981955,21.734912991499996,11.095995755989,5.306639490561324,0.47824815431252266,False
20260803T181855Z-86cfbe2a805d-rtx3080_topk_gate_release_v2,topk_gate.release.main.e31_t256,topk_gate,cuda_subwarp_pair_top2_v2,L2_operator_steady,warm,5,5,150,8.91391992569,8.965120017525,21.2377595901,11.209454905984,5.004284303119976,0.4464342240628056,False
20260803T181855Z-86cfbe2a805d-rtx3080_topk_gate_release_v2,topk_gate.release.main.e31_t256,topk_gate,cuda_vector_pair_top2_v3,L1_kernel_body,warm,5,5,150,9.10848021507,8.975359797475,31.627776026745,13.269333394368667,9.13552383015477,0.6884689349980285,False
20260803T181855Z-86cfbe2a805d-rtx3080_topk_gate_release_v2,topk_gate.release.main.e31_t256,topk_gate,cuda_vector_pair_top2_v3,L2_operator_steady,warm,5,5,150,8.16640019417,8.186879754065,8.910847902299498,8.218760546048268,0.39616809108101114,0.04820289979995781,False
20260803T181855Z-86cfbe2a805d-rtx3080_topk_gate_release_v2,topk_gate.release.main.e31_t256,topk_gate,cuda_warp_pair_top2_v1,L1_kernel_body,warm,5,5,150,8.40192019939,8.34559977055,9.237504005432498,8.3618474801382,0.4697101873034835,0.05617301540349554,False
20260803T181855Z-86cfbe2a805d-rtx3080_topk_gate_release_v2,topk_gate.release.main.e31_t256,topk_gate,cuda_warp_pair_top2_v1,L2_operator_steady,warm,5,5,150,8.25344026089,8.278239965440001,9.260175824167,8.3885119756064,0.5435806138860989,0.06480060056739727,False
20260803T181855Z-86cfbe2a805d-rtx3080_topk_gate_release_v2,topk_gate.release.main.e31_t32,topk_gate,cuda_local_pair_two_reduce_top2_v4,L1_kernel_body,warm,5,5,150,8.19711983204,8.279039859775,21.3504004478,10.808319973944267,5.239875185544886,0.4848001537867781,False
20260803T181855Z-86cfbe2a805d-rtx3080_topk_gate_release_v2,topk_gate.release.main.e31_t32,topk_gate,cuda_local_pair_two_reduce_top2_v4,L2_operator_steady,warm,5,5,150,8.1459197402,8.26367974281,9.5196160376085,8.390246383349135,0.6675194857735458,0.07955898495403803,False
20260803T181855Z-86cfbe2a805d-rtx3080_topk_gate_release_v2,topk_gate.release.main.e31_t32,topk_gate,cuda_naive,L1_kernel_body,warm,5,5,150,8.98047983646,8.99071991444,10.999296188394993,9.019050705433067,0.841774098489739,0.09333289344771675,True
20260803T181855Z-86cfbe2a805d-rtx3080_topk_gate_release_v2,topk_gate.release.main.e31_t32,topk_gate,cuda_naive,L2_operator_steady,warm,5,5,150,8.95487993956,9.103360176085001,22.524415850669996,12.3196075439466,8.733464817615921,0.7089077136963851,True
20260803T181855Z-86cfbe2a805d-rtx3080_topk_gate_release_v2,topk_gate.release.main.e31_t32,topk_gate,cuda_subwarp_pair_top2_v2,L1_kernel_body,warm,5,5,150,8.2687997818,8.432639837265,21.6883206367,11.0602240085594,5.31685923715097,0.480718946834739,False
20260803T181855Z-86cfbe2a805d-rtx3080_topk_gate_release_v2,topk_gate.release.main.e31_t32,topk_gate,cuda_subwarp_pair_top2_v2,L2_operator_steady,warm,5,5,150,8.19711983204,8.212479949,9.261055856941498,8.337476273377934,0.514275451376418,0.061682388592640504,False
20260803T181855Z-86cfbe2a805d-rtx3080_topk_gate_release_v2,topk_gate.release.main.e31_t32,topk_gate,cuda_vector_pair_top2_v3,L1_kernel_body,warm,5,5,150,8.5811200738,8.6630398035,26.335231184929903,11.668002152445332,6.660465236808469,0.5708316770761476,False
20260803T181855Z-86cfbe2a805d-rtx3080_topk_gate_release_v2,topk_gate.release.main.e31_t32,topk_gate,cuda_vector_pair_top2_v3,L2_operator_steady,warm,5,5,150,8.76543998718,8.98559987545,21.7963510752,11.448251680535666,5.191096526119753,0.45344011216539404,False
20260803T181855Z-86cfbe2a805d-rtx3080_topk_gate_release_v2,topk_gate.release.main.e31_t32,topk_gate,cuda_warp_pair_top2_v1,L1_kernel_body,warm,5,5,150,8.14592003822,8.314880132675,21.45382392409,10.854058706758133,5.26602185959605,0.4851661486147327,False
20260803T181855Z-86cfbe2a805d-rtx3080_topk_gate_release_v2,topk_gate.release.main.e31_t32,topk_gate,cuda_warp_pair_top2_v1,L2_operator_steady,warm,5,5,150,8.29439997673,8.422399759295,21.386752724645,11.230890659491,5.132888400089355,0.45703306671868044,False
20260803T181855Z-86cfbe2a805d-rtx3080_topk_gate_release_v2,topk_gate.release.main.e31_t4,topk_gate,cuda_local_pair_two_reduce_top2_v4,L1_kernel_body,warm,5,5,150,8.19199979305,8.350719809535,21.2945920229,10.907238403954667,5.17397194644452,0.4743613144614662,False
20260803T181855Z-86cfbe2a805d-rtx3080_topk_gate_release_v2,topk_gate.release.main.e31_t4,topk_gate,cuda_local_pair_two_reduce_top2_v4,L2_operator_steady,warm,5,5,150,8.3609598875,8.41727972031,21.2377595901,10.887987188497334,5.134501987926235,0.4715749476037779,False
20260803T181855Z-86cfbe2a805d-rtx3080_topk_gate_release_v2,topk_gate.release.main.e31_t4,topk_gate,cuda_naive,L1_kernel_body,warm,5,5,150,8.46336007118,8.47872018814,22.22950398919,11.1332693139704,5.527049023709918,0.49644438375117644,True
20260803T181855Z-86cfbe2a805d-rtx3080_topk_gate_release_v2,topk_gate.release.main.e31_t4,topk_gate,cuda_naive,L2_operator_steady,warm,5,5,150,8.34048002958,8.38144004345,9.801728129389499,8.5337429404256,0.7111197206405108,0.08333034233686974,True
20260803T181855Z-86cfbe2a805d-rtx3080_topk_gate_release_v2,topk_gate.release.main.e31_t4,topk_gate,cuda_subwarp_pair_top2_v2,L1_kernel_body,warm,5,5,150,8.60159993172,8.606719970705,9.59487974644,8.631842096646066,0.6180870764894841,0.07160546608349615,False
20260803T181855Z-86cfbe2a805d-rtx3080_topk_gate_release_v2,topk_gate.release.main.e31_t4,topk_gate,cuda_subwarp_pair_top2_v2,L2_operator_steady,warm,5,5,150,8.54016005993,8.529919981955,9.699327945709499,8.6439253290492,0.8347023051409256,0.09656519154969838,False
20260803T181855Z-86cfbe2a805d-rtx3080_topk_gate_release_v2,topk_gate.release.main.e31_t4,topk_gate,cuda_vector_pair_top2_v3,L1_kernel_body,warm,5,5,150,8.42751979828,8.64256024361,21.5244793892,11.0990677515664,5.199050176260248,0.4684222398341979,False
20260803T181855Z-86cfbe2a805d-rtx3080_topk_gate_release_v2,topk_gate.release.main.e31_t4,topk_gate,cuda_vector_pair_top2_v3,L2_operator_steady,warm,5,5,150,8.35071980953,8.442879915235,21.622272133800003,11.013461331527933,5.266121896100176,0.47815321065549066,False
20260803T181855Z-86cfbe2a805d-rtx3080_topk_gate_release_v2,topk_gate.release.main.e31_t4,topk_gate,cuda_warp_pair_top2_v1,L1_kernel_body,warm,5,5,150,8.89855980873,8.831999897955,21.550591587999996,11.191910326481802,5.194193895517466,0.46410252977341987,False
20260803T181855Z-86cfbe2a805d-rtx3080_topk_gate_release_v2,topk_gate.release.main.e31_t4,topk_gate,cuda_warp_pair_top2_v1,L2_operator_steady,warm,5,5,150,8.82688015699,8.703999817375,21.260287761645,11.0045867562286,5.138462734428265,0.46693827294513296,False
20260803T181855Z-86cfbe2a805d-rtx3080_topk_gate_release_v2,topk_gate.release.main.e31_t4096,topk_gate,cuda_local_pair_two_reduce_top2_v4,L1_kernel_body,warm,5,5,150,12.6976001263,12.8051197529,19.055104196035,13.438088591892667,2.4082356154721634,0.17920968439849966,False
20260803T181855Z-86cfbe2a805d-rtx3080_topk_gate_release_v2,topk_gate.release.main.e31_t4096,topk_gate,cuda_local_pair_two_reduce_top2_v4,L2_operator_steady,warm,5,5,150,12.2214400768,12.28288054465,57.708544254304975,18.950417065620133,15.667764828454688,0.8267767814397692,False
20260803T181855Z-86cfbe2a805d-rtx3080_topk_gate_release_v2,topk_gate.release.main.e31_t4096,topk_gate,cuda_naive,L1_kernel_body,warm,5,5,150,10.4396796227,10.542080402349999,22.1593594551,12.845670417939933,4.617542925992883,0.3594629766885612,True
20260803T181855Z-86cfbe2a805d-rtx3080_topk_gate_release_v2,topk_gate.release.main.e31_t4096,topk_gate,cuda_naive,L2_operator_steady,warm,5,5,150,10.2860796452,10.2707195282,10.784767866145,10.2108501752218,0.4128362831338991,0.04043113707962437,True
20260803T181855Z-86cfbe2a805d-rtx3080_topk_gate_release_v2,topk_gate.release.main.e31_t4096,topk_gate,cuda_subwarp_pair_top2_v2,L1_kernel_body,warm,5,5,150,12.1804797649,12.344319820399999,25.688064098334998,14.419217046100666,4.699649495165361,0.32592958966771846,False
20260803T181855Z-86cfbe2a805d-rtx3080_topk_gate_release_v2,topk_gate.release.main.e31_t4096,topk_gate,cuda_subwarp_pair_top2_v2,L2_operator_steady,warm,5,5,150,12.2214400768,12.2572803497,13.753343820545,12.310937603314667,0.870716977725849,0.07072710509810498,False
20260803T181855Z-86cfbe2a805d-rtx3080_topk_gate_release_v2,topk_gate.release.main.e31_t4096,topk_gate,cuda_vector_pair_top2_v3,L1_kernel_body,warm,5,5,150,12.5747203827,12.5900799036,18.589696228534997,13.350843715668667,2.349614957867951,0.17598999792877676,False
20260803T181855Z-86cfbe2a805d-rtx3080_topk_gate_release_v2,topk_gate.release.main.e31_t4096,topk_gate,cuda_vector_pair_top2_v3,L2_operator_steady,warm,5,5,150,12.0883202553,11.9398403168,13.948928117744998,11.895330150919268,2.0808928939494673,0.17493359726452457,False
20260803T181855Z-86cfbe2a805d-rtx3080_topk_gate_release_v2,topk_gate.release.main.e31_t4096,topk_gate,cuda_warp_pair_top2_v1,L1_kernel_body,warm,5,5,150,12.9740798473,12.38015949725,20.56448030467,13.520486406479534,3.095770738429948,0.22896888805319432,False
20260803T181855Z-86cfbe2a805d-rtx3080_topk_gate_release_v2,topk_gate.release.main.e31_t4096,topk_gate,cuda_warp_pair_top2_v1,L2_operator_steady,warm,5,5,150,11.9347202778,12.149759531,18.801152110135,13.109111483895333,2.417064404721825,0.18438049044675614,False
20260803T181855Z-86cfbe2a805d-rtx3080_topk_gate_release_v2,topk_gate.release.main.e31_t512,topk_gate,cuda_local_pair_two_reduce_top2_v4,L1_kernel_body,warm,5,5,150,8.16639989614,8.371199965475,21.8634235859,10.898158923784798,5.449867412348625,0.5000723012448007,False
20260803T181855Z-86cfbe2a805d-rtx3080_topk_gate_release_v2,topk_gate.release.main.e31_t512,topk_gate,cuda_local_pair_two_reduce_top2_v4,L2_operator_steady,warm,5,5,150,8.24831992388,8.26367974281,10.448896229234999,8.416324269771067,0.7957329053824989,0.09454636963555868,False
20260803T181855Z-86cfbe2a805d-rtx3080_topk_gate_release_v2,topk_gate.release.main.e31_t512,topk_gate,cuda_naive,L1_kernel_body,warm,5,5,150,9.98399972916,10.1171195507,37.30175960066497,12.040738081931268,9.429931634299637,0.7831689029471129,True
20260803T181855Z-86cfbe2a805d-rtx3080_topk_gate_release_v2,topk_gate.release.main.e31_t512,topk_gate,cuda_naive,L2_operator_steady,warm,5,5,150,10.0710403919,10.1785600185,22.4926716089,12.539289617538733,4.911556100622861,0.39169332956095504,True
20260803T181855Z-86cfbe2a805d-rtx3080_topk_gate_release_v2,topk_gate.release.main.e31_t512,topk_gate,cuda_subwarp_pair_top2_v2,L1_kernel_body,warm,5,5,150,8.16128015518,8.25856000185,21.38996851441,10.780729667345001,5.265123165693932,0.48838282084394274,False
20260803T181855Z-86cfbe2a805d-rtx3080_topk_gate_release_v2,topk_gate.release.main.e31_t512,topk_gate,cuda_subwarp_pair_top2_v2,L2_operator_steady,warm,5,5,150,8.38656008244,8.63231986761,22.5996804237,11.232324258485134,5.6564568778307445,0.5035873918577215,False
20260803T181855Z-86cfbe2a805d-rtx3080_topk_gate_release_v2,topk_gate.release.main.e31_t512,topk_gate,cuda_vector_pair_top2_v3,L1_kernel_body,warm,5,5,150,8.41215997934,8.50943982601,23.1843841076,11.365239473182866,5.882066590536829,0.5175488474674033,False
20260803T181855Z-86cfbe2a805d-rtx3080_topk_gate_release_v2,topk_gate.release.main.e31_t512,topk_gate,cuda_vector_pair_top2_v3,L2_operator_steady,warm,5,5,150,8.19199979305,8.191999793055,8.9425918161845,8.2093397259708,0.42661850388223854,0.05196745635128269,False
20260803T181855Z-86cfbe2a805d-rtx3080_topk_gate_release_v2,topk_gate.release.main.e31_t512,topk_gate,cuda_warp_pair_top2_v1,L1_kernel_body,warm,5,5,150,8.51456016302,8.565760254859999,21.90335989,11.122756338120599,5.367577864631538,0.4825762339354179,False
20260803T181855Z-86cfbe2a805d-rtx3080_topk_gate_release_v2,topk_gate.release.main.e31_t512,topk_gate,cuda_warp_pair_top2_v1,L2_operator_steady,warm,5,5,150,8.36607992649,8.64256024361,21.111297011345,11.051281023026734,5.04363442659355,0.4563845961463203,False
20260803T181855Z-86cfbe2a805d-rtx3080_topk_gate_release_v2,topk_gate.release.main.e31_t64,topk_gate,cuda_local_pair_two_reduce_top2_v4,L1_kernel_body,warm,5,5,150,8.35071980953,8.86784017086,32.72806394099,13.6507391850144,9.546021766198704,0.699304384679637,False
20260803T181855Z-86cfbe2a805d-rtx3080_topk_gate_release_v2,topk_gate.release.main.e31_t64,topk_gate,cuda_local_pair_two_reduce_top2_v4,L2_operator_steady,warm,5,5,150,8.27392011881,8.468480110165,32.190975546845,13.069448546569067,9.37240098781508,0.7171229110715219,False
20260803T181855Z-86cfbe2a805d-rtx3080_topk_gate_release_v2,topk_gate.release.main.e31_t64,topk_gate,cuda_naive,L1_kernel_body,warm,5,5,150,9.38495993614,9.384959936145,24.439296126345,12.135492253304133,6.117962176396252,0.5041379491409187,True
20260803T181855Z-86cfbe2a805d-rtx3080_topk_gate_release_v2,topk_gate.release.main.e31_t64,topk_gate,cuda_naive,L2_operator_steady,warm,5,5,150,9.14943993092,9.07263994217,10.416639983624997,9.103837879497933,1.2886279067744453,0.14154776522069523,True
20260803T181855Z-86cfbe2a805d-rtx3080_topk_gate_release_v2,topk_gate.release.main.e31_t64,topk_gate,cuda_subwarp_pair_top2_v2,L1_kernel_body,warm,5,5,150,8.12032014132,8.23296010494,9.270271927114498,8.299315170446933,0.5012313082574982,0.060394297356284876,False
20260803T181855Z-86cfbe2a805d-rtx3080_topk_gate_release_v2,topk_gate.release.main.e31_t64,topk_gate,cuda_subwarp_pair_top2_v2,L2_operator_steady,warm,5,5,150,8.45311999321,8.504319787025,9.513983994724999,8.552243212858999,0.6489781048248348,0.07588396268350309,False
20260803T181855Z-86cfbe2a805d-rtx3080_topk_gate_release_v2,topk_gate.release.main.e31_t64,topk_gate,cuda_vector_pair_top2_v3,L1_kernel_body,warm,5,5,150,8.90367984772,8.89855980873,83.59321546555,22.958011563621266,28.64188446470025,1.2475768811827552,False
20260803T181855Z-86cfbe2a805d-rtx3080_topk_gate_release_v2,topk_gate.release.main.e31_t64,topk_gate,cuda_vector_pair_top2_v3,L2_operator_steady,warm,5,5,150,8.46847981215,8.391680121425,34.6987515688,13.534276227155933,10.550332361164756,0.7795268977882966,False
20260803T181855Z-86cfbe2a805d-rtx3080_topk_gate_release_v2,topk_gate.release.main.e31_t64,topk_gate,cuda_warp_pair_top2_v1,L1_kernel_body,warm,5,5,150,8.16127985716,8.17151993513,9.830912232397996,8.310374399025067,0.6753045156231859,0.08126042019267019,False
20260803T181855Z-86cfbe2a805d-rtx3080_topk_gate_release_v2,topk_gate.release.main.e31_t64,topk_gate,cuda_warp_pair_top2_v1,L2_operator_steady,warm,5,5,150,8.40192019939,8.38144004345,10.639871954934998,8.705160502592266,0.9784822528347972,0.11240255162939498,False
20260803T181855Z-86cfbe2a805d-rtx3080_topk_gate_release_v2,topk_gate.release.main.e31_t8,topk_gate,cuda_local_pair_two_reduce_top2_v4,L1_kernel_body,warm,5,5,150,8.3609598875,8.34559977055,9.091583758588001,8.382668801148801,0.4154019709643279,0.04955485905722522,False
20260803T181855Z-86cfbe2a805d-rtx3080_topk_gate_release_v2,topk_gate.release.main.e31_t8,topk_gate,cuda_local_pair_two_reduce_top2_v4,L2_operator_steady,warm,5,5,150,8.50943982601,8.60159993172,21.2945920229,11.039743928113067,5.16460354422729,0.4678191430759059,False
20260803T181855Z-86cfbe2a805d-rtx3080_topk_gate_release_v2,topk_gate.release.main.e31_t8,topk_gate,cuda_naive,L1_kernel_body,warm,5,5,150,8.39679986238,8.39680016041,9.397760033608499,8.453666134675,0.5190680805272475,0.06140153541173684,True
20260803T181855Z-86cfbe2a805d-rtx3080_topk_gate_release_v2,topk_gate.release.main.e31_t8,topk_gate,cuda_naive,L2_operator_steady,warm,5,5,150,8.41215997934,8.38144004345,9.108479887243998,8.382737060388134,0.411781377737914,0.04912254491241884,True
20260803T181855Z-86cfbe2a805d-rtx3080_topk_gate_release_v2,topk_gate.release.main.e31_t8,topk_gate,cuda_subwarp_pair_top2_v2,L1_kernel_body,warm,5,5,150,8.85760009289,8.847360014915001,21.596159935,11.232597279548399,5.2023861553884645,0.463150776789678,False
20260803T181855Z-86cfbe2a805d-rtx3080_topk_gate_release_v2,topk_gate.release.main.e31_t8,topk_gate,cuda_subwarp_pair_top2_v2,L2_operator_steady,warm,5,5,150,8.23808014393,8.38656008244,9.939455986026001,8.491963764031933,0.6397233419518359,0.07533279224075481,False
20260803T181855Z-86cfbe2a805d-rtx3080_topk_gate_release_v2,topk_gate.release.main.e31_t8,topk_gate,cuda_vector_pair_top2_v3,L1_kernel_body,warm,5,5,150,8.83711993694,8.862720131875,33.435647487645,13.5163221597662,9.838657381300722,0.7279093576644157,False
20260803T181855Z-86cfbe2a805d-rtx3080_topk_gate_release_v2,topk_gate.release.main.e31_t8,topk_gate,cuda_vector_pair_top2_v3,L2_operator_steady,warm,5,5,150,8.3353599906,8.360959887505,9.2625921964635,8.437964800993333,0.4976997551771484,0.05898338840173382,False
20260803T181855Z-86cfbe2a805d-rtx3080_topk_gate_release_v2,topk_gate.release.main.e31_t8,topk_gate,cuda_warp_pair_top2_v1,L1_kernel_body,warm,5,5,150,8.68863999844,8.821759819985001,63.71481585501999,14.921796317893135,17.043587460659293,1.142194082908226,False
20260803T181855Z-86cfbe2a805d-rtx3080_topk_gate_release_v2,topk_gate.release.main.e31_t8,topk_gate,cuda_warp_pair_top2_v1,L2_operator_steady,warm,5,5,150,8.26880007982,8.25344026089,9.17504012585,8.3579562703766,0.4859564942757041,0.05814298119722124,False
20260803T181855Z-86cfbe2a805d-rtx3080_topk_gate_release_v2,topk_gate.release.main.e32_t1,topk_gate,cuda_local_pair_two_reduce_top2_v4,L1_kernel_body,warm,5,5,150,8.15104007721,8.23296010494,20.4958730936,10.624955733618068,4.893996922343323,0.4606133940735763,False
20260803T181855Z-86cfbe2a805d-rtx3080_topk_gate_release_v2,topk_gate.release.main.e32_t1,topk_gate,cuda_local_pair_two_reduce_top2_v4,L2_operator_steady,warm,5,5,150,8.07936012745,8.08960020542,8.801791936161498,8.117794132232268,0.3660442014216227,0.04509158466685163,False
20260803T181855Z-86cfbe2a805d-rtx3080_topk_gate_release_v2,topk_gate.release.main.e32_t1,topk_gate,cuda_naive,L1_kernel_body,warm,5,5,150,8.16639989614,8.176639974115,10.114048063724997,8.318225065866534,0.7198406687664703,0.08653777254961573,True
20260803T181855Z-86cfbe2a805d-rtx3080_topk_gate_release_v2,topk_gate.release.main.e32_t1,topk_gate,cuda_naive,L2_operator_steady,warm,5,5,150,8.13056021929,8.07936012745,8.893951773643499,8.138410687446868,0.43354828232761844,0.05327186092935162,True
20260803T181855Z-86cfbe2a805d-rtx3080_topk_gate_release_v2,topk_gate.release.main.e32_t1,topk_gate,cuda_subwarp_pair_top2_v2,L1_kernel_body,warm,5,5,150,8.95999997854,8.80639970303,21.1046409607,11.110604814689133,4.982616889071128,0.4484559546644751,False
20260803T181855Z-86cfbe2a805d-rtx3080_topk_gate_release_v2,topk_gate.release.main.e32_t1,topk_gate,cuda_subwarp_pair_top2_v2,L2_operator_steady,warm,5,5,150,8.86272013187,9.02144014835,21.2070393562,11.299362146855334,4.9233696495400965,0.435721024386345,False
20260803T181855Z-86cfbe2a805d-rtx3080_topk_gate_release_v2,topk_gate.release.main.e32_t1,topk_gate,cuda_vector_pair_top2_v3,L1_kernel_body,warm,5,5,150,8.65279972553,8.79615992308,21.171711087200002,11.129992481071401,4.99258763681562,0.44857062080737553,False
20260803T181855Z-86cfbe2a805d-rtx3080_topk_gate_release_v2,topk_gate.release.main.e32_t1,topk_gate,cuda_vector_pair_top2_v3,L2_operator_steady,warm,5,5,150,8.78592014313,8.816639781,75.095552682885,17.289966940879,20.54679953020163,1.188365460758773,False
20260803T181855Z-86cfbe2a805d-rtx3080_topk_gate_release_v2,topk_gate.release.main.e32_t1,topk_gate,cuda_warp_pair_top2_v1,L1_kernel_body,warm,5,5,150,8.93952012062,8.95488023758,48.251390934025,16.462370045979867,15.42447503955583,0.9369534882568448,False
20260803T181855Z-86cfbe2a805d-rtx3080_topk_gate_release_v2,topk_gate.release.main.e32_t1,topk_gate,cuda_warp_pair_top2_v1,L2_operator_steady,warm,5,5,150,8.514559865,8.791040182115,20.992000103,11.0675967852274,4.978359544232076,0.4498139605950406,False
20260803T181855Z-86cfbe2a805d-rtx3080_topk_gate_release_v2,topk_gate.release.main.e32_t1024,topk_gate,cuda_local_pair_two_reduce_top2_v4,L1_kernel_body,warm,5,5,150,8.43263983727,8.473600149155,9.140735864636,8.508006358147199,0.37507677097036674,0.044085154051535964,False
20260803T181855Z-86cfbe2a805d-rtx3080_topk_gate_release_v2,topk_gate.release.main.e32_t1024,topk_gate,cuda_local_pair_two_reduce_top2_v4,L2_operator_steady,warm,5,5,150,8.47360014915,8.4582400322,9.2021760046485,8.425403710206133,0.524211065112331,0.06221791657025605,False
20260803T181855Z-86cfbe2a805d-rtx3080_topk_gate_release_v2,topk_gate.release.main.e32_t1024,topk_gate,cuda_naive,L1_kernel_body,warm,5,5,150,11.2998402119,11.2076795101,12.850688099834999,11.2919893264772,0.7378502568401416,0.06534280501931108,True
20260803T181855Z-86cfbe2a805d-rtx3080_topk_gate_release_v2,topk_gate.release.main.e32_t1024,topk_gate,cuda_naive,L2_operator_steady,warm,5,5,150,11.6275203228,11.6326403618,28.618751645094996,14.0157610575346,6.19089999605154,0.4417098700982372,True
20260803T181855Z-86cfbe2a805d-rtx3080_topk_gate_release_v2,topk_gate.release.main.e32_t1024,topk_gate,cuda_subwarp_pair_top2_v2,L1_kernel_body,warm,5,5,150,8.49920004606,8.540160059929999,22.0477449894,11.218124779063734,5.619531832727783,0.5009332614320225,False
20260803T181855Z-86cfbe2a805d-rtx3080_topk_gate_release_v2,topk_gate.release.main.e32_t1024,topk_gate,cuda_subwarp_pair_top2_v2,L2_operator_steady,warm,5,5,150,8.48895996809,8.64767998457,21.5756797791,11.149448510011599,5.184459491859618,0.46499694466540253,False
20260803T181855Z-86cfbe2a805d-rtx3080_topk_gate_release_v2,topk_gate.release.main.e32_t1024,topk_gate,cuda_vector_pair_top2_v3,L1_kernel_body,warm,5,5,150,8.51456016302,8.637439906595,9.627647995949498,8.626517319678799,0.6372137283037347,0.0738668578164358,False
20260803T181855Z-86cfbe2a805d-rtx3080_topk_gate_release_v2,topk_gate.release.main.e32_t1024,topk_gate,cuda_vector_pair_top2_v3,L2_operator_steady,warm,5,5,150,8.57600003481,8.61184000969,9.6527361869805,8.645358943938932,0.6001023497908355,0.06941323705380144,False
20260803T181855Z-86cfbe2a805d-rtx3080_topk_gate_release_v2,topk_gate.release.main.e32_t1024,topk_gate,cuda_warp_pair_top2_v1,L1_kernel_body,warm,5,5,150,8.59135985374,8.76543998718,21.93152010439,11.4616319656356,5.8020351805904875,0.506213704818495,False
20260803T181855Z-86cfbe2a805d-rtx3080_topk_gate_release_v2,topk_gate.release.main.e32_t1024,topk_gate,cuda_warp_pair_top2_v1,L2_operator_steady,warm,5,5,150,8.37119996548,8.42751979828,21.2582397461,10.895496507487067,5.15725119269721,0.4733378776408489,False
20260803T181855Z-86cfbe2a805d-rtx3080_topk_gate_release_v2,topk_gate.release.main.e32_t128,topk_gate,cuda_local_pair_two_reduce_top2_v4,L1_kernel_body,warm,5,5,150,8.16127985716,8.212479949,8.833535909655998,8.240810664494933,0.3418839631990212,0.0414866907053221,False
20260803T181855Z-86cfbe2a805d-rtx3080_topk_gate_release_v2,topk_gate.release.main.e32_t128,topk_gate,cuda_local_pair_two_reduce_top2_v4,L2_operator_steady,warm,5,5,150,8.24831992388,8.34559977055,9.012224078176999,8.3930453578634,0.3996529748913245,0.047617158951356285,False
20260803T181855Z-86cfbe2a805d-rtx3080_topk_gate_release_v2,topk_gate.release.main.e32_t128,topk_gate,cuda_naive,L1_kernel_body,warm,5,5,150,10.3833597898,10.81344008445,60.15539097789,22.041326888404136,18.428216564558294,0.8360756436244006,True
20260803T181855Z-86cfbe2a805d-rtx3080_topk_gate_release_v2,topk_gate.release.main.e32_t128,topk_gate,cuda_naive,L2_operator_steady,warm,5,5,150,10.4499202967,10.5062401295,11.0899198055,10.345540201660134,0.545406563152423,0.052719002828378395,True
20260803T181855Z-86cfbe2a805d-rtx3080_topk_gate_release_v2,topk_gate.release.main.e32_t128,topk_gate,cuda_subwarp_pair_top2_v2,L1_kernel_body,warm,5,5,150,8.29952001572,8.43775987625,33.44383955,13.320191983381733,10.001745777718991,0.7508709927152075,False
20260803T181855Z-86cfbe2a805d-rtx3080_topk_gate_release_v2,topk_gate.release.main.e32_t128,topk_gate,cuda_subwarp_pair_top2_v2,L2_operator_steady,warm,5,5,150,8.19200009108,8.227840065955,32.148991227145,12.9543509403842,9.556447190956058,0.7377017370406852,False
20260803T181855Z-86cfbe2a805d-rtx3080_topk_gate_release_v2,topk_gate.release.main.e32_t128,topk_gate,cuda_vector_pair_top2_v3,L1_kernel_body,warm,5,5,150,8.71423989534,8.801279962065,21.3616645336,11.1517013152442,5.081133742579784,0.4556375389676151,False
20260803T181855Z-86cfbe2a805d-rtx3080_topk_gate_release_v2,topk_gate.release.main.e32_t128,topk_gate,cuda_vector_pair_top2_v3,L2_operator_steady,warm,5,5,150,9.07775998116,9.088000059125001,21.2229114771,11.661994711558867,4.906443485036135,0.42072077773908434,False
20260803T181855Z-86cfbe2a805d-rtx3080_topk_gate_release_v2,topk_gate.release.main.e32_t128,topk_gate,cuda_warp_pair_top2_v1,L1_kernel_body,warm,5,5,150,8.31488013268,8.412159979345,32.6246404648,13.1610624472296,9.668865576261236,0.7346569180892025,False
20260803T181855Z-86cfbe2a805d-rtx3080_topk_gate_release_v2,topk_gate.release.main.e32_t128,topk_gate,cuda_warp_pair_top2_v1,L2_operator_steady,warm,5,5,150,8.63231986761,8.698880076405,21.458431959159995,11.0032895684242,5.139380893812413,0.4670767648032035,False
20260803T181855Z-86cfbe2a805d-rtx3080_topk_gate_release_v2,topk_gate.release.main.e32_t16,topk_gate,cuda_local_pair_two_reduce_top2_v4,L1_kernel_body,warm,5,5,150,8.56064021587,8.565760254859999,20.718623876549998,10.869687445959,4.933709163568382,0.4538961389733958,False
20260803T181855Z-86cfbe2a805d-rtx3080_topk_gate_release_v2,topk_gate.release.main.e32_t16,topk_gate,cuda_local_pair_two_reduce_top2_v4,L2_operator_steady,warm,5,5,150,8.19711983204,8.25856000185,10.994176268544999,8.54828372399,0.9963516693167516,0.1165557556917044,False
20260803T181855Z-86cfbe2a805d-rtx3080_topk_gate_release_v2,topk_gate.release.main.e32_t16,topk_gate,cuda_naive,L1_kernel_body,warm,5,5,150,8.24831992388,8.42751979828,11.2445437908,8.829542362689335,1.1740342775311137,0.13296660566375287,True
20260803T181855Z-86cfbe2a805d-rtx3080_topk_gate_release_v2,topk_gate.release.main.e32_t16,topk_gate,cuda_naive,L2_operator_steady,warm,5,5,150,8.57087999582,8.64767998457,10.778111815445,8.966553596654467,0.8964356453959034,0.09997549624087171,True
20260803T181855Z-86cfbe2a805d-rtx3080_topk_gate_release_v2,topk_gate.release.main.e32_t16,topk_gate,cuda_subwarp_pair_top2_v2,L1_kernel_body,warm,5,5,150,8.97535979748,8.97023975849,21.6678404808,11.308987720806535,5.166400282783921,0.45684020624398236,False
20260803T181855Z-86cfbe2a805d-rtx3080_topk_gate_release_v2,topk_gate.release.main.e32_t16,topk_gate,cuda_subwarp_pair_top2_v2,L2_operator_steady,warm,5,5,150,8.36607992649,8.51967990398,22.07846391199,11.099409099421466,5.4912920176358675,0.4947373295684803,False
20260803T181855Z-86cfbe2a805d-rtx3080_topk_gate_release_v2,topk_gate.release.main.e32_t16,topk_gate,cuda_vector_pair_top2_v3,L1_kernel_body,warm,5,5,150,8.25344026089,8.47872018814,21.253631711,10.931814408301067,5.158034572818126,0.4718370052917634,False
20260803T181855Z-86cfbe2a805d-rtx3080_topk_gate_release_v2,topk_gate.release.main.e32_t16,topk_gate,cuda_vector_pair_top2_v3,L2_operator_steady,warm,5,5,150,8.50431978703,8.555520176885,21.3672965765,10.9993301709492,5.20111176171678,0.47285713592393636,False
20260803T181855Z-86cfbe2a805d-rtx3080_topk_gate_release_v2,topk_gate.release.main.e32_t16,topk_gate,cuda_warp_pair_top2_v1,L1_kernel_body,warm,5,5,150,8.52991998196,8.760319948195,20.7575047016,10.988544003170533,4.863381492131989,0.44258652381323255,False
20260803T181855Z-86cfbe2a805d-rtx3080_topk_gate_release_v2,topk_gate.release.main.e32_t16,topk_gate,cuda_warp_pair_top2_v1,L2_operator_steady,warm,5,5,150,8.816639781,8.89855980873,33.063936114339995,11.3534293333694,6.945212189377558,0.6117281382960262,False
20260803T181855Z-86cfbe2a805d-rtx3080_topk_gate_release_v2,topk_gate.release.main.e32_t2,topk_gate,cuda_local_pair_two_reduce_top2_v4,L1_kernel_body,warm,5,5,150,8.25343996286,8.217599987985,43.62137675285,14.974907724062865,13.650048517699265,0.9115280554126747,False
20260803T181855Z-86cfbe2a805d-rtx3080_topk_gate_release_v2,topk_gate.release.main.e32_t2,topk_gate,cuda_local_pair_two_reduce_top2_v4,L2_operator_steady,warm,5,5,150,8.14079999924,8.176639974115,20.6131196022,10.684484263261734,4.980096655838861,0.466105479041489,False
20260803T181855Z-86cfbe2a805d-rtx3080_topk_gate_release_v2,topk_gate.release.main.e32_t2,topk_gate,cuda_naive,L1_kernel_body,warm,5,5,150,8.35584014654,8.34560006857,21.6335362196,10.869486971696332,5.339595440031519,0.4912463167705699,True
20260803T181855Z-86cfbe2a805d-rtx3080_topk_gate_release_v2,topk_gate.release.main.e32_t2,topk_gate,cuda_naive,L2_operator_steady,warm,5,5,150,8.14079999924,8.18175971508,9.1909122467035,8.2757631858194,0.4916054185862726,0.059403031182506914,True
20260803T181855Z-86cfbe2a805d-rtx3080_topk_gate_release_v2,topk_gate.release.main.e32_t2,topk_gate,cuda_subwarp_pair_top2_v2,L1_kernel_body,warm,5,5,150,8.8524800539,8.780800104145,21.254655718800002,11.100637873014733,5.069007718711542,0.4566411206903816,False
20260803T181855Z-86cfbe2a805d-rtx3080_topk_gate_release_v2,topk_gate.release.main.e32_t2,topk_gate,cuda_subwarp_pair_top2_v2,L2_operator_steady,warm,5,5,150,8.53504002094,8.74495983124,43.47289562229,15.375701383750465,13.533258672390016,0.8801717940940501,False
20260803T181855Z-86cfbe2a805d-rtx3080_topk_gate_release_v2,topk_gate.release.main.e32_t2,topk_gate,cuda_vector_pair_top2_v3,L1_kernel_body,warm,5,5,150,9.00095999241,9.05727982521,51.9383060932,18.870203713575865,15.68636662128917,0.831277015308736,False
20260803T181855Z-86cfbe2a805d-rtx3080_topk_gate_release_v2,topk_gate.release.main.e32_t2,topk_gate,cuda_vector_pair_top2_v3,L2_operator_steady,warm,5,5,150,8.27903985977,8.412159979345,21.1512309313,10.860202626386734,5.129557756830879,0.47232615571718106,False
20260803T181855Z-86cfbe2a805d-rtx3080_topk_gate_release_v2,topk_gate.release.main.e32_t2,topk_gate,cuda_warp_pair_top2_v1,L1_kernel_body,warm,5,5,150,8.49408000708,8.524799942969999,9.269247919321998,8.5271893262864,0.45503050267207185,0.0533623079376658,False
20260803T181855Z-86cfbe2a805d-rtx3080_topk_gate_release_v2,topk_gate.release.main.e32_t2,topk_gate,cuda_warp_pair_top2_v1,L2_operator_steady,warm,5,5,150,8.67327988148,8.714240193365,10.964480042445,8.942455502352333,0.9979003726497176,0.11159131542641926,False
20260803T181855Z-86cfbe2a805d-rtx3080_topk_gate_release_v2,topk_gate.release.main.e32_t2048,topk_gate,cuda_local_pair_two_reduce_top2_v4,L1_kernel_body,warm,5,5,150,8.75007987022,8.84736001492,32.05273556707,12.286634687581,7.847195915001758,0.6386774014640065,False
20260803T181855Z-86cfbe2a805d-rtx3080_topk_gate_release_v2,topk_gate.release.main.e32_t2048,topk_gate,cuda_local_pair_two_reduce_top2_v4,L2_operator_steady,warm,5,5,150,9.04703974724,9.08288002014,21.233151555045,11.454668835797534,4.848930684575239,0.4233147857947332,False
20260803T181855Z-86cfbe2a805d-rtx3080_topk_gate_release_v2,topk_gate.release.main.e32_t2048,topk_gate,cuda_naive,L1_kernel_body,warm,5,5,150,11.863039732,11.67360007765,19.02899163961998,12.795699254672,2.6862196764039865,0.20993144828901686,True
20260803T181855Z-86cfbe2a805d-rtx3080_topk_gate_release_v2,topk_gate.release.main.e32_t2048,topk_gate,cuda_naive,L2_operator_steady,warm,5,5,150,11.1718398333,11.351040005649999,24.808960080189976,12.556219740706533,4.355197712097455,0.3468558054920111,True
20260803T181855Z-86cfbe2a805d-rtx3080_topk_gate_release_v2,topk_gate.release.main.e32_t2048,topk_gate,cuda_subwarp_pair_top2_v2,L1_kernel_body,warm,5,5,150,10.5728000402,10.5676794052,22.518783807745002,12.7380137840934,4.926755481127777,0.38677580073590945,False
20260803T181855Z-86cfbe2a805d-rtx3080_topk_gate_release_v2,topk_gate.release.main.e32_t2048,topk_gate,cuda_subwarp_pair_top2_v2,L2_operator_steady,warm,5,5,150,10.03008008,10.045440197,11.064831614500001,10.203886950014333,1.7315985911613183,0.16969989962098572,False
20260803T181855Z-86cfbe2a805d-rtx3080_topk_gate_release_v2,topk_gate.release.main.e32_t2048,topk_gate,cuda_vector_pair_top2_v3,L1_kernel_body,warm,5,5,150,7.97183990479,8.084480166435,9.052672058347497,8.182101317247334,0.5268542824877339,0.06439107291144874,False
20260803T181855Z-86cfbe2a805d-rtx3080_topk_gate_release_v2,topk_gate.release.main.e32_t2048,topk_gate,cuda_vector_pair_top2_v3,L2_operator_steady,warm,5,5,150,8.24320018291,8.54016005993,21.683712601645,11.059882636865533,5.332793972631098,0.48217455353960775,False
20260803T181855Z-86cfbe2a805d-rtx3080_topk_gate_release_v2,topk_gate.release.main.e32_t2048,topk_gate,cuda_warp_pair_top2_v1,L1_kernel_body,warm,5,5,150,10.2399998903,10.3782403469,61.69088006019,16.32119472026473,16.07501219466733,0.9849163906309055,False
20260803T181855Z-86cfbe2a805d-rtx3080_topk_gate_release_v2,topk_gate.release.main.e32_t2048,topk_gate,cuda_warp_pair_top2_v1,L2_operator_steady,warm,5,5,150,10.6956803799,10.82368016245,22.462975382845,13.114914075533735,4.716085178187019,0.3595971083779357,False
20260803T181855Z-86cfbe2a805d-rtx3080_topk_gate_release_v2,topk_gate.release.main.e32_t256,topk_gate,cuda_local_pair_two_reduce_top2_v4,L1_kernel_body,warm,5,5,150,8.28927993774,8.299520015715,10.885120391844989,8.668296535809933,1.5807641020128165,0.18236156267641065,False
20260803T181855Z-86cfbe2a805d-rtx3080_topk_gate_release_v2,topk_gate.release.main.e32_t256,topk_gate,cuda_local_pair_two_reduce_top2_v4,L2_operator_steady,warm,5,5,150,8.24320018291,8.37632000446,9.1909122467035,8.447317326068735,0.4374940100837744,0.05179088143565433,False
20260803T181855Z-86cfbe2a805d-rtx3080_topk_gate_release_v2,topk_gate.release.main.e32_t256,topk_gate,cuda_naive,L1_kernel_body,warm,5,5,150,11.4995199442,11.5199995041,13.865984022644998,11.7222741882016,0.9991881556676979,0.08523842213769192,True
20260803T181855Z-86cfbe2a805d-rtx3080_topk_gate_release_v2,topk_gate.release.main.e32_t256,topk_gate,cuda_naive,L2_operator_steady,warm,5,5,150,11.7964804173,11.3663995266,16.61696016789,11.765896530948734,1.925112370290744,0.1636179924944074,True
20260803T181855Z-86cfbe2a805d-rtx3080_topk_gate_release_v2,topk_gate.release.main.e32_t256,topk_gate,cuda_subwarp_pair_top2_v2,L1_kernel_body,warm,5,5,150,8.35072010756,8.366079926495,33.583616614345004,13.317666180927267,10.074138549036393,0.756449246600275,False
20260803T181855Z-86cfbe2a805d-rtx3080_topk_gate_release_v2,topk_gate.release.main.e32_t256,topk_gate,cuda_subwarp_pair_top2_v2,L2_operator_steady,warm,5,5,150,8.63744020462,8.704000115395,9.555968046189498,8.676352012157267,0.5353861777019824,0.06170636886928995,False
20260803T181855Z-86cfbe2a805d-rtx3080_topk_gate_release_v2,topk_gate.release.main.e32_t256,topk_gate,cuda_vector_pair_top2_v3,L1_kernel_body,warm,5,5,150,8.79615992308,8.5504001379,10.783232390879999,8.800529074667333,1.0706636430072014,0.12165900867132506,False
20260803T181855Z-86cfbe2a805d-rtx3080_topk_gate_release_v2,topk_gate.release.main.e32_t256,topk_gate,cuda_vector_pair_top2_v3,L2_operator_steady,warm,5,5,150,9.10847991705,9.0982401371,73.736703872675,21.585032502810733,25.661895506073204,1.1888745362200217,False
20260803T181855Z-86cfbe2a805d-rtx3080_topk_gate_release_v2,topk_gate.release.main.e32_t256,topk_gate,cuda_warp_pair_top2_v1,L1_kernel_body,warm,5,5,150,8.14592003822,8.217599987985,21.8987518549,10.9387776017198,5.453973598973951,0.49859077472390284,False
20260803T181855Z-86cfbe2a805d-rtx3080_topk_gate_release_v2,topk_gate.release.main.e32_t256,topk_gate,cuda_warp_pair_top2_v1,L2_operator_steady,warm,5,5,150,8.40704023838,8.616960048675,21.366272568699998,11.080772296587266,5.129771301610578,0.4629434812220156,False
20260803T181855Z-86cfbe2a805d-rtx3080_topk_gate_release_v2,topk_gate.release.main.e32_t32,topk_gate,cuda_local_pair_two_reduce_top2_v4,L1_kernel_body,warm,5,5,150,8.2483202219,8.27391982079,21.0227203369,10.686122671765334,5.169059784111402,0.48371705462159736,False
20260803T181855Z-86cfbe2a805d-rtx3080_topk_gate_release_v2,topk_gate.release.main.e32_t32,topk_gate,cuda_local_pair_two_reduce_top2_v4,L2_operator_steady,warm,5,5,150,8.212479949,8.19199979305,8.8325119018535,8.204424536228133,0.3670600093717039,0.04473927546665625,False
20260803T181855Z-86cfbe2a805d-rtx3080_topk_gate_release_v2,topk_gate.release.main.e32_t32,topk_gate,cuda_naive,L1_kernel_body,warm,5,5,150,9.65120017529,9.692159891125,10.4345595837,9.738376510143,0.40866362492678016,0.04196424573450583,True
20260803T181855Z-86cfbe2a805d-rtx3080_topk_gate_release_v2,topk_gate.release.main.e32_t32,topk_gate,cuda_naive,L2_operator_steady,warm,5,5,150,9.6460801363,9.743359982965,22.9888010025,12.010359466074867,5.337559728976973,0.4444129873093093,True
20260803T181855Z-86cfbe2a805d-rtx3080_topk_gate_release_v2,topk_gate.release.main.e32_t32,topk_gate,cuda_subwarp_pair_top2_v2,L1_kernel_body,warm,5,5,150,8.52991998196,8.719360232355,21.40115189549,11.088253907361333,5.142679115104082,0.4637952159167217,False
20260803T181855Z-86cfbe2a805d-rtx3080_topk_gate_release_v2,topk_gate.release.main.e32_t32,topk_gate,cuda_subwarp_pair_top2_v2,L2_operator_steady,warm,5,5,150,8.45311999321,8.581120073794999,9.5697921514535,8.616209065914399,0.577290634606263,0.0670005370331619,False
20260803T181855Z-86cfbe2a805d-rtx3080_topk_gate_release_v2,topk_gate.release.main.e32_t32,topk_gate,cuda_vector_pair_top2_v3,L1_kernel_body,warm,5,5,150,8.70911985636,8.64255994558,21.140990853299996,11.052782932915534,5.050254756991345,0.45692155429484893,False
20260803T181855Z-86cfbe2a805d-rtx3080_topk_gate_release_v2,topk_gate.release.main.e32_t32,topk_gate,cuda_vector_pair_top2_v3,L2_operator_steady,warm,5,5,150,8.77568006516,8.990719914435001,52.313601255434996,17.829205254713532,15.15824340194712,0.8501917603949124,False
20260803T181855Z-86cfbe2a805d-rtx3080_topk_gate_release_v2,topk_gate.release.main.e32_t32,topk_gate,cuda_warp_pair_top2_v1,L1_kernel_body,warm,5,5,150,8.68863999844,8.51967990398,9.943552225840996,8.652185610931133,0.7058307269467855,0.08157831543223508,False
20260803T181855Z-86cfbe2a805d-rtx3080_topk_gate_release_v2,topk_gate.release.main.e32_t32,topk_gate,cuda_warp_pair_top2_v1,L2_operator_steady,warm,5,5,150,8.57088029385,8.72448027134,9.376255869866,8.707686400413467,0.4852712586145862,0.05572906927281443,False
20260803T181855Z-86cfbe2a805d-rtx3080_topk_gate_release_v2,topk_gate.release.main.e32_t4,topk_gate,cuda_local_pair_two_reduce_top2_v4,L1_kernel_body,warm,5,5,150,7.98720002174,8.176639974115,56.69990348811497,12.225399450460333,12.897591040769198,1.0549832005925626,False
20260803T181855Z-86cfbe2a805d-rtx3080_topk_gate_release_v2,topk_gate.release.main.e32_t4,topk_gate,cuda_local_pair_two_reduce_top2_v4,L2_operator_steady,warm,5,5,150,8.71935993433,8.688639998435,9.3885442316535,8.5264383951824,0.6141892727170954,0.0720335085120798,False
20260803T181855Z-86cfbe2a805d-rtx3080_topk_gate_release_v2,topk_gate.release.main.e32_t4,topk_gate,cuda_naive,L1_kernel_body,warm,5,5,150,8.49919974804,8.504319787025,52.460542917245,14.327466591198066,14.270446722323678,0.9960202406677104,True
20260803T181855Z-86cfbe2a805d-rtx3080_topk_gate_release_v2,topk_gate.release.main.e32_t4,topk_gate,cuda_naive,L2_operator_steady,warm,5,5,150,8.20735991001,8.35583984852,21.127167820935,10.867097620168867,5.151350904845946,0.47403189746683233,True
20260803T181855Z-86cfbe2a805d-rtx3080_topk_gate_release_v2,topk_gate.release.main.e32_t4,topk_gate,cuda_subwarp_pair_top2_v2,L1_kernel_body,warm,5,5,150,8.70400011539,8.816639781,21.4732789993,11.204744509854066,5.141117841224166,0.45883400881678166,False
20260803T181855Z-86cfbe2a805d-rtx3080_topk_gate_release_v2,topk_gate.release.main.e32_t4,topk_gate,cuda_subwarp_pair_top2_v2,L2_operator_steady,warm,5,5,150,8.79103988409,8.91391992569,21.612032055845,11.3636693875,5.150094670799288,0.4532070139654341,False
20260803T181855Z-86cfbe2a805d-rtx3080_topk_gate_release_v2,topk_gate.release.main.e32_t4,topk_gate,cuda_vector_pair_top2_v3,L1_kernel_body,warm,5,5,150,8.79104018211,8.831999897955,21.265487909285,11.1827754497524,5.021253147196051,0.44901671948596866,False
20260803T181855Z-86cfbe2a805d-rtx3080_topk_gate_release_v2,topk_gate.release.main.e32_t4,topk_gate,cuda_vector_pair_top2_v3,L2_operator_steady,warm,5,5,150,8.84736001492,8.93952012062,11.980287969134999,9.289932791390934,1.3077833184649208,0.14077424969929336,False
20260803T181855Z-86cfbe2a805d-rtx3080_topk_gate_release_v2,topk_gate.release.main.e32_t4,topk_gate,cuda_warp_pair_top2_v1,L1_kernel_body,warm,5,5,150,10.654720068,10.1171195507,20.716544389744996,11.862220752237599,4.529994703795668,0.3818842018212454,False
20260803T181855Z-86cfbe2a805d-rtx3080_topk_gate_release_v2,topk_gate.release.main.e32_t4,topk_gate,cuda_warp_pair_top2_v1,L2_operator_steady,warm,5,5,150,8.45823973417,8.555520176885,21.914623975745002,11.0977023641244,5.4194996164783875,0.4883442931392747,False
20260803T181855Z-86cfbe2a805d-rtx3080_topk_gate_release_v2,topk_gate.release.main.e32_t4096,topk_gate,cuda_local_pair_two_reduce_top2_v4,L1_kernel_body,warm,5,5,150,8.36607992649,8.64255994558,20.271615386045,10.580377594629734,4.369357457077547,0.41296800780487225,False
20260803T181855Z-86cfbe2a805d-rtx3080_topk_gate_release_v2,topk_gate.release.main.e32_t4096,topk_gate,cuda_local_pair_two_reduce_top2_v4,L2_operator_steady,warm,5,5,150,8.51967990398,8.50943982601,9.2830717563635,8.478651730220067,0.4904728350321797,0.05784797520152998,False
20260803T181855Z-86cfbe2a805d-rtx3080_topk_gate_release_v2,topk_gate.release.main.e32_t4096,topk_gate,cuda_naive,L1_kernel_body,warm,5,5,150,11.3152003288,11.25887989995,18.5763835907,12.152832003434467,3.0635896453878915,0.25208853743078996,True
20260803T181855Z-86cfbe2a805d-rtx3080_topk_gate_release_v2,topk_gate.release.main.e32_t4096,topk_gate,cuda_naive,L2_operator_steady,warm,5,5,150,11.3510400057,11.4892804623,19.88915204999,12.782250670591933,3.0958895255477867,0.24220222285817675,True
20260803T181855Z-86cfbe2a805d-rtx3080_topk_gate_release_v2,topk_gate.release.main.e32_t4096,topk_gate,cuda_subwarp_pair_top2_v2,L1_kernel_body,warm,5,5,150,11.7094397545,11.555839777,13.548543989645,11.450436266263667,1.2231866298338232,0.1068244564128695,False
20260803T181855Z-86cfbe2a805d-rtx3080_topk_gate_release_v2,topk_gate.release.main.e32_t4096,topk_gate,cuda_subwarp_pair_top2_v2,L2_operator_steady,warm,5,5,150,11.7145597935,11.8271994591,19.208704173534997,13.080575950941999,2.8151336842241794,0.21521481124242448,False
20260803T181855Z-86cfbe2a805d-rtx3080_topk_gate_release_v2,topk_gate.release.main.e32_t4096,topk_gate,cuda_vector_pair_top2_v3,L1_kernel_body,warm,5,5,150,8.25344026089,8.33536028862,9.276927977800497,8.435643740495467,0.6118863639495096,0.07253582331981821,False
20260803T181855Z-86cfbe2a805d-rtx3080_topk_gate_release_v2,topk_gate.release.main.e32_t4096,topk_gate,cuda_vector_pair_top2_v3,L2_operator_steady,warm,5,5,150,8.80640000105,8.93952012062,21.806591153145,11.396437386671133,5.212372837071359,0.45736861970281734,False
20260803T181855Z-86cfbe2a805d-rtx3080_topk_gate_release_v2,topk_gate.release.main.e32_t4096,topk_gate,cuda_warp_pair_top2_v1,L1_kernel_body,warm,5,5,150,11.857919693,11.7708802223,19.094015955945,12.746547238033733,2.7766806669271946,0.2178378673906301,False
20260803T181855Z-86cfbe2a805d-rtx3080_topk_gate_release_v2,topk_gate.release.main.e32_t4096,topk_gate,cuda_warp_pair_top2_v1,L2_operator_steady,warm,5,5,150,11.555840373,11.60704016685,18.785791993145,12.681625596681334,2.7857616209835245,0.21966912678076012,False
20260803T181855Z-86cfbe2a805d-rtx3080_topk_gate_release_v2,topk_gate.release.main.e32_t512,topk_gate,cuda_local_pair_two_reduce_top2_v4,L1_kernel_body,warm,5,5,150,8.32000017166,8.483840227125,21.3765126467,11.009979740779666,5.164893844100224,0.46911020416959226,False
20260803T181855Z-86cfbe2a805d-rtx3080_topk_gate_release_v2,topk_gate.release.main.e32_t512,topk_gate,cuda_local_pair_two_reduce_top2_v4,L2_operator_steady,warm,5,5,150,8.36607992649,8.34559977055,8.8325119018535,8.328328545888867,0.31892547884937816,0.038294055895142384,False
20260803T181855Z-86cfbe2a805d-rtx3080_topk_gate_release_v2,topk_gate.release.main.e32_t512,topk_gate,cuda_naive,L1_kernel_body,warm,5,5,150,11.3868802786,11.0540795326,12.720128297845,10.948744539420867,1.090970661907781,0.09964344843189554,True
20260803T181855Z-86cfbe2a805d-rtx3080_topk_gate_release_v2,topk_gate.release.main.e32_t512,topk_gate,cuda_naive,L2_operator_steady,warm,5,5,150,12.0268803835,11.88351988795,13.911551833145,11.649433585006067,1.5172235342528735,0.130240111948935,True
20260803T181855Z-86cfbe2a805d-rtx3080_topk_gate_release_v2,topk_gate.release.main.e32_t512,topk_gate,cuda_subwarp_pair_top2_v2,L1_kernel_body,warm,5,5,150,8.11008006334,8.25343996286,52.734977006925,14.189431464672667,14.57630185768256,1.0272646859723085,False
20260803T181855Z-86cfbe2a805d-rtx3080_topk_gate_release_v2,topk_gate.release.main.e32_t512,topk_gate,cuda_subwarp_pair_top2_v2,L2_operator_steady,warm,5,5,150,8.1561601162,8.39680016041,9.57440018654,8.5426858544348,0.6151344966833767,0.07200715409241455,False
20260803T181855Z-86cfbe2a805d-rtx3080_topk_gate_release_v2,topk_gate.release.main.e32_t512,topk_gate,cuda_vector_pair_top2_v3,L1_kernel_body,warm,5,5,150,8.59647989273,8.514559864995,21.469694972044998,11.1022080262488,5.190983219138587,0.46756313760880863,False
20260803T181855Z-86cfbe2a805d-rtx3080_topk_gate_release_v2,topk_gate.release.main.e32_t512,topk_gate,cuda_vector_pair_top2_v3,L2_operator_steady,warm,5,5,150,8.88832002878,8.919039964675001,39.214080572135,14.7509930729858,11.96426384074091,0.811081923877494,False
20260803T181855Z-86cfbe2a805d-rtx3080_topk_gate_release_v2,topk_gate.release.main.e32_t512,topk_gate,cuda_warp_pair_top2_v1,L1_kernel_body,warm,5,5,150,8.26880007982,8.39680016041,23.7567996979,11.3801215966544,6.145461977668586,0.5400172507361668,False
20260803T181855Z-86cfbe2a805d-rtx3080_topk_gate_release_v2,topk_gate.release.main.e32_t512,topk_gate,cuda_warp_pair_top2_v1,L2_operator_steady,warm,5,5,150,8.61184000969,8.77568006516,21.6780805588,11.193753627937667,5.240358230859632,0.46815022065347295,False
20260803T181855Z-86cfbe2a805d-rtx3080_topk_gate_release_v2,topk_gate.release.main.e32_t64,topk_gate,cuda_local_pair_two_reduce_top2_v4,L1_kernel_body,warm,5,5,150,8.25343996286,8.2483202219,8.7813121080435,8.277606427669602,0.35700713570582615,0.04312927158658527,False
20260803T181855Z-86cfbe2a805d-rtx3080_topk_gate_release_v2,topk_gate.release.main.e32_t64,topk_gate,cuda_local_pair_two_reduce_top2_v4,L2_operator_steady,warm,5,5,150,8.35583984852,8.422399759295,62.85004973408,16.268424499033532,18.65089316959234,1.1464474123293467,False
20260803T181855Z-86cfbe2a805d-rtx3080_topk_gate_release_v2,topk_gate.release.main.e32_t64,topk_gate,cuda_naive,L1_kernel_body,warm,5,5,150,9.84063982964,9.794560074805,10.8544003963,9.857433589295534,1.8538391217203514,0.18806508863863794,True
20260803T181855Z-86cfbe2a805d-rtx3080_topk_gate_release_v2,topk_gate.release.main.e32_t64,topk_gate,cuda_naive,L2_operator_steady,warm,5,5,150,9.66655999422,9.753599762915,13.980671584619992,10.277341898283066,2.1847262211440834,0.2125769720192985,True
20260803T181855Z-86cfbe2a805d-rtx3080_topk_gate_release_v2,topk_gate.release.main.e32_t64,topk_gate,cuda_subwarp_pair_top2_v2,L1_kernel_body,warm,5,5,150,8.98048013449,9.1545599699,58.096638917934996,19.007487952711266,19.206412192170276,1.0104655723025533,False
20260803T181855Z-86cfbe2a805d-rtx3080_topk_gate_release_v2,topk_gate.release.main.e32_t64,topk_gate,cuda_subwarp_pair_top2_v2,L2_operator_steady,warm,5,5,150,8.4582400322,8.422399759295,9.3137919902835,8.469640489418799,0.6456101428071906,0.07622639279834338,False
20260803T181855Z-86cfbe2a805d-rtx3080_topk_gate_release_v2,topk_gate.release.main.e32_t64,topk_gate,cuda_vector_pair_top2_v3,L1_kernel_body,warm,5,5,150,8.62719982862,8.780800104145,21.085184812545002,11.078656009834468,4.993695575453876,0.45074922183891236,False
20260803T181855Z-86cfbe2a805d-rtx3080_topk_gate_release_v2,topk_gate.release.main.e32_t64,topk_gate,cuda_vector_pair_top2_v3,L2_operator_steady,warm,5,5,150,8.95488023758,8.93952012062,31.72659277919,13.2678997119252,9.240744682203735,0.6964738114426766,False
20260803T181855Z-86cfbe2a805d-rtx3080_topk_gate_release_v2,topk_gate.release.main.e32_t64,topk_gate,cuda_warp_pair_top2_v1,L1_kernel_body,warm,5,5,150,8.26368004084,8.371199965475,20.824575901034997,10.735479505857334,5.016570882590081,0.46728894408982974,False
20260803T181855Z-86cfbe2a805d-rtx3080_topk_gate_release_v2,topk_gate.release.main.e32_t64,topk_gate,cuda_warp_pair_top2_v1,L2_operator_steady,warm,5,5,150,8.53504002094,8.611840009689999,53.100032329579996,14.407338591417398,14.954761792889158,1.0379961363438677,False
20260803T181855Z-86cfbe2a805d-rtx3080_topk_gate_release_v2,topk_gate.release.main.e32_t8,topk_gate,cuda_local_pair_two_reduce_top2_v4,L1_kernel_body,warm,5,5,150,8.17151993513,8.176639974115,8.8847359716885,8.206472520033266,0.42031624023621594,0.051217650361974544,False
20260803T181855Z-86cfbe2a805d-rtx3080_topk_gate_release_v2,topk_gate.release.main.e32_t8,topk_gate,cuda_local_pair_two_reduce_top2_v4,L2_operator_steady,warm,5,5,150,8.25856000185,8.47872018814,30.363647937745,12.7427242676408,8.780208438437134,0.6890369950744222,False
20260803T181855Z-86cfbe2a805d-rtx3080_topk_gate_release_v2,topk_gate.release.main.e32_t8,topk_gate,cuda_naive,L1_kernel_body,warm,5,5,150,8.42240005732,8.48896026611,9.775615930556,8.5752490679426,0.6158856552200006,0.0718213139163975,True
20260803T181855Z-86cfbe2a805d-rtx3080_topk_gate_release_v2,topk_gate.release.main.e32_t8,topk_gate,cuda_naive,L2_operator_steady,warm,5,5,150,8.5504001379,8.45311999321,10.841600298889999,8.677580793697732,0.8727726640153578,0.10057787818572966,True
20260803T181855Z-86cfbe2a805d-rtx3080_topk_gate_release_v2,topk_gate.release.main.e32_t8,topk_gate,cuda_subwarp_pair_top2_v2,L1_kernel_body,warm,5,5,150,8.32000017166,8.340480029585,9.58464026451,8.475306685766066,0.7327382920369446,0.08645566693976384,False
20260803T181855Z-86cfbe2a805d-rtx3080_topk_gate_release_v2,topk_gate.release.main.e32_t8,topk_gate,cuda_subwarp_pair_top2_v2,L2_operator_steady,warm,5,5,150,8.44287991524,8.616960048675,9.752063900232493,8.676829842726601,0.6885809274288935,0.07935858371201092,False
20260803T181855Z-86cfbe2a805d-rtx3080_topk_gate_release_v2,topk_gate.release.main.e32_t8,topk_gate,cuda_vector_pair_top2_v3,L1_kernel_body,warm,5,5,150,8.68351995945,8.78592014313,67.21382427218,20.162082095942132,23.105005976734155,1.1459632922228962,False
20260803T181855Z-86cfbe2a805d-rtx3080_topk_gate_release_v2,topk_gate.release.main.e32_t8,topk_gate,cuda_vector_pair_top2_v3,L2_operator_steady,warm,5,5,150,8.37632000446,8.412159979345,9.2636158764385,8.424106661478532,0.4911424947386865,0.05830202708431579,False
20260803T181855Z-86cfbe2a805d-rtx3080_topk_gate_release_v2,topk_gate.release.main.e32_t8,topk_gate,cuda_warp_pair_top2_v1,L1_kernel_body,warm,5,5,150,8.52991998196,8.545280098915,9.56416010857,8.555861322085134,0.5529304979901711,0.06462593036225339,False
20260803T181855Z-86cfbe2a805d-rtx3080_topk_gate_release_v2,topk_gate.release.main.e32_t8,topk_gate,cuda_warp_pair_top2_v1,L2_operator_steady,warm,5,5,150,8.67840021849,8.780800104145,21.583359837544997,11.2242005467404,5.189239655122245,0.4623259922622501,False
20260803T181855Z-86cfbe2a805d-rtx3080_topk_gate_release_v2,topk_gate.release.main.e33_t1,topk_gate,cuda_local_pair_two_reduce_top2_v4,L1_kernel_body,warm,5,5,150,8.27391982079,8.41727972031,9.6015360653385,8.510805344581799,0.6233636766346139,0.07324379437622357,False
20260803T181855Z-86cfbe2a805d-rtx3080_topk_gate_release_v2,topk_gate.release.main.e33_t1,topk_gate,cuda_local_pair_two_reduce_top2_v4,L2_operator_steady,warm,5,5,150,8.08960020542,8.37632000446,21.274111866945,10.881092329820866,5.180153220332135,0.47606922754761843,False
20260803T181855Z-86cfbe2a805d-rtx3080_topk_gate_release_v2,topk_gate.release.main.e33_t1,topk_gate,cuda_naive,L1_kernel_body,warm,5,5,150,8.34048002958,8.320000171665,9.00095999241,8.354406388600934,0.38491873886884664,0.04607373893063716,True
20260803T181855Z-86cfbe2a805d-rtx3080_topk_gate_release_v2,topk_gate.release.main.e33_t1,topk_gate,cuda_naive,L2_operator_steady,warm,5,5,150,8.47359985113,8.64255994558,21.9658243656,11.2140287955594,5.378467327719133,0.4796195395760827,True
20260803T181855Z-86cfbe2a805d-rtx3080_topk_gate_release_v2,topk_gate.release.main.e33_t1,topk_gate,cuda_subwarp_pair_top2_v2,L1_kernel_body,warm,5,5,150,8.91903996468,8.87808024883,21.491680264495002,11.178327488899999,5.179771629853188,0.4633762640248879,False
20260803T181855Z-86cfbe2a805d-rtx3080_topk_gate_release_v2,topk_gate.release.main.e33_t1,topk_gate,cuda_subwarp_pair_top2_v2,L2_operator_steady,warm,5,5,150,8.24319988489,8.330240249635,9.253376126286,8.365192528565867,0.5066264497366576,0.06056363293571605,False
20260803T181855Z-86cfbe2a805d-rtx3080_topk_gate_release_v2,topk_gate.release.main.e33_t1,topk_gate,cuda_vector_pair_top2_v3,L1_kernel_body,warm,5,5,150,8.34560006857,8.38656008244,9.39007997513,8.461038911342532,0.5662042578247093,0.06691899939919652,False
20260803T181855Z-86cfbe2a805d-rtx3080_topk_gate_release_v2,topk_gate.release.main.e33_t1,topk_gate,cuda_vector_pair_top2_v3,L2_operator_steady,warm,5,5,150,8.41215997934,8.50943982601,22.6519048214,11.151974399883667,5.602948644525288,0.502417638672461,False
20260803T181855Z-86cfbe2a805d-rtx3080_topk_gate_release_v2,topk_gate.release.main.e33_t1,topk_gate,cuda_warp_pair_top2_v1,L1_kernel_body,warm,5,5,150,8.22784006596,8.2687997818,21.1921912432,10.7839487671862,5.194094161678529,0.48165048571848856,False
20260803T181855Z-86cfbe2a805d-rtx3080_topk_gate_release_v2,topk_gate.release.main.e33_t1,topk_gate,cuda_warp_pair_top2_v1,L2_operator_steady,warm,5,5,150,8.1561601162,8.28415989876,21.560831666,10.855901849270735,5.3606153839659365,0.4937973333211414,False
20260803T181855Z-86cfbe2a805d-rtx3080_topk_gate_release_v2,topk_gate.release.main.e33_t1024,topk_gate,cuda_local_pair_two_reduce_top2_v4,L1_kernel_body,warm,5,5,150,8.41727972031,8.84736001492,10.281983613945,8.904294407366333,0.8305167662129457,0.09327148544480704,False
20260803T181855Z-86cfbe2a805d-rtx3080_topk_gate_release_v2,topk_gate.release.main.e33_t1024,topk_gate,cuda_local_pair_two_reduce_top2_v4,L2_operator_steady,warm,5,5,150,9.49248015881,9.267199933525,10.375680208194995,9.1772927880274,0.765153799348538,0.08337467453874302,False
20260803T181855Z-86cfbe2a805d-rtx3080_topk_gate_release_v2,topk_gate.release.main.e33_t1024,topk_gate,cuda_naive,L1_kernel_body,warm,5,5,150,10.3935998678,10.48063993455,63.059454679509955,19.701691651343666,18.955886367870214,0.9621451144058187,True
20260803T181855Z-86cfbe2a805d-rtx3080_topk_gate_release_v2,topk_gate.release.main.e33_t1024,topk_gate,cuda_naive,L2_operator_steady,warm,5,5,150,10.5574399233,10.51136016845,34.182144403444994,14.921250073115534,9.045068541600857,0.6061870484898495,True
20260803T181855Z-86cfbe2a805d-rtx3080_topk_gate_release_v2,topk_gate.release.main.e33_t1024,topk_gate,cuda_subwarp_pair_top2_v2,L1_kernel_body,warm,5,5,150,9.42080020905,9.42080020905,10.149887800245,9.3891925414408,0.5001999181421458,0.053274007954829804,False
20260803T181855Z-86cfbe2a805d-rtx3080_topk_gate_release_v2,topk_gate.release.main.e33_t1024,topk_gate,cuda_subwarp_pair_top2_v2,L2_operator_steady,warm,5,5,150,9.33888018131,9.14431989193,9.9384319782235,9.017617058754,0.632823780644008,0.07017638656874256,False
20260803T181855Z-86cfbe2a805d-rtx3080_topk_gate_release_v2,topk_gate.release.main.e33_t1024,topk_gate,cuda_vector_pair_top2_v3,L1_kernel_body,warm,5,5,150,9.21088010073,9.016320109365001,21.946368217445,11.3343146284422,5.325314481497258,0.4698400085113196,False
20260803T181855Z-86cfbe2a805d-rtx3080_topk_gate_release_v2,topk_gate.release.main.e33_t1024,topk_gate,cuda_vector_pair_top2_v3,L2_operator_steady,warm,5,5,150,9.50271993876,9.44639980793,22.105599045745,11.712989846865,5.207091223974106,0.4445569655614269,False
20260803T181855Z-86cfbe2a805d-rtx3080_topk_gate_release_v2,topk_gate.release.main.e33_t1024,topk_gate,cuda_warp_pair_top2_v1,L1_kernel_body,warm,5,5,150,9.46687996387,9.579520225525,21.786110997199998,11.910417099794532,4.922338005436264,0.4132800693874255,False
20260803T181855Z-86cfbe2a805d-rtx3080_topk_gate_release_v2,topk_gate.release.main.e33_t1024,topk_gate,cuda_warp_pair_top2_v1,L2_operator_steady,warm,5,5,150,9.35424000025,9.2774400115,10.1785600185,9.1697834769874,0.7069563568589529,0.07709629770791634,False
20260803T181855Z-86cfbe2a805d-rtx3080_topk_gate_release_v2,topk_gate.release.main.e33_t128,topk_gate,cuda_local_pair_two_reduce_top2_v4,L1_kernel_body,warm,5,5,150,8.28416019678,8.46848011017,21.606400013,10.954751972357734,5.310396569826631,0.48475735308534806,False
20260803T181855Z-86cfbe2a805d-rtx3080_topk_gate_release_v2,topk_gate.release.main.e33_t128,topk_gate,cuda_local_pair_two_reduce_top2_v4,L2_operator_steady,warm,5,5,150,8.15103977919,8.38144004345,9.534463882447,8.429499753316133,0.5957858082822179,0.07067866726585265,False
20260803T181855Z-86cfbe2a805d-rtx3080_topk_gate_release_v2,topk_gate.release.main.e33_t128,topk_gate,cuda_naive,L1_kernel_body,warm,5,5,150,9.82015997171,9.81504023075,10.4299515486,9.686698691051266,0.6446835958074895,0.06655348910594885,True
20260803T181855Z-86cfbe2a805d-rtx3080_topk_gate_release_v2,topk_gate.release.main.e33_t128,topk_gate,cuda_naive,L2_operator_steady,warm,5,5,150,10.1990401745,10.219520330449999,22.7020788193,12.592605845133534,5.058908804530861,0.4017364528633999,True
20260803T181855Z-86cfbe2a805d-rtx3080_topk_gate_release_v2,topk_gate.release.main.e33_t128,topk_gate,cuda_subwarp_pair_top2_v2,L1_kernel_body,warm,5,5,150,8.13567996025,8.15104007721,21.7815029621,10.8038825988756,5.483029619490775,0.5075054795635612,False
20260803T181855Z-86cfbe2a805d-rtx3080_topk_gate_release_v2,topk_gate.release.main.e33_t128,topk_gate,cuda_subwarp_pair_top2_v2,L2_operator_steady,warm,5,5,150,8.15103977919,8.38144004345,31.985152363799997,13.0140160163256,9.385017167087373,0.7211468892703234,False
20260803T181855Z-86cfbe2a805d-rtx3080_topk_gate_release_v2,topk_gate.release.main.e33_t128,topk_gate,cuda_vector_pair_top2_v3,L1_kernel_body,warm,5,5,150,8.18687975407,8.23296010494,33.219584226600006,12.917828214169534,9.6043009264341,0.743491921954742,False
20260803T181855Z-86cfbe2a805d-rtx3080_topk_gate_release_v2,topk_gate.release.main.e33_t128,topk_gate,cuda_vector_pair_top2_v3,L2_operator_steady,warm,5,5,150,8.1817600131,8.458240032195,66.34393548965498,19.658205898605534,22.53631192158992,1.1464073597473383,False
20260803T181855Z-86cfbe2a805d-rtx3080_topk_gate_release_v2,topk_gate.release.main.e33_t128,topk_gate,cuda_warp_pair_top2_v1,L1_kernel_body,warm,5,5,150,8.04863989353,8.19711983204,21.279743909845003,10.728447930016934,5.277157079153799,0.491884484463865,False
20260803T181855Z-86cfbe2a805d-rtx3080_topk_gate_release_v2,topk_gate.release.main.e33_t128,topk_gate,cuda_warp_pair_top2_v1,L2_operator_steady,warm,5,5,150,8.06912004948,8.074240088465,8.801791936161498,8.117930678526399,0.4470045033963901,0.05506384830050461,False
20260803T181855Z-86cfbe2a805d-rtx3080_topk_gate_release_v2,topk_gate.release.main.e33_t16,topk_gate,cuda_local_pair_two_reduce_top2_v4,L1_kernel_body,warm,5,5,150,8.20735991001,8.28415989876,20.947455763845,10.753228863081201,5.098461023024462,0.47413303370942694,False
20260803T181855Z-86cfbe2a805d-rtx3080_topk_gate_release_v2,topk_gate.release.main.e33_t16,topk_gate,cuda_local_pair_two_reduce_top2_v4,L2_operator_steady,warm,5,5,150,8.19711983204,8.17152023315,9.022464156152498,8.211524260044333,0.45175517734885656,0.05501477716469872,False
20260803T181855Z-86cfbe2a805d-rtx3080_topk_gate_release_v2,topk_gate.release.main.e33_t16,topk_gate,cuda_naive,L1_kernel_body,warm,5,5,150,8.08448016644,8.238080143925,9.819647938014999,8.459400530656334,0.7391223946703095,0.08737290449740222,True
20260803T181855Z-86cfbe2a805d-rtx3080_topk_gate_release_v2,topk_gate.release.main.e33_t16,topk_gate,cuda_naive,L2_operator_steady,warm,5,5,150,9.51807975769,9.46175992489,24.603343606030002,12.135010099410867,6.700514957959659,0.5521639374890144,True
20260803T181855Z-86cfbe2a805d-rtx3080_topk_gate_release_v2,topk_gate.release.main.e33_t16,topk_gate,cuda_subwarp_pair_top2_v2,L1_kernel_body,warm,5,5,150,8.34048002958,8.38144004345,9.558015733957,8.498653856913533,0.640501186860216,0.07536501634775694,False
20260803T181855Z-86cfbe2a805d-rtx3080_topk_gate_release_v2,topk_gate.release.main.e33_t16,topk_gate,cuda_subwarp_pair_top2_v2,L2_operator_steady,warm,5,5,150,8.17151993513,8.186879754065,9.1304960548885,8.319863466421532,0.4767791108072304,0.057306121997251776,False
20260803T181855Z-86cfbe2a805d-rtx3080_topk_gate_release_v2,topk_gate.release.main.e33_t16,topk_gate,cuda_vector_pair_top2_v3,L1_kernel_body,warm,5,5,150,8.11520010233,8.25344026089,22.1388792992,10.914679447810933,5.58547138054937,0.5117393879734692,False
20260803T181855Z-86cfbe2a805d-rtx3080_topk_gate_release_v2,topk_gate.release.main.e33_t16,topk_gate,cuda_vector_pair_top2_v3,L2_operator_steady,warm,5,5,150,8.3609598875,8.412159979345,20.8496630192,10.8746069550528,5.010326846555737,0.4607363619912468,False
20260803T181855Z-86cfbe2a805d-rtx3080_topk_gate_release_v2,topk_gate.release.main.e33_t16,topk_gate,cuda_warp_pair_top2_v1,L1_kernel_body,warm,5,5,150,8.64255994558,8.760319948195,21.0339844227,10.995097569624066,5.021262493960838,0.45668194048891186,False
20260803T181855Z-86cfbe2a805d-rtx3080_topk_gate_release_v2,topk_gate.release.main.e33_t16,topk_gate,cuda_warp_pair_top2_v1,L2_operator_steady,warm,5,5,150,8.35584014654,8.29439997673,9.112063914537998,8.293512558936866,0.49289046008698184,0.05943084508334847,False
20260803T181855Z-86cfbe2a805d-rtx3080_topk_gate_release_v2,topk_gate.release.main.e33_t2,topk_gate,cuda_local_pair_two_reduce_top2_v4,L1_kernel_body,warm,5,5,150,8.1817600131,8.340480029585,21.960192322700003,10.994346694151133,5.4586590887865265,0.4964969034213257,False
20260803T181855Z-86cfbe2a805d-rtx3080_topk_gate_release_v2,topk_gate.release.main.e33_t2,topk_gate,cuda_local_pair_two_reduce_top2_v4,L2_operator_steady,warm,5,5,150,8.57088029385,8.591359853745,21.4118409157,11.042269873620533,5.194391396855958,0.4704097487478654,False
20260803T181855Z-86cfbe2a805d-rtx3080_topk_gate_release_v2,topk_gate.release.main.e33_t2,topk_gate,cuda_naive,L1_kernel_body,warm,5,5,150,8.53504002094,8.739839792255,79.90118265152998,22.332415926457266,27.51651831344881,1.2321335230394812,True
20260803T181855Z-86cfbe2a805d-rtx3080_topk_gate_release_v2,topk_gate.release.main.e33_t2,topk_gate,cuda_naive,L2_operator_steady,warm,5,5,150,8.43263983727,8.555520176885,21.9750404358,11.159347172575535,5.371547761498648,0.4813496415542483,True
20260803T181855Z-86cfbe2a805d-rtx3080_topk_gate_release_v2,topk_gate.release.main.e33_t2,topk_gate,cuda_subwarp_pair_top2_v2,L1_kernel_body,warm,5,5,150,8.3046400547,8.49919974804,69.32735943794499,16.301397295792267,19.069603119950926,1.1698140210884371,False
20260803T181855Z-86cfbe2a805d-rtx3080_topk_gate_release_v2,topk_gate.release.main.e33_t2,topk_gate,cuda_subwarp_pair_top2_v2,L2_operator_steady,warm,5,5,150,8.89856010675,8.688639998435,9.738240242,8.734583461283266,0.6692062646244088,0.07661570441117412,False
20260803T181855Z-86cfbe2a805d-rtx3080_topk_gate_release_v2,topk_gate.release.main.e33_t2,topk_gate,cuda_vector_pair_top2_v3,L1_kernel_body,warm,5,5,150,8.24831992388,8.386560082435,22.043136954345,10.9601451158516,5.362412588810817,0.48926474349825794,False
20260803T181855Z-86cfbe2a805d-rtx3080_topk_gate_release_v2,topk_gate.release.main.e33_t2,topk_gate,cuda_vector_pair_top2_v3,L2_operator_steady,warm,5,5,150,8.27392011881,8.360959887505,9.5800322294235,8.483839996655801,0.568451587877007,0.06700404393542098,False
20260803T181855Z-86cfbe2a805d-rtx3080_topk_gate_release_v2,topk_gate.release.main.e33_t2,topk_gate,cuda_warp_pair_top2_v1,L1_kernel_body,warm,5,5,150,8.34560006857,8.50943982601,9.462783932687,8.518724278608733,0.5450699196506739,0.06398492330822263,False
20260803T181855Z-86cfbe2a805d-rtx3080_topk_gate_release_v2,topk_gate.release.main.e33_t2,topk_gate,cuda_warp_pair_top2_v1,L2_operator_steady,warm,5,5,150,8.19200009108,8.18175971508,9.0634238719925,8.236031977335399,0.46038374126977616,0.05589873163881571,False
20260803T181855Z-86cfbe2a805d-rtx3080_topk_gate_release_v2,topk_gate.release.main.e33_t2048,topk_gate,cuda_local_pair_two_reduce_top2_v4,L1_kernel_body,warm,5,5,150,9.86624002457,10.1888000965,24.173056483245,12.504678503668666,5.342276277126152,0.4272222013191956,False
20260803T181855Z-86cfbe2a805d-rtx3080_topk_gate_release_v2,topk_gate.release.main.e33_t2048,topk_gate,cuda_local_pair_two_reduce_top2_v4,L2_operator_steady,warm,5,5,150,10.3833603859,10.337280035,23.5883527994,12.610833132270733,5.2487773655029395,0.4162117847766521,False
20260803T181855Z-86cfbe2a805d-rtx3080_topk_gate_release_v2,topk_gate.release.main.e33_t2048,topk_gate,cuda_naive,L1_kernel_body,warm,5,5,150,10.4703998566,10.4140794277,11.0284805298,10.303965862589733,0.5434420130697811,0.05274105333004237,True
20260803T181855Z-86cfbe2a805d-rtx3080_topk_gate_release_v2,topk_gate.release.main.e33_t2048,topk_gate,cuda_naive,L2_operator_steady,warm,5,5,150,10.4601597786,10.4345595837,10.9977602959,10.320008520284533,0.4945787561199373,0.0479242585069398,True
20260803T181855Z-86cfbe2a805d-rtx3080_topk_gate_release_v2,topk_gate.release.main.e33_t2048,topk_gate,cuda_subwarp_pair_top2_v2,L1_kernel_body,warm,5,5,150,9.65632021427,9.855999946595,11.357695996779999,9.843916781744399,0.7761931529729039,0.07885003197226928,False
20260803T181855Z-86cfbe2a805d-rtx3080_topk_gate_release_v2,topk_gate.release.main.e33_t2048,topk_gate,cuda_subwarp_pair_top2_v2,L2_operator_steady,warm,5,5,150,9.42079991102,9.50783997774,11.226624190824998,9.619933851560265,0.7957576136514151,0.08271965544985015,False
20260803T181855Z-86cfbe2a805d-rtx3080_topk_gate_release_v2,topk_gate.release.main.e33_t2048,topk_gate,cuda_vector_pair_top2_v3,L1_kernel_body,warm,5,5,150,9.69727993011,9.81504023075,10.828800201434998,9.828215463954068,0.6130657333005801,0.06237813319712597,False
20260803T181855Z-86cfbe2a805d-rtx3080_topk_gate_release_v2,topk_gate.release.main.e33_t2048,topk_gate,cuda_vector_pair_top2_v3,L2_operator_steady,warm,5,5,150,9.62559998035,9.850879907605,55.210495471935005,18.193544511000667,17.37779579746593,0.955162738462453,False
20260803T181855Z-86cfbe2a805d-rtx3080_topk_gate_release_v2,topk_gate.release.main.e33_t2048,topk_gate,cuda_warp_pair_top2_v1,L1_kernel_body,warm,5,5,150,9.65632021427,10.086400508899999,24.2073607445,12.4790784120566,5.408578276088527,0.43341167492489313,False
20260803T181855Z-86cfbe2a805d-rtx3080_topk_gate_release_v2,topk_gate.release.main.e33_t2048,topk_gate,cuda_warp_pair_top2_v1,L2_operator_steady,warm,5,5,150,10.0044798851,10.1683199406,22.3846411705,12.316740302246666,4.850015480883212,0.39377427483784266,False
20260803T181855Z-86cfbe2a805d-rtx3080_topk_gate_release_v2,topk_gate.release.main.e33_t256,topk_gate,cuda_local_pair_two_reduce_top2_v4,L1_kernel_body,warm,5,5,150,8.33023995161,8.29439997673,9.458175897596,8.336110929648,0.5925048265484169,0.07107688843740423,False
20260803T181855Z-86cfbe2a805d-rtx3080_topk_gate_release_v2,topk_gate.release.main.e33_t256,topk_gate,cuda_local_pair_two_reduce_top2_v4,L2_operator_steady,warm,5,5,150,8.29439997673,8.289279937745,9.3342721462235,8.352290145556,0.5199621457431847,0.06225384136347811,False
20260803T181855Z-86cfbe2a805d-rtx3080_topk_gate_release_v2,topk_gate.release.main.e33_t256,topk_gate,cuda_naive,L1_kernel_body,warm,5,5,150,10.4294395447,10.2707195282,11.190271914024997,10.3342079758616,1.7215955374512866,0.16659191894265615,True
20260803T181855Z-86cfbe2a805d-rtx3080_topk_gate_release_v2,topk_gate.release.main.e33_t256,topk_gate,cuda_naive,L2_operator_steady,warm,5,5,150,10.357760191,10.4550397396,22.35136091709,12.708590896923067,4.795390915328575,0.37733458840740625,True
20260803T181855Z-86cfbe2a805d-rtx3080_topk_gate_release_v2,topk_gate.release.main.e33_t256,topk_gate,cuda_subwarp_pair_top2_v2,L1_kernel_body,warm,5,5,150,8.06400001049,8.24320018291,9.24672007561,8.314402127265799,0.5265807716800027,0.06333357030605512,False
20260803T181855Z-86cfbe2a805d-rtx3080_topk_gate_release_v2,topk_gate.release.main.e33_t256,topk_gate,cuda_subwarp_pair_top2_v2,L2_operator_steady,warm,5,5,150,8.25343996286,8.284159898755,42.196991205204995,14.947532848517334,13.511680101150343,0.9039404855692011,False
20260803T181855Z-86cfbe2a805d-rtx3080_topk_gate_release_v2,topk_gate.release.main.e33_t256,topk_gate,cuda_vector_pair_top2_v3,L1_kernel_body,warm,5,5,150,8.15104007721,8.22272002697,9.246208012102997,8.283682155608734,0.539984167695194,0.0651864904461092,False
20260803T181855Z-86cfbe2a805d-rtx3080_topk_gate_release_v2,topk_gate.release.main.e33_t256,topk_gate,cuda_vector_pair_top2_v3,L2_operator_steady,warm,5,5,150,9.03168022633,9.098239839075,21.9089919329,11.652983391285133,5.1868066765187235,0.44510547233747527,False
20260803T181855Z-86cfbe2a805d-rtx3080_topk_gate_release_v2,topk_gate.release.main.e33_t256,topk_gate,cuda_warp_pair_top2_v1,L1_kernel_body,warm,5,5,150,8.17151993513,8.166399896145,9.430527955294998,8.297472000122001,0.5675728953893293,0.06840311065599065,False
20260803T181855Z-86cfbe2a805d-rtx3080_topk_gate_release_v2,topk_gate.release.main.e33_t256,topk_gate,cuda_warp_pair_top2_v1,L2_operator_steady,warm,5,5,150,8.1254401803,8.27391982079,23.030782938,11.168494939806067,5.947970782398526,0.5325669048923622,False
20260803T181855Z-86cfbe2a805d-rtx3080_topk_gate_release_v2,topk_gate.release.main.e33_t32,topk_gate,cuda_local_pair_two_reduce_top2_v4,L1_kernel_body,warm,5,5,150,8.16639989614,8.40703994036,34.215423345569995,12.548983403046867,8.928680360162227,0.7115062689456073,False
20260803T181855Z-86cfbe2a805d-rtx3080_topk_gate_release_v2,topk_gate.release.main.e33_t32,topk_gate,cuda_local_pair_two_reduce_top2_v4,L2_operator_steady,warm,5,5,150,8.23296010494,8.2483202219,70.1552641392,20.1893887718548,24.05214841729271,1.1913262302830496,False
20260803T181855Z-86cfbe2a805d-rtx3080_topk_gate_release_v2,topk_gate.release.main.e33_t32,topk_gate,cuda_naive,L1_kernel_body,warm,5,5,150,9.68191981316,9.79968011379,80.67942428586998,23.374028801919067,27.46603650396481,1.175066426790309,True
20260803T181855Z-86cfbe2a805d-rtx3080_topk_gate_release_v2,topk_gate.release.main.e33_t32,topk_gate,cuda_naive,L2_operator_steady,warm,5,5,150,9.63072001934,9.477120041845,10.274816095835,9.255048565068801,0.7979638167144237,0.08621930086095575,True
20260803T181855Z-86cfbe2a805d-rtx3080_topk_gate_release_v2,topk_gate.release.main.e33_t32,topk_gate,cuda_subwarp_pair_top2_v2,L1_kernel_body,warm,5,5,150,8.22784006596,8.62720012665,14.915072321899999,9.594265604019133,2.322314078464325,0.24205230231394514,False
20260803T181855Z-86cfbe2a805d-rtx3080_topk_gate_release_v2,topk_gate.release.main.e33_t32,topk_gate,cuda_subwarp_pair_top2_v2,L2_operator_steady,warm,5,5,150,8.2483202219,8.46848011017,34.721279740345,13.602474693457934,10.459934348495732,0.7689728953163504,False
20260803T181855Z-86cfbe2a805d-rtx3080_topk_gate_release_v2,topk_gate.release.main.e33_t32,topk_gate,cuda_vector_pair_top2_v3,L1_kernel_body,warm,5,5,150,8.23296010494,8.25344026089,9.2523521184935,8.305868820349666,0.48058072839183213,0.05786038026682925,False
20260803T181855Z-86cfbe2a805d-rtx3080_topk_gate_release_v2,topk_gate.release.main.e33_t32,topk_gate,cuda_vector_pair_top2_v3,L2_operator_steady,warm,5,5,150,8.34560006857,8.627200126645,9.506815940141498,8.627882659434999,0.5443153637157457,0.0630879423378007,False
20260803T181855Z-86cfbe2a805d-rtx3080_topk_gate_release_v2,topk_gate.release.main.e33_t32,topk_gate,cuda_warp_pair_top2_v1,L1_kernel_body,warm,5,5,150,8.3609598875,8.391680121425,21.337120652195,10.857139229774466,5.208898061890474,0.4797670870431195,False
20260803T181855Z-86cfbe2a805d-rtx3080_topk_gate_release_v2,topk_gate.release.main.e33_t32,topk_gate,cuda_warp_pair_top2_v1,L2_operator_steady,warm,5,5,150,8.43775987625,8.43775987625,43.58092713358,15.2486570398018,13.69196372753455,0.897912759910332,False
20260803T181855Z-86cfbe2a805d-rtx3080_topk_gate_release_v2,topk_gate.release.main.e33_t4,topk_gate,cuda_local_pair_two_reduce_top2_v4,L1_kernel_body,warm,5,5,150,8.28416019678,8.637440204619999,9.53343987465,8.629179739951667,0.5764418976174907,0.06680147070626662,False
20260803T181855Z-86cfbe2a805d-rtx3080_topk_gate_release_v2,topk_gate.release.main.e33_t4,topk_gate,cuda_local_pair_two_reduce_top2_v4,L2_operator_steady,warm,5,5,150,8.96511971951,8.893439769745001,21.3606405258,11.088008542854066,5.1260509773732705,0.46230582864015535,False
20260803T181855Z-86cfbe2a805d-rtx3080_topk_gate_release_v2,topk_gate.release.main.e33_t4,topk_gate,cuda_naive,L1_kernel_body,warm,5,5,150,9.57952022552,9.51807975769,10.3377920389,9.4864042917868,0.6451320061817314,0.06800595740372123,True
20260803T181855Z-86cfbe2a805d-rtx3080_topk_gate_release_v2,topk_gate.release.main.e33_t4,topk_gate,cuda_naive,L2_operator_steady,warm,5,5,150,9.74848002195,9.845759868625,22.2423040867,12.311210676034001,5.423346602534682,0.44052098085627006,True
20260803T181855Z-86cfbe2a805d-rtx3080_topk_gate_release_v2,topk_gate.release.main.e33_t4,topk_gate,cuda_subwarp_pair_top2_v2,L1_kernel_body,warm,5,5,150,8.12032014132,8.535040020945,9.493504166602499,8.504524791240932,0.6029354007337048,0.07089583669092084,False
20260803T181855Z-86cfbe2a805d-rtx3080_topk_gate_release_v2,topk_gate.release.main.e33_t4,topk_gate,cuda_subwarp_pair_top2_v2,L2_operator_steady,warm,5,5,150,8.27903985977,8.38144004345,10.307071805,8.605696014561532,0.7909965232907388,0.09191546180022032,False
20260803T181855Z-86cfbe2a805d-rtx3080_topk_gate_release_v2,topk_gate.release.main.e33_t4,topk_gate,cuda_vector_pair_top2_v3,L1_kernel_body,warm,5,5,150,8.44799995422,8.5504001379,9.53343987465,8.554222917556801,0.574603676384668,0.06717193156205267,False
20260803T181855Z-86cfbe2a805d-rtx3080_topk_gate_release_v2,topk_gate.release.main.e33_t4,topk_gate,cuda_vector_pair_top2_v3,L2_operator_steady,warm,5,5,150,8.3609598875,8.616960048675,20.8133131266,10.917205341658,4.9308124308893095,0.45165518798792376,False
20260803T181855Z-86cfbe2a805d-rtx3080_topk_gate_release_v2,topk_gate.release.main.e33_t4,topk_gate,cuda_warp_pair_top2_v1,L1_kernel_body,warm,5,5,150,8.91391992569,8.883199989795,79.374334573765,21.956744313239334,26.74817083940048,1.2182211742235411,False
20260803T181855Z-86cfbe2a805d-rtx3080_topk_gate_release_v2,topk_gate.release.main.e33_t4,topk_gate,cuda_warp_pair_top2_v1,L2_operator_steady,warm,5,5,150,8.32000017166,8.35583984852,32.5027835369,13.094638923804,9.679820885652465,0.7392201451279476,False
20260803T181855Z-86cfbe2a805d-rtx3080_topk_gate_release_v2,topk_gate.release.main.e33_t4096,topk_gate,cuda_local_pair_two_reduce_top2_v4,L1_kernel_body,warm,5,5,150,13.7164795399,13.75743985175,22.5848323107,15.243195764222001,3.478801774340078,0.22821997618802037,False
20260803T181855Z-86cfbe2a805d-rtx3080_topk_gate_release_v2,topk_gate.release.main.e33_t4096,topk_gate,cuda_local_pair_two_reduce_top2_v4,L2_operator_steady,warm,5,5,150,13.6499202251,13.593599796300001,14.327807962889999,13.483554148674001,0.6507796718960016,0.04826469821831068,False
20260803T181855Z-86cfbe2a805d-rtx3080_topk_gate_release_v2,topk_gate.release.main.e33_t4096,topk_gate,cuda_naive,L1_kernel_body,warm,5,5,150,10.4089599848,10.4755198956,21.8111991882,12.586188789207267,4.535389107027761,0.3603465022642029,True
20260803T181855Z-86cfbe2a805d-rtx3080_topk_gate_release_v2,topk_gate.release.main.e33_t4096,topk_gate,cuda_naive,L2_operator_steady,warm,5,5,150,10.4499197006,10.48575997355,10.967040062,10.443707716467268,0.3803589551339815,0.03641991574833572,True
20260803T181855Z-86cfbe2a805d-rtx3080_topk_gate_release_v2,topk_gate.release.main.e33_t4096,topk_gate,cuda_subwarp_pair_top2_v2,L1_kernel_body,warm,5,5,150,13.5628801584,13.2198405266,20.887039303789997,13.944832026957402,3.0507059298873824,0.21876964340552266,False
20260803T181855Z-86cfbe2a805d-rtx3080_topk_gate_release_v2,topk_gate.release.main.e33_t4096,topk_gate,cuda_subwarp_pair_top2_v2,L2_operator_steady,warm,5,5,150,13.7830400467,13.75743985175,21.035711765294998,14.643978651362668,2.5533863147484,0.1743642472813083,False
20260803T181855Z-86cfbe2a805d-rtx3080_topk_gate_release_v2,topk_gate.release.main.e33_t4096,topk_gate,cuda_vector_pair_top2_v3,L1_kernel_body,warm,5,5,150,13.1020796299,13.1379199028,14.195712149134998,13.169800575574667,0.6710823817223147,0.05095615365406032,False
20260803T181855Z-86cfbe2a805d-rtx3080_topk_gate_release_v2,topk_gate.release.main.e33_t4096,topk_gate,cuda_vector_pair_top2_v3,L2_operator_steady,warm,5,5,150,13.690880537,13.7318396568,21.3048321009,14.794683734574667,2.8190565113216146,0.19054523651178676,False
20260803T181855Z-86cfbe2a805d-rtx3080_topk_gate_release_v2,topk_gate.release.main.e33_t4096,topk_gate,cuda_warp_pair_top2_v1,L1_kernel_body,warm,5,5,150,12.9280000925,13.009920120250001,14.020608007889999,12.627148775257133,1.2241376458898114,0.09694489767068447,False
20260803T181855Z-86cfbe2a805d-rtx3080_topk_gate_release_v2,topk_gate.release.main.e33_t4096,topk_gate,cuda_warp_pair_top2_v1,L2_operator_steady,warm,5,5,150,13.7113595009,13.7727999687,28.187136054045,16.147182989116665,5.172741458514291,0.32034946665314695,False
20260803T181855Z-86cfbe2a805d-rtx3080_topk_gate_release_v2,topk_gate.release.main.e33_t512,topk_gate,cuda_local_pair_two_reduce_top2_v4,L1_kernel_body,warm,5,5,150,8.39679986238,8.41727972031,9.9179518222835,8.503773844243266,0.6501204125086022,0.07645081165331193,False
20260803T181855Z-86cfbe2a805d-rtx3080_topk_gate_release_v2,topk_gate.release.main.e33_t512,topk_gate,cuda_local_pair_two_reduce_top2_v4,L2_operator_steady,warm,5,5,150,8.49920004606,8.4582400322,9.520624011756,8.573627734183999,0.6157125313161309,0.07181470322780836,False
20260803T181855Z-86cfbe2a805d-rtx3080_topk_gate_release_v2,topk_gate.release.main.e33_t512,topk_gate,cuda_naive,L1_kernel_body,warm,5,5,150,10.4499197006,10.4652798176,33.670143961890005,15.0396927873306,9.205909961169159,0.6121075803439413,True
20260803T181855Z-86cfbe2a805d-rtx3080_topk_gate_release_v2,topk_gate.release.main.e33_t512,topk_gate,cuda_naive,L2_operator_steady,warm,5,5,150,10.4294395447,10.5983996391,57.86009550096,18.6545492847726,15.279326322552764,0.8190670323525332,True
20260803T181855Z-86cfbe2a805d-rtx3080_topk_gate_release_v2,topk_gate.release.main.e33_t512,topk_gate,cuda_subwarp_pair_top2_v2,L1_kernel_body,warm,5,5,150,8.46848011017,8.535040020945,30.27660810946999,10.359739756584068,6.104418705278736,0.5892444065884098,False
20260803T181855Z-86cfbe2a805d-rtx3080_topk_gate_release_v2,topk_gate.release.main.e33_t512,topk_gate,cuda_subwarp_pair_top2_v2,L2_operator_steady,warm,5,5,150,8.38656008244,8.44799995422,9.8222079575075,8.5985280195858,0.6329311634110176,0.07360924590456898,False
20260803T181855Z-86cfbe2a805d-rtx3080_topk_gate_release_v2,topk_gate.release.main.e33_t512,topk_gate,cuda_vector_pair_top2_v3,L1_kernel_body,warm,5,5,150,8.40191990137,8.504319787025,22.1081590652,11.153749326864533,5.45820270477292,0.489360352722513,False
20260803T181855Z-86cfbe2a805d-rtx3080_topk_gate_release_v2,topk_gate.release.main.e33_t512,topk_gate,cuda_vector_pair_top2_v3,L2_operator_steady,warm,5,5,150,8.54527980089,8.65279972553,21.990912556645,11.221265089510867,5.409435102851629,0.4820699858439424,False
20260803T181855Z-86cfbe2a805d-rtx3080_topk_gate_release_v2,topk_gate.release.main.e33_t512,topk_gate,cuda_warp_pair_top2_v1,L1_kernel_body,warm,5,5,150,8.34048002958,8.39680016041,9.447424083950999,8.431957348188066,0.5954380806695171,0.07061682787063316,False
20260803T181855Z-86cfbe2a805d-rtx3080_topk_gate_release_v2,topk_gate.release.main.e33_t512,topk_gate,cuda_warp_pair_top2_v1,L2_operator_steady,warm,5,5,150,8.64255994558,8.719360232355,22.1286392212,11.385378166039533,5.36783326460262,0.47146727902406166,False
20260803T181855Z-86cfbe2a805d-rtx3080_topk_gate_release_v2,topk_gate.release.main.e33_t64,topk_gate,cuda_local_pair_two_reduce_top2_v4,L1_kernel_body,warm,5,5,150,8.26368004084,8.524799942969999,43.06278371814499,12.955238405862666,10.24351025424535,0.7906848128406367,False
20260803T181855Z-86cfbe2a805d-rtx3080_topk_gate_release_v2,topk_gate.release.main.e33_t64,topk_gate,cuda_local_pair_two_reduce_top2_v4,L2_operator_steady,warm,5,5,150,8.26880007982,8.2483202219,9.310207962989498,8.317610657215267,0.5111687667613269,0.06145620272787162,False
20260803T181855Z-86cfbe2a805d-rtx3080_topk_gate_release_v2,topk_gate.release.main.e33_t64,topk_gate,cuda_naive,L1_kernel_body,warm,5,5,150,9.79456007481,9.518080055715,10.929151773445,9.502924799918068,1.119999767560411,0.11785842686770155,True
20260803T181855Z-86cfbe2a805d-rtx3080_topk_gate_release_v2,topk_gate.release.main.e33_t64,topk_gate,cuda_naive,L2_operator_steady,warm,5,5,150,10.1375997066,10.2911996841,12.6463997364,10.613555204867867,1.103367621331377,0.10395834383801214,True
20260803T181855Z-86cfbe2a805d-rtx3080_topk_gate_release_v2,topk_gate.release.main.e33_t64,topk_gate,cuda_subwarp_pair_top2_v2,L1_kernel_body,warm,5,5,150,8.34559977055,8.350719809535,21.1512309313,10.8445013046272,5.149370434011715,0.4748369970516348,False
20260803T181855Z-86cfbe2a805d-rtx3080_topk_gate_release_v2,topk_gate.release.main.e33_t64,topk_gate,cuda_subwarp_pair_top2_v2,L2_operator_steady,warm,5,5,150,8.32512021065,8.320000171665,9.404415756461498,8.391543440024467,0.5597059938372623,0.06669881385201175,False
20260803T181855Z-86cfbe2a805d-rtx3080_topk_gate_release_v2,topk_gate.release.main.e33_t64,topk_gate,cuda_vector_pair_top2_v3,L1_kernel_body,warm,5,5,150,8.30976009369,8.57600003481,78.79526424407499,21.562914196649064,26.326852847355894,1.2209320413400875,False
20260803T181855Z-86cfbe2a805d-rtx3080_topk_gate_release_v2,topk_gate.release.main.e33_t64,topk_gate,cuda_vector_pair_top2_v3,L2_operator_steady,warm,5,5,150,8.24831992388,8.299520015715,21.26694381239,10.811596786975867,5.206393212382326,0.4815563616517941,False
20260803T181855Z-86cfbe2a805d-rtx3080_topk_gate_release_v2,topk_gate.release.main.e33_t64,topk_gate,cuda_warp_pair_top2_v1,L1_kernel_body,warm,5,5,150,8.2483202219,8.39680016041,11.502591907989999,8.881220253307,1.2404394799297278,0.13966993775070935,False
20260803T181855Z-86cfbe2a805d-rtx3080_topk_gate_release_v2,topk_gate.release.main.e33_t64,topk_gate,cuda_warp_pair_top2_v1,L2_operator_steady,warm,5,5,150,8.19711983204,8.22272002697,22.0113927126,10.924782975513468,5.537043861663547,0.5068333049795257,False
20260803T181855Z-86cfbe2a805d-rtx3080_topk_gate_release_v2,topk_gate.release.main.e33_t8,topk_gate,cuda_local_pair_two_reduce_top2_v4,L1_kernel_body,warm,5,5,150,8.32511991262,8.273919820785,9.1417601406555,8.315494398275801,0.4836739020121895,0.05816538125652255,False
20260803T181855Z-86cfbe2a805d-rtx3080_topk_gate_release_v2,topk_gate.release.main.e33_t8,topk_gate,cuda_local_pair_two_reduce_top2_v4,L2_operator_steady,warm,5,5,150,8.32512021065,8.422399759295,11.750399947149994,9.039257578054267,2.2915046882550434,0.25350585138965565,False
20260803T181855Z-86cfbe2a805d-rtx3080_topk_gate_release_v2,topk_gate.release.main.e33_t8,topk_gate,cuda_naive,L1_kernel_body,warm,5,5,150,9.80480015278,9.753599762915,22.420991063099997,11.848704012234867,5.160966711985151,0.435572253864725,True
20260803T181855Z-86cfbe2a805d-rtx3080_topk_gate_release_v2,topk_gate.release.main.e33_t8,topk_gate,cuda_naive,L2_operator_steady,warm,5,5,150,9.4003200531,9.53343987465,21.8111991882,11.815185089904933,4.8443173338098635,0.41000773978131916,True
20260803T181855Z-86cfbe2a805d-rtx3080_topk_gate_release_v2,topk_gate.release.main.e33_t8,topk_gate,cuda_subwarp_pair_top2_v2,L1_kernel_body,warm,5,5,150,8.38656008244,8.529919981955,9.4981122016935,8.568422408898533,0.6868648390304782,0.08016234567487604,False
20260803T181855Z-86cfbe2a805d-rtx3080_topk_gate_release_v2,topk_gate.release.main.e33_t8,topk_gate,cuda_subwarp_pair_top2_v2,L2_operator_steady,warm,5,5,150,8.32512021065,8.483840227125,21.550591587999996,11.0042453368486,5.25508664465156,0.4775508436779831,False
20260803T181855Z-86cfbe2a805d-rtx3080_topk_gate_release_v2,topk_gate.release.main.e33_t8,topk_gate,cuda_vector_pair_top2_v3,L1_kernel_body,warm,5,5,150,8.27391982079,8.330240249635,9.469439983368499,8.446566394965332,0.601274396213301,0.07118565913028248,False
20260803T181855Z-86cfbe2a805d-rtx3080_topk_gate_release_v2,topk_gate.release.main.e33_t8,topk_gate,cuda_vector_pair_top2_v3,L2_operator_steady,warm,5,5,150,8.43263983727,8.442879915235,11.535871624944999,8.945459202925601,1.2322620693048798,0.13775280187984873,False
20260803T181855Z-86cfbe2a805d-rtx3080_topk_gate_release_v2,topk_gate.release.main.e33_t8,topk_gate,cuda_warp_pair_top2_v1,L1_kernel_body,warm,5,5,150,9.04703974724,8.883199989795,9.575424194337,8.7868757208182,0.583414444938743,0.06639611887948925,False
20260803T181855Z-86cfbe2a805d-rtx3080_topk_gate_release_v2,topk_gate.release.main.e33_t8,topk_gate,cuda_warp_pair_top2_v1,L2_operator_steady,warm,5,5,150,8.3046400547,8.28415989876,9.3445122241935,8.358707221349666,0.5700435970295531,0.0681975791152916,False
20260803T181855Z-86cfbe2a805d-rtx3080_topk_gate_release_v2,topk_gate.release.main.e3_t1,topk_gate,cuda_local_pair_two_reduce_top2_v4,L1_kernel_body,warm,5,5,150,8.50431978703,8.57088029385,11.200511991969996,9.839001635711,6.0562973987672555,0.615539830462647,False
20260803T181855Z-86cfbe2a805d-rtx3080_topk_gate_release_v2,topk_gate.release.main.e3_t1,topk_gate,cuda_local_pair_two_reduce_top2_v4,L2_operator_steady,warm,5,5,150,8.75519990921,8.77568006516,39.5571208,14.7108522574102,12.063591066702276,0.8200470547602409,False
20260803T181855Z-86cfbe2a805d-rtx3080_topk_gate_release_v2,topk_gate.release.main.e3_t1,topk_gate,cuda_naive,L1_kernel_body,warm,5,5,150,8.6067199707,8.69376003742,20.5721592903,10.768452239037467,4.911168255515832,0.45607002255273166,True
20260803T181855Z-86cfbe2a805d-rtx3080_topk_gate_release_v2,topk_gate.release.main.e3_t1,topk_gate,cuda_naive,L2_operator_steady,warm,5,5,150,8.68351995945,8.688639998435,77.779968738585,21.85611950556413,26.62454580621596,1.2181735096862865,True
20260803T181855Z-86cfbe2a805d-rtx3080_topk_gate_release_v2,topk_gate.release.main.e3_t1,topk_gate,cuda_subwarp_pair_top2_v2,L1_kernel_body,warm,5,5,150,8.4582400322,8.47872018814,9.157631993291998,8.505685329437267,0.39832313698928073,0.04683022255840185,False
20260803T181855Z-86cfbe2a805d-rtx3080_topk_gate_release_v2,topk_gate.release.main.e3_t1,topk_gate,cuda_subwarp_pair_top2_v2,L2_operator_steady,warm,5,5,150,8.58623981476,8.58111977577,21.535743474945,10.217335490386468,4.4213147072828605,0.4327267819915372,False
20260803T181855Z-86cfbe2a805d-rtx3080_topk_gate_release_v2,topk_gate.release.main.e3_t1,topk_gate,cuda_vector_pair_top2_v3,L1_kernel_body,warm,5,5,150,8.64256024361,8.596479892729999,9.2830717563635,8.614638944467133,0.38121766532617496,0.04425230909660086,False
20260803T181855Z-86cfbe2a805d-rtx3080_topk_gate_release_v2,topk_gate.release.main.e3_t1,topk_gate,cuda_vector_pair_top2_v3,L2_operator_steady,warm,5,5,150,8.6374399066,8.57088029385,10.819072127344999,8.7227050701766,0.9952414576831657,0.11409779989993586,False
20260803T181855Z-86cfbe2a805d-rtx3080_topk_gate_release_v2,topk_gate.release.main.e3_t1,topk_gate,cuda_warp_pair_top2_v1,L1_kernel_body,warm,5,5,150,9.01632010937,9.03168022633,20.911103487,11.3104213794072,4.82546041852262,0.4266384298739125,False
20260803T181855Z-86cfbe2a805d-rtx3080_topk_gate_release_v2,topk_gate.release.main.e3_t1,topk_gate,cuda_warp_pair_top2_v1,L2_operator_steady,warm,5,5,150,8.92416000366,8.780799806120001,9.627647995949498,8.771310901641934,0.545617321204626,0.06220476361207193,False
20260803T181855Z-86cfbe2a805d-rtx3080_topk_gate_release_v2,topk_gate.release.main.e3_t1024,topk_gate,cuda_local_pair_two_reduce_top2_v4,L1_kernel_body,warm,5,5,150,9.03679996729,9.12383973598,21.7190408707,11.5862869262712,5.029829199625149,0.4341191644598683,False
20260803T181855Z-86cfbe2a805d-rtx3080_topk_gate_release_v2,topk_gate.release.main.e3_t1024,topk_gate,cuda_local_pair_two_reduce_top2_v4,L2_operator_steady,warm,5,5,150,8.92928004265,8.893439769745001,20.7631367445,11.112925922870266,4.805462058157401,0.43242095659684177,False
20260803T181855Z-86cfbe2a805d-rtx3080_topk_gate_release_v2,topk_gate.release.main.e3_t1024,topk_gate,cuda_naive,L1_kernel_body,warm,5,5,150,8.19199979305,8.00768017769,9.001984000206999,8.094037310282266,0.5080889876826485,0.0627732450698241,True
20260803T181855Z-86cfbe2a805d-rtx3080_topk_gate_release_v2,topk_gate.release.main.e3_t1024,topk_gate,cuda_naive,L2_operator_steady,warm,5,5,150,8.02303999662,8.19199979305,34.027007222189994,11.931170125802934,8.684011786453476,0.727842424078172,True
20260803T181855Z-86cfbe2a805d-rtx3080_topk_gate_release_v2,topk_gate.release.main.e3_t1024,topk_gate,cuda_subwarp_pair_top2_v2,L1_kernel_body,warm,5,5,150,8.94976019859,8.965120017530001,21.181951165199997,11.244066119193933,4.958618522249428,0.4409986983076281,False
20260803T181855Z-86cfbe2a805d-rtx3080_topk_gate_release_v2,topk_gate.release.main.e3_t1024,topk_gate,cuda_subwarp_pair_top2_v2,L2_operator_steady,warm,5,5,150,8.7603199482,8.73472005129,21.007872223845,11.104802099863466,4.98254650689987,0.44868395331071503,False
20260803T181855Z-86cfbe2a805d-rtx3080_topk_gate_release_v2,topk_gate.release.main.e3_t1024,topk_gate,cuda_vector_pair_top2_v3,L1_kernel_body,warm,5,5,150,9.10336017609,9.09312009811,20.8588790894,11.4707114577292,4.701798136567134,0.4098959470730097,False
20260803T181855Z-86cfbe2a805d-rtx3080_topk_gate_release_v2,topk_gate.release.main.e3_t1024,topk_gate,cuda_vector_pair_top2_v3,L2_operator_steady,warm,5,5,150,9.03679996729,9.047039747235,81.884672164905,22.3200597763058,26.849657897435467,1.2029384404220158,False
20260803T181855Z-86cfbe2a805d-rtx3080_topk_gate_release_v2,topk_gate.release.main.e3_t1024,topk_gate,cuda_warp_pair_top2_v1,L1_kernel_body,warm,5,5,150,8.41728001833,8.294399976735,9.605632096527497,8.447726917267667,0.7442857462073965,0.08810485394432332,False
20260803T181855Z-86cfbe2a805d-rtx3080_topk_gate_release_v2,topk_gate.release.main.e3_t1024,topk_gate,cuda_warp_pair_top2_v1,L2_operator_steady,warm,5,5,150,8.67327988148,8.852480053905,38.45785665515999,14.534382923444268,11.82934588327459,0.8138870391390063,False
20260803T181855Z-86cfbe2a805d-rtx3080_topk_gate_release_v2,topk_gate.release.main.e3_t128,topk_gate,cuda_local_pair_two_reduce_top2_v4,L1_kernel_body,warm,5,5,150,8.83199989796,8.85760009289,9.5800322294235,8.806263474623067,0.6180595741095177,0.07018408839237829,False
20260803T181855Z-86cfbe2a805d-rtx3080_topk_gate_release_v2,topk_gate.release.main.e3_t128,topk_gate,cuda_local_pair_two_reduce_top2_v4,L2_operator_steady,warm,5,5,150,8.83711993694,8.75519990921,9.36959981918,8.643242637316533,0.5130511427552573,0.0593586416908162,False
20260803T181855Z-86cfbe2a805d-rtx3080_topk_gate_release_v2,topk_gate.release.main.e3_t128,topk_gate,cuda_naive,L1_kernel_body,warm,5,5,150,8.21759998798,8.38144004345,20.3479039669,10.679500838121,4.796348798034071,0.4491173202508932,True
20260803T181855Z-86cfbe2a805d-rtx3080_topk_gate_release_v2,topk_gate.release.main.e3_t128,topk_gate,cuda_naive,L2_operator_steady,warm,5,5,150,8.33024024963,8.273919820785,9.1315200626855,8.262041592598,0.5685122582435096,0.06881014236878717,True
20260803T181855Z-86cfbe2a805d-rtx3080_topk_gate_release_v2,topk_gate.release.main.e3_t128,topk_gate,cuda_subwarp_pair_top2_v2,L1_kernel_body,warm,5,5,150,8.98559987545,8.98559987545,20.8486390114,11.2102740923584,4.818410090976395,0.42982089922858485,False
20260803T181855Z-86cfbe2a805d-rtx3080_topk_gate_release_v2,topk_gate.release.main.e3_t128,topk_gate,cuda_subwarp_pair_top2_v2,L2_operator_steady,warm,5,5,150,8.65279972553,8.61184000969,72.22681522369,20.9649663209896,25.287090997053777,1.2061593903796055,False
20260803T181855Z-86cfbe2a805d-rtx3080_topk_gate_release_v2,topk_gate.release.main.e3_t128,topk_gate,cuda_vector_pair_top2_v3,L1_kernel_body,warm,5,5,150,8.68863999844,8.79615992308,9.596928030251998,8.844151488940668,0.5508550624687348,0.062284670627539764,False
20260803T181855Z-86cfbe2a805d-rtx3080_topk_gate_release_v2,topk_gate.release.main.e3_t128,topk_gate,cuda_vector_pair_top2_v3,L2_operator_steady,warm,5,5,150,8.56064021587,8.683519959449999,79.70559978481,22.301286478836268,27.475961108297973,1.2320348036590816,False
20260803T181855Z-86cfbe2a805d-rtx3080_topk_gate_release_v2,topk_gate.release.main.e3_t128,topk_gate,cuda_warp_pair_top2_v1,L1_kernel_body,warm,5,5,150,9.04704004526,8.893439769745001,9.559552073479,8.781619187196,0.6055344605430282,0.06895476194480454,False
20260803T181855Z-86cfbe2a805d-rtx3080_topk_gate_release_v2,topk_gate.release.main.e3_t128,topk_gate,cuda_warp_pair_top2_v1,L2_operator_steady,warm,5,5,150,9.03679996729,9.0623998642,21.0636806488,11.365512498219534,4.838185707781142,0.42569006092237976,False
20260803T181855Z-86cfbe2a805d-rtx3080_topk_gate_release_v2,topk_gate.release.main.e3_t16,topk_gate,cuda_local_pair_two_reduce_top2_v4,L1_kernel_body,warm,5,5,150,8.84223997593,8.862720131875,32.208895683289995,13.4178816000624,9.328497628121356,0.6952287929025975,False
20260803T181855Z-86cfbe2a805d-rtx3080_topk_gate_release_v2,topk_gate.release.main.e3_t16,topk_gate,cuda_local_pair_two_reduce_top2_v4,L2_operator_steady,warm,5,5,150,8.75007987022,8.93952012062,58.25177478790499,18.513578724859734,19.13173175595347,1.0333891702020686,False
20260803T181855Z-86cfbe2a805d-rtx3080_topk_gate_release_v2,topk_gate.release.main.e3_t16,topk_gate,cuda_naive,L1_kernel_body,warm,5,5,150,8.82687985897,8.9087998867,20.178433060645,11.121390962602133,4.558852979035676,0.40991751790452446,True
20260803T181855Z-86cfbe2a805d-rtx3080_topk_gate_release_v2,topk_gate.release.main.e3_t16,topk_gate,cuda_naive,L2_operator_steady,warm,5,5,150,8.00768017769,8.227840065955,20.697088241544996,10.6739028771718,5.021133536609558,0.4704121439354878,True
20260803T181855Z-86cfbe2a805d-rtx3080_topk_gate_release_v2,topk_gate.release.main.e3_t16,topk_gate,cuda_subwarp_pair_top2_v2,L1_kernel_body,warm,5,5,150,8.75519990921,8.883199989795,22.288384437534997,11.513514657814667,5.349777141642881,0.464651959079392,False
20260803T181855Z-86cfbe2a805d-rtx3080_topk_gate_release_v2,topk_gate.release.main.e3_t16,topk_gate,cuda_subwarp_pair_top2_v2,L2_operator_steady,warm,5,5,150,8.80127996206,8.811519742015,20.823551893235,11.198327414192999,4.92654243122199,0.439935559035181,False
20260803T181855Z-86cfbe2a805d-rtx3080_topk_gate_release_v2,topk_gate.release.main.e3_t16,topk_gate,cuda_vector_pair_top2_v3,L1_kernel_body,warm,5,5,150,9.02656018734,8.95488023758,21.386752724645,11.4284544070558,5.082676526689774,0.44473874993558066,False
20260803T181855Z-86cfbe2a805d-rtx3080_topk_gate_release_v2,topk_gate.release.main.e3_t16,topk_gate,cuda_vector_pair_top2_v3,L2_operator_steady,warm,5,5,150,8.64255994558,8.92928004265,33.2139521837,13.590118412176599,9.699006905580665,0.7136808239205966,False
20260803T181855Z-86cfbe2a805d-rtx3080_topk_gate_release_v2,topk_gate.release.main.e3_t16,topk_gate,cuda_warp_pair_top2_v1,L1_kernel_body,warm,5,5,150,9.04703974724,9.01120007038,9.57440018654,9.0054655949272,0.4252325154720794,0.047219381495567966,False
20260803T181855Z-86cfbe2a805d-rtx3080_topk_gate_release_v2,topk_gate.release.main.e3_t16,topk_gate,cuda_warp_pair_top2_v1,L2_operator_steady,warm,5,5,150,9.01120007038,9.02144014835,43.970047950745,15.656618638833667,13.534021656586994,0.864428135396878,False
20260803T181855Z-86cfbe2a805d-rtx3080_topk_gate_release_v2,topk_gate.release.main.e3_t2,topk_gate,cuda_local_pair_two_reduce_top2_v4,L1_kernel_body,warm,5,5,150,8.52991998196,8.67327988148,20.4195845127,10.914474618434333,4.742659970024854,0.43452938742599617,False
20260803T181855Z-86cfbe2a805d-rtx3080_topk_gate_release_v2,topk_gate.release.main.e3_t2,topk_gate,cuda_local_pair_two_reduce_top2_v4,L2_operator_steady,warm,5,5,150,8.58624011278,8.581120073794999,21.116927742934998,11.047594638664934,5.039451220568889,0.45615823040171666,False
20260803T181855Z-86cfbe2a805d-rtx3080_topk_gate_release_v2,topk_gate.release.main.e3_t2,topk_gate,cuda_naive,L1_kernel_body,warm,5,5,150,8.80127996206,8.78592014313,9.5365121662645,8.714308245977065,0.7393350899209226,0.08484151226372265,True
20260803T181855Z-86cfbe2a805d-rtx3080_topk_gate_release_v2,topk_gate.release.main.e3_t2,topk_gate,cuda_naive,L2_operator_steady,warm,5,5,150,8.4582400322,8.601599931715,20.411392450344998,10.7963733355196,4.795691538134326,0.4441946743687261,True
20260803T181855Z-86cfbe2a805d-rtx3080_topk_gate_release_v2,topk_gate.release.main.e3_t2,topk_gate,cuda_subwarp_pair_top2_v2,L1_kernel_body,warm,5,5,150,8.80640000105,8.85760009289,21.6017919779,11.318203759194667,5.135892295353687,0.45377273678974,False
20260803T181855Z-86cfbe2a805d-rtx3080_topk_gate_release_v2,topk_gate.release.main.e3_t2,topk_gate,cuda_subwarp_pair_top2_v2,L2_operator_steady,warm,5,5,150,8.71936023235,8.698880076405,20.782592892645,11.027114709220333,4.885929535417874,0.4430832238765503,False
20260803T181855Z-86cfbe2a805d-rtx3080_topk_gate_release_v2,topk_gate.release.main.e3_t2,topk_gate,cuda_vector_pair_top2_v3,L1_kernel_body,warm,5,5,150,8.70399981737,8.668159842489999,9.35935974121,8.562619709968734,0.5230314202534698,0.061083107503250265,False
20260803T181855Z-86cfbe2a805d-rtx3080_topk_gate_release_v2,topk_gate.release.main.e3_t2,topk_gate,cuda_vector_pair_top2_v3,L2_operator_steady,warm,5,5,150,8.67839992046,8.760319948195,21.53881549839,11.210956831774267,5.1170472257175,0.4564326937032427,False
20260803T181855Z-86cfbe2a805d-rtx3080_topk_gate_release_v2,topk_gate.release.main.e3_t2,topk_gate,cuda_warp_pair_top2_v1,L1_kernel_body,warm,5,5,150,9.0316799283,9.03679996729,30.154752254499982,12.453341825805333,7.39744622865972,0.5940129430424064,False
20260803T181855Z-86cfbe2a805d-rtx3080_topk_gate_release_v2,topk_gate.release.main.e3_t2,topk_gate,cuda_warp_pair_top2_v1,L2_operator_steady,warm,5,5,150,8.52991998196,8.64255994558,51.676670789715,16.126702932514398,15.892935131825956,0.9855043029150662,False
20260803T181855Z-86cfbe2a805d-rtx3080_topk_gate_release_v2,topk_gate.release.main.e3_t2048,topk_gate,cuda_local_pair_two_reduce_top2_v4,L1_kernel_body,warm,5,5,150,8.76543998718,8.704000115395,9.52319979668,8.602350930372467,0.5828399367656558,0.06775356428529472,False
20260803T181855Z-86cfbe2a805d-rtx3080_topk_gate_release_v2,topk_gate.release.main.e3_t2048,topk_gate,cuda_local_pair_two_reduce_top2_v4,L2_operator_steady,warm,5,5,150,8.92416000366,8.949760198595,9.623039960863,8.999116786321267,0.520526608125351,0.05784196610455771,False
20260803T181855Z-86cfbe2a805d-rtx3080_topk_gate_release_v2,topk_gate.release.main.e3_t2048,topk_gate,cuda_naive,L1_kernel_body,warm,5,5,150,8.16639989614,8.2483202219,9.453568130731998,8.315562681356933,0.7417319775218982,0.08919805020348454,True
20260803T181855Z-86cfbe2a805d-rtx3080_topk_gate_release_v2,topk_gate.release.main.e3_t2048,topk_gate,cuda_naive,L2_operator_steady,warm,5,5,150,8.19711983204,8.43775987625,20.593663454045,10.582357335091466,4.892120273863782,0.46229021747747456,True
20260803T181855Z-86cfbe2a805d-rtx3080_topk_gate_release_v2,topk_gate.release.main.e3_t2048,topk_gate,cuda_subwarp_pair_top2_v2,L1_kernel_body,warm,5,5,150,8.91391992569,8.872960209845001,64.33331203460999,14.538410615923533,16.41997907342303,1.129420505941596,False
20260803T181855Z-86cfbe2a805d-rtx3080_topk_gate_release_v2,topk_gate.release.main.e3_t2048,topk_gate,cuda_subwarp_pair_top2_v2,L2_operator_steady,warm,5,5,150,8.98047983646,8.85760009289,9.606143832207,8.835345089435734,0.535871724780687,0.060650910559387136,False
20260803T181855Z-86cfbe2a805d-rtx3080_topk_gate_release_v2,topk_gate.release.main.e3_t2048,topk_gate,cuda_vector_pair_top2_v3,L1_kernel_body,warm,5,5,150,8.50432008505,8.647679984565,42.4652814865,15.235549783704935,13.364102671142238,0.877165764338594,False
20260803T181855Z-86cfbe2a805d-rtx3080_topk_gate_release_v2,topk_gate.release.main.e3_t2048,topk_gate,cuda_vector_pair_top2_v3,L2_operator_steady,warm,5,5,150,9.03168022633,8.995839953419999,9.5493119955035,8.905932803948733,0.4739193440192597,0.053213891733961016,False
20260803T181855Z-86cfbe2a805d-rtx3080_topk_gate_release_v2,topk_gate.release.main.e3_t2048,topk_gate,cuda_warp_pair_top2_v1,L1_kernel_body,warm,5,5,150,9.53855991364,9.497600197795,23.333375930789998,11.868364795047667,5.713343529718282,0.4813926457756252,False
20260803T181855Z-86cfbe2a805d-rtx3080_topk_gate_release_v2,topk_gate.release.main.e3_t2048,topk_gate,cuda_warp_pair_top2_v1,L2_operator_steady,warm,5,5,150,9.74847972393,9.77407991886,10.609663724899999,9.819067748388134,0.5557243946527535,0.05659645181122,False
20260803T181855Z-86cfbe2a805d-rtx3080_topk_gate_release_v2,topk_gate.release.main.e3_t256,topk_gate,cuda_local_pair_two_reduce_top2_v4,L1_kernel_body,warm,5,5,150,8.76543998718,8.77568006516,9.7356798946855,8.8793770869578,1.2485878317557366,0.1406166017647439,False
20260803T181855Z-86cfbe2a805d-rtx3080_topk_gate_release_v2,topk_gate.release.main.e3_t256,topk_gate,cuda_local_pair_two_reduce_top2_v4,L2_operator_steady,warm,5,5,150,8.8524800539,8.970240056515,33.584640622145,13.773824008306802,9.80262139294082,0.7116848151267937,False
20260803T181855Z-86cfbe2a805d-rtx3080_topk_gate_release_v2,topk_gate.release.main.e3_t256,topk_gate,cuda_naive,L1_kernel_body,warm,5,5,150,8.52991998196,8.529919981955,9.404415756461498,8.4512085199352,0.5424006311063302,0.06418024473386075,True
20260803T181855Z-86cfbe2a805d-rtx3080_topk_gate_release_v2,topk_gate.release.main.e3_t256,topk_gate,cuda_naive,L2_operator_steady,warm,5,5,150,8.37119996548,8.51967990398,62.180350542089975,15.777655478318866,18.32386870236783,1.1613809623076055,True
20260803T181855Z-86cfbe2a805d-rtx3080_topk_gate_release_v2,topk_gate.release.main.e3_t256,topk_gate,cuda_subwarp_pair_top2_v2,L1_kernel_body,warm,5,5,150,8.97023975849,8.811519742015,9.554944038392499,8.718609066804333,0.577519490780385,0.0662398653678901,False
20260803T181855Z-86cfbe2a805d-rtx3080_topk_gate_release_v2,topk_gate.release.main.e3_t256,topk_gate,cuda_subwarp_pair_top2_v2,L2_operator_steady,warm,5,5,150,8.8831999898,8.883199989795,21.293888807309997,11.195737608275733,5.067628703442,0.4526391096997557,False
20260803T181855Z-86cfbe2a805d-rtx3080_topk_gate_release_v2,topk_gate.release.main.e3_t256,topk_gate,cuda_vector_pair_top2_v3,L1_kernel_body,warm,5,5,150,8.96512001753,8.965120017530001,20.884991288200002,11.184810678164267,4.845945642813457,0.43326130251574446,False
20260803T181855Z-86cfbe2a805d-rtx3080_topk_gate_release_v2,topk_gate.release.main.e3_t256,topk_gate,cuda_vector_pair_top2_v3,L2_operator_steady,warm,5,5,150,8.65280002356,8.82687985897,20.7621127367,11.108966410160534,4.790505213618495,0.43122870632113725,False
20260803T181855Z-86cfbe2a805d-rtx3080_topk_gate_release_v2,topk_gate.release.main.e3_t256,topk_gate,cuda_warp_pair_top2_v1,L1_kernel_body,warm,5,5,150,9.02656018734,9.07263994217,21.117951750735,11.422105582555867,4.852714906435403,0.42485291974945444,False
20260803T181855Z-86cfbe2a805d-rtx3080_topk_gate_release_v2,topk_gate.release.main.e3_t256,topk_gate,cuda_warp_pair_top2_v1,L2_operator_steady,warm,5,5,150,9.02656018734,9.01120007038,11.098623752604995,9.342361581324734,2.0092080576271916,0.21506425759024075,False
20260803T181855Z-86cfbe2a805d-rtx3080_topk_gate_release_v2,topk_gate.release.main.e3_t32,topk_gate,cuda_local_pair_two_reduce_top2_v4,L1_kernel_body,warm,5,5,150,8.94975990057,9.03168022633,69.29152178762999,20.3466751337046,22.781478478869207,1.119665907533527,False
20260803T181855Z-86cfbe2a805d-rtx3080_topk_gate_release_v2,topk_gate.release.main.e3_t32,topk_gate,cuda_local_pair_two_reduce_top2_v4,L2_operator_steady,warm,5,5,150,8.83711993694,8.698880076405,9.3957120180135,8.629589327175934,0.5284880473979934,0.061241390216994616,False
20260803T181855Z-86cfbe2a805d-rtx3080_topk_gate_release_v2,topk_gate.release.main.e3_t32,topk_gate,cuda_naive,L1_kernel_body,warm,5,5,150,8.09984028339,8.24320018291,46.84543991090999,11.715106177331466,11.713543754604752,0.999866631791205,True
20260803T181855Z-86cfbe2a805d-rtx3080_topk_gate_release_v2,topk_gate.release.main.e3_t32,topk_gate,cuda_naive,L2_operator_steady,warm,5,5,150,8.63231986761,8.775679767135,21.035008430444996,11.100433083374666,4.9729584419653134,0.44799679477491827,True
20260803T181855Z-86cfbe2a805d-rtx3080_topk_gate_release_v2,topk_gate.release.main.e3_t32,topk_gate,cuda_subwarp_pair_top2_v2,L1_kernel_body,warm,5,5,150,8.80639970303,8.80639970303,22.5802242756,11.373909330368667,5.544778419140604,0.48749979080067796,False
20260803T181855Z-86cfbe2a805d-rtx3080_topk_gate_release_v2,topk_gate.release.main.e3_t32,topk_gate,cuda_subwarp_pair_top2_v2,L2_operator_steady,warm,5,5,150,9.00608003139,9.088000059125001,32.3230725527,13.919027225177066,9.238413154632289,0.6637254892297091,False
20260803T181855Z-86cfbe2a805d-rtx3080_topk_gate_release_v2,topk_gate.release.main.e3_t32,topk_gate,cuda_vector_pair_top2_v3,L1_kernel_body,warm,5,5,150,9.20576006174,9.10336017609,21.639168262444997,11.531878431637933,4.908271495178594,0.4256263647137188,False
20260803T181855Z-86cfbe2a805d-rtx3080_topk_gate_release_v2,topk_gate.release.main.e3_t32,topk_gate,cuda_vector_pair_top2_v3,L2_operator_steady,warm,5,5,150,9.10335987806,9.03679996729,32.620032429700004,13.6472576260588,9.452435925629505,0.6926253013338388,False
20260803T181855Z-86cfbe2a805d-rtx3080_topk_gate_release_v2,topk_gate.release.main.e3_t32,topk_gate,cuda_warp_pair_top2_v1,L1_kernel_body,warm,5,5,150,8.92416000366,8.903679847715,9.585663944484999,8.868863991896532,0.45432186577575423,0.05122661326082658,False
20260803T181855Z-86cfbe2a805d-rtx3080_topk_gate_release_v2,topk_gate.release.main.e3_t32,topk_gate,cuda_warp_pair_top2_v1,L2_operator_steady,warm,5,5,150,9.03679996729,9.03679996729,20.936191678045,11.235123185315867,4.794474873076389,0.42673985803223713,False
20260803T181855Z-86cfbe2a805d-rtx3080_topk_gate_release_v2,topk_gate.release.main.e3_t4,topk_gate,cuda_local_pair_two_reduce_top2_v4,L1_kernel_body,warm,5,5,150,8.47872018814,8.48896026611,32.2969603539,13.092044790585932,9.544390458725424,0.7290221360675826,False
20260803T181855Z-86cfbe2a805d-rtx3080_topk_gate_release_v2,topk_gate.release.main.e3_t4,topk_gate,cuda_local_pair_two_reduce_top2_v4,L2_operator_steady,warm,5,5,150,8.77567976713,8.88832002878,67.192320346855,24.9575424075122,24.135520568986053,0.9670631897522602,False
20260803T181855Z-86cfbe2a805d-rtx3080_topk_gate_release_v2,topk_gate.release.main.e3_t4,topk_gate,cuda_naive,L1_kernel_body,warm,5,5,150,8.30976009369,8.34560006857,20.400575637835,10.675157328447133,4.884571434632719,0.4575643509830366,True
20260803T181855Z-86cfbe2a805d-rtx3080_topk_gate_release_v2,topk_gate.release.main.e3_t4,topk_gate,cuda_naive,L2_operator_steady,warm,5,5,150,8.3046400547,8.412159979345,22.175231576,11.0195370356244,5.520575217100187,0.5009806854183666,True
20260803T181855Z-86cfbe2a805d-rtx3080_topk_gate_release_v2,topk_gate.release.main.e3_t4,topk_gate,cuda_subwarp_pair_top2_v2,L1_kernel_body,warm,5,5,150,8.6732801795,8.678399920465,16.67481595278,9.232861860594266,2.2279366345872065,0.24130509783710846,False
20260803T181855Z-86cfbe2a805d-rtx3080_topk_gate_release_v2,topk_gate.release.main.e3_t4,topk_gate,cuda_subwarp_pair_top2_v2,L2_operator_steady,warm,5,5,150,8.54016005993,8.46848011017,9.231871962543499,8.439808007081332,0.4927841444521653,0.05838807518354682,False
20260803T181855Z-86cfbe2a805d-rtx3080_topk_gate_release_v2,topk_gate.release.main.e3_t4,topk_gate,cuda_vector_pair_top2_v3,L1_kernel_body,warm,5,5,150,8.48384022713,8.535040020945,9.17504012585,8.556612281004666,0.34196468029828164,0.039964961490358684,False
20260803T181855Z-86cfbe2a805d-rtx3080_topk_gate_release_v2,topk_gate.release.main.e3_t4,topk_gate,cuda_vector_pair_top2_v3,L2_operator_steady,warm,5,5,150,8.55551987886,8.60159993172,9.232895970346,8.540569599469867,0.4320906344053941,0.0505927185971548,False
20260803T181855Z-86cfbe2a805d-rtx3080_topk_gate_release_v2,topk_gate.release.main.e3_t4,topk_gate,cuda_warp_pair_top2_v1,L1_kernel_body,warm,5,5,150,9.02656018734,9.108480215075,21.28895998,11.6537343700718,4.84478453583952,0.4157280732501946,False
20260803T181855Z-86cfbe2a805d-rtx3080_topk_gate_release_v2,topk_gate.release.main.e3_t4,topk_gate,cuda_warp_pair_top2_v1,L2_operator_steady,warm,5,5,150,9.04192000628,9.02656018734,9.63584005833,9.046152520179533,0.3779159908497813,0.04177643368346404,False
20260803T181855Z-86cfbe2a805d-rtx3080_topk_gate_release_v2,topk_gate.release.main.e3_t4096,topk_gate,cuda_local_pair_two_reduce_top2_v4,L1_kernel_body,warm,5,5,150,9.07775998116,9.0982401371,21.40006482599,11.521501815316466,4.939793151331963,0.4287455950200082,False
20260803T181855Z-86cfbe2a805d-rtx3080_topk_gate_release_v2,topk_gate.release.main.e3_t4096,topk_gate,cuda_local_pair_two_reduce_top2_v4,L2_operator_steady,warm,5,5,150,9.02655988932,9.06751990318,20.8691191673,11.423129578432533,4.80466305934601,0.42060829533243366,False
20260803T181855Z-86cfbe2a805d-rtx3080_topk_gate_release_v2,topk_gate.release.main.e3_t4096,topk_gate,cuda_naive,L1_kernel_body,warm,5,5,150,8.22784006596,8.20223987103,9.4673919677735,8.2639530698454,0.638095781669013,0.07721435205112441,True
20260803T181855Z-86cfbe2a805d-rtx3080_topk_gate_release_v2,topk_gate.release.main.e3_t4096,topk_gate,cuda_naive,L2_operator_steady,warm,5,5,150,8.14592003822,8.186879754065,32.631296515445,12.988279477754666,9.771100060376941,0.7523013403824683,True
20260803T181855Z-86cfbe2a805d-rtx3080_topk_gate_release_v2,topk_gate.release.main.e3_t4096,topk_gate,cuda_subwarp_pair_top2_v2,L1_kernel_body,warm,5,5,150,8.96512001753,8.872960209845001,21.40006482599,11.2484351674722,5.20709031726095,0.46291686263335696,False
20260803T181855Z-86cfbe2a805d-rtx3080_topk_gate_release_v2,topk_gate.release.main.e3_t4096,topk_gate,cuda_subwarp_pair_top2_v2,L2_operator_steady,warm,5,5,150,9.01632010937,8.975360095500001,21.243391633,11.526758408547533,4.886640317707692,0.4239388164918995,False
20260803T181855Z-86cfbe2a805d-rtx3080_topk_gate_release_v2,topk_gate.release.main.e3_t4096,topk_gate,cuda_vector_pair_top2_v3,L1_kernel_body,warm,5,5,150,8.94975990057,8.97023975849,21.25670373439,11.2943104386316,4.989379692525593,0.4417604527195994,False
20260803T181855Z-86cfbe2a805d-rtx3080_topk_gate_release_v2,topk_gate.release.main.e3_t4096,topk_gate,cuda_vector_pair_top2_v3,L2_operator_steady,warm,5,5,150,9.07775998116,9.13407981396,21.4425611496,11.739750413102334,4.9705919957921765,0.4233984387133707,False
20260803T181855Z-86cfbe2a805d-rtx3080_topk_gate_release_v2,topk_gate.release.main.e3_t4096,topk_gate,cuda_warp_pair_top2_v1,L1_kernel_body,warm,5,5,150,9.25695985556,9.41056013107,23.8489603996,11.893896575768467,5.30770306312358,0.44625434812818254,False
20260803T181855Z-86cfbe2a805d-rtx3080_topk_gate_release_v2,topk_gate.release.main.e3_t4096,topk_gate,cuda_warp_pair_top2_v1,L2_operator_steady,warm,5,5,150,9.34911996126,9.45151984692,21.2592637539,11.582395744322467,4.573079345143133,0.3948301755605954,False
20260803T181855Z-86cfbe2a805d-rtx3080_topk_gate_release_v2,topk_gate.release.main.e3_t512,topk_gate,cuda_local_pair_two_reduce_top2_v4,L1_kernel_body,warm,5,5,150,8.89856010675,8.908799886705001,11.309567630269997,9.110323198636866,0.8815177257715865,0.09676031316907437,False
20260803T181855Z-86cfbe2a805d-rtx3080_topk_gate_release_v2,topk_gate.release.main.e3_t512,topk_gate,cuda_local_pair_two_reduce_top2_v4,L2_operator_steady,warm,5,5,150,8.91903996468,8.99071991444,20.8998394012,11.364352003732801,4.769589135774597,0.4196974129460219,False
20260803T181855Z-86cfbe2a805d-rtx3080_topk_gate_release_v2,topk_gate.release.main.e3_t512,topk_gate,cuda_naive,L1_kernel_body,warm,5,5,150,8.28927993774,8.50943982601,21.115905046445,10.842453340687799,5.117988429324229,0.4720323222529603,True
20260803T181855Z-86cfbe2a805d-rtx3080_topk_gate_release_v2,topk_gate.release.main.e3_t512,topk_gate,cuda_naive,L2_operator_steady,warm,5,5,150,8.35072010756,8.38144004345,76.87987327578,20.079479591052735,24.624952714689012,1.2263740503345368,True
20260803T181855Z-86cfbe2a805d-rtx3080_topk_gate_release_v2,topk_gate.release.main.e3_t512,topk_gate,cuda_subwarp_pair_top2_v2,L1_kernel_body,warm,5,5,150,8.31488013268,8.46848011017,21.341184377645,11.010662400721133,5.191174694101407,0.4714679739668901,False
20260803T181855Z-86cfbe2a805d-rtx3080_topk_gate_release_v2,topk_gate.release.main.e3_t512,topk_gate,cuda_subwarp_pair_top2_v2,L2_operator_steady,warm,5,5,150,8.93952012062,8.88831973076,11.217920124534999,9.464968558152867,3.3560530872706336,0.35457625312234353,False
20260803T181855Z-86cfbe2a805d-rtx3080_topk_gate_release_v2,topk_gate.release.main.e3_t512,topk_gate,cuda_vector_pair_top2_v3,L1_kernel_body,warm,5,5,150,8.86784017086,8.872960209845001,21.4937591553,11.2723968346918,5.11485919838459,0.45375081035500425,False
20260803T181855Z-86cfbe2a805d-rtx3080_topk_gate_release_v2,topk_gate.release.main.e3_t512,topk_gate,cuda_vector_pair_top2_v3,L2_operator_steady,warm,5,5,150,8.56575995684,8.5504001379,9.288703799247,8.540637842814201,0.45210784230284357,0.05293607463794189,False
20260803T181855Z-86cfbe2a805d-rtx3080_topk_gate_release_v2,topk_gate.release.main.e3_t512,topk_gate,cuda_warp_pair_top2_v1,L1_kernel_body,warm,5,5,150,8.59647989273,8.61184000969,64.70963358879,18.549282145499333,21.275446877131742,1.1469687457578441,False
20260803T181855Z-86cfbe2a805d-rtx3080_topk_gate_release_v2,topk_gate.release.main.e3_t512,topk_gate,cuda_warp_pair_top2_v1,L2_operator_steady,warm,5,5,150,8.82175981998,8.91903996468,33.046527981735,13.421363206705333,9.566483066325059,0.7127802831194994,False
20260803T181855Z-86cfbe2a805d-rtx3080_topk_gate_release_v2,topk_gate.release.main.e3_t64,topk_gate,cuda_local_pair_two_reduce_top2_v4,L1_kernel_body,warm,5,5,150,8.83711993694,8.811519742015,9.428479939700999,8.711850674947334,0.4849544370810272,0.05566606398289293,False
20260803T181855Z-86cfbe2a805d-rtx3080_topk_gate_release_v2,topk_gate.release.main.e3_t64,topk_gate,cuda_local_pair_two_reduce_top2_v4,L2_operator_steady,warm,5,5,150,8.68863999844,8.678399920465,20.809727787935,10.957414388656533,4.922690591882049,0.44925658711768507,False
20260803T181855Z-86cfbe2a805d-rtx3080_topk_gate_release_v2,topk_gate.release.main.e3_t64,topk_gate,cuda_naive,L1_kernel_body,warm,5,5,150,8.81151974201,8.7961602211,9.4264322519335,8.685294950008734,0.5120515370469285,0.058956148293664294,True
20260803T181855Z-86cfbe2a805d-rtx3080_topk_gate_release_v2,topk_gate.release.main.e3_t64,topk_gate,cuda_naive,L2_operator_steady,warm,5,5,150,8.29952001572,8.36607992649,74.28096032142999,20.961894460521602,25.39399938915745,1.2114362772402567,True
20260803T181855Z-86cfbe2a805d-rtx3080_topk_gate_release_v2,topk_gate.release.main.e3_t64,topk_gate,cuda_subwarp_pair_top2_v2,L1_kernel_body,warm,5,5,150,8.85760009289,8.80639970303,54.49932813643999,12.827852741877734,13.050560152136084,1.0173612384503994,False
20260803T181855Z-86cfbe2a805d-rtx3080_topk_gate_release_v2,topk_gate.release.main.e3_t64,topk_gate,cuda_subwarp_pair_top2_v2,L2_operator_steady,warm,5,5,150,8.6067199707,8.734720051290001,11.825663983804995,9.146436285971667,1.3190473539366439,0.1442143489218561,False
20260803T181855Z-86cfbe2a805d-rtx3080_topk_gate_release_v2,topk_gate.release.main.e3_t64,topk_gate,cuda_vector_pair_top2_v3,L1_kernel_body,warm,5,5,150,8.99071991444,9.10336017609,21.84038341049,11.500475760302466,5.105536120080859,0.44394129655959397,False
20260803T181855Z-86cfbe2a805d-rtx3080_topk_gate_release_v2,topk_gate.release.main.e3_t64,topk_gate,cuda_vector_pair_top2_v3,L2_operator_steady,warm,5,5,150,8.98559987545,8.975359797475,21.44921588899,11.3985535740864,5.530725062425603,0.4852128848171768,False
20260803T181855Z-86cfbe2a805d-rtx3080_topk_gate_release_v2,topk_gate.release.main.e3_t64,topk_gate,cuda_warp_pair_top2_v1,L1_kernel_body,warm,5,5,150,9.04704004526,9.1545599699,51.519486904145,17.7448277155538,14.39312614366574,0.8111167025335384,False
20260803T181855Z-86cfbe2a805d-rtx3080_topk_gate_release_v2,topk_gate.release.main.e3_t64,topk_gate,cuda_warp_pair_top2_v1,L2_operator_steady,warm,5,5,150,9.19551998377,9.128960072995,21.089792847600002,10.759236276147867,4.1739625616930605,0.38794227160400885,False
20260803T181855Z-86cfbe2a805d-rtx3080_topk_gate_release_v2,topk_gate.release.main.e3_t8,topk_gate,cuda_local_pair_two_reduce_top2_v4,L1_kernel_body,warm,5,5,150,8.70400011539,8.709120154379999,21.649408340445,11.119069890181066,5.249007736125214,0.47207255534570053,False
20260803T181855Z-86cfbe2a805d-rtx3080_topk_gate_release_v2,topk_gate.release.main.e3_t8,topk_gate,cuda_local_pair_two_reduce_top2_v4,L2_operator_steady,warm,5,5,150,8.7296000123,8.750079870225001,21.5096312761,11.197849579652866,5.160682510568021,0.4608637108275929,False
20260803T181855Z-86cfbe2a805d-rtx3080_topk_gate_release_v2,topk_gate.release.main.e3_t8,topk_gate,cuda_naive,L1_kernel_body,warm,5,5,150,8.83199989796,8.85760009289,20.681216120745,11.114154668649933,4.7785713196656365,0.4299536457905082,True
20260803T181855Z-86cfbe2a805d-rtx3080_topk_gate_release_v2,topk_gate.release.main.e3_t8,topk_gate,cuda_naive,L2_operator_steady,warm,5,5,150,8.14079999924,8.35583984852,77.29203009604998,21.3906090299286,26.379347167208433,1.233220948982792,True
20260803T181855Z-86cfbe2a805d-rtx3080_topk_gate_release_v2,topk_gate.release.main.e3_t8,topk_gate,cuda_subwarp_pair_top2_v2,L1_kernel_body,warm,5,5,150,8.78592014313,8.84736001492,21.126143813135,11.220514142514133,4.924169597121401,0.43885418569759616,False
20260803T181855Z-86cfbe2a805d-rtx3080_topk_gate_release_v2,topk_gate.release.main.e3_t8,topk_gate,cuda_subwarp_pair_top2_v2,L2_operator_steady,warm,5,5,150,8.65791976452,8.91903996468,43.737089633945004,15.950574954350335,13.425091001056233,0.8416681555039929,False
20260803T181855Z-86cfbe2a805d-rtx3080_topk_gate_release_v2,topk_gate.release.main.e3_t8,topk_gate,cuda_vector_pair_top2_v3,L1_kernel_body,warm,5,5,150,8.70400011539,8.73471975327,42.09612774848,13.6488278071098,10.802320162322442,0.7914467319087588,False
20260803T181855Z-86cfbe2a805d-rtx3080_topk_gate_release_v2,topk_gate.release.main.e3_t8,topk_gate,cuda_vector_pair_top2_v3,L2_operator_steady,warm,5,5,150,8.49408000708,8.535040020945,9.187327891587499,8.4044458667438,0.6008151231690965,0.0714877735778522,False
20260803T181855Z-86cfbe2a805d-rtx3080_topk_gate_release_v2,topk_gate.release.main.e3_t8,topk_gate,cuda_warp_pair_top2_v1,L1_kernel_body,warm,5,5,150,8.96000027657,8.929280042645,21.518591523185002,11.364377613863267,5.42668240090753,0.4775169028427554,False
20260803T181855Z-86cfbe2a805d-rtx3080_topk_gate_release_v2,topk_gate.release.main.e3_t8,topk_gate,cuda_warp_pair_top2_v1,L2_operator_steady,warm,5,5,150,8.98560017347,9.088000059125001,31.04614412786499,12.433612803619267,7.198973029054507,0.5789928593368274,False
20260803T181855Z-86cfbe2a805d-rtx3080_topk_gate_release_v2,topk_gate.release.main.e48_t1,topk_gate,cuda_local_pair_two_reduce_top2_v4,L1_kernel_body,warm,5,5,150,8.89344006777,8.86784017086,21.535743474945,11.2946516672764,5.11952680941873,0.4532700042668298,False
20260803T181855Z-86cfbe2a805d-rtx3080_topk_gate_release_v2,topk_gate.release.main.e48_t1,topk_gate,cuda_local_pair_two_reduce_top2_v4,L2_operator_steady,warm,5,5,150,8.26368004084,8.36607992649,24.131072163600003,11.444155716897267,6.288013579857106,0.5494519417079295,False
20260803T181855Z-86cfbe2a805d-rtx3080_topk_gate_release_v2,topk_gate.release.main.e48_t1,topk_gate,cuda_naive,L1_kernel_body,warm,5,5,150,9.77919995785,9.97376024723,10.726399958134998,9.968844791253334,0.4725982568832032,0.04740752482151804,True
20260803T181855Z-86cfbe2a805d-rtx3080_topk_gate_release_v2,topk_gate.release.main.e48_t1,topk_gate,cuda_naive,L2_operator_steady,warm,5,5,150,10.1427197456,10.28095960615,22.411774992945,12.461943503220267,4.992766529390381,0.40064108203509424,True
20260803T181855Z-86cfbe2a805d-rtx3080_topk_gate_release_v2,topk_gate.release.main.e48_t1,topk_gate,cuda_subwarp_pair_top2_v2,L1_kernel_body,warm,5,5,150,8.45823973417,8.678399920465,22.2515201569,11.515494410200601,5.415037743023143,0.47023927502638707,False
20260803T181855Z-86cfbe2a805d-rtx3080_topk_gate_release_v2,topk_gate.release.main.e48_t1,topk_gate,cuda_subwarp_pair_top2_v2,L2_operator_steady,warm,5,5,150,8.3353599906,8.412159979345,35.38944005967,12.584209028879267,9.7759321030671,0.7768412047696043,False
20260803T181855Z-86cfbe2a805d-rtx3080_topk_gate_release_v2,topk_gate.release.main.e48_t1,topk_gate,cuda_vector_pair_top2_v3,L1_kernel_body,warm,5,5,150,8.27903985977,8.29439997673,9.051648050545,8.332902419567267,0.4338871885260404,0.05206915510101131,False
20260803T181855Z-86cfbe2a805d-rtx3080_topk_gate_release_v2,topk_gate.release.main.e48_t1,topk_gate,cuda_vector_pair_top2_v3,L2_operator_steady,warm,5,5,150,8.39680016041,8.46848011017,22.0067846775,11.062545065086134,5.49422346731704,0.4966509455999456,False
20260803T181855Z-86cfbe2a805d-rtx3080_topk_gate_release_v2,topk_gate.release.main.e48_t1,topk_gate,cuda_warp_pair_top2_v1,L1_kernel_body,warm,5,5,150,8.3046400547,8.3046400547,9.608703792091998,8.418099172910066,0.6155815725974307,0.07312595871742734,False
20260803T181855Z-86cfbe2a805d-rtx3080_topk_gate_release_v2,topk_gate.release.main.e48_t1,topk_gate,cuda_warp_pair_top2_v1,L2_operator_steady,warm,5,5,150,8.90367984772,9.139199852945,22.328832745545,11.740706129869267,5.333873493271648,0.4543060216541712,False
20260803T181855Z-86cfbe2a805d-rtx3080_topk_gate_release_v2,topk_gate.release.main.e48_t1024,topk_gate,cuda_local_pair_two_reduce_top2_v4,L1_kernel_body,warm,5,5,150,9.72288012505,9.8918402195,33.490431904800005,14.4672767837848,9.411405465412404,0.6505305460085541,False
20260803T181855Z-86cfbe2a805d-rtx3080_topk_gate_release_v2,topk_gate.release.main.e48_t1024,topk_gate,cuda_local_pair_two_reduce_top2_v4,L2_operator_steady,warm,5,5,150,9.90720003843,10.0915205479,77.60486555101,22.8734977324798,25.996508728767882,1.1365340374617687,False
20260803T181855Z-86cfbe2a805d-rtx3080_topk_gate_release_v2,topk_gate.release.main.e48_t1024,topk_gate,cuda_naive,L1_kernel_body,warm,5,5,150,9.84064012766,9.7587198019,11.105279922489999,9.941333293912868,1.717220971399558,0.17273547929944386,True
20260803T181855Z-86cfbe2a805d-rtx3080_topk_gate_release_v2,topk_gate.release.main.e48_t1024,topk_gate,cuda_naive,L2_operator_steady,warm,5,5,150,9.86624002457,9.9123197794,44.712448596914996,16.069700280822865,13.16482364970262,0.8192326813595371,True
20260803T181855Z-86cfbe2a805d-rtx3080_topk_gate_release_v2,topk_gate.release.main.e48_t1024,topk_gate,cuda_subwarp_pair_top2_v2,L1_kernel_body,warm,5,5,150,9.76383984089,9.733120203015,10.5164802074,9.553851755460533,0.7944537740875991,0.08315533822612714,False
20260803T181855Z-86cfbe2a805d-rtx3080_topk_gate_release_v2,topk_gate.release.main.e48_t1024,topk_gate,cuda_subwarp_pair_top2_v2,L2_operator_steady,warm,5,5,150,9.86624002457,9.999359846115,21.424129009245,12.132010769844932,4.540652023204967,0.3742703587513387,False
20260803T181855Z-86cfbe2a805d-rtx3080_topk_gate_release_v2,topk_gate.release.main.e48_t1024,topk_gate,cuda_vector_pair_top2_v3,L1_kernel_body,warm,5,5,150,9.92767989635,9.9123197794,62.015487670894984,19.2957781195638,19.183282392512588,0.9941699305229286,False
20260803T181855Z-86cfbe2a805d-rtx3080_topk_gate_release_v2,topk_gate.release.main.e48_t1024,topk_gate,cuda_vector_pair_top2_v3,L2_operator_steady,warm,5,5,150,9.83552008867,9.82016026974,10.8851194382,9.861256523928734,0.516508894383484,0.052377594389736694,False
20260803T181855Z-86cfbe2a805d-rtx3080_topk_gate_release_v2,topk_gate.release.main.e48_t1024,topk_gate,cuda_warp_pair_top2_v1,L1_kernel_body,warm,5,5,150,9.85087990761,9.907200038435,22.427647113844998,12.312439493340733,5.0070504019355875,0.40666599049227287,False
20260803T181855Z-86cfbe2a805d-rtx3080_topk_gate_release_v2,topk_gate.release.main.e48_t1024,topk_gate,cuda_warp_pair_top2_v1,L2_operator_steady,warm,5,5,150,9.82015997171,9.87648010254,10.640383958800001,9.884535471600467,0.46663751713824997,0.0472088464327898,False
20260803T181855Z-86cfbe2a805d-rtx3080_topk_gate_release_v2,topk_gate.release.main.e48_t128,topk_gate,cuda_local_pair_two_reduce_top2_v4,L1_kernel_body,warm,5,5,150,8.35072010756,8.36607992649,9.482240021227996,8.383078388372533,0.5477929078559434,0.06534507760487378,False
20260803T181855Z-86cfbe2a805d-rtx3080_topk_gate_release_v2,topk_gate.release.main.e48_t128,topk_gate,cuda_local_pair_two_reduce_top2_v4,L2_operator_steady,warm,5,5,150,8.38656008244,8.46848011017,64.944126605945,19.485968991121197,22.270254953566855,1.1428867080571832,False
20260803T181855Z-86cfbe2a805d-rtx3080_topk_gate_release_v2,topk_gate.release.main.e48_t128,topk_gate,cuda_naive,L1_kernel_body,warm,5,5,150,9.99424010515,10.06080031395,72.56524801258496,17.637444281579402,18.76423745575716,1.0638864200611302,True
20260803T181855Z-86cfbe2a805d-rtx3080_topk_gate_release_v2,topk_gate.release.main.e48_t128,topk_gate,cuda_naive,L2_operator_steady,warm,5,5,150,9.46175992489,9.45151984692,10.392063796534998,9.520537626742266,0.5920721105389632,0.062188936565503415,True
20260803T181855Z-86cfbe2a805d-rtx3080_topk_gate_release_v2,topk_gate.release.main.e48_t128,topk_gate,cuda_subwarp_pair_top2_v2,L1_kernel_body,warm,5,5,150,8.44287991524,8.483840227125,21.658624410644997,10.985813291867867,5.290650915516123,0.48158937121500794,False
20260803T181855Z-86cfbe2a805d-rtx3080_topk_gate_release_v2,topk_gate.release.main.e48_t128,topk_gate,cuda_subwarp_pair_top2_v2,L2_operator_steady,warm,5,5,150,8.3353599906,8.330240249635,9.160192012783499,8.341299204032067,0.4570379645465399,0.054792179655372406,False
20260803T181855Z-86cfbe2a805d-rtx3080_topk_gate_release_v2,topk_gate.release.main.e48_t128,topk_gate,cuda_vector_pair_top2_v3,L1_kernel_body,warm,5,5,150,8.57088029385,8.57088029385,22.07283186909,11.313015520572467,5.436490893904291,0.4805518815048166,False
20260803T181855Z-86cfbe2a805d-rtx3080_topk_gate_release_v2,topk_gate.release.main.e48_t128,topk_gate,cuda_vector_pair_top2_v3,L2_operator_steady,warm,5,5,150,8.50944012403,8.57600003481,22.195711731899998,11.153885841369,5.457215931298333,0.4892658943180046,False
20260803T181855Z-86cfbe2a805d-rtx3080_topk_gate_release_v2,topk_gate.release.main.e48_t128,topk_gate,cuda_warp_pair_top2_v1,L1_kernel_body,warm,5,5,150,8.46847981215,8.494080007075,9.329664111137,8.640648543834333,1.8032937770758917,0.2086988919787346,False
20260803T181855Z-86cfbe2a805d-rtx3080_topk_gate_release_v2,topk_gate.release.main.e48_t128,topk_gate,cuda_warp_pair_top2_v1,L2_operator_steady,warm,5,5,150,8.514559865,8.627200126645,21.832703351945,9.619455941518332,3.367585329333338,0.35008064383335585,False
20260803T181855Z-86cfbe2a805d-rtx3080_topk_gate_release_v2,topk_gate.release.main.e48_t16,topk_gate,cuda_local_pair_two_reduce_top2_v4,L1_kernel_body,warm,5,5,150,8.63232016563,8.601599931715,33.046527981735,13.419246935844868,9.808942931321248,0.7309607594387474,False
20260803T181855Z-86cfbe2a805d-rtx3080_topk_gate_release_v2,topk_gate.release.main.e48_t16,topk_gate,cuda_local_pair_two_reduce_top2_v4,L2_operator_steady,warm,5,5,150,8.39168012142,8.52991998196,10.338816046744999,8.7098709146184,0.7547098585161207,0.08664994761856197,False
20260803T181855Z-86cfbe2a805d-rtx3080_topk_gate_release_v2,topk_gate.release.main.e48_t16,topk_gate,cuda_naive,L1_kernel_body,warm,5,5,150,10.4703998566,10.460159778600001,22.07846391199,12.553011159101935,4.771990925154994,0.38014711089417935,True
20260803T181855Z-86cfbe2a805d-rtx3080_topk_gate_release_v2,topk_gate.release.main.e48_t16,topk_gate,cuda_naive,L2_operator_steady,warm,5,5,150,10.4345595837,10.4038405418,10.967040062,10.4042495449368,0.3560887893266795,0.034225321854181125,True
20260803T181855Z-86cfbe2a805d-rtx3080_topk_gate_release_v2,topk_gate.release.main.e48_t16,topk_gate,cuda_subwarp_pair_top2_v2,L1_kernel_body,warm,5,5,150,8.28927993774,8.30976009369,21.8214392662,10.9323605298998,5.4362814886744895,0.4972651124893258,False
20260803T181855Z-86cfbe2a805d-rtx3080_topk_gate_release_v2,topk_gate.release.main.e48_t16,topk_gate,cuda_subwarp_pair_top2_v2,L2_operator_steady,warm,5,5,150,8.49920004606,8.632320165635,21.2592637539,11.040836242835534,5.073136128876749,0.4594883953802628,False
20260803T181855Z-86cfbe2a805d-rtx3080_topk_gate_release_v2,topk_gate.release.main.e48_t16,topk_gate,cuda_vector_pair_top2_v3,L1_kernel_body,warm,5,5,150,8.20223987103,8.350719809535,21.962240338344998,10.967722674208334,5.467783484122342,0.4985340755360606,False
20260803T181855Z-86cfbe2a805d-rtx3080_topk_gate_release_v2,topk_gate.release.main.e48_t16,topk_gate,cuda_vector_pair_top2_v3,L2_operator_steady,warm,5,5,150,8.31488013268,8.330240249635,9.0869757235015,8.3826687932008,0.711745709512806,0.08490681512910357,False
20260803T181855Z-86cfbe2a805d-rtx3080_topk_gate_release_v2,topk_gate.release.main.e48_t16,topk_gate,cuda_warp_pair_top2_v1,L1_kernel_body,warm,5,5,150,8.39679986238,8.524799942969999,21.5039992332,11.030596276123266,5.24016038536426,0.475056855875241,False
20260803T181855Z-86cfbe2a805d-rtx3080_topk_gate_release_v2,topk_gate.release.main.e48_t16,topk_gate,cuda_warp_pair_top2_v1,L2_operator_steady,warm,5,5,150,8.35584014654,8.560640215875,22.6565128565,11.566762681802201,6.777476302379284,0.5859440959260085,False
20260803T181855Z-86cfbe2a805d-rtx3080_topk_gate_release_v2,topk_gate.release.main.e48_t2,topk_gate,cuda_local_pair_two_reduce_top2_v4,L1_kernel_body,warm,5,5,150,8.31488013268,8.514559864995,24.2278409004,11.5802111744888,6.277788793811031,0.5421134985552765,False
20260803T181855Z-86cfbe2a805d-rtx3080_topk_gate_release_v2,topk_gate.release.main.e48_t2,topk_gate,cuda_local_pair_two_reduce_top2_v4,L2_operator_steady,warm,5,5,150,8.35072010756,8.340480029585,9.0168321132635,8.330513048172133,0.38628866588374444,0.046370333213571195,False
20260803T181855Z-86cfbe2a805d-rtx3080_topk_gate_release_v2,topk_gate.release.main.e48_t2,topk_gate,cuda_naive,L1_kernel_body,warm,5,5,150,10.337280035,10.43455958365,57.96505498883501,22.29671246607767,17.388036549795604,0.7798475482091743,True
20260803T181855Z-86cfbe2a805d-rtx3080_topk_gate_release_v2,topk_gate.release.main.e48_t2,topk_gate,cuda_naive,L2_operator_steady,warm,5,5,150,10.357760191,10.3116798401,22.442495226845,12.4582571347526,4.958701258815524,0.39802527794863946,True
20260803T181855Z-86cfbe2a805d-rtx3080_topk_gate_release_v2,topk_gate.release.main.e48_t2,topk_gate,cuda_subwarp_pair_top2_v2,L1_kernel_body,warm,5,5,150,8.34048002958,8.652800023554999,23.052287101745,11.1121066927906,5.329996890895508,0.47965674180878276,False
20260803T181855Z-86cfbe2a805d-rtx3080_topk_gate_release_v2,topk_gate.release.main.e48_t2,topk_gate,cuda_subwarp_pair_top2_v2,L2_operator_steady,warm,5,5,150,8.72448027134,8.78592014313,21.7553931475,11.295061349867,5.238933799036763,0.46382517427392744,False
20260803T181855Z-86cfbe2a805d-rtx3080_topk_gate_release_v2,topk_gate.release.main.e48_t2,topk_gate,cuda_vector_pair_top2_v3,L1_kernel_body,warm,5,5,150,8.43775987625,8.45311999321,21.9397121668,11.0893055836356,5.431521891226857,0.4897981979360466,False
20260803T181855Z-86cfbe2a805d-rtx3080_topk_gate_release_v2,topk_gate.release.main.e48_t2,topk_gate,cuda_vector_pair_top2_v3,L2_operator_steady,warm,5,5,150,8.62720012665,8.965120017525,75.91424107553499,24.358980194728268,25.786766733170882,1.058614380693639,False
20260803T181855Z-86cfbe2a805d-rtx3080_topk_gate_release_v2,topk_gate.release.main.e48_t2,topk_gate,cuda_warp_pair_top2_v1,L1_kernel_body,warm,5,5,150,8.35583984852,8.41727972031,78.61452794075,21.787033669153267,26.977159475710828,1.2382208558251735,False
20260803T181855Z-86cfbe2a805d-rtx3080_topk_gate_release_v2,topk_gate.release.main.e48_t2,topk_gate,cuda_warp_pair_top2_v1,L2_operator_steady,warm,5,5,150,8.2687997818,8.26367974281,9.174527794120497,8.338363691169667,0.506370610021664,0.060727815285619026,False
20260803T181855Z-86cfbe2a805d-rtx3080_topk_gate_release_v2,topk_gate.release.main.e48_t2048,topk_gate,cuda_local_pair_two_reduce_top2_v4,L1_kernel_body,warm,5,5,150,9.44128006697,9.49248015881,10.540031731134999,9.499443197250066,0.6256087493797049,0.06585741252295801,False
20260803T181855Z-86cfbe2a805d-rtx3080_topk_gate_release_v2,topk_gate.release.main.e48_t2048,topk_gate,cuda_local_pair_two_reduce_top2_v4,L2_operator_steady,warm,5,5,150,9.41568017006,9.76384013891,23.590400814989998,12.107639499506067,5.229546896005076,0.4319212589884607,False
20260803T181855Z-86cfbe2a805d-rtx3080_topk_gate_release_v2,topk_gate.release.main.e48_t2048,topk_gate,cuda_naive,L1_kernel_body,warm,5,5,150,9.83551979065,9.738240242,10.7929599285,9.7026047984734,0.6728022536924901,0.06934243614646124,True
20260803T181855Z-86cfbe2a805d-rtx3080_topk_gate_release_v2,topk_gate.release.main.e48_t2048,topk_gate,cuda_naive,L2_operator_steady,warm,5,5,150,9.91744011641,9.927679896355,10.845184326144999,9.9414015809686,0.5423077712732828,0.05455043404658896,True
20260803T181855Z-86cfbe2a805d-rtx3080_topk_gate_release_v2,topk_gate.release.main.e48_t2048,topk_gate,cuda_subwarp_pair_top2_v2,L1_kernel_body,warm,5,5,150,9.4566398859,9.68703985214,68.539394140245,20.97766396204653,22.581113259726397,1.076436027413771,False
20260803T181855Z-86cfbe2a805d-rtx3080_topk_gate_release_v2,topk_gate.release.main.e48_t2048,topk_gate,cuda_subwarp_pair_top2_v2,L2_operator_steady,warm,5,5,150,9.62559998035,9.697279930115,10.6506240368,9.680622943241532,0.6232300517138712,0.06437912677396194,False
20260803T181855Z-86cfbe2a805d-rtx3080_topk_gate_release_v2,topk_gate.release.main.e48_t2048,topk_gate,cuda_vector_pair_top2_v3,L1_kernel_body,warm,5,5,150,9.45664018393,9.497600197795,23.301119685179998,11.942229354382066,5.225712586578134,0.43758266831984916,False
20260803T181855Z-86cfbe2a805d-rtx3080_topk_gate_release_v2,topk_gate.release.main.e48_t2048,topk_gate,cuda_vector_pair_top2_v3,L2_operator_steady,warm,5,5,150,9.72288012505,9.733120203015,11.1308801174,9.720627212522933,0.837195521407778,0.08612566896189909,False
20260803T181855Z-86cfbe2a805d-rtx3080_topk_gate_release_v2,topk_gate.release.main.e48_t2048,topk_gate,cuda_warp_pair_top2_v1,L1_kernel_body,warm,5,5,150,9.19039994478,9.37983989716,10.335743904114997,9.3713749289518,0.5758847536353305,0.061451468754728816,False
20260803T181855Z-86cfbe2a805d-rtx3080_topk_gate_release_v2,topk_gate.release.main.e48_t2048,topk_gate,cuda_warp_pair_top2_v1,L2_operator_steady,warm,5,5,150,9.74848002195,9.86111998558,23.236704826329998,12.3139669100468,5.327065062567265,0.43260349012477733,False
20260803T181855Z-86cfbe2a805d-rtx3080_topk_gate_release_v2,topk_gate.release.main.e48_t256,topk_gate,cuda_local_pair_two_reduce_top2_v4,L1_kernel_body,warm,5,5,150,8.63744020462,8.801279962065,21.930496096644998,11.326463977496267,5.285571599574334,0.46665681452533236,False
20260803T181855Z-86cfbe2a805d-rtx3080_topk_gate_release_v2,topk_gate.release.main.e48_t256,topk_gate,cuda_local_pair_two_reduce_top2_v4,L2_operator_steady,warm,5,5,150,8.3609598875,8.46848011017,9.17504012585,8.487048546473334,0.41997051458774803,0.04948369415917392,False
20260803T181855Z-86cfbe2a805d-rtx3080_topk_gate_release_v2,topk_gate.release.main.e48_t256,topk_gate,cuda_naive,L1_kernel_body,warm,5,5,150,9.83552008867,9.83551979065,21.016576290135,11.472281591095532,3.809901631072586,0.3320962443974289,True
20260803T181855Z-86cfbe2a805d-rtx3080_topk_gate_release_v2,topk_gate.release.main.e48_t256,topk_gate,cuda_naive,L2_operator_steady,warm,5,5,150,9.88671988249,9.98399972916,21.86700820921498,11.754769051074266,4.123208314839393,0.35076897699343346,True
20260803T181855Z-86cfbe2a805d-rtx3080_topk_gate_release_v2,topk_gate.release.main.e48_t256,topk_gate,cuda_subwarp_pair_top2_v2,L1_kernel_body,warm,5,5,150,8.37632000446,8.2483202219,9.20575976372,8.349832518895466,0.5894993735520799,0.07060014344216574,False
20260803T181855Z-86cfbe2a805d-rtx3080_topk_gate_release_v2,topk_gate.release.main.e48_t256,topk_gate,cuda_subwarp_pair_top2_v2,L2_operator_steady,warm,5,5,150,8.52991998196,8.791040182115,22.4563193321,11.444428805511468,5.477832886032749,0.4786462460577067,False
20260803T181855Z-86cfbe2a805d-rtx3080_topk_gate_release_v2,topk_gate.release.main.e48_t256,topk_gate,cuda_vector_pair_top2_v3,L1_kernel_body,warm,5,5,150,8.44799995422,8.529919981955,53.5654401779,15.875413354237866,16.506830783873834,1.0397732906568644,False
20260803T181855Z-86cfbe2a805d-rtx3080_topk_gate_release_v2,topk_gate.release.main.e48_t256,topk_gate,cuda_vector_pair_top2_v3,L2_operator_steady,warm,5,5,150,8.38656008244,8.535040020945,56.92774581909951,14.643336602051734,15.670001241634996,1.0701113870072079,False
20260803T181855Z-86cfbe2a805d-rtx3080_topk_gate_release_v2,topk_gate.release.main.e48_t256,topk_gate,cuda_warp_pair_top2_v1,L1_kernel_body,warm,5,5,150,8.37119996548,8.35583984852,9.058304101230998,8.5224106510478,1.8065232284654962,0.21197326700554975,False
20260803T181855Z-86cfbe2a805d-rtx3080_topk_gate_release_v2,topk_gate.release.main.e48_t256,topk_gate,cuda_warp_pair_top2_v1,L2_operator_steady,warm,5,5,150,8.38143974543,8.45311999321,10.589183568945,8.6945109407106,0.8767873138277286,0.10084377601071474,False
20260803T181855Z-86cfbe2a805d-rtx3080_topk_gate_release_v2,topk_gate.release.main.e48_t32,topk_gate,cuda_local_pair_two_reduce_top2_v4,L1_kernel_body,warm,5,5,150,8.212479949,8.38144004345,21.5449595451,10.882798933981066,5.293581767180679,0.4864173085704726,False
20260803T181855Z-86cfbe2a805d-rtx3080_topk_gate_release_v2,topk_gate.release.main.e48_t32,topk_gate,cuda_local_pair_two_reduce_top2_v4,L2_operator_steady,warm,5,5,150,8.41215997934,8.57088029385,21.4732789993,11.045819707711933,5.1754558766371375,0.46854430124581475,False
20260803T181855Z-86cfbe2a805d-rtx3080_topk_gate_release_v2,topk_gate.release.main.e48_t32,topk_gate,cuda_naive,L1_kernel_body,warm,5,5,150,10.3014397621,10.501120090450001,22.8659200668,12.818773384890001,5.030108378749255,0.39240169302613964,True
20260803T181855Z-86cfbe2a805d-rtx3080_topk_gate_release_v2,topk_gate.release.main.e48_t32,topk_gate,cuda_naive,L2_operator_steady,warm,5,5,150,10.5267202854,10.4755198956,34.454016089445,15.035323643683332,9.670199659334617,0.6431653809725126,True
20260803T181855Z-86cfbe2a805d-rtx3080_topk_gate_release_v2,topk_gate.release.main.e48_t32,topk_gate,cuda_subwarp_pair_top2_v2,L1_kernel_body,warm,5,5,150,8.52991998196,8.50943982601,9.261055856941498,8.537702405453466,0.46365331380891434,0.05430656771460614,False
20260803T181855Z-86cfbe2a805d-rtx3080_topk_gate_release_v2,topk_gate.release.main.e48_t32,topk_gate,cuda_subwarp_pair_top2_v2,L2_operator_steady,warm,5,5,150,8.38144004345,8.4582400322,22.3846411705,11.121800557773401,5.616804962031729,0.5050265856553195,False
20260803T181855Z-86cfbe2a805d-rtx3080_topk_gate_release_v2,topk_gate.release.main.e48_t32,topk_gate,cuda_vector_pair_top2_v3,L1_kernel_body,warm,5,5,150,8.86272013187,8.903679847715,32.84940779209,13.5833600163472,9.497326153554548,0.699188281995381,False
20260803T181855Z-86cfbe2a805d-rtx3080_topk_gate_release_v2,topk_gate.release.main.e48_t32,topk_gate,cuda_vector_pair_top2_v3,L2_operator_steady,warm,5,5,150,8.46336007118,8.44799995422,9.447424083950999,8.519748302300933,0.5007789336416034,0.05877860658235148,False
20260803T181855Z-86cfbe2a805d-rtx3080_topk_gate_release_v2,topk_gate.release.main.e48_t32,topk_gate,cuda_warp_pair_top2_v1,L1_kernel_body,warm,5,5,150,8.3353599906,8.38656008244,9.2216318845735,8.367650115490134,0.46381623541360506,0.055429688026151065,False
20260803T181855Z-86cfbe2a805d-rtx3080_topk_gate_release_v2,topk_gate.release.main.e48_t32,topk_gate,cuda_warp_pair_top2_v1,L2_operator_steady,warm,5,5,150,8.49920004606,8.524799942969999,9.860096126784994,8.607539196808402,0.6316857671957538,0.0733874981864709,False
20260803T181855Z-86cfbe2a805d-rtx3080_topk_gate_release_v2,topk_gate.release.main.e48_t4,topk_gate,cuda_local_pair_two_reduce_top2_v4,L1_kernel_body,warm,5,5,150,8.6067199707,8.709120154379999,21.90335989,11.341141315299733,5.296052940372325,0.46697706986753623,False
20260803T181855Z-86cfbe2a805d-rtx3080_topk_gate_release_v2,topk_gate.release.main.e48_t4,topk_gate,cuda_local_pair_two_reduce_top2_v4,L2_operator_steady,warm,5,5,150,8.41215997934,8.48895996809,21.003264188745,10.864708260695467,5.052321444171021,0.46502136301703273,False
20260803T181855Z-86cfbe2a805d-rtx3080_topk_gate_release_v2,topk_gate.release.main.e48_t4,topk_gate,cuda_naive,L1_kernel_body,warm,5,5,150,10.0864005089,9.86111998558,10.798079967535,9.460326385498934,1.0128610997300451,0.10706407564146923,True
20260803T181855Z-86cfbe2a805d-rtx3080_topk_gate_release_v2,topk_gate.release.main.e48_t4,topk_gate,cuda_naive,L2_operator_steady,warm,5,5,150,10.3628802299,10.3833603859,22.3027205467,12.675618127981867,4.812986558144028,0.3797042881497979,True
20260803T181855Z-86cfbe2a805d-rtx3080_topk_gate_release_v2,topk_gate.release.main.e48_t4,topk_gate,cuda_subwarp_pair_top2_v2,L1_kernel_body,warm,5,5,150,8.33023995161,8.299520015715,9.097215801476999,8.325597846508067,0.4519160808135411,0.054280315857807654,False
20260803T181855Z-86cfbe2a805d-rtx3080_topk_gate_release_v2,topk_gate.release.main.e48_t4,topk_gate,cuda_subwarp_pair_top2_v2,L2_operator_steady,warm,5,5,150,8.31999987364,8.23296010494,8.986959844829,8.267487994830066,0.4764485753203624,0.05762918260278109,False
20260803T181855Z-86cfbe2a805d-rtx3080_topk_gate_release_v2,topk_gate.release.main.e48_t4,topk_gate,cuda_vector_pair_top2_v3,L1_kernel_body,warm,5,5,150,8.42239975929,8.56064021587,21.87673568729,11.203106113274867,5.345230371114611,0.47712039117266786,False
20260803T181855Z-86cfbe2a805d-rtx3080_topk_gate_release_v2,topk_gate.release.main.e48_t4,topk_gate,cuda_vector_pair_top2_v3,L2_operator_steady,warm,5,5,150,8.33023995161,8.422399759295,10.3480321169,8.633958411216799,0.803993391132659,0.09311990547558716,False
20260803T181855Z-86cfbe2a805d-rtx3080_topk_gate_release_v2,topk_gate.release.main.e48_t4,topk_gate,cuda_warp_pair_top2_v1,L1_kernel_body,warm,5,5,150,8.36608022451,8.299520015715,10.159616410724997,8.451754673322267,0.8930309191208243,0.10566219130089662,False
20260803T181855Z-86cfbe2a805d-rtx3080_topk_gate_release_v2,topk_gate.release.main.e48_t4,topk_gate,cuda_warp_pair_top2_v1,L2_operator_steady,warm,5,5,150,8.47872018814,8.47872018814,9.541119933128499,8.524049079418733,0.5717654267415323,0.06707674033952439,False
20260803T181855Z-86cfbe2a805d-rtx3080_topk_gate_release_v2,topk_gate.release.main.e48_t4096,topk_gate,cuda_local_pair_two_reduce_top2_v4,L1_kernel_body,warm,5,5,150,13.0048000813,12.9945600033,13.913599848745001,13.100441598891333,0.5106216498665925,0.03897743797505311,False
20260803T181855Z-86cfbe2a805d-rtx3080_topk_gate_release_v2,topk_gate.release.main.e48_t4096,topk_gate,cuda_local_pair_two_reduce_top2_v4,L2_operator_steady,warm,5,5,150,13.1123197079,13.516800403600001,23.772671818699997,15.438233606019333,6.861962537424356,0.4444784754875643,False
20260803T181855Z-86cfbe2a805d-rtx3080_topk_gate_release_v2,topk_gate.release.main.e48_t4096,topk_gate,cuda_naive,L1_kernel_body,warm,5,5,150,9.85599994659,9.58464026451,10.660864114745,9.636795755227466,0.6505706181254811,0.06750901800243925,True
20260803T181855Z-86cfbe2a805d-rtx3080_topk_gate_release_v2,topk_gate.release.main.e48_t4096,topk_gate,cuda_naive,L2_operator_steady,warm,5,5,150,10.4499197006,10.5881595612,44.886015415174924,15.575859212874732,10.739248151830017,0.6894803044286085,True
20260803T181855Z-86cfbe2a805d-rtx3080_topk_gate_release_v2,topk_gate.release.main.e48_t4096,topk_gate,cuda_subwarp_pair_top2_v2,L1_kernel_body,warm,5,5,150,13.1020796299,13.132799863799999,22.075391888615,14.61684900125,3.4096308898409933,0.2332671624061663,False
20260803T181855Z-86cfbe2a805d-rtx3080_topk_gate_release_v2,topk_gate.release.main.e48_t4096,topk_gate,cuda_subwarp_pair_top2_v2,L2_operator_steady,warm,5,5,150,13.1532800198,13.23519945145,14.1163522005,13.150822416936666,0.7237600824969064,0.05503534756615609,False
20260803T181855Z-86cfbe2a805d-rtx3080_topk_gate_release_v2,topk_gate.release.main.e48_t4096,topk_gate,cuda_vector_pair_top2_v3,L1_kernel_body,warm,5,5,150,13.4348797798,13.3529603481,14.199295639999999,13.361356822649332,0.5379578840239955,0.040262219710507474,False
20260803T181855Z-86cfbe2a805d-rtx3080_topk_gate_release_v2,topk_gate.release.main.e48_t4096,topk_gate,cuda_vector_pair_top2_v3,L2_operator_steady,warm,5,5,150,12.9996800423,12.917760014550002,13.87264007329,12.773853834472668,0.8531204734278427,0.06678645962939823,False
20260803T181855Z-86cfbe2a805d-rtx3080_topk_gate_release_v2,topk_gate.release.main.e48_t4096,topk_gate,cuda_warp_pair_top2_v1,L1_kernel_body,warm,5,5,150,13.1686401367,12.97407984735,21.648384332645,14.168268815678,3.4044228001344874,0.24028502313333433,False
20260803T181855Z-86cfbe2a805d-rtx3080_topk_gate_release_v2,topk_gate.release.main.e48_t4096,topk_gate,cuda_warp_pair_top2_v1,L2_operator_steady,warm,5,5,150,13.1737601757,13.255679607400001,21.126143813135,14.377983927726667,2.747464445686599,0.19108829579287243,False
20260803T181855Z-86cfbe2a805d-rtx3080_topk_gate_release_v2,topk_gate.release.main.e48_t512,topk_gate,cuda_local_pair_two_reduce_top2_v4,L1_kernel_body,warm,5,5,150,8.95487993956,8.98559987545,9.8165759146185,9.011677861214134,0.4646393225206928,0.051559690623261184,False
20260803T181855Z-86cfbe2a805d-rtx3080_topk_gate_release_v2,topk_gate.release.main.e48_t512,topk_gate,cuda_local_pair_two_reduce_top2_v4,L2_operator_steady,warm,5,5,150,9.00608003139,9.08288002014,22.09177601338,11.6426752010984,6.109503192063781,0.5247508056814464,False
20260803T181855Z-86cfbe2a805d-rtx3080_topk_gate_release_v2,topk_gate.release.main.e48_t512,topk_gate,cuda_naive,L1_kernel_body,warm,5,5,150,9.78431999683,9.907200038435,25.278975367544998,12.4503381371494,5.65329511775789,0.45406759683815745,True
20260803T181855Z-86cfbe2a805d-rtx3080_topk_gate_release_v2,topk_gate.release.main.e48_t512,topk_gate,cuda_naive,L2_operator_steady,warm,5,5,150,9.83040004969,9.907200038435,20.3125756979,11.564851204556533,3.7106830271092495,0.320858691692224,True
20260803T181855Z-86cfbe2a805d-rtx3080_topk_gate_release_v2,topk_gate.release.main.e48_t512,topk_gate,cuda_subwarp_pair_top2_v2,L1_kernel_body,warm,5,5,150,9.23135995865,9.359360039235,22.38566386699,11.811703499159266,5.228303306688003,0.4426375337867348,False
20260803T181855Z-86cfbe2a805d-rtx3080_topk_gate_release_v2,topk_gate.release.main.e48_t512,topk_gate,cuda_subwarp_pair_top2_v2,L2_operator_steady,warm,5,5,150,9.02655988932,9.14431989193,21.724672913545,11.532629334927666,5.079565311426388,0.44045162329482324,False
20260803T181855Z-86cfbe2a805d-rtx3080_topk_gate_release_v2,topk_gate.release.main.e48_t512,topk_gate,cuda_vector_pair_top2_v3,L1_kernel_body,warm,5,5,150,8.96512001753,9.180160164835,22.0067846775,11.588949354489067,5.200827446269331,0.4487747152208195,False
20260803T181855Z-86cfbe2a805d-rtx3080_topk_gate_release_v2,topk_gate.release.main.e48_t512,topk_gate,cuda_vector_pair_top2_v3,L2_operator_steady,warm,5,5,150,9.07775998116,9.12384003401,23.351296067249997,12.0616277297336,6.405953138773919,0.5311018779813895,False
20260803T181855Z-86cfbe2a805d-rtx3080_topk_gate_release_v2,topk_gate.release.main.e48_t512,topk_gate,cuda_warp_pair_top2_v1,L1_kernel_body,warm,5,5,150,8.93952012062,8.857600092885,22.906368374834997,11.472554679711601,5.707297149328382,0.4974739549005011,False
20260803T181855Z-86cfbe2a805d-rtx3080_topk_gate_release_v2,topk_gate.release.main.e48_t512,topk_gate,cuda_warp_pair_top2_v1,L2_operator_steady,warm,5,5,150,11.9449603558,11.71455979345,62.05849647519,17.417028288047067,14.82369785564135,0.8511037365550205,False
20260803T181855Z-86cfbe2a805d-rtx3080_topk_gate_release_v2,topk_gate.release.main.e48_t64,topk_gate,cuda_local_pair_two_reduce_top2_v4,L1_kernel_body,warm,5,5,150,8.63231986761,8.69376003742,21.696000695244997,11.244953628382934,5.221300836175197,0.4643239099711645,False
20260803T181855Z-86cfbe2a805d-rtx3080_topk_gate_release_v2,topk_gate.release.main.e48_t64,topk_gate,cuda_local_pair_two_reduce_top2_v4,L2_operator_steady,warm,5,5,150,8.31999987364,8.447999954225,21.6939526796,11.005542393525333,5.3296574288088525,0.4842703101979182,False
20260803T181855Z-86cfbe2a805d-rtx3080_topk_gate_release_v2,topk_gate.release.main.e48_t64,topk_gate,cuda_naive,L1_kernel_body,warm,5,5,150,10.654720068,10.67008018495,22.789631485945,12.839867715040667,4.989771101687736,0.3886154602545243,True
20260803T181855Z-86cfbe2a805d-rtx3080_topk_gate_release_v2,topk_gate.release.main.e48_t64,topk_gate,cuda_naive,L2_operator_steady,warm,5,5,150,9.99424010515,10.024960041,11.0796797276,10.070903468132133,0.584101108890447,0.05799887872411323,True
20260803T181855Z-86cfbe2a805d-rtx3080_topk_gate_release_v2,topk_gate.release.main.e48_t64,topk_gate,cuda_subwarp_pair_top2_v2,L1_kernel_body,warm,5,5,150,8.31488013268,8.38656008244,21.7395210266,10.935705602168934,5.363391285524361,0.49044766571446585,False
20260803T181855Z-86cfbe2a805d-rtx3080_topk_gate_release_v2,topk_gate.release.main.e48_t64,topk_gate,cuda_subwarp_pair_top2_v2,L2_operator_steady,warm,5,5,150,8.45311999321,8.57088029385,21.5971839428,11.080362625917267,5.270047920208538,0.4756205277868572,False
20260803T181855Z-86cfbe2a805d-rtx3080_topk_gate_release_v2,topk_gate.release.main.e48_t64,topk_gate,cuda_vector_pair_top2_v3,L1_kernel_body,warm,5,5,150,8.40192019939,8.52991998196,21.5971839428,11.035033647220933,5.262000389581407,0.4768449791638461,False
20260803T181855Z-86cfbe2a805d-rtx3080_topk_gate_release_v2,topk_gate.release.main.e48_t64,topk_gate,cuda_vector_pair_top2_v3,L2_operator_steady,warm,5,5,150,8.40703994036,8.637439906595,66.88460707668,19.916936484973732,22.80602266990693,1.145056755445942,False
20260803T181855Z-86cfbe2a805d-rtx3080_topk_gate_release_v2,topk_gate.release.main.e48_t64,topk_gate,cuda_warp_pair_top2_v1,L1_kernel_body,warm,5,5,150,8.34048002958,8.60159993172,75.60191845892999,19.582839473088935,23.920437649726892,1.2214999608508643,False
20260803T181855Z-86cfbe2a805d-rtx3080_topk_gate_release_v2,topk_gate.release.main.e48_t64,topk_gate,cuda_warp_pair_top2_v1,L2_operator_steady,warm,5,5,150,8.29952001572,8.606719970705,21.5551996231,11.1352490584058,5.2166363633913075,0.4684795406038415,False
20260803T181855Z-86cfbe2a805d-rtx3080_topk_gate_release_v2,topk_gate.release.main.e48_t8,topk_gate,cuda_local_pair_two_reduce_top2_v4,L1_kernel_body,warm,5,5,150,8.27904015779,8.52479994297,21.4845430851,10.992708309488933,5.23434158975168,0.4761648760600137,False
20260803T181855Z-86cfbe2a805d-rtx3080_topk_gate_release_v2,topk_gate.release.main.e48_t8,topk_gate,cuda_local_pair_two_reduce_top2_v4,L2_operator_steady,warm,5,5,150,8.97535979748,8.97023975849,31.485440015779997,12.164778641860533,6.903620356665955,0.5675089173353084,False
20260803T181855Z-86cfbe2a805d-rtx3080_topk_gate_release_v2,topk_gate.release.main.e48_t8,topk_gate,cuda_naive,L1_kernel_body,warm,5,5,150,10.2911996841,10.352640152,10.928127765644998,10.325674668944533,0.3737406660165072,0.036195278081011834,True
20260803T181855Z-86cfbe2a805d-rtx3080_topk_gate_release_v2,topk_gate.release.main.e48_t8,topk_gate,cuda_naive,L2_operator_steady,warm,5,5,150,10.2860796452,10.352640152,22.36659157273,12.570852295557,4.850323212379795,0.38583885152274655,True
20260803T181855Z-86cfbe2a805d-rtx3080_topk_gate_release_v2,topk_gate.release.main.e48_t8,topk_gate,cuda_subwarp_pair_top2_v2,L1_kernel_body,warm,5,5,150,8.13567996025,8.289279937745,21.882879734,10.897134935855066,5.494488209426774,0.5042140197189031,False
20260803T181855Z-86cfbe2a805d-rtx3080_topk_gate_release_v2,topk_gate.release.main.e48_t8,topk_gate,cuda_subwarp_pair_top2_v2,L2_operator_steady,warm,5,5,150,8.79615992308,8.668159842489999,9.693695902826,8.767556246121867,1.1704394158205682,0.1334966532251545,False
20260803T181855Z-86cfbe2a805d-rtx3080_topk_gate_release_v2,topk_gate.release.main.e48_t8,topk_gate,cuda_vector_pair_top2_v3,L1_kernel_body,warm,5,5,150,8.38655978441,8.61184000969,33.0444788933,13.316710408529001,9.675095657313587,0.7265379632433056,False
20260803T181855Z-86cfbe2a805d-rtx3080_topk_gate_release_v2,topk_gate.release.main.e48_t8,topk_gate,cuda_vector_pair_top2_v3,L2_operator_steady,warm,5,5,150,8.39680016041,8.514559864995,10.250239908669997,8.633207472165067,0.7574997322125319,0.08774256087958504,False
20260803T181855Z-86cfbe2a805d-rtx3080_topk_gate_release_v2,topk_gate.release.main.e48_t8,topk_gate,cuda_warp_pair_top2_v1,L1_kernel_body,warm,5,5,150,9.32863980532,9.55392003059,58.692095994955004,20.998901267848467,18.765707290910647,0.8936518654736915,False
20260803T181855Z-86cfbe2a805d-rtx3080_topk_gate_release_v2,topk_gate.release.main.e48_t8,topk_gate,cuda_warp_pair_top2_v1,L2_operator_steady,warm,5,5,150,8.32000017166,8.401920199395,21.929472088799997,11.0576298435534,5.440086793227491,0.4919758456554831,False
20260803T181855Z-86cfbe2a805d-rtx3080_topk_gate_release_v2,topk_gate.release.main.e4_t1,topk_gate,cuda_local_pair_two_reduce_top2_v4,L1_kernel_body,warm,5,5,150,8.26368004084,8.25856000185,8.83711993694,8.260881082217,0.3192754891332473,0.038649084275107645,False
20260803T181855Z-86cfbe2a805d-rtx3080_topk_gate_release_v2,topk_gate.release.main.e4_t1,topk_gate,cuda_local_pair_two_reduce_top2_v4,L2_operator_steady,warm,5,5,150,8.3046400547,8.40704023838,63.437825441345,18.63598084449953,20.787473245308078,1.115448305016023,False
20260803T181855Z-86cfbe2a805d-rtx3080_topk_gate_release_v2,topk_gate.release.main.e4_t1,topk_gate,cuda_naive,L1_kernel_body,warm,5,5,150,8.15104007721,8.27391982079,9.242111980911496,8.281838933626734,0.5245481116141144,0.0633371544433559,True
20260803T181855Z-86cfbe2a805d-rtx3080_topk_gate_release_v2,topk_gate.release.main.e4_t1,topk_gate,cuda_naive,L2_operator_steady,warm,5,5,150,8.3046400547,8.37632000446,9.217023849487,8.396390386422732,0.49665989840285923,0.059151596763053836,True
20260803T181855Z-86cfbe2a805d-rtx3080_topk_gate_release_v2,topk_gate.release.main.e4_t1,topk_gate,cuda_subwarp_pair_top2_v2,L1_kernel_body,warm,5,5,150,8.48895996809,8.51967990398,22.3436808586,11.1476736068708,5.577646200975361,0.5003417213020673,False
20260803T181855Z-86cfbe2a805d-rtx3080_topk_gate_release_v2,topk_gate.release.main.e4_t1,topk_gate,cuda_subwarp_pair_top2_v2,L2_operator_steady,warm,5,5,150,8.78592014313,8.69376003742,9.186304211617,8.683997869491666,0.3291961513511423,0.03790836390087834,False
20260803T181855Z-86cfbe2a805d-rtx3080_topk_gate_release_v2,topk_gate.release.main.e4_t1,topk_gate,cuda_vector_pair_top2_v3,L1_kernel_body,warm,5,5,150,8.77056002617,8.893439769745001,20.9100794792,11.392136585714134,4.801204552336977,0.42144899828165167,False
20260803T181855Z-86cfbe2a805d-rtx3080_topk_gate_release_v2,topk_gate.release.main.e4_t1,topk_gate,cuda_vector_pair_top2_v3,L2_operator_steady,warm,5,5,150,8.7296000123,8.69376003742,9.2523521184935,8.6858410557112,0.3867416326108653,0.044525524946898626,False
20260803T181855Z-86cfbe2a805d-rtx3080_topk_gate_release_v2,topk_gate.release.main.e4_t1,topk_gate,cuda_warp_pair_top2_v1,L1_kernel_body,warm,5,5,150,8.87295991182,8.95488023758,21.1148810387,11.2597674926134,4.913207988552853,0.43635074985127364,False
20260803T181855Z-86cfbe2a805d-rtx3080_topk_gate_release_v2,topk_gate.release.main.e4_t1,topk_gate,cuda_warp_pair_top2_v1,L2_operator_steady,warm,5,5,150,8.8524800539,9.016320109365001,20.94950377939,11.2998399893432,4.812322982712561,0.42587532100021147,False
20260803T181855Z-86cfbe2a805d-rtx3080_topk_gate_release_v2,topk_gate.release.main.e4_t1024,topk_gate,cuda_local_pair_two_reduce_top2_v4,L1_kernel_body,warm,5,5,150,8.79104018211,8.791040182115,9.247744083402498,8.7698090672492,0.4047885352020146,0.04615705223431773,False
20260803T181855Z-86cfbe2a805d-rtx3080_topk_gate_release_v2,topk_gate.release.main.e4_t1024,topk_gate,cuda_local_pair_two_reduce_top2_v4,L2_operator_steady,warm,5,5,150,8.44287991524,8.50943982601,9.07263994217,8.571562659740467,0.3382418591405076,0.03946093292057309,False
20260803T181855Z-86cfbe2a805d-rtx3080_topk_gate_release_v2,topk_gate.release.main.e4_t1024,topk_gate,cuda_naive,L1_kernel_body,warm,5,5,150,8.08960020542,8.19711983204,20.281855463945,10.555323763686133,4.8692448676923625,0.4613070121490924,True
20260803T181855Z-86cfbe2a805d-rtx3080_topk_gate_release_v2,topk_gate.release.main.e4_t1024,topk_gate,cuda_naive,L2_operator_steady,warm,5,5,150,8.69376003742,8.69376003742,21.732351422304987,11.080908807119734,5.241153015211538,0.47298945478587273,True
20260803T181855Z-86cfbe2a805d-rtx3080_topk_gate_release_v2,topk_gate.release.main.e4_t1024,topk_gate,cuda_subwarp_pair_top2_v2,L1_kernel_body,warm,5,5,150,8.8831999898,8.90367984772,31.519743204099996,13.6322389046362,8.947950501269657,0.6563815792742996,False
20260803T181855Z-86cfbe2a805d-rtx3080_topk_gate_release_v2,topk_gate.release.main.e4_t1024,topk_gate,cuda_subwarp_pair_top2_v2,L2_operator_steady,warm,5,5,150,8.48896026611,8.504319787025,9.107455879451498,8.550058674812334,0.3501409438179762,0.040951876137348436,False
20260803T181855Z-86cfbe2a805d-rtx3080_topk_gate_release_v2,topk_gate.release.main.e4_t1024,topk_gate,cuda_vector_pair_top2_v3,L1_kernel_body,warm,5,5,150,8.80639970303,8.821759819985001,20.634623765945,11.071214926244,4.751501376144232,0.42917614803782134,False
20260803T181855Z-86cfbe2a805d-rtx3080_topk_gate_release_v2,topk_gate.release.main.e4_t1024,topk_gate,cuda_vector_pair_top2_v3,L2_operator_steady,warm,5,5,150,8.63232016563,8.791040182115,9.3854719400435,8.754858652750599,0.3602315150789988,0.04114646842023216,False
20260803T181855Z-86cfbe2a805d-rtx3080_topk_gate_release_v2,topk_gate.release.main.e4_t1024,topk_gate,cuda_warp_pair_top2_v1,L1_kernel_body,warm,5,5,150,8.17151993513,8.217599987985,9.119231969116,8.269892243544334,0.5174039735092576,0.06256477814607016,False
20260803T181855Z-86cfbe2a805d-rtx3080_topk_gate_release_v2,topk_gate.release.main.e4_t1024,topk_gate,cuda_warp_pair_top2_v1,L2_operator_steady,warm,5,5,150,8.27904015779,8.36607992649,9.306624203917998,8.451959451039267,0.5148697995953256,0.060917211278387805,False
20260803T181855Z-86cfbe2a805d-rtx3080_topk_gate_release_v2,topk_gate.release.main.e4_t128,topk_gate,cuda_local_pair_two_reduce_top2_v4,L1_kernel_body,warm,5,5,150,8.41215997934,8.49919974804,21.459455966934996,10.988544050851466,5.190929480442884,0.47239465541758063,False
20260803T181855Z-86cfbe2a805d-rtx3080_topk_gate_release_v2,topk_gate.release.main.e4_t128,topk_gate,cuda_local_pair_two_reduce_top2_v4,L2_operator_steady,warm,5,5,150,8.44799995422,8.42751979828,9.218048125501998,8.5047978560124,0.7315619356112384,0.08601755714794167,False
20260803T181855Z-86cfbe2a805d-rtx3080_topk_gate_release_v2,topk_gate.release.main.e4_t128,topk_gate,cuda_naive,L1_kernel_body,warm,5,5,150,8.08960020542,8.115200102325,31.206911206244996,12.598203758398535,9.20424613123397,0.7305998781848565,True
20260803T181855Z-86cfbe2a805d-rtx3080_topk_gate_release_v2,topk_gate.release.main.e4_t128,topk_gate,cuda_naive,L2_operator_steady,warm,5,5,150,8.20224016905,8.279039859775,20.4492807388,10.623726860681266,4.908600298199233,0.46204127445765864,True
20260803T181855Z-86cfbe2a805d-rtx3080_topk_gate_release_v2,topk_gate.release.main.e4_t128,topk_gate,cuda_subwarp_pair_top2_v2,L1_kernel_body,warm,5,5,150,8.76543998718,8.76543998718,9.3957120180135,8.803874131043868,0.4136553215851483,0.04698560150088169,False
20260803T181855Z-86cfbe2a805d-rtx3080_topk_gate_release_v2,topk_gate.release.main.e4_t128,topk_gate,cuda_subwarp_pair_top2_v2,L2_operator_steady,warm,5,5,150,8.44799995422,8.473600149155,20.936191678045,10.826547193527267,5.032211777404322,0.46480301498273313,False
20260803T181855Z-86cfbe2a805d-rtx3080_topk_gate_release_v2,topk_gate.release.main.e4_t128,topk_gate,cuda_vector_pair_top2_v3,L1_kernel_body,warm,5,5,150,8.4582400322,8.42751979828,9.135103821752498,8.363076261679199,0.5291396083364626,0.06327092947376975,False
20260803T181855Z-86cfbe2a805d-rtx3080_topk_gate_release_v2,topk_gate.release.main.e4_t128,topk_gate,cuda_vector_pair_top2_v3,L2_operator_steady,warm,5,5,150,9.00608003139,8.97023975849,21.916671991344998,12.278169588247334,6.707114370786094,0.5462633760333581,False
20260803T181855Z-86cfbe2a805d-rtx3080_topk_gate_release_v2,topk_gate.release.main.e4_t128,topk_gate,cuda_warp_pair_top2_v1,L1_kernel_body,warm,5,5,150,8.98559987545,8.88831973076,9.596928030251998,8.834730660915401,0.5120715462936635,0.05796119496421702,False
20260803T181855Z-86cfbe2a805d-rtx3080_topk_gate_release_v2,topk_gate.release.main.e4_t128,topk_gate,cuda_warp_pair_top2_v1,L2_operator_steady,warm,5,5,150,8.96512001753,8.94976019859,9.565184116362499,8.9810943921402,0.40084550240060224,0.04463214446909744,False
20260803T181855Z-86cfbe2a805d-rtx3080_topk_gate_release_v2,topk_gate.release.main.e4_t16,topk_gate,cuda_local_pair_two_reduce_top2_v4,L1_kernel_body,warm,5,5,150,8.84223997593,8.82687985897,20.972543954845,11.262429869176266,5.409265117811716,0.480292901322843,False
20260803T181855Z-86cfbe2a805d-rtx3080_topk_gate_release_v2,topk_gate.release.main.e4_t16,topk_gate,cuda_local_pair_two_reduce_top2_v4,L2_operator_steady,warm,5,5,150,8.37632000446,8.35583984852,8.9666559994185,8.337544532617,0.38359714000817896,0.046008406732644454,False
20260803T181855Z-86cfbe2a805d-rtx3080_topk_gate_release_v2,topk_gate.release.main.e4_t16,topk_gate,cuda_naive,L1_kernel_body,warm,5,5,150,8.40191990137,8.371199965475,9.29791986942,8.398370118935599,0.514187680283545,0.061224698721507716,True
20260803T181855Z-86cfbe2a805d-rtx3080_topk_gate_release_v2,topk_gate.release.main.e4_t16,topk_gate,cuda_naive,L2_operator_steady,warm,5,5,150,8.44288021326,8.555520176885,20.150784850089998,10.751249082880799,4.697161464398275,0.4368944880904638,True
20260803T181855Z-86cfbe2a805d-rtx3080_topk_gate_release_v2,topk_gate.release.main.e4_t16,topk_gate,cuda_subwarp_pair_top2_v2,L1_kernel_body,warm,5,5,150,8.29952001572,8.47872018814,20.8383989334,10.866141867637934,4.944226408304902,0.45501213480656233,False
20260803T181855Z-86cfbe2a805d-rtx3080_topk_gate_release_v2,topk_gate.release.main.e4_t16,topk_gate,cuda_subwarp_pair_top2_v2,L2_operator_steady,warm,5,5,150,8.43263983727,8.401920199395,9.16480004787,8.4125696063044,0.4602408276962953,0.05470870961369398,False
20260803T181855Z-86cfbe2a805d-rtx3080_topk_gate_release_v2,topk_gate.release.main.e4_t16,topk_gate,cuda_vector_pair_top2_v3,L1_kernel_body,warm,5,5,150,8.40192019939,8.432639837265,9.4899198114855,8.512102397283266,0.42640624332695587,0.050094115815976115,False
20260803T181855Z-86cfbe2a805d-rtx3080_topk_gate_release_v2,topk_gate.release.main.e4_t16,topk_gate,cuda_vector_pair_top2_v3,L2_operator_steady,warm,5,5,150,8.36607992649,8.391680121425,36.54246389866998,12.244036289057068,8.890620634958852,0.7261184486119758,False
20260803T181855Z-86cfbe2a805d-rtx3080_topk_gate_release_v2,topk_gate.release.main.e4_t16,topk_gate,cuda_warp_pair_top2_v1,L1_kernel_body,warm,5,5,150,9.02656018734,9.14431989193,20.88243126869,11.431116787593732,4.726724616547097,0.413496310498467,False
20260803T181855Z-86cfbe2a805d-rtx3080_topk_gate_release_v2,topk_gate.release.main.e4_t16,topk_gate,cuda_warp_pair_top2_v1,L2_operator_steady,warm,5,5,150,8.92928004265,8.965120017530001,9.565184116362499,9.027447466055799,0.31926294790105997,0.03536580512947032,False
20260803T181855Z-86cfbe2a805d-rtx3080_topk_gate_release_v2,topk_gate.release.main.e4_t2,topk_gate,cuda_local_pair_two_reduce_top2_v4,L1_kernel_body,warm,5,5,150,8.5811200738,8.49919974804,9.973759800198494,8.5747711857152,0.7180556644733991,0.08374050443114044,False
20260803T181855Z-86cfbe2a805d-rtx3080_topk_gate_release_v2,topk_gate.release.main.e4_t2,topk_gate,cuda_local_pair_two_reduce_top2_v4,L2_operator_steady,warm,5,5,150,8.65280002356,8.811519742015,20.7267844677,11.0665728251158,4.807951830544128,0.434457162711873,False
20260803T181855Z-86cfbe2a805d-rtx3080_topk_gate_release_v2,topk_gate.release.main.e4_t2,topk_gate,cuda_naive,L1_kernel_body,warm,5,5,150,8.7961602211,9.03679996729,26.3680005074,14.292855469386469,7.35990276702367,0.5149357861196927,True
20260803T181855Z-86cfbe2a805d-rtx3080_topk_gate_release_v2,topk_gate.release.main.e4_t2,topk_gate,cuda_naive,L2_operator_steady,warm,5,5,150,8.19711983204,8.31488013268,19.645951926745,10.498457578819599,4.557482254775807,0.43410969854947307,True
20260803T181855Z-86cfbe2a805d-rtx3080_topk_gate_release_v2,topk_gate.release.main.e4_t2,topk_gate,cuda_subwarp_pair_top2_v2,L1_kernel_body,warm,5,5,150,8.63232016563,8.57088029385,9.244160056113,8.446975994109932,0.541641809961398,0.0641225700580994,False
20260803T181855Z-86cfbe2a805d-rtx3080_topk_gate_release_v2,topk_gate.release.main.e4_t2,topk_gate,cuda_subwarp_pair_top2_v2,L2_operator_steady,warm,5,5,150,8.51456016302,8.591359853745,9.575424194337,8.581870949268733,0.6860790876174635,0.07994516483330767,False
20260803T181855Z-86cfbe2a805d-rtx3080_topk_gate_release_v2,topk_gate.release.main.e4_t2,topk_gate,cuda_vector_pair_top2_v3,L1_kernel_body,warm,5,5,150,8.57600003481,8.565760254859999,9.2636158764385,8.586990936597134,0.37179019668617364,0.04329691267072738,False
20260803T181855Z-86cfbe2a805d-rtx3080_topk_gate_release_v2,topk_gate.release.main.e4_t2,topk_gate,cuda_vector_pair_top2_v3,L2_operator_steady,warm,5,5,150,8.75519990921,8.821759819985001,20.741632580745,11.110468316077533,4.788029839944079,0.4309476165838576,False
20260803T181855Z-86cfbe2a805d-rtx3080_topk_gate_release_v2,topk_gate.release.main.e4_t2,topk_gate,cuda_warp_pair_top2_v1,L1_kernel_body,warm,5,5,150,8.87296020985,8.86784017086,9.518591761589,8.8591701110204,0.43214214135549806,0.0487790770399513,False
20260803T181855Z-86cfbe2a805d-rtx3080_topk_gate_release_v2,topk_gate.release.main.e4_t2,topk_gate,cuda_warp_pair_top2_v1,L2_operator_steady,warm,5,5,150,8.92416000366,8.84736001492,21.46406400206,11.2579925100016,5.163270097366666,0.4586315093725295,False
20260803T181855Z-86cfbe2a805d-rtx3080_topk_gate_release_v2,topk_gate.release.main.e4_t2048,topk_gate,cuda_local_pair_two_reduce_top2_v4,L1_kernel_body,warm,5,5,150,8.70400011539,8.678399920465,21.4630389214,11.146239988010999,5.11181528657661,0.4586134240851558,False
20260803T181855Z-86cfbe2a805d-rtx3080_topk_gate_release_v2,topk_gate.release.main.e4_t2048,topk_gate,cuda_local_pair_two_reduce_top2_v4,L2_operator_steady,warm,5,5,150,8.80127996206,8.7961602211,78.329856157265,22.378905566535067,27.60681603296941,1.2336088532520575,False
20260803T181855Z-86cfbe2a805d-rtx3080_topk_gate_release_v2,topk_gate.release.main.e4_t2048,topk_gate,cuda_naive,L1_kernel_body,warm,5,5,150,8.06400001049,8.053759932515,9.7438719570615,8.205038932959333,0.724040556240709,0.08824340288408203,True
20260803T181855Z-86cfbe2a805d-rtx3080_topk_gate_release_v2,topk_gate.release.main.e4_t2048,topk_gate,cuda_naive,L2_operator_steady,warm,5,5,150,8.77056002617,8.975359797475,20.744704604189998,11.044113047918065,4.872461063264341,0.4411817447108487,True
20260803T181855Z-86cfbe2a805d-rtx3080_topk_gate_release_v2,topk_gate.release.main.e4_t2048,topk_gate,cuda_subwarp_pair_top2_v2,L1_kernel_body,warm,5,5,150,8.81151974201,8.750079870225001,9.550336003306,8.7414101362234,0.5109735709780703,0.058454364114624305,False
20260803T181855Z-86cfbe2a805d-rtx3080_topk_gate_release_v2,topk_gate.release.main.e4_t2048,topk_gate,cuda_subwarp_pair_top2_v2,L2_operator_steady,warm,5,5,150,8.58111977577,8.76543998718,21.218303442,11.160371196271868,4.988809836711132,0.4470111028545044,False
20260803T181855Z-86cfbe2a805d-rtx3080_topk_gate_release_v2,topk_gate.release.main.e4_t2048,topk_gate,cuda_vector_pair_top2_v3,L1_kernel_body,warm,5,5,150,8.66304010153,8.62208008766,9.381375849246998,8.589994645118933,0.49236501731499926,0.057318431227983864,False
20260803T181855Z-86cfbe2a805d-rtx3080_topk_gate_release_v2,topk_gate.release.main.e4_t2048,topk_gate,cuda_vector_pair_top2_v3,L2_operator_steady,warm,5,5,150,8.83711993694,8.862720131875,9.478656053546,8.883199977875133,0.3289867448953787,0.037034711108020396,False
20260803T181855Z-86cfbe2a805d-rtx3080_topk_gate_release_v2,topk_gate.release.main.e4_t2048,topk_gate,cuda_warp_pair_top2_v1,L1_kernel_body,warm,5,5,150,9.66656029224,9.78944003582,12.018175721144999,9.933141334850601,0.7957434750881339,0.08010995195409673,False
20260803T181855Z-86cfbe2a805d-rtx3080_topk_gate_release_v2,topk_gate.release.main.e4_t2048,topk_gate,cuda_warp_pair_top2_v1,L2_operator_steady,warm,5,5,150,9.74848002195,9.927679896355,21.427713036545,12.164369110264866,4.661889909497594,0.38324140506092275,False
20260803T181855Z-86cfbe2a805d-rtx3080_topk_gate_release_v2,topk_gate.release.main.e4_t256,topk_gate,cuda_local_pair_two_reduce_top2_v4,L1_kernel_body,warm,5,5,150,8.58623981476,8.40703994036,9.0485760271585,8.319522138437067,0.5383768033878926,0.06471246718613022,False
20260803T181855Z-86cfbe2a805d-rtx3080_topk_gate_release_v2,topk_gate.release.main.e4_t256,topk_gate,cuda_local_pair_two_reduce_top2_v4,L2_operator_steady,warm,5,5,150,8.46336007118,8.524799942969999,9.2021760046485,8.464247469106935,0.5304019082898254,0.06266379973242775,False
20260803T181855Z-86cfbe2a805d-rtx3080_topk_gate_release_v2,topk_gate.release.main.e4_t256,topk_gate,cuda_naive,L1_kernel_body,warm,5,5,150,8.0895999074,8.23296010494,9.4571518898035,8.305254399776066,0.6398082940256088,0.07703656784346785,True
20260803T181855Z-86cfbe2a805d-rtx3080_topk_gate_release_v2,topk_gate.release.main.e4_t256,topk_gate,cuda_naive,L2_operator_steady,warm,5,5,150,8.2483202219,8.51967990398,20.260351300245,10.719573342801466,4.77089276588454,0.445063680551087,True
20260803T181855Z-86cfbe2a805d-rtx3080_topk_gate_release_v2,topk_gate.release.main.e4_t256,topk_gate,cuda_subwarp_pair_top2_v2,L1_kernel_body,warm,5,5,150,8.59648019075,8.565760254859999,9.279487997291998,8.527803730964933,0.4538115580028164,0.05321552562883233,False
20260803T181855Z-86cfbe2a805d-rtx3080_topk_gate_release_v2,topk_gate.release.main.e4_t256,topk_gate,cuda_subwarp_pair_top2_v2,L2_operator_steady,warm,5,5,150,8.03327977657,8.145920038225,9.095168113709498,8.189610640208,0.5346122270078326,0.0652793216301495,False
20260803T181855Z-86cfbe2a805d-rtx3080_topk_gate_release_v2,topk_gate.release.main.e4_t256,topk_gate,cuda_vector_pair_top2_v3,L1_kernel_body,warm,5,5,150,8.61696004868,8.611840009689999,31.887359619100003,13.2098048090936,9.270920381790567,0.7018211484403227,False
20260803T181855Z-86cfbe2a805d-rtx3080_topk_gate_release_v2,topk_gate.release.main.e4_t256,topk_gate,cuda_vector_pair_top2_v3,L2_operator_steady,warm,5,5,150,8.816639781,8.76543998718,9.417216181756,8.724616555372666,0.42328249170871857,0.0485158847981759,False
20260803T181855Z-86cfbe2a805d-rtx3080_topk_gate_release_v2,topk_gate.release.main.e4_t256,topk_gate,cuda_warp_pair_top2_v1,L1_kernel_body,warm,5,5,150,9.02656018734,9.0623998642,21.4026248455,11.471462384858,4.930557698155583,0.42981073665584063,False
20260803T181855Z-86cfbe2a805d-rtx3080_topk_gate_release_v2,topk_gate.release.main.e4_t256,topk_gate,cuda_warp_pair_top2_v1,L2_operator_steady,warm,5,5,150,8.97535979748,8.903679847715,9.529855847356,8.864563194910867,0.44225944253553956,0.049890720254489256,False
20260803T181855Z-86cfbe2a805d-rtx3080_topk_gate_release_v2,topk_gate.release.main.e4_t32,topk_gate,cuda_local_pair_two_reduce_top2_v4,L1_kernel_body,warm,5,5,150,8.37119996548,8.35583984852,21.115905046445,10.813030465444934,5.157870370096943,0.47700507148110655,False
20260803T181855Z-86cfbe2a805d-rtx3080_topk_gate_release_v2,topk_gate.release.main.e4_t32,topk_gate,cuda_local_pair_two_reduce_top2_v4,L2_operator_steady,warm,5,5,150,8.40191990137,8.38144004345,9.049600034950998,8.3875157276786,0.48237732190063703,0.057511346334505636,False
20260803T181855Z-86cfbe2a805d-rtx3080_topk_gate_release_v2,topk_gate.release.main.e4_t32,topk_gate,cuda_naive,L1_kernel_body,warm,5,5,150,8.13567996025,8.14079999924,9.179135829211498,8.234393608570134,0.5183139964493751,0.06294501102181076,True
20260803T181855Z-86cfbe2a805d-rtx3080_topk_gate_release_v2,topk_gate.release.main.e4_t32,topk_gate,cuda_naive,L2_operator_steady,warm,5,5,150,8.6374399066,8.78592014313,10.659327983849995,11.011208514373601,12.031084904764205,1.0926216581094887,True
20260803T181855Z-86cfbe2a805d-rtx3080_topk_gate_release_v2,topk_gate.release.main.e4_t32,topk_gate,cuda_subwarp_pair_top2_v2,L1_kernel_body,warm,5,5,150,8.67327988148,8.68351995945,21.071360707289998,11.1968938469892,4.962266956514522,0.4431824597362648,False
20260803T181855Z-86cfbe2a805d-rtx3080_topk_gate_release_v2,topk_gate.release.main.e4_t32,topk_gate,cuda_subwarp_pair_top2_v2,L2_operator_steady,warm,5,5,150,8.74495983124,8.698880076405,9.094144105912498,8.527462402979733,0.4779227511232611,0.05604513142810944,False
20260803T181855Z-86cfbe2a805d-rtx3080_topk_gate_release_v2,topk_gate.release.main.e4_t32,topk_gate,cuda_vector_pair_top2_v3,L1_kernel_body,warm,5,5,150,8.5811200738,8.704000115395,9.3240320682535,8.648226110141065,0.4020266918104278,0.04648660739096589,False
20260803T181855Z-86cfbe2a805d-rtx3080_topk_gate_release_v2,topk_gate.release.main.e4_t32,topk_gate,cuda_vector_pair_top2_v3,L2_operator_steady,warm,5,5,150,8.77056002617,8.80639970303,21.263871789,11.204949287574467,4.972417292124232,0.44376972751124427,False
20260803T181855Z-86cfbe2a805d-rtx3080_topk_gate_release_v2,topk_gate.release.main.e4_t32,topk_gate,cuda_warp_pair_top2_v1,L1_kernel_body,warm,5,5,150,8.98559987545,9.03168022633,9.7858560085305,9.089843225478933,0.564775763176778,0.06213261870058497,False
20260803T181855Z-86cfbe2a805d-rtx3080_topk_gate_release_v2,topk_gate.release.main.e4_t32,topk_gate,cuda_warp_pair_top2_v1,L2_operator_steady,warm,5,5,150,9.00095999241,8.965120017525,10.86668783429,9.032840502262268,0.7790287156068206,0.08624404642279619,False
20260803T181855Z-86cfbe2a805d-rtx3080_topk_gate_release_v2,topk_gate.release.main.e4_t4,topk_gate,cuda_local_pair_two_reduce_top2_v4,L1_kernel_body,warm,5,5,150,8.38144004345,8.412159979345,27.046911597274992,10.533000500996266,6.029529756617084,0.5724417990910358,False
20260803T181855Z-86cfbe2a805d-rtx3080_topk_gate_release_v2,topk_gate.release.main.e4_t4,topk_gate,cuda_local_pair_two_reduce_top2_v4,L2_operator_steady,warm,5,5,150,8.4582400322,8.56063991785,22.910976409889997,11.271918908754666,5.766047643197413,0.5115409088614933,False
20260803T181855Z-86cfbe2a805d-rtx3080_topk_gate_release_v2,topk_gate.release.main.e4_t4,topk_gate,cuda_naive,L1_kernel_body,warm,5,5,150,8.77056002617,8.801279962065,20.2649593353,10.847641611097934,4.664292024263402,0.4299821280499798,True
20260803T181855Z-86cfbe2a805d-rtx3080_topk_gate_release_v2,topk_gate.release.main.e4_t4,topk_gate,cuda_naive,L2_operator_steady,warm,5,5,150,8.55552017689,8.59135985374,20.291071534145,10.788454429307533,4.754417613363723,0.44069497113952116,True
20260803T181855Z-86cfbe2a805d-rtx3080_topk_gate_release_v2,topk_gate.release.main.e4_t4,topk_gate,cuda_subwarp_pair_top2_v2,L1_kernel_body,warm,5,5,150,8.60160022974,8.504320085045,9.305599927903,8.485410130024066,0.5282860658774139,0.06225816522505737,False
20260803T181855Z-86cfbe2a805d-rtx3080_topk_gate_release_v2,topk_gate.release.main.e4_t4,topk_gate,cuda_subwarp_pair_top2_v2,L2_operator_steady,warm,5,5,150,8.87807995081,8.872960209845001,31.5596795082,13.3255168080338,9.080721168491682,0.6814535825745249,False
20260803T181855Z-86cfbe2a805d-rtx3080_topk_gate_release_v2,topk_gate.release.main.e4_t4,topk_gate,cuda_vector_pair_top2_v3,L1_kernel_body,warm,5,5,150,8.56576025486,8.60159993172,9.53343987465,8.671505057811133,0.9754041142529956,0.1124838315552119,False
20260803T181855Z-86cfbe2a805d-rtx3080_topk_gate_release_v2,topk_gate.release.main.e4_t4,topk_gate,cuda_vector_pair_top2_v3,L2_operator_steady,warm,5,5,150,8.61184000969,8.519679903985,9.217023849487,8.533196763196933,0.665802991086372,0.0780250367550333,False
20260803T181855Z-86cfbe2a805d-rtx3080_topk_gate_release_v2,topk_gate.release.main.e4_t4,topk_gate,cuda_warp_pair_top2_v1,L1_kernel_body,warm,5,5,150,8.99583995342,9.016320109365001,58.28249478343499,15.610470418135868,13.901633356348217,0.8905326350830296,False
20260803T181855Z-86cfbe2a805d-rtx3080_topk_gate_release_v2,topk_gate.release.main.e4_t4,topk_gate,cuda_warp_pair_top2_v1,L2_operator_steady,warm,5,5,150,8.93440008163,8.944640159605001,9.66656029224,8.972561069329267,0.4050057364157332,0.045138253536123205,False
20260803T181855Z-86cfbe2a805d-rtx3080_topk_gate_release_v2,topk_gate.release.main.e4_t4096,topk_gate,cuda_local_pair_two_reduce_top2_v4,L1_kernel_body,warm,5,5,150,8.4582400322,8.391680121425,9.2113918066035,8.3670357306804,0.5060954981236772,0.06048683361873512,False
20260803T181855Z-86cfbe2a805d-rtx3080_topk_gate_release_v2,topk_gate.release.main.e4_t4096,topk_gate,cuda_local_pair_two_reduce_top2_v4,L2_operator_steady,warm,5,5,150,8.61184000969,8.64767998457,56.60006451606499,11.820509890715533,12.466197695445354,1.054624361444592,False
20260803T181855Z-86cfbe2a805d-rtx3080_topk_gate_release_v2,topk_gate.release.main.e4_t4096,topk_gate,cuda_naive,L1_kernel_body,warm,5,5,150,8.04863989353,8.19711983204,20.7928329706,10.5847466627768,5.0866291994592014,0.4805622053617272,True
20260803T181855Z-86cfbe2a805d-rtx3080_topk_gate_release_v2,topk_gate.release.main.e4_t4096,topk_gate,cuda_naive,L2_operator_steady,warm,5,5,150,8.28927993774,8.289279937745,20.6914561987,10.699844272932733,5.00683892940799,0.46793568221116355,True
20260803T181855Z-86cfbe2a805d-rtx3080_topk_gate_release_v2,topk_gate.release.main.e4_t4096,topk_gate,cuda_subwarp_pair_top2_v2,L1_kernel_body,warm,5,5,150,9.04703974724,9.077759981155,20.5163508654,11.305574337641133,4.6003905909816485,0.4069134794563213,False
20260803T181855Z-86cfbe2a805d-rtx3080_topk_gate_release_v2,topk_gate.release.main.e4_t4096,topk_gate,cuda_subwarp_pair_top2_v2,L2_operator_steady,warm,5,5,150,8.75007987022,8.862720131875,9.54367995262,8.807150940100733,0.5050747349555867,0.057348254661547776,False
20260803T181855Z-86cfbe2a805d-rtx3080_topk_gate_release_v2,topk_gate.release.main.e4_t4096,topk_gate,cuda_vector_pair_top2_v3,L1_kernel_body,warm,5,5,150,9.03679996729,9.062399864195001,21.5347194672,11.4321407715478,4.953984468681624,0.43333830187002703,False
20260803T181855Z-86cfbe2a805d-rtx3080_topk_gate_release_v2,topk_gate.release.main.e4_t4096,topk_gate,cuda_vector_pair_top2_v3,L2_operator_steady,warm,5,5,150,8.89855980873,8.85760009289,9.5129597187,8.81268051068,0.4268918120134724,0.04844063182548448,False
20260803T181855Z-86cfbe2a805d-rtx3080_topk_gate_release_v2,topk_gate.release.main.e4_t4096,topk_gate,cuda_warp_pair_top2_v1,L1_kernel_body,warm,5,5,150,9.31327998638,9.35935974121,10.692608356445,9.481762135028399,0.8814004087736889,0.09295744780577635,False
20260803T181855Z-86cfbe2a805d-rtx3080_topk_gate_release_v2,topk_gate.release.main.e4_t4096,topk_gate,cuda_warp_pair_top2_v1,L2_operator_steady,warm,5,5,150,9.39520001411,9.45151984692,22.619648098934977,11.804672002792065,4.925722765767786,0.417268922389605,False
20260803T181855Z-86cfbe2a805d-rtx3080_topk_gate_release_v2,topk_gate.release.main.e4_t512,topk_gate,cuda_local_pair_two_reduce_top2_v4,L1_kernel_body,warm,5,5,150,8.68863999844,8.80640000105,20.435456633544998,10.9892949541394,4.652937628916879,0.42340638306047385,False
20260803T181855Z-86cfbe2a805d-rtx3080_topk_gate_release_v2,topk_gate.release.main.e4_t512,topk_gate,cuda_local_pair_two_reduce_top2_v4,L2_operator_steady,warm,5,5,150,8.78080010414,8.88832002878,11.400191783889998,9.037755743662466,0.9447631482091062,0.10453514954435468,False
20260803T181855Z-86cfbe2a805d-rtx3080_topk_gate_release_v2,topk_gate.release.main.e4_t512,topk_gate,cuda_naive,L1_kernel_body,warm,5,5,150,8.1254401803,8.26368004084,20.4902410507,10.607820773125534,4.931718379624563,0.4649134336921362,True
20260803T181855Z-86cfbe2a805d-rtx3080_topk_gate_release_v2,topk_gate.release.main.e4_t512,topk_gate,cuda_naive,L2_operator_steady,warm,5,5,150,8.50432008505,8.739839792255,51.104255199435,16.675976554553667,14.022500913948827,0.840880344732779,True
20260803T181855Z-86cfbe2a805d-rtx3080_topk_gate_release_v2,topk_gate.release.main.e4_t512,topk_gate,cuda_subwarp_pair_top2_v2,L1_kernel_body,warm,5,5,150,8.62720012665,8.683519959449999,9.422847896811998,8.755404786269201,1.6717195052914688,0.19093571869037612,False
20260803T181855Z-86cfbe2a805d-rtx3080_topk_gate_release_v2,topk_gate.release.main.e4_t512,topk_gate,cuda_subwarp_pair_top2_v2,L2_operator_steady,warm,5,5,150,8.57087999582,8.67327988148,20.7631367445,11.0879402756694,4.866824120443751,0.438929503536664,False
20260803T181855Z-86cfbe2a805d-rtx3080_topk_gate_release_v2,topk_gate.release.main.e4_t512,topk_gate,cuda_vector_pair_top2_v3,L1_kernel_body,warm,5,5,150,8.76543998718,8.72448027134,9.22623991966,8.678536534309666,0.36332568265671217,0.04186485604114737,False
20260803T181855Z-86cfbe2a805d-rtx3080_topk_gate_release_v2,topk_gate.release.main.e4_t512,topk_gate,cuda_vector_pair_top2_v3,L2_operator_steady,warm,5,5,150,8.68863999844,8.698880076405,20.6028795242,10.843955206872,4.855429622538281,0.44775448901350245,False
20260803T181855Z-86cfbe2a805d-rtx3080_topk_gate_release_v2,topk_gate.release.main.e4_t512,topk_gate,cuda_warp_pair_top2_v1,L1_kernel_body,warm,5,5,150,8.83199989796,8.84736001492,10.189824104300001,9.179886953035266,2.0262800755255563,0.22073039525346014,False
20260803T181855Z-86cfbe2a805d-rtx3080_topk_gate_release_v2,topk_gate.release.main.e4_t512,topk_gate,cuda_warp_pair_top2_v1,L2_operator_steady,warm,5,5,150,9.0623998642,9.08288002014,31.4936310053,13.407505055268732,8.989013684149663,0.6704464139371896,False
20260803T181855Z-86cfbe2a805d-rtx3080_topk_gate_release_v2,topk_gate.release.main.e4_t64,topk_gate,cuda_local_pair_two_reduce_top2_v4,L1_kernel_body,warm,5,5,150,8.62720012665,8.688639998435,21.080576777445,11.054762681324934,4.995690177941498,0.4519038826930977,False
20260803T181855Z-86cfbe2a805d-rtx3080_topk_gate_release_v2,topk_gate.release.main.e4_t64,topk_gate,cuda_local_pair_two_reduce_top2_v4,L2_operator_steady,warm,5,5,150,8.49408000708,8.62208008766,30.22495913504995,12.8317247986784,8.102511323271763,0.6314436640743947,False
20260803T181855Z-86cfbe2a805d-rtx3080_topk_gate_release_v2,topk_gate.release.main.e4_t64,topk_gate,cuda_naive,L1_kernel_body,warm,5,5,150,8.73471975327,8.82687985897,20.4492807388,10.85678932667,4.815856274249133,0.4435801533349137,True
20260803T181855Z-86cfbe2a805d-rtx3080_topk_gate_release_v2,topk_gate.release.main.e4_t64,topk_gate,cuda_naive,L2_operator_steady,warm,5,5,150,8.49920004606,8.64256024361,20.526590943345,10.834466119609132,4.8686056959135104,0.44936276897870364,True
20260803T181855Z-86cfbe2a805d-rtx3080_topk_gate_release_v2,topk_gate.release.main.e4_t64,topk_gate,cuda_subwarp_pair_top2_v2,L1_kernel_body,warm,5,5,150,8.62720012665,8.63232016563,9.297408133744998,8.590199454625534,0.4262342504992984,0.049618667500180756,False
20260803T181855Z-86cfbe2a805d-rtx3080_topk_gate_release_v2,topk_gate.release.main.e4_t64,topk_gate,cuda_subwarp_pair_top2_v2,L2_operator_steady,warm,5,5,150,8.59136015177,8.69376003742,23.4096634388,11.509486909707201,5.905990275919361,0.5131410567866581,False
20260803T181855Z-86cfbe2a805d-rtx3080_topk_gate_release_v2,topk_gate.release.main.e4_t64,topk_gate,cuda_vector_pair_top2_v3,L1_kernel_body,warm,5,5,150,8.77056002617,8.98047983646,31.776767849935,13.3649749437966,9.081401490950748,0.6794925938238225,False
20260803T181855Z-86cfbe2a805d-rtx3080_topk_gate_release_v2,topk_gate.release.main.e4_t64,topk_gate,cuda_vector_pair_top2_v3,L2_operator_steady,warm,5,5,150,8.39679986238,8.41727972031,9.1397118568435,8.481723713875134,0.3810941349899024,0.04493121302294672,False
20260803T181855Z-86cfbe2a805d-rtx3080_topk_gate_release_v2,topk_gate.release.main.e4_t64,topk_gate,cuda_warp_pair_top2_v1,L1_kernel_body,warm,5,5,150,8.99071991444,8.87376010418,10.55590385199,8.9518975853904,0.7326145037342053,0.08183901756537526,False
20260803T181855Z-86cfbe2a805d-rtx3080_topk_gate_release_v2,topk_gate.release.main.e4_t64,topk_gate,cuda_warp_pair_top2_v1,L2_operator_steady,warm,5,5,150,8.98559987545,9.00095999241,11.512831985934998,9.2541610638302,0.9128146082146896,0.09863828843247789,False
20260803T181855Z-86cfbe2a805d-rtx3080_topk_gate_release_v2,topk_gate.release.main.e4_t8,topk_gate,cuda_local_pair_two_reduce_top2_v4,L1_kernel_body,warm,5,5,150,8.33536028862,8.35583984852,9.10336017609,8.382737072309402,0.5010622962890442,0.059773113717737546,False
20260803T181855Z-86cfbe2a805d-rtx3080_topk_gate_release_v2,topk_gate.release.main.e4_t8,topk_gate,cuda_local_pair_two_reduce_top2_v4,L2_operator_steady,warm,5,5,150,8.47872018814,8.47872018814,9.098752140999,8.500428807735267,0.38579472364400014,0.04538532494889347,False
20260803T181855Z-86cfbe2a805d-rtx3080_topk_gate_release_v2,topk_gate.release.main.e4_t8,topk_gate,cuda_naive,L1_kernel_body,warm,5,5,150,8.12543988228,8.176639974115,9.14431989193,8.191453870137734,0.6347377417044403,0.07748780030592636,True
20260803T181855Z-86cfbe2a805d-rtx3080_topk_gate_release_v2,topk_gate.release.main.e4_t8,topk_gate,cuda_naive,L2_operator_steady,warm,5,5,150,7.96160012484,8.32512021065,27.07148778437,11.4647040208182,7.083184325243308,0.6178253108306413,True
20260803T181855Z-86cfbe2a805d-rtx3080_topk_gate_release_v2,topk_gate.release.main.e4_t8,topk_gate,cuda_subwarp_pair_top2_v2,L1_kernel_body,warm,5,5,150,8.50943982601,8.64255994558,20.8542710543,10.969088006019533,4.938494174170181,0.4502192134350706,False
20260803T181855Z-86cfbe2a805d-rtx3080_topk_gate_release_v2,topk_gate.release.main.e4_t8,topk_gate,cuda_subwarp_pair_top2_v2,L2_operator_steady,warm,5,5,150,8.59135985374,8.56064021587,9.2840960323785,8.576819185416134,0.4231887991025394,0.049340995764737806,False
20260803T181855Z-86cfbe2a805d-rtx3080_topk_gate_release_v2,topk_gate.release.main.e4_t8,topk_gate,cuda_vector_pair_top2_v3,L1_kernel_body,warm,5,5,150,8.32000017166,8.45311999321,47.400447845445,15.857322784262665,15.281146392101633,0.9636649641304615,False
20260803T181855Z-86cfbe2a805d-rtx3080_topk_gate_release_v2,topk_gate.release.main.e4_t8,topk_gate,cuda_vector_pair_top2_v3,L2_operator_steady,warm,5,5,150,8.25343996286,8.166400194165,9.058815836906,8.289689608415067,1.7560094274070737,0.21183054014766795,False
20260803T181855Z-86cfbe2a805d-rtx3080_topk_gate_release_v2,topk_gate.release.main.e4_t8,topk_gate,cuda_warp_pair_top2_v1,L1_kernel_body,warm,5,5,150,8.93440008163,9.016320109365001,20.818943858135,11.511193601287134,4.687472516414951,0.40720994527368715,False
20260803T181855Z-86cfbe2a805d-rtx3080_topk_gate_release_v2,topk_gate.release.main.e4_t8,topk_gate,cuda_warp_pair_top2_v1,L2_operator_steady,warm,5,5,150,9.03679996729,9.05727982521,21.7292809486,11.5083946307502,5.014638810783548,0.4357374743984303,False
20260803T181855Z-86cfbe2a805d-rtx3080_topk_gate_release_v2,topk_gate.release.main.e63_t1,topk_gate,cuda_local_pair_two_reduce_top2_v4,L1_kernel_body,warm,5,5,150,8.11008006334,8.16128015518,8.881151944398999,8.167901861667467,0.42384222276614925,0.051891199226483165,False
20260803T181855Z-86cfbe2a805d-rtx3080_topk_gate_release_v2,topk_gate.release.main.e63_t1,topk_gate,cuda_local_pair_two_reduce_top2_v4,L2_operator_steady,warm,5,5,150,8.28416019678,8.30976009369,9.242623984813498,8.3951615969338,0.5589240328375473,0.06657692367013941,False
20260803T181855Z-86cfbe2a805d-rtx3080_topk_gate_release_v2,topk_gate.release.main.e63_t1,topk_gate,cuda_naive,L1_kernel_body,warm,5,5,150,9.73311990499,9.79968011379,11.1365121603,9.8869930783868,0.6949077678845439,0.07028504646206628,True
20260803T181855Z-86cfbe2a805d-rtx3080_topk_gate_release_v2,topk_gate.release.main.e63_t1,topk_gate,cuda_naive,L2_operator_steady,warm,5,5,150,10.4960000515,10.5472004414,22.8817921877,12.766754134494933,4.983603116515146,0.3903578829837239,True
20260803T181855Z-86cfbe2a805d-rtx3080_topk_gate_release_v2,topk_gate.release.main.e63_t1,topk_gate,cuda_subwarp_pair_top2_v2,L1_kernel_body,warm,5,5,150,8.15615981817,8.29952001572,32.9318404198,13.103923261165534,9.861294728144482,0.7525452134910752,False
20260803T181855Z-86cfbe2a805d-rtx3080_topk_gate_release_v2,topk_gate.release.main.e63_t1,topk_gate,cuda_subwarp_pair_top2_v2,L2_operator_steady,warm,5,5,150,8.19200009108,8.37119996548,21.167103052145002,10.9116756558422,5.163796928947073,0.47323592560986116,False
20260803T181855Z-86cfbe2a805d-rtx3080_topk_gate_release_v2,topk_gate.release.main.e63_t1,topk_gate,cuda_vector_pair_top2_v3,L1_kernel_body,warm,5,5,150,8.34560006857,8.596479892729999,10.297855734845,8.6446762323376,0.7482474374671788,0.08655586598699554,False
20260803T181855Z-86cfbe2a805d-rtx3080_topk_gate_release_v2,topk_gate.release.main.e63_t1,topk_gate,cuda_vector_pair_top2_v3,L2_operator_steady,warm,5,5,150,8.19200009108,8.19199979305,9.114111930127498,8.240059741337934,0.4749328647340545,0.05763706570614498,False
20260803T181855Z-86cfbe2a805d-rtx3080_topk_gate_release_v2,topk_gate.release.main.e63_t1,topk_gate,cuda_warp_pair_top2_v1,L1_kernel_body,warm,5,5,150,8.25343996286,8.26367974281,21.5096312761,10.850986651577868,5.331610907670882,0.4913480293421612,False
20260803T181855Z-86cfbe2a805d-rtx3080_topk_gate_release_v2,topk_gate.release.main.e63_t1,topk_gate,cuda_warp_pair_top2_v1,L2_operator_steady,warm,5,5,150,8.04863989353,8.18175971508,10.017792016289988,8.325734392803334,0.7341608323370411,0.08817970856380442,False
20260803T181855Z-86cfbe2a805d-rtx3080_topk_gate_release_v2,topk_gate.release.main.e63_t1024,topk_gate,cuda_local_pair_two_reduce_top2_v4,L1_kernel_body,warm,5,5,150,9.97375994921,9.937919974325,31.733759522415,11.868091770012667,6.507886234605669,0.5483515261526094,False
20260803T181855Z-86cfbe2a805d-rtx3080_topk_gate_release_v2,topk_gate.release.main.e63_t1024,topk_gate,cuda_local_pair_two_reduce_top2_v4,L2_operator_steady,warm,5,5,150,9.74335998297,9.579520225525,60.76159882546,14.5924778262782,15.664154083558653,1.0734403211050678,False
20260803T181855Z-86cfbe2a805d-rtx3080_topk_gate_release_v2,topk_gate.release.main.e63_t1024,topk_gate,cuda_naive,L1_kernel_body,warm,5,5,150,11.560959816,11.571199894,18.8518404961,12.533350404101933,3.0122044305388056,0.2403351325398967,True
20260803T181855Z-86cfbe2a805d-rtx3080_topk_gate_release_v2,topk_gate.release.main.e63_t1024,topk_gate,cuda_naive,L2_operator_steady,warm,5,5,150,10.9260797501,11.08991980555,18.07699179651,11.7394880294822,2.7404366150512387,0.2334374896221188,True
20260803T181855Z-86cfbe2a805d-rtx3080_topk_gate_release_v2,topk_gate.release.main.e63_t1024,topk_gate,cuda_subwarp_pair_top2_v2,L1_kernel_body,warm,5,5,150,10.2553600073,10.199040174499999,21.996544599544997,12.385007003939199,4.779510722899595,0.38591102301188973,False
20260803T181855Z-86cfbe2a805d-rtx3080_topk_gate_release_v2,topk_gate.release.main.e63_t1024,topk_gate,cuda_subwarp_pair_top2_v2,L2_operator_steady,warm,5,5,150,9.69727993011,9.72800016403,10.588160097614995,9.730662409463733,0.49611851322565437,0.05098507093855659,False
20260803T181855Z-86cfbe2a805d-rtx3080_topk_gate_release_v2,topk_gate.release.main.e63_t1024,topk_gate,cuda_vector_pair_top2_v3,L1_kernel_body,warm,5,5,150,9.88672018051,9.97376024723,23.4460157156,12.5101397554086,5.387659273708322,0.4306633961766123,False
20260803T181855Z-86cfbe2a805d-rtx3080_topk_gate_release_v2,topk_gate.release.main.e63_t1024,topk_gate,cuda_vector_pair_top2_v3,L2_operator_steady,warm,5,5,150,9.75359976292,9.692159891125,22.6211845875,11.9599786520014,5.351935673595062,0.4474870590759341,False
20260803T181855Z-86cfbe2a805d-rtx3080_topk_gate_release_v2,topk_gate.release.main.e63_t1024,topk_gate,cuda_warp_pair_top2_v1,L1_kernel_body,warm,5,5,150,9.50271993876,9.2774400115,10.436607599245,9.1815253178268,0.8202561094902028,0.08933767332728451,False
20260803T181855Z-86cfbe2a805d-rtx3080_topk_gate_release_v2,topk_gate.release.main.e63_t1024,topk_gate,cuda_warp_pair_top2_v1,L2_operator_steady,warm,5,5,150,9.83551979065,9.63584005833,10.7883518934,9.511731211344532,0.8213500881102577,0.08635127190417691,False
20260803T181855Z-86cfbe2a805d-rtx3080_topk_gate_release_v2,topk_gate.release.main.e63_t128,topk_gate,cuda_local_pair_two_reduce_top2_v4,L1_kernel_body,warm,5,5,150,8.54528009892,8.50943982601,9.62559998035,8.6235135873158,0.5430612410459174,0.06297447502659452,False
20260803T181855Z-86cfbe2a805d-rtx3080_topk_gate_release_v2,topk_gate.release.main.e63_t128,topk_gate,cuda_local_pair_two_reduce_top2_v4,L2_operator_steady,warm,5,5,150,8.43264013529,8.52991998196,21.777920007735,11.0552405516296,5.336453640044835,0.48270805281195023,False
20260803T181855Z-86cfbe2a805d-rtx3080_topk_gate_release_v2,topk_gate.release.main.e63_t128,topk_gate,cuda_naive,L1_kernel_body,warm,5,5,150,9.41056013107,9.466879963875,20.758528709445,11.411456036568667,4.303946485499803,0.37716015131702374,True
20260803T181855Z-86cfbe2a805d-rtx3080_topk_gate_release_v2,topk_gate.release.main.e63_t128,topk_gate,cuda_naive,L2_operator_steady,warm,5,5,150,9.36448007822,9.43104028702,19.90400016309,11.149926424026267,3.849547384875476,0.3452531647724896,True
20260803T181855Z-86cfbe2a805d-rtx3080_topk_gate_release_v2,topk_gate.release.main.e63_t128,topk_gate,cuda_subwarp_pair_top2_v2,L1_kernel_body,warm,5,5,150,8.43264013529,8.52991998196,33.481215834645,13.407163723310466,9.97094640011862,0.7437028894323532,False
20260803T181855Z-86cfbe2a805d-rtx3080_topk_gate_release_v2,topk_gate.release.main.e63_t128,topk_gate,cuda_subwarp_pair_top2_v2,L2_operator_steady,warm,5,5,150,8.48895996809,8.714240193365,21.560831666,11.537134925524333,5.130702064662174,0.4447119755279274,False
20260803T181855Z-86cfbe2a805d-rtx3080_topk_gate_release_v2,topk_gate.release.main.e63_t128,topk_gate,cuda_vector_pair_top2_v3,L1_kernel_body,warm,5,5,150,8.34560006857,8.34559977055,9.2032000124455,8.3864917278294,0.4331903266613369,0.051653342150670155,False
20260803T181855Z-86cfbe2a805d-rtx3080_topk_gate_release_v2,topk_gate.release.main.e63_t128,topk_gate,cuda_vector_pair_top2_v3,L2_operator_steady,warm,5,5,150,8.27391982079,8.401919901375,10.3889924288,8.651434679825734,0.8292973206863705,0.0958566239447207,False
20260803T181855Z-86cfbe2a805d-rtx3080_topk_gate_release_v2,topk_gate.release.main.e63_t128,topk_gate,cuda_warp_pair_top2_v1,L1_kernel_body,warm,5,5,150,8.27903985977,8.320000171665,9.14431989193,8.367172261079332,0.5093555179380272,0.06087546688949396,False
20260803T181855Z-86cfbe2a805d-rtx3080_topk_gate_release_v2,topk_gate.release.main.e63_t128,topk_gate,cuda_warp_pair_top2_v1,L2_operator_steady,warm,5,5,150,8.37119996548,8.37632000446,9.065983831881997,8.396526940663799,0.4436618021431381,0.05283872787860832,False
20260803T181855Z-86cfbe2a805d-rtx3080_topk_gate_release_v2,topk_gate.release.main.e63_t16,topk_gate,cuda_local_pair_two_reduce_top2_v4,L1_kernel_body,warm,5,5,150,8.48896026611,8.58111977577,22.1342712641,11.183786614736533,5.456063901801655,0.4878547928134078,False
20260803T181855Z-86cfbe2a805d-rtx3080_topk_gate_release_v2,topk_gate.release.main.e63_t16,topk_gate,cuda_local_pair_two_reduce_top2_v4,L2_operator_steady,warm,5,5,150,8.37119996548,8.39680016041,9.172480106353,8.403080523014333,0.41999280576355436,0.04998081413277895,False
20260803T181855Z-86cfbe2a805d-rtx3080_topk_gate_release_v2,topk_gate.release.main.e63_t16,topk_gate,cuda_naive,L1_kernel_body,warm,5,5,150,9.21088010073,9.200640022755,9.880063802008,9.200435217221933,0.4098929804347509,0.04455147726788928,True
20260803T181855Z-86cfbe2a805d-rtx3080_topk_gate_release_v2,topk_gate.release.main.e63_t16,topk_gate,cuda_naive,L2_operator_steady,warm,5,5,150,9.26207989454,9.343999922275,30.303232550604996,13.1274751544012,7.8664080542198604,0.5992323704061644,True
20260803T181855Z-86cfbe2a805d-rtx3080_topk_gate_release_v2,topk_gate.release.main.e63_t16,topk_gate,cuda_subwarp_pair_top2_v2,L1_kernel_body,warm,5,5,150,8.71424019337,8.6630398035,38.88640046119001,14.200285840035734,11.352062367453984,0.7994249197046739,False
20260803T181855Z-86cfbe2a805d-rtx3080_topk_gate_release_v2,topk_gate.release.main.e63_t16,topk_gate,cuda_subwarp_pair_top2_v2,L2_operator_steady,warm,5,5,150,8.3916798234,8.483840227125,10.548224449145,8.701474146048135,0.8475743076536981,0.09740582956723866,False
20260803T181855Z-86cfbe2a805d-rtx3080_topk_gate_release_v2,topk_gate.release.main.e63_t16,topk_gate,cuda_vector_pair_top2_v3,L1_kernel_body,warm,5,5,150,8.29439997673,8.422399759295,21.243391633,10.958711449306,5.108023638001152,0.4661153513923971,False
20260803T181855Z-86cfbe2a805d-rtx3080_topk_gate_release_v2,topk_gate.release.main.e63_t16,topk_gate,cuda_vector_pair_top2_v3,L2_operator_steady,warm,5,5,150,8.34559977055,8.49919974804,71.20383834843499,17.624951430163268,20.459010307078717,1.1607981098923912,False
20260803T181855Z-86cfbe2a805d-rtx3080_topk_gate_release_v2,topk_gate.release.main.e63_t16,topk_gate,cuda_warp_pair_top2_v1,L1_kernel_body,warm,5,5,150,8.77568006516,8.586240112785,11.063296139235,8.881971200306934,1.0362736410738393,0.11667158310961748,False
20260803T181855Z-86cfbe2a805d-rtx3080_topk_gate_release_v2,topk_gate.release.main.e63_t16,topk_gate,cuda_warp_pair_top2_v1,L2_operator_steady,warm,5,5,150,8.38656008244,8.473600149155,10.333184003845,8.639556264877,0.7969374753129715,0.09224287114754007,False
20260803T181855Z-86cfbe2a805d-rtx3080_topk_gate_release_v2,topk_gate.release.main.e63_t2,topk_gate,cuda_local_pair_two_reduce_top2_v4,L1_kernel_body,warm,5,5,150,8.32512021065,8.30976009369,9.146367907519497,8.330990942319135,0.46547209046180077,0.055872355843928606,False
20260803T181855Z-86cfbe2a805d-rtx3080_topk_gate_release_v2,topk_gate.release.main.e63_t2,topk_gate,cuda_local_pair_two_reduce_top2_v4,L2_operator_steady,warm,5,5,150,8.33023995161,8.57600003481,21.929472088799997,11.150813841819266,5.4189514721509076,0.4859691453038194,False
20260803T181855Z-86cfbe2a805d-rtx3080_topk_gate_release_v2,topk_gate.release.main.e63_t2,topk_gate,cuda_naive,L1_kernel_body,warm,5,5,150,10.1836800575,10.1478397846,11.03513592479,10.117393076418132,0.5790361229727152,0.05723175116348369,True
20260803T181855Z-86cfbe2a805d-rtx3080_topk_gate_release_v2,topk_gate.release.main.e63_t2,topk_gate,cuda_naive,L2_operator_steady,warm,5,5,150,9.80991989374,9.93279993534,34.366463422799995,14.506052251656401,9.477855268795304,0.6533724754585147,True
20260803T181855Z-86cfbe2a805d-rtx3080_topk_gate_release_v2,topk_gate.release.main.e63_t2,topk_gate,cuda_subwarp_pair_top2_v2,L1_kernel_body,warm,5,5,150,8.72880011797,8.68351995945,9.6040319800415,8.750404230753935,0.5600534810597756,0.06400315531611976,False
20260803T181855Z-86cfbe2a805d-rtx3080_topk_gate_release_v2,topk_gate.release.main.e63_t2,topk_gate,cuda_subwarp_pair_top2_v2,L2_operator_steady,warm,5,5,150,8.44287991524,8.535040020945,21.929472088799997,11.117567996184667,5.3810034422537445,0.4840090426341805,False
20260803T181855Z-86cfbe2a805d-rtx3080_topk_gate_release_v2,topk_gate.release.main.e63_t2,topk_gate,cuda_vector_pair_top2_v3,L1_kernel_body,warm,5,5,150,8.18688005209,8.227840065955,9.0065920352935,8.224290140470133,0.5096472578297221,0.061968540643021215,False
20260803T181855Z-86cfbe2a805d-rtx3080_topk_gate_release_v2,topk_gate.release.main.e63_t2,topk_gate,cuda_vector_pair_top2_v3,L2_operator_steady,warm,5,5,150,8.3609598875,8.340480029585,9.271295934917,8.377343988417866,0.5062811126220668,0.06043456175633088,False
20260803T181855Z-86cfbe2a805d-rtx3080_topk_gate_release_v2,topk_gate.release.main.e63_t2,topk_gate,cuda_warp_pair_top2_v1,L1_kernel_body,warm,5,5,150,8.61696004868,8.62208008766,10.340864062289999,8.738201582432,0.7977013161260533,0.0912889578708985,False
20260803T181855Z-86cfbe2a805d-rtx3080_topk_gate_release_v2,topk_gate.release.main.e63_t2,topk_gate,cuda_warp_pair_top2_v1,L2_operator_steady,warm,5,5,150,8.39679986238,8.581120073794999,22.071295857425,11.290828804174199,5.428452175971354,0.480784207264259,False
20260803T181855Z-86cfbe2a805d-rtx3080_topk_gate_release_v2,topk_gate.release.main.e63_t2048,topk_gate,cuda_local_pair_two_reduce_top2_v4,L1_kernel_body,warm,5,5,150,9.29279983044,9.384959936145,11.630591690524998,9.617476276558,0.9140799042203177,0.09504363493449218,False
20260803T181855Z-86cfbe2a805d-rtx3080_topk_gate_release_v2,topk_gate.release.main.e63_t2048,topk_gate,cuda_local_pair_two_reduce_top2_v4,L2_operator_steady,warm,5,5,150,9.36960011721,9.60511982441,23.127551674845,12.165393094221335,5.255094937468817,0.4319708287901549,False
20260803T181855Z-86cfbe2a805d-rtx3080_topk_gate_release_v2,topk_gate.release.main.e63_t2048,topk_gate,cuda_naive,L1_kernel_body,warm,5,5,150,11.2998396158,11.4175999165,12.757503926734998,11.532288018864666,0.8035140160554067,0.06967516027530773,True
20260803T181855Z-86cfbe2a805d-rtx3080_topk_gate_release_v2,topk_gate.release.main.e63_t2048,topk_gate,cuda_naive,L2_operator_steady,warm,5,5,150,11.0745596886,11.0131204128,13.522432446499998,11.069781335193934,1.1446203638018067,0.10340044930813024,True
20260803T181855Z-86cfbe2a805d-rtx3080_topk_gate_release_v2,topk_gate.release.main.e63_t2048,topk_gate,cuda_subwarp_pair_top2_v2,L1_kernel_body,warm,5,5,150,9.5129597187,9.51807975769,23.763455748545,12.243285314244,5.6690593071370605,0.4630341580410286,False
20260803T181855Z-86cfbe2a805d-rtx3080_topk_gate_release_v2,topk_gate.release.main.e63_t2048,topk_gate,cuda_subwarp_pair_top2_v2,L2_operator_steady,warm,5,5,150,10.332159996,10.2400004864,25.457664728144998,12.990737128256866,6.015897386799319,0.46309130324204695,False
20260803T181855Z-86cfbe2a805d-rtx3080_topk_gate_release_v2,topk_gate.release.main.e63_t2048,topk_gate,cuda_vector_pair_top2_v3,L1_kernel_body,warm,5,5,150,9.44128006697,9.774079918865,22.6565128565,12.182937614119467,5.10047395003082,0.4186571508106226,False
20260803T181855Z-86cfbe2a805d-rtx3080_topk_gate_release_v2,topk_gate.release.main.e63_t2048,topk_gate,cuda_vector_pair_top2_v3,L2_operator_steady,warm,5,5,150,9.58464026451,9.76383984089,23.066111207,12.364458632469868,5.436910192144128,0.439720844539562,False
20260803T181855Z-86cfbe2a805d-rtx3080_topk_gate_release_v2,topk_gate.release.main.e63_t2048,topk_gate,cuda_warp_pair_top2_v1,L1_kernel_body,warm,5,5,150,9.42080020905,9.39007997513,10.7622396946,9.4737749497096,0.7573214408605063,0.07993871976911596,False
20260803T181855Z-86cfbe2a805d-rtx3080_topk_gate_release_v2,topk_gate.release.main.e63_t2048,topk_gate,cuda_warp_pair_top2_v1,L2_operator_steady,warm,5,5,150,9.69727993011,9.753599762915,23.3779191971,12.216729545592134,5.227358794270161,0.4278852842540189,False
20260803T181855Z-86cfbe2a805d-rtx3080_topk_gate_release_v2,topk_gate.release.main.e63_t256,topk_gate,cuda_local_pair_two_reduce_top2_v4,L1_kernel_body,warm,5,5,150,8.38144004345,8.524799942969999,21.950976252545,11.446135445437868,6.634783828341843,0.5796527448036005,False
20260803T181855Z-86cfbe2a805d-rtx3080_topk_gate_release_v2,topk_gate.release.main.e63_t256,topk_gate,cuda_local_pair_two_reduce_top2_v4,L2_operator_steady,warm,5,5,150,8.49920004606,8.64255994558,21.3299202919,11.118523712952866,5.111168236545194,0.4596984607399615,False
20260803T181855Z-86cfbe2a805d-rtx3080_topk_gate_release_v2,topk_gate.release.main.e63_t256,topk_gate,cuda_naive,L1_kernel_body,warm,5,5,150,9.95328009129,9.758720099925,37.549055933954946,13.246327471731801,11.06011021143855,0.8349567255559153,True
20260803T181855Z-86cfbe2a805d-rtx3080_topk_gate_release_v2,topk_gate.release.main.e63_t256,topk_gate,cuda_naive,L2_operator_steady,warm,5,5,150,9.85087990761,9.83039975166,11.2389117479,9.926724247136066,0.762456798828973,0.07680849994890786,True
20260803T181855Z-86cfbe2a805d-rtx3080_topk_gate_release_v2,topk_gate.release.main.e63_t256,topk_gate,cuda_subwarp_pair_top2_v2,L1_kernel_body,warm,5,5,150,8.54528009892,8.657920062545,22.07283186909,11.671347236633732,5.6523544835791135,0.48429323273303404,False
20260803T181855Z-86cfbe2a805d-rtx3080_topk_gate_release_v2,topk_gate.release.main.e63_t256,topk_gate,cuda_subwarp_pair_top2_v2,L2_operator_steady,warm,5,5,150,8.82687985897,8.811520040035,21.9397121668,11.389064498743933,5.262362763834996,0.46205399613070647,False
20260803T181855Z-86cfbe2a805d-rtx3080_topk_gate_release_v2,topk_gate.release.main.e63_t256,topk_gate,cuda_vector_pair_top2_v3,L1_kernel_body,warm,5,5,150,8.41215997934,8.391680121425,9.826304197311494,8.5009066780418,0.6830731666673446,0.08035297792784285,False
20260803T181855Z-86cfbe2a805d-rtx3080_topk_gate_release_v2,topk_gate.release.main.e63_t256,topk_gate,cuda_vector_pair_top2_v3,L2_operator_steady,warm,5,5,150,8.42240005732,8.57600003481,70.67187237739,20.604245388507,24.103546482298842,1.1698339845895906,False
20260803T181855Z-86cfbe2a805d-rtx3080_topk_gate_release_v2,topk_gate.release.main.e63_t256,topk_gate,cuda_warp_pair_top2_v1,L1_kernel_body,warm,5,5,150,8.80640000105,8.64256024361,21.693440675734998,9.732027721407,3.526778645106236,0.3623888819540225,False
20260803T181855Z-86cfbe2a805d-rtx3080_topk_gate_release_v2,topk_gate.release.main.e63_t256,topk_gate,cuda_warp_pair_top2_v1,L2_operator_steady,warm,5,5,150,8.44287991524,8.44799995422,9.8073598444455,8.5591381589568,0.752987901154475,0.0879747338073405,False
20260803T181855Z-86cfbe2a805d-rtx3080_topk_gate_release_v2,topk_gate.release.main.e63_t32,topk_gate,cuda_local_pair_two_reduce_top2_v4,L1_kernel_body,warm,5,5,150,8.45311999321,8.57087999582,32.886272072800004,13.308723159629933,9.783636812865717,0.7351296360677897,False
20260803T181855Z-86cfbe2a805d-rtx3080_topk_gate_release_v2,topk_gate.release.main.e63_t32,topk_gate,cuda_local_pair_two_reduce_top2_v4,L2_operator_steady,warm,5,5,150,8.64767998457,8.637439906595,52.946430921559994,16.062941904862,15.950115267219799,0.9929759667743023,False
20260803T181855Z-86cfbe2a805d-rtx3080_topk_gate_release_v2,topk_gate.release.main.e63_t32,topk_gate,cuda_naive,L1_kernel_body,warm,5,5,150,9.42079991102,9.44127976894,24.9297910929,11.877853858469933,5.335616337044321,0.44920710429852334,True
20260803T181855Z-86cfbe2a805d-rtx3080_topk_gate_release_v2,topk_gate.release.main.e63_t32,topk_gate,cuda_naive,L2_operator_steady,warm,5,5,150,9.4003200531,9.36959981918,10.528768301044998,9.4414165337876,0.5645698580689132,0.059797156078064226,True
20260803T181855Z-86cfbe2a805d-rtx3080_topk_gate_release_v2,topk_gate.release.main.e63_t32,topk_gate,cuda_subwarp_pair_top2_v2,L1_kernel_body,warm,5,5,150,8.54016005993,8.668159842489999,27.91628742218996,12.467950892445934,8.415346824631731,0.6749582908391475,False
20260803T181855Z-86cfbe2a805d-rtx3080_topk_gate_release_v2,topk_gate.release.main.e63_t32,topk_gate,cuda_subwarp_pair_top2_v2,L2_operator_steady,warm,5,5,150,8.43264013529,8.71935993433,22.402559995635,11.428044831752333,5.508074000524205,0.48197868328449833,False
20260803T181855Z-86cfbe2a805d-rtx3080_topk_gate_release_v2,topk_gate.release.main.e63_t32,topk_gate,cuda_vector_pair_top2_v3,L1_kernel_body,warm,5,5,150,8.37632000446,8.38656008244,9.135103821752498,8.415709857146334,0.5195112269627417,0.061731123788873306,False
20260803T181855Z-86cfbe2a805d-rtx3080_topk_gate_release_v2,topk_gate.release.main.e63_t32,topk_gate,cuda_vector_pair_top2_v3,L2_operator_steady,warm,5,5,150,8.34048002958,8.27391982079,9.0065920352935,8.2856618682544,0.4513898882609516,0.054478434606461824,False
20260803T181855Z-86cfbe2a805d-rtx3080_topk_gate_release_v2,topk_gate.release.main.e63_t32,topk_gate,cuda_warp_pair_top2_v1,L1_kernel_body,warm,5,5,150,8.50432008505,8.535040020945,22.461951374999998,11.205017618340667,5.5996033825265945,0.49974070307225726,False
20260803T181855Z-86cfbe2a805d-rtx3080_topk_gate_release_v2,topk_gate.release.main.e63_t32,topk_gate,cuda_warp_pair_top2_v1,L2_operator_steady,warm,5,5,150,8.37119996548,8.596479892729999,21.070336699445,10.570615470408335,4.396360141767956,0.41590389453435755,False
20260803T181855Z-86cfbe2a805d-rtx3080_topk_gate_release_v2,topk_gate.release.main.e63_t4,topk_gate,cuda_local_pair_two_reduce_top2_v4,L1_kernel_body,warm,5,5,150,8.40192019939,8.494080007075,23.517696261445,11.498495952289533,6.00577600920196,0.5223097032969877,False
20260803T181855Z-86cfbe2a805d-rtx3080_topk_gate_release_v2,topk_gate.release.main.e63_t4,topk_gate,cuda_local_pair_two_reduce_top2_v4,L2_operator_steady,warm,5,5,150,8.32512021065,8.33536028862,9.31686401367,8.409429339567467,0.5169897561007206,0.061477388681799854,False
20260803T181855Z-86cfbe2a805d-rtx3080_topk_gate_release_v2,topk_gate.release.main.e63_t4,topk_gate,cuda_naive,L1_kernel_body,warm,5,5,150,9.91744011641,9.83039975166,10.795007944144999,9.762201611201467,0.6474842155267504,0.06632563445358534,True
20260803T181855Z-86cfbe2a805d-rtx3080_topk_gate_release_v2,topk_gate.release.main.e63_t4,topk_gate,cuda_naive,L2_operator_steady,warm,5,5,150,10.3731203079,10.3833603859,22.6508808136,12.519424025216,4.7496578631239865,0.3793830973020374,True
20260803T181855Z-86cfbe2a805d-rtx3080_topk_gate_release_v2,topk_gate.release.main.e63_t4,topk_gate,cuda_subwarp_pair_top2_v2,L1_kernel_body,warm,5,5,150,8.35072010756,8.43775987625,21.6166400909,10.953181862832066,5.318236323722492,0.48554259304039377,False
20260803T181855Z-86cfbe2a805d-rtx3080_topk_gate_release_v2,topk_gate.release.main.e63_t4,topk_gate,cuda_subwarp_pair_top2_v2,L2_operator_steady,warm,5,5,150,8.38144004345,8.550400137905,45.68985557552999,15.498717908063266,14.204438717870428,0.9164912092812861,False
20260803T181855Z-86cfbe2a805d-rtx3080_topk_gate_release_v2,topk_gate.release.main.e63_t4,topk_gate,cuda_vector_pair_top2_v3,L1_kernel_body,warm,5,5,150,8.3046400547,8.64255994558,31.811071038245,13.235200003781333,9.275667202681559,0.7008331721493801,False
20260803T181855Z-86cfbe2a805d-rtx3080_topk_gate_release_v2,topk_gate.release.main.e63_t4,topk_gate,cuda_vector_pair_top2_v3,L2_operator_steady,warm,5,5,150,8.85760009289,8.77056002617,47.12652683256999,13.754845857620733,12.821576462909,0.9321497743869908,False
20260803T181855Z-86cfbe2a805d-rtx3080_topk_gate_release_v2,topk_gate.release.main.e63_t4,topk_gate,cuda_warp_pair_top2_v1,L1_kernel_body,warm,5,5,150,8.49919974804,8.504319787025,21.930496096644998,11.073058120409534,5.345493196695835,0.48274768709496607,False
20260803T181855Z-86cfbe2a805d-rtx3080_topk_gate_release_v2,topk_gate.release.main.e63_t4,topk_gate,cuda_warp_pair_top2_v1,L2_operator_steady,warm,5,5,150,8.49920004606,8.5504001379,23.436799645445,11.439445376395533,6.3095453576043985,0.5515604253527613,False
20260803T181855Z-86cfbe2a805d-rtx3080_topk_gate_release_v2,topk_gate.release.main.e63_t4096,topk_gate,cuda_local_pair_two_reduce_top2_v4,L1_kernel_body,warm,5,5,150,13.2505595684,13.3120000362,15.352832078945,13.511406946180667,0.9624464442352669,0.07123214096569908,False
20260803T181855Z-86cfbe2a805d-rtx3080_topk_gate_release_v2,topk_gate.release.main.e63_t4096,topk_gate,cuda_local_pair_two_reduce_top2_v4,L2_operator_steady,warm,5,5,150,12.9433602095,12.9740798473,30.81164765358,16.142745614051332,6.570817398158158,0.40704459794241193,False
20260803T181855Z-86cfbe2a805d-rtx3080_topk_gate_release_v2,topk_gate.release.main.e63_t4096,topk_gate,cuda_naive,L1_kernel_body,warm,5,5,150,11.2998396158,11.3766396046,23.41836762426495,13.267012206713066,4.375953093820103,0.3298371197401842,True
20260803T181855Z-86cfbe2a805d-rtx3080_topk_gate_release_v2,topk_gate.release.main.e63_t4096,topk_gate,cuda_naive,L2_operator_steady,warm,5,5,150,11.1360001564,11.1667203903,13.466624021545002,11.096746687096267,1.2248025226019579,0.11037491952719858,True
20260803T181855Z-86cfbe2a805d-rtx3080_topk_gate_release_v2,topk_gate.release.main.e63_t4096,topk_gate,cuda_subwarp_pair_top2_v2,L1_kernel_body,warm,5,5,150,12.9433596134,12.92799949645,21.40620732308498,13.504102404912,3.8610714419267333,0.2859184065815661,False
20260803T181855Z-86cfbe2a805d-rtx3080_topk_gate_release_v2,topk_gate.release.main.e63_t4096,topk_gate,cuda_subwarp_pair_top2_v2,L2_operator_steady,warm,5,5,150,12.9331201315,13.071359992049999,29.27155184749,16.036590917904665,6.223429748218906,0.388076853745176,False
20260803T181855Z-86cfbe2a805d-rtx3080_topk_gate_release_v2,topk_gate.release.main.e63_t4096,topk_gate,cuda_vector_pair_top2_v3,L1_kernel_body,warm,5,5,150,12.9945600033,13.132799863799999,71.61190605163996,23.337506175039334,21.108577462658154,0.9044915641087163,False
20260803T181855Z-86cfbe2a805d-rtx3080_topk_gate_release_v2,topk_gate.release.main.e63_t4096,topk_gate,cuda_vector_pair_top2_v3,L2_operator_steady,warm,5,5,150,12.8563201427,12.8716802597,21.203455328945,14.040883215265067,3.2810178946135764,0.2336760333599596,False
20260803T181855Z-86cfbe2a805d-rtx3080_topk_gate_release_v2,topk_gate.release.main.e63_t4096,topk_gate,cuda_warp_pair_top2_v1,L1_kernel_body,warm,5,5,150,13.0560004711,13.03040027615,13.9217919111,13.114709321662668,0.4989640121637379,0.038046135825485446,False
20260803T181855Z-86cfbe2a805d-rtx3080_topk_gate_release_v2,topk_gate.release.main.e63_t4096,topk_gate,cuda_warp_pair_top2_v1,L2_operator_steady,warm,5,5,150,12.7129602432,12.963839769349999,14.523904263969996,13.1208533287036,2.666154513825996,0.20319978030647068,False
20260803T181855Z-86cfbe2a805d-rtx3080_topk_gate_release_v2,topk_gate.release.main.e63_t512,topk_gate,cuda_local_pair_two_reduce_top2_v4,L1_kernel_body,warm,5,5,150,9.01632010937,9.103359878060001,21.5244793892,11.506483169397933,5.031785922235284,0.4373000723294473,False
20260803T181855Z-86cfbe2a805d-rtx3080_topk_gate_release_v2,topk_gate.release.main.e63_t512,topk_gate,cuda_local_pair_two_reduce_top2_v4,L2_operator_steady,warm,5,5,150,8.84223997593,8.97023975849,22.1593594551,11.4879829486206,5.235649148596996,0.4557500800630678,False
20260803T181855Z-86cfbe2a805d-rtx3080_topk_gate_release_v2,topk_gate.release.main.e63_t512,topk_gate,cuda_naive,L1_kernel_body,warm,5,5,150,10.5625599623,10.4038405418,11.501567900189999,10.246143984792667,0.8566876452359402,0.08361073653731946,True
20260803T181855Z-86cfbe2a805d-rtx3080_topk_gate_release_v2,topk_gate.release.main.e63_t512,topk_gate,cuda_naive,L2_operator_steady,warm,5,5,150,10.7468795776,10.80320000645,11.563007831545,10.824499173962,0.4259503724480575,0.03935058478018715,True
20260803T181855Z-86cfbe2a805d-rtx3080_topk_gate_release_v2,topk_gate.release.main.e63_t512,topk_gate,cuda_subwarp_pair_top2_v2,L1_kernel_body,warm,5,5,150,8.52991998196,8.668159842489999,22.1137911081,11.288302958012201,5.421608381834682,0.4802855134204684,False
20260803T181855Z-86cfbe2a805d-rtx3080_topk_gate_release_v2,topk_gate.release.main.e63_t512,topk_gate,cuda_subwarp_pair_top2_v2,L2_operator_steady,warm,5,5,150,8.76032024622,8.801279962065,9.835520058874,8.8265386541676,0.5790185368141052,0.06559972821743797,False
20260803T181855Z-86cfbe2a805d-rtx3080_topk_gate_release_v2,topk_gate.release.main.e63_t512,topk_gate,cuda_vector_pair_top2_v3,L1_kernel_body,warm,5,5,150,8.89856010675,8.934400081635,9.588735967871498,8.9146709362668,0.43237273248903196,0.04850125546755143,False
20260803T181855Z-86cfbe2a805d-rtx3080_topk_gate_release_v2,topk_gate.release.main.e63_t512,topk_gate,cuda_vector_pair_top2_v3,L2_operator_steady,warm,5,5,150,8.99583995342,9.0982401371,22.239744067189996,11.546282672880201,5.200952404883685,0.45044388330277346,False
20260803T181855Z-86cfbe2a805d-rtx3080_topk_gate_release_v2,topk_gate.release.main.e63_t512,topk_gate,cuda_warp_pair_top2_v1,L1_kernel_body,warm,5,5,150,8.7961602211,8.77056002617,9.631232023239,8.891255466143265,1.8686992565145952,0.21017270998796028,False
20260803T181855Z-86cfbe2a805d-rtx3080_topk_gate_release_v2,topk_gate.release.main.e63_t512,topk_gate,cuda_warp_pair_top2_v1,L2_operator_steady,warm,5,5,150,8.92928004265,9.07263994217,83.78470277788,23.068125784396468,28.237858025479973,1.2241071636855894,False
20260803T181855Z-86cfbe2a805d-rtx3080_topk_gate_release_v2,topk_gate.release.main.e63_t64,topk_gate,cuda_local_pair_two_reduce_top2_v4,L1_kernel_body,warm,5,5,150,8.41215997934,8.657919764515,21.847551465,11.382169620195333,5.299821721073435,0.46562491141143997,False
20260803T181855Z-86cfbe2a805d-rtx3080_topk_gate_release_v2,topk_gate.release.main.e63_t64,topk_gate,cuda_local_pair_two_reduce_top2_v4,L2_operator_steady,warm,5,5,150,8.44799995422,8.60159993172,34.096640825304995,12.744908797740333,10.245270441574963,0.8038716168287877,False
20260803T181855Z-86cfbe2a805d-rtx3080_topk_gate_release_v2,topk_gate.release.main.e63_t64,topk_gate,cuda_naive,L1_kernel_body,warm,5,5,150,9.40544009209,9.49248015881,21.271551847445,11.484706099826667,4.371071490279028,0.38059933378225486,True
20260803T181855Z-86cfbe2a805d-rtx3080_topk_gate_release_v2,topk_gate.release.main.e63_t64,topk_gate,cuda_naive,L2_operator_steady,warm,5,5,150,9.25184011459,9.24160003662,9.94304001331,9.281604297956466,0.4088434531625644,0.044048791570717956,True
20260803T181855Z-86cfbe2a805d-rtx3080_topk_gate_release_v2,topk_gate.release.main.e63_t64,topk_gate,cuda_subwarp_pair_top2_v2,L1_kernel_body,warm,5,5,150,8.44287991524,8.4582400322,10.874367892734998,8.823739727339333,0.9908948450243463,0.11229873904305832,False
20260803T181855Z-86cfbe2a805d-rtx3080_topk_gate_release_v2,topk_gate.release.main.e63_t64,topk_gate,cuda_subwarp_pair_top2_v2,L2_operator_steady,warm,5,5,150,8.3353599906,8.47872018814,10.398719847179997,8.588902417818467,0.7351708620296349,0.08559543772490132,False
20260803T181855Z-86cfbe2a805d-rtx3080_topk_gate_release_v2,topk_gate.release.main.e63_t64,topk_gate,cuda_vector_pair_top2_v3,L1_kernel_body,warm,5,5,150,8.24319988489,8.37632000446,9.222655892370499,8.384853315352865,0.49300458627626026,0.05879704363743098,False
20260803T181855Z-86cfbe2a805d-rtx3080_topk_gate_release_v2,topk_gate.release.main.e63_t64,topk_gate,cuda_vector_pair_top2_v3,L2_operator_steady,warm,5,5,150,8.55552017689,8.57088029385,21.582335829745,11.035511438052268,5.233123567138074,0.4742076157062734,False
20260803T181855Z-86cfbe2a805d-rtx3080_topk_gate_release_v2,topk_gate.release.main.e63_t64,topk_gate,cuda_warp_pair_top2_v1,L1_kernel_body,warm,5,5,150,8.45311999321,8.652800023554999,21.730304956444996,11.253691748776134,5.267885821380679,0.4681029069375011,False
20260803T181855Z-86cfbe2a805d-rtx3080_topk_gate_release_v2,topk_gate.release.main.e63_t64,topk_gate,cuda_warp_pair_top2_v1,L2_operator_steady,warm,5,5,150,8.33024024963,8.41727972031,21.1353588104,10.9466965158772,5.100173580136756,0.465909836153712,False
20260803T181855Z-86cfbe2a805d-rtx3080_topk_gate_release_v2,topk_gate.release.main.e63_t8,topk_gate,cuda_local_pair_two_reduce_top2_v4,L1_kernel_body,warm,5,5,150,8.3353599906,8.330240249635,9.4771199822465,8.426700802644266,0.772884666643842,0.0917185366782352,False
20260803T181855Z-86cfbe2a805d-rtx3080_topk_gate_release_v2,topk_gate.release.main.e63_t8,topk_gate,cuda_local_pair_two_reduce_top2_v4,L2_operator_steady,warm,5,5,150,8.42751979828,8.43775987625,52.97715115549,15.344913037619598,15.60373264090605,1.0168668015681763,False
20260803T181855Z-86cfbe2a805d-rtx3080_topk_gate_release_v2,topk_gate.release.main.e63_t8,topk_gate,cuda_naive,L1_kernel_body,warm,5,5,150,9.28255975246,9.492479860785,21.5301114321,11.863313078879866,4.778503769471147,0.40279673457984244,True
20260803T181855Z-86cfbe2a805d-rtx3080_topk_gate_release_v2,topk_gate.release.main.e63_t8,topk_gate,cuda_naive,L2_operator_steady,warm,5,5,150,9.20576006174,9.210879802705,10.056704282744999,9.357175469398733,1.7327853062914462,0.18518251709164435,True
20260803T181855Z-86cfbe2a805d-rtx3080_topk_gate_release_v2,topk_gate.release.main.e63_t8,topk_gate,cuda_subwarp_pair_top2_v2,L1_kernel_body,warm,5,5,150,8.3046400547,8.320000171665,9.022464156152498,8.3151530702908,0.4245736020883581,0.05106022685322734,False
20260803T181855Z-86cfbe2a805d-rtx3080_topk_gate_release_v2,topk_gate.release.main.e63_t8,topk_gate,cuda_subwarp_pair_top2_v2,L2_operator_steady,warm,5,5,150,8.33024024963,8.32512021065,9.654783874747999,8.4122282544774,0.5809125183563137,0.0690557246882981,False
20260803T181855Z-86cfbe2a805d-rtx3080_topk_gate_release_v2,topk_gate.release.main.e63_t8,topk_gate,cuda_vector_pair_top2_v3,L1_kernel_body,warm,5,5,150,8.31488013268,8.45311999321,10.195456147199998,8.673689619699733,0.7429808653752449,0.08565914829230026,False
20260803T181855Z-86cfbe2a805d-rtx3080_topk_gate_release_v2,topk_gate.release.main.e63_t8,topk_gate,cuda_vector_pair_top2_v3,L2_operator_steady,warm,5,5,150,8.87296020985,8.72448027134,77.57926344866999,21.957495331763266,26.639193127776196,1.2132163858070133,False
20260803T181855Z-86cfbe2a805d-rtx3080_topk_gate_release_v2,topk_gate.release.main.e63_t8,topk_gate,cuda_warp_pair_top2_v1,L1_kernel_body,warm,5,5,150,8.23296010494,8.30976009369,9.402368068699499,8.362188804149268,0.6009599419183643,0.07186634456521379,False
20260803T181855Z-86cfbe2a805d-rtx3080_topk_gate_release_v2,topk_gate.release.main.e63_t8,topk_gate,cuda_warp_pair_top2_v1,L2_operator_steady,warm,5,5,150,8.82175981998,8.78592014313,21.560831666,11.247479494413867,5.115263127073675,0.4547919495753874,False
20260803T181855Z-86cfbe2a805d-rtx3080_topk_gate_release_v2,topk_gate.release.main.e64_t1,topk_gate,cuda_local_pair_two_reduce_top2_v4,L1_kernel_body,warm,5,5,150,8.35072010756,8.35584014654,9.867263972758998,8.480494944255067,0.6978951218616873,0.08229414986379559,False
20260803T181855Z-86cfbe2a805d-rtx3080_topk_gate_release_v2,topk_gate.release.main.e64_t1,topk_gate,cuda_local_pair_two_reduce_top2_v4,L2_operator_steady,warm,5,5,150,8.17152023315,8.16128015518,8.771072030069,8.156842660903733,0.3760342414353225,0.046100465225065404,False
20260803T181855Z-86cfbe2a805d-rtx3080_topk_gate_release_v2,topk_gate.release.main.e64_t1,topk_gate,cuda_naive,L1_kernel_body,warm,5,5,150,9.81504023075,9.72800016403,10.872319877134998,9.746022383371532,0.6434932851633026,0.06602624741158178,True
20260803T181855Z-86cfbe2a805d-rtx3080_topk_gate_release_v2,topk_gate.release.main.e64_t1,topk_gate,cuda_naive,L2_operator_steady,warm,5,5,150,9.85087990761,10.1529598236,10.890751481045,10.030353049434666,0.5954606816902623,0.05936587463626955,True
20260803T181855Z-86cfbe2a805d-rtx3080_topk_gate_release_v2,topk_gate.release.main.e64_t1,topk_gate,cuda_subwarp_pair_top2_v2,L1_kernel_body,warm,5,5,150,8.52991998196,8.688639998435,21.889535784745,11.1352490862212,5.337609993844085,0.4793435649723241,False
20260803T181855Z-86cfbe2a805d-rtx3080_topk_gate_release_v2,topk_gate.release.main.e64_t1,topk_gate,cuda_subwarp_pair_top2_v2,L2_operator_steady,warm,5,5,150,8.34560006857,8.227840065955,9.63584005833,8.3703125596056,0.6146811797084617,0.0734358693694259,False
20260803T181855Z-86cfbe2a805d-rtx3080_topk_gate_release_v2,topk_gate.release.main.e64_t1,topk_gate,cuda_vector_pair_top2_v3,L1_kernel_body,warm,5,5,150,8.46336007118,8.545280098915,9.5047679245475,8.5401600042982,0.5674278434442314,0.06644229653292785,False
20260803T181855Z-86cfbe2a805d-rtx3080_topk_gate_release_v2,topk_gate.release.main.e64_t1,topk_gate,cuda_vector_pair_top2_v3,L2_operator_steady,warm,5,5,150,8.36096018553,8.37632000446,9.1909122467035,8.414412824312734,0.46371432183627226,0.05510952831983819,False
20260803T181855Z-86cfbe2a805d-rtx3080_topk_gate_release_v2,topk_gate.release.main.e64_t1,topk_gate,cuda_warp_pair_top2_v1,L1_kernel_body,warm,5,5,150,8.30976009369,8.401919901375,83.3331203461,22.300603624185932,28.143796863513405,1.2620195102248393,False
20260803T181855Z-86cfbe2a805d-rtx3080_topk_gate_release_v2,topk_gate.release.main.e64_t1,topk_gate,cuda_warp_pair_top2_v1,L2_operator_steady,warm,5,5,150,8.212479949,8.31488013268,22.58790433409,11.111082633336467,5.727124968581565,0.5154425682514979,False
20260803T181855Z-86cfbe2a805d-rtx3080_topk_gate_release_v2,topk_gate.release.main.e64_t1024,topk_gate,cuda_local_pair_two_reduce_top2_v4,L1_kernel_body,warm,5,5,150,8.88832002878,8.89855980873,9.5129597187,8.922043720881067,0.32279134604508114,0.03617908140145327,False
20260803T181855Z-86cfbe2a805d-rtx3080_topk_gate_release_v2,topk_gate.release.main.e64_t1024,topk_gate,cuda_local_pair_two_reduce_top2_v4,L2_operator_steady,warm,5,5,150,9.03679996729,9.02144014835,9.5390719175335,9.0240341107052,0.3358494771982488,0.03721722159713814,False
20260803T181855Z-86cfbe2a805d-rtx3080_topk_gate_release_v2,topk_gate.release.main.e64_t1024,topk_gate,cuda_naive,L1_kernel_body,warm,5,5,150,14.6431994438,14.66879963875,17.828352391679996,15.040716799101334,1.2223701881515132,0.08127074024986286,True
20260803T181855Z-86cfbe2a805d-rtx3080_topk_gate_release_v2,topk_gate.release.main.e64_t1024,topk_gate,cuda_naive,L2_operator_steady,warm,5,5,150,14.5408004522,14.556159973149999,22.662144899345,15.721676834424667,3.2926124355399424,0.20943137746797702,True
20260803T181855Z-86cfbe2a805d-rtx3080_topk_gate_release_v2,topk_gate.release.main.e64_t1024,topk_gate,cuda_subwarp_pair_top2_v2,L1_kernel_body,warm,5,5,150,9.72800016403,9.886720180515,35.31110429760998,13.132458619274933,7.856510085984387,0.5982512729530427,False
20260803T181855Z-86cfbe2a805d-rtx3080_topk_gate_release_v2,topk_gate.release.main.e64_t1024,topk_gate,cuda_subwarp_pair_top2_v2,L2_operator_steady,warm,5,5,150,9.56416010857,9.528319835665,10.333184003845,9.498282651108067,1.7217323750571913,0.18126775526693076,False
20260803T181855Z-86cfbe2a805d-rtx3080_topk_gate_release_v2,topk_gate.release.main.e64_t1024,topk_gate,cuda_vector_pair_top2_v3,L1_kernel_body,warm,5,5,150,8.32000017166,8.289279937745,9.5390719175335,8.423150952657467,0.5585127404821422,0.06630686587730378,False
20260803T181855Z-86cfbe2a805d-rtx3080_topk_gate_release_v2,topk_gate.release.main.e64_t1024,topk_gate,cuda_vector_pair_top2_v3,L2_operator_steady,warm,5,5,150,8.53504002094,8.43775987625,9.65632021427,8.563712008793733,0.7177003011405266,0.08380715049776884,False
20260803T181855Z-86cfbe2a805d-rtx3080_topk_gate_release_v2,topk_gate.release.main.e64_t1024,topk_gate,cuda_warp_pair_top2_v1,L1_kernel_body,warm,5,5,150,9.74335998297,9.92255985737,21.822463274,12.110779766240066,4.745289361172646,0.3918236028369193,False
20260803T181855Z-86cfbe2a805d-rtx3080_topk_gate_release_v2,topk_gate.release.main.e64_t1024,topk_gate,cuda_warp_pair_top2_v1,L2_operator_steady,warm,5,5,150,9.77407991886,9.569280147555,33.630208969144995,13.961011199153667,9.897702261772334,0.7089531066612385,False
20260803T181855Z-86cfbe2a805d-rtx3080_topk_gate_release_v2,topk_gate.release.main.e64_t128,topk_gate,cuda_local_pair_two_reduce_top2_v4,L1_kernel_body,warm,5,5,150,8.36607992649,8.432639837265,69.52857613561999,20.0463701089214,23.441069937979194,1.1693423702452257,False
20260803T181855Z-86cfbe2a805d-rtx3080_topk_gate_release_v2,topk_gate.release.main.e64_t128,topk_gate,cuda_local_pair_two_reduce_top2_v4,L2_operator_steady,warm,5,5,150,8.37632000446,8.39680016041,22.031872868545,9.865489097436333,4.266958232309578,0.43251360273849965,False
20260803T181855Z-86cfbe2a805d-rtx3080_topk_gate_release_v2,topk_gate.release.main.e64_t128,topk_gate,cuda_naive,L1_kernel_body,warm,5,5,150,13.2147198915,12.6463997364,14.033920109279999,12.500104542573201,1.3498756172881163,0.10798914622599137,True
20260803T181855Z-86cfbe2a805d-rtx3080_topk_gate_release_v2,topk_gate.release.main.e64_t128,topk_gate,cuda_naive,L2_operator_steady,warm,5,5,150,13.0355203152,13.46560001375,19.3024003506,14.151133886973334,2.4612193683831904,0.17392382745023974,True
20260803T181855Z-86cfbe2a805d-rtx3080_topk_gate_release_v2,topk_gate.release.main.e64_t128,topk_gate,cuda_subwarp_pair_top2_v2,L1_kernel_body,warm,5,5,150,8.36607992649,8.514559864995,22.0523530245,11.128217593827866,5.429770638241003,0.4879281513377812,False
20260803T181855Z-86cfbe2a805d-rtx3080_topk_gate_release_v2,topk_gate.release.main.e64_t128,topk_gate,cuda_subwarp_pair_top2_v2,L2_operator_steady,warm,5,5,150,8.69376003742,8.616960048675,78.26380896565,22.168439535298134,27.234997163598113,1.2285482304802127,False
20260803T181855Z-86cfbe2a805d-rtx3080_topk_gate_release_v2,topk_gate.release.main.e64_t128,topk_gate,cuda_vector_pair_top2_v3,L1_kernel_body,warm,5,5,150,8.51968020201,8.67839992046,21.9806724787,11.336089615025667,5.902227049888263,0.5206581149521814,False
20260803T181855Z-86cfbe2a805d-rtx3080_topk_gate_release_v2,topk_gate.release.main.e64_t128,topk_gate,cuda_vector_pair_top2_v3,L2_operator_steady,warm,5,5,150,8.57600003481,8.46848011017,21.689344644545002,10.989499719935134,5.287958943936009,0.4811828635241297,False
20260803T181855Z-86cfbe2a805d-rtx3080_topk_gate_release_v2,topk_gate.release.main.e64_t128,topk_gate,cuda_warp_pair_top2_v1,L1_kernel_body,warm,5,5,150,8.59136015177,8.70400011539,11.134976148589999,9.092710419495333,1.070402127059213,0.11772090803246134,False
20260803T181855Z-86cfbe2a805d-rtx3080_topk_gate_release_v2,topk_gate.release.main.e64_t128,topk_gate,cuda_warp_pair_top2_v1,L2_operator_steady,warm,5,5,150,8.49408000708,8.494080007075,21.269503831845,10.898500235875467,5.136752774888346,0.47132657372243614,False
20260803T181855Z-86cfbe2a805d-rtx3080_topk_gate_release_v2,topk_gate.release.main.e64_t16,topk_gate,cuda_local_pair_two_reduce_top2_v4,L1_kernel_body,warm,5,5,150,8.32512021065,8.447999954225,20.6085115671,10.806271974248334,4.91312003422909,0.4546544863887565,False
20260803T181855Z-86cfbe2a805d-rtx3080_topk_gate_release_v2,topk_gate.release.main.e64_t16,topk_gate,cuda_local_pair_two_reduce_top2_v4,L2_operator_steady,warm,5,5,150,8.4275200963,8.38144004345,9.704447925091497,8.442265582084334,0.6980971849494836,0.08269073960797245,False
20260803T181855Z-86cfbe2a805d-rtx3080_topk_gate_release_v2,topk_gate.release.main.e64_t16,topk_gate,cuda_naive,L1_kernel_body,warm,5,5,150,9.24160003662,9.282559752465,10.306560337534998,9.3101397514348,0.5744432793529918,0.061700822403279544,True
20260803T181855Z-86cfbe2a805d-rtx3080_topk_gate_release_v2,topk_gate.release.main.e64_t16,topk_gate,cuda_naive,L2_operator_steady,warm,5,5,150,9.58463996649,9.71776008606,23.604224920245002,12.208810663224,5.262505065793636,0.43104158226039346,True
20260803T181855Z-86cfbe2a805d-rtx3080_topk_gate_release_v2,topk_gate.release.main.e64_t16,topk_gate,cuda_subwarp_pair_top2_v2,L1_kernel_body,warm,5,5,150,8.38655978441,8.37632000446,9.661440134048995,8.470118427276134,0.5822363296631976,0.06874004592288048,False
20260803T181855Z-86cfbe2a805d-rtx3080_topk_gate_release_v2,topk_gate.release.main.e64_t16,topk_gate,cuda_subwarp_pair_top2_v2,L2_operator_steady,warm,5,5,150,8.39168012142,8.627200126645,21.775870919200003,11.133064548172934,5.326730148699791,0.47846036692331667,False
20260803T181855Z-86cfbe2a805d-rtx3080_topk_gate_release_v2,topk_gate.release.main.e64_t16,topk_gate,cuda_vector_pair_top2_v3,L1_kernel_body,warm,5,5,150,8.29439997673,8.37632000446,22.1695995331,11.153749303023135,5.526256053955742,0.49546174150228517,False
20260803T181855Z-86cfbe2a805d-rtx3080_topk_gate_release_v2,topk_gate.release.main.e64_t16,topk_gate,cuda_vector_pair_top2_v3,L2_operator_steady,warm,5,5,150,8.12543988228,8.299520015715,21.857791542999998,10.991138164202999,5.431512453612047,0.49417197495541654,False
20260803T181855Z-86cfbe2a805d-rtx3080_topk_gate_release_v2,topk_gate.release.main.e64_t16,topk_gate,cuda_warp_pair_top2_v1,L1_kernel_body,warm,5,5,150,8.35072010756,8.545280098915,22.293504476545,11.146444781620533,5.49979992291402,0.4934129249877671,False
20260803T181855Z-86cfbe2a805d-rtx3080_topk_gate_release_v2,topk_gate.release.main.e64_t16,topk_gate,cuda_warp_pair_top2_v1,L2_operator_steady,warm,5,5,150,8.33536028862,8.43775987625,10.3787523508,8.673416539031868,0.8025669465600003,0.09253181176625276,False
20260803T181855Z-86cfbe2a805d-rtx3080_topk_gate_release_v2,topk_gate.release.main.e64_t2,topk_gate,cuda_local_pair_two_reduce_top2_v4,L1_kernel_body,warm,5,5,150,8.212479949,8.3046400547,20.619775652845,10.706397779782266,4.985340926626009,0.46564129496852996,False
20260803T181855Z-86cfbe2a805d-rtx3080_topk_gate_release_v2,topk_gate.release.main.e64_t2,topk_gate,cuda_local_pair_two_reduce_top2_v4,L2_operator_steady,warm,5,5,150,8.19199979305,8.25856000185,21.28895998,10.7836074908556,5.23771053666643,0.48571042122109515,False
20260803T181855Z-86cfbe2a805d-rtx3080_topk_gate_release_v2,topk_gate.release.main.e64_t2,topk_gate,cuda_naive,L1_kernel_body,warm,5,5,150,9.82015997171,9.87136006355,25.001471638699996,12.597794119515466,5.877852397703528,0.46657790577780933,True
20260803T181855Z-86cfbe2a805d-rtx3080_topk_gate_release_v2,topk_gate.release.main.e64_t2,topk_gate,cuda_naive,L2_operator_steady,warm,5,5,150,9.59488004446,9.671680033205,34.879488945045,13.622067193188734,8.860105027804783,0.6504229425791548,True
20260803T181855Z-86cfbe2a805d-rtx3080_topk_gate_release_v2,topk_gate.release.main.e64_t2,topk_gate,cuda_subwarp_pair_top2_v2,L1_kernel_body,warm,5,5,150,8.34048002958,8.34559977055,9.339904189107,8.402602680524266,0.5231019029720702,0.06225474687557547,False
20260803T181855Z-86cfbe2a805d-rtx3080_topk_gate_release_v2,topk_gate.release.main.e64_t2,topk_gate,cuda_subwarp_pair_top2_v2,L2_operator_steady,warm,5,5,150,8.49408000708,8.46848011017,9.499135822056495,8.660377617676867,1.6455135367810392,0.19000482535800162,False
20260803T181855Z-86cfbe2a805d-rtx3080_topk_gate_release_v2,topk_gate.release.main.e64_t2,topk_gate,cuda_vector_pair_top2_v3,L1_kernel_body,warm,5,5,150,8.07424008846,8.12031984329,9.228287935259498,8.238353057702733,0.5475246609223544,0.0664604511468985,False
20260803T181855Z-86cfbe2a805d-rtx3080_topk_gate_release_v2,topk_gate.release.main.e64_t2,topk_gate,cuda_vector_pair_top2_v3,L2_operator_steady,warm,5,5,150,8.41215997934,8.36607992649,9.09312009811,8.369220284620733,0.4531404174101915,0.054143683879713585,False
20260803T181855Z-86cfbe2a805d-rtx3080_topk_gate_release_v2,topk_gate.release.main.e64_t2,topk_gate,cuda_warp_pair_top2_v1,L1_kernel_body,warm,5,5,150,8.212479949,8.41728001833,10.543616414045,8.6377130826304,0.8592970675351751,0.09948201095763852,False
20260803T181855Z-86cfbe2a805d-rtx3080_topk_gate_release_v2,topk_gate.release.main.e64_t2,topk_gate,cuda_warp_pair_top2_v1,L2_operator_steady,warm,5,5,150,8.43776017427,8.72447997332,39.987711310434996,14.468983447549398,11.807926251360573,0.8160854073933214,False
20260803T181855Z-86cfbe2a805d-rtx3080_topk_gate_release_v2,topk_gate.release.main.e64_t2048,topk_gate,cuda_local_pair_two_reduce_top2_v4,L1_kernel_body,warm,5,5,150,8.30976009369,8.39680016041,21.930496096644998,10.996326430640266,5.432603583385894,0.4940380424000907,False
20260803T181855Z-86cfbe2a805d-rtx3080_topk_gate_release_v2,topk_gate.release.main.e64_t2048,topk_gate,cuda_local_pair_two_reduce_top2_v4,L2_operator_steady,warm,5,5,150,8.3609598875,8.37632000446,9.529855847356,8.5665109435714,1.704610141859994,0.19898534573625815,False
20260803T181855Z-86cfbe2a805d-rtx3080_topk_gate_release_v2,topk_gate.release.main.e64_t2048,topk_gate,cuda_naive,L1_kernel_body,warm,5,5,150,14.5151996613,14.586880207050001,30.380031824129993,17.773158407213998,5.949506443983632,0.33474671792542904,True
20260803T181855Z-86cfbe2a805d-rtx3080_topk_gate_release_v2,topk_gate.release.main.e64_t2048,topk_gate,cuda_naive,L2_operator_steady,warm,5,5,150,15.6364798546,16.3071995974,24.926207065545,17.479543391860666,3.6857220072866643,0.21085916975399469,True
20260803T181855Z-86cfbe2a805d-rtx3080_topk_gate_release_v2,topk_gate.release.main.e64_t2048,topk_gate,cuda_subwarp_pair_top2_v2,L1_kernel_body,warm,5,5,150,9.77919995785,10.035200119,23.226368427245,12.351351471738667,4.987163365862615,0.40377471058724435,False
20260803T181855Z-86cfbe2a805d-rtx3080_topk_gate_release_v2,topk_gate.release.main.e64_t2048,topk_gate,cuda_subwarp_pair_top2_v2,L2_operator_steady,warm,5,5,150,10.1068794727,10.1017600298,23.0251508951,12.516761589051265,5.12192676601177,0.40920542662505066,False
20260803T181855Z-86cfbe2a805d-rtx3080_topk_gate_release_v2,topk_gate.release.main.e64_t2048,topk_gate,cuda_vector_pair_top2_v3,L1_kernel_body,warm,5,5,150,9.88160014153,9.88160014153,10.627583861389999,9.853064541024667,0.49341728128715207,0.05007754483214207,False
20260803T181855Z-86cfbe2a805d-rtx3080_topk_gate_release_v2,topk_gate.release.main.e64_t2048,topk_gate,cuda_vector_pair_top2_v3,L2_operator_steady,warm,5,5,150,9.59487974644,9.768959879875,21.724672913545,11.933354687690066,4.911337092636719,0.41156382435385436,False
20260803T181855Z-86cfbe2a805d-rtx3080_topk_gate_release_v2,topk_gate.release.main.e64_t2048,topk_gate,cuda_warp_pair_top2_v1,L1_kernel_body,warm,5,5,150,9.38495993614,9.661439955235,23.23302447799,12.291140278179334,5.746205370084877,0.46750791546055426,False
20260803T181855Z-86cfbe2a805d-rtx3080_topk_gate_release_v2,topk_gate.release.main.e64_t2048,topk_gate,cuda_warp_pair_top2_v1,L2_operator_steady,warm,5,5,150,9.53343987465,9.62559998035,10.5472004414,9.606007488568133,0.6032995920896898,0.06280440576458651,False
20260803T181855Z-86cfbe2a805d-rtx3080_topk_gate_release_v2,topk_gate.release.main.e64_t256,topk_gate,cuda_local_pair_two_reduce_top2_v4,L1_kernel_body,warm,5,5,150,8.29952001572,8.36607992649,9.119231969116,8.373930660883534,0.40367152094910197,0.04820573960980357,False
20260803T181855Z-86cfbe2a805d-rtx3080_topk_gate_release_v2,topk_gate.release.main.e64_t256,topk_gate,cuda_local_pair_two_reduce_top2_v4,L2_operator_steady,warm,5,5,150,8.46336007118,8.47872018814,20.8496630192,10.9079892953236,4.943008822765355,0.45315490224073546,False
20260803T181855Z-86cfbe2a805d-rtx3080_topk_gate_release_v2,topk_gate.release.main.e64_t256,topk_gate,cuda_naive,L1_kernel_body,warm,5,5,150,14.6739196777,14.6431994438,24.711167812345,16.471313071247998,3.518262275931968,0.21359938097912654,True
20260803T181855Z-86cfbe2a805d-rtx3080_topk_gate_release_v2,topk_gate.release.main.e64_t256,topk_gate,cuda_naive,L2_operator_steady,warm,5,5,150,14.2387199402,14.22335982325,17.98195236918,14.314973870913333,1.4544317850773232,0.10160212643018444,True
20260803T181855Z-86cfbe2a805d-rtx3080_topk_gate_release_v2,topk_gate.release.main.e64_t256,topk_gate,cuda_subwarp_pair_top2_v2,L1_kernel_body,warm,5,5,150,8.48896026611,8.601599931715,44.64332675935499,15.353855975467868,13.698211912408965,0.8921675398216408,False
20260803T181855Z-86cfbe2a805d-rtx3080_topk_gate_release_v2,topk_gate.release.main.e64_t256,topk_gate,cuda_subwarp_pair_top2_v2,L2_operator_steady,warm,5,5,150,8.47871989012,8.62208008766,10.522623598579997,8.761753614743,0.8417871967948924,0.09607519610896793,False
20260803T181855Z-86cfbe2a805d-rtx3080_topk_gate_release_v2,topk_gate.release.main.e64_t256,topk_gate,cuda_vector_pair_top2_v3,L1_kernel_body,warm,5,5,150,8.13055992126,8.22272002697,10.3787523508,8.498380808033934,0.8815274404830873,0.1037288702866476,False
20260803T181855Z-86cfbe2a805d-rtx3080_topk_gate_release_v2,topk_gate.release.main.e64_t256,topk_gate,cuda_vector_pair_top2_v3,L2_operator_steady,warm,5,5,150,8.21759998798,8.50943982601,30.094848632794964,12.001075164476067,7.712036881409103,0.6426121639698762,False
20260803T181855Z-86cfbe2a805d-rtx3080_topk_gate_release_v2,topk_gate.release.main.e64_t256,topk_gate,cuda_warp_pair_top2_v1,L1_kernel_body,warm,5,5,150,8.36608022451,8.637440204619999,21.300224065800002,11.035579729079734,5.141640348578849,0.4659148386224033,False
20260803T181855Z-86cfbe2a805d-rtx3080_topk_gate_release_v2,topk_gate.release.main.e64_t256,topk_gate,cuda_warp_pair_top2_v1,L2_operator_steady,warm,5,5,150,8.38655978441,8.37839990854,9.12383973598,8.442289046446268,0.8212707985856283,0.09728058279778248,False
20260803T181855Z-86cfbe2a805d-rtx3080_topk_gate_release_v2,topk_gate.release.main.e64_t32,topk_gate,cuda_local_pair_two_reduce_top2_v4,L1_kernel_body,warm,5,5,150,8.20735991001,8.212479949,9.479680061343,8.377928527195333,1.812482448591094,0.2163401660336026,False
20260803T181855Z-86cfbe2a805d-rtx3080_topk_gate_release_v2,topk_gate.release.main.e64_t32,topk_gate,cuda_local_pair_two_reduce_top2_v4,L2_operator_steady,warm,5,5,150,8.47872018814,8.42751979828,9.5764478743075,8.5488981286686,0.6729036951191573,0.07871233052392856,False
20260803T181855Z-86cfbe2a805d-rtx3080_topk_gate_release_v2,topk_gate.release.main.e64_t32,topk_gate,cuda_naive,L1_kernel_body,warm,5,5,150,9.3081599474,9.45151984692,19.71046388149,11.0512127796806,3.6523228081471415,0.3304906783500281,True
20260803T181855Z-86cfbe2a805d-rtx3080_topk_gate_release_v2,topk_gate.release.main.e64_t32,topk_gate,cuda_naive,L2_operator_steady,warm,5,5,150,9.42591995001,9.35935974121,10.066944360745,9.372194127242533,0.3925776017129003,0.04188748081644822,True
20260803T181855Z-86cfbe2a805d-rtx3080_topk_gate_release_v2,topk_gate.release.main.e64_t32,topk_gate,cuda_subwarp_pair_top2_v2,L1_kernel_body,warm,5,5,150,8.52991998196,8.596479892729999,21.5971839428,11.161190406480067,5.194020985974939,0.46536442770113,False
20260803T181855Z-86cfbe2a805d-rtx3080_topk_gate_release_v2,topk_gate.release.main.e64_t32,topk_gate,cuda_subwarp_pair_top2_v2,L2_operator_steady,warm,5,5,150,8.27903985977,8.36607992649,21.924864053744997,10.9527039806036,5.454167229182933,0.49797449459438015,False
20260803T181855Z-86cfbe2a805d-rtx3080_topk_gate_release_v2,topk_gate.release.main.e64_t32,topk_gate,cuda_vector_pair_top2_v3,L1_kernel_body,warm,5,5,150,8.17152023315,8.2687997818,21.587967872645,10.840268826484667,5.34684521877038,0.49323917186510213,False
20260803T181855Z-86cfbe2a805d-rtx3080_topk_gate_release_v2,topk_gate.release.main.e64_t32,topk_gate,cuda_vector_pair_top2_v3,L2_operator_steady,warm,5,5,150,8.36096018553,8.504319787025,21.4016008377,10.9729791720704,5.177950084645556,0.4718818839850739,False
20260803T181855Z-86cfbe2a805d-rtx3080_topk_gate_release_v2,topk_gate.release.main.e64_t32,topk_gate,cuda_warp_pair_top2_v1,L1_kernel_body,warm,5,5,150,8.37632000446,8.26367974281,8.965631991626001,8.284842650095333,0.4610072892581073,0.05564466444668113,False
20260803T181855Z-86cfbe2a805d-rtx3080_topk_gate_release_v2,topk_gate.release.main.e64_t32,topk_gate,cuda_warp_pair_top2_v1,L2_operator_steady,warm,5,5,150,8.35583984852,8.39680016041,26.2553596497,11.464294385911,6.719768943264498,0.5861476264533761,False
20260803T181855Z-86cfbe2a805d-rtx3080_topk_gate_release_v2,topk_gate.release.main.e64_t4,topk_gate,cuda_local_pair_two_reduce_top2_v4,L1_kernel_body,warm,5,5,150,8.3609598875,8.40704023838,32.558591961845,13.145497620108134,9.672075236440408,0.7357709472820129,False
20260803T181855Z-86cfbe2a805d-rtx3080_topk_gate_release_v2,topk_gate.release.main.e64_t4,topk_gate,cuda_local_pair_two_reduce_top2_v4,L2_operator_steady,warm,5,5,150,8.2483202219,8.447999954225,30.902783274689995,12.828057603040733,8.959417316554859,0.6984235333049283,False
20260803T181855Z-86cfbe2a805d-rtx3080_topk_gate_release_v2,topk_gate.release.main.e64_t4,topk_gate,cuda_naive,L1_kernel_body,warm,5,5,150,9.90208029747,10.050560235999999,23.6190730333,12.4770986477524,5.245770573900012,0.42043192267658913,True
20260803T181855Z-86cfbe2a805d-rtx3080_topk_gate_release_v2,topk_gate.release.main.e64_t4,topk_gate,cuda_naive,L2_operator_steady,warm,5,5,150,9.91232007742,10.030080080049999,11.635712385189999,10.096503456434933,0.8420393525373834,0.08339910506351739,True
20260803T181855Z-86cfbe2a805d-rtx3080_topk_gate_release_v2,topk_gate.release.main.e64_t4,topk_gate,cuda_subwarp_pair_top2_v2,L1_kernel_body,warm,5,5,150,8.46336007118,8.47872018814,10.609663724899999,8.727347163358333,0.9015179315345915,0.10329804861202316,False
20260803T181855Z-86cfbe2a805d-rtx3080_topk_gate_release_v2,topk_gate.release.main.e64_t4,topk_gate,cuda_subwarp_pair_top2_v2,L2_operator_steady,warm,5,5,150,8.33536028862,8.371199965475,11.10783994199,8.641126402219067,0.9835830974424986,0.11382579673755398,False
20260803T181855Z-86cfbe2a805d-rtx3080_topk_gate_release_v2,topk_gate.release.main.e64_t4,topk_gate,cuda_vector_pair_top2_v3,L1_kernel_body,warm,5,5,150,8.34560006857,8.463360071185,9.4684159755705,8.6498645345376,1.826404408800044,0.21114832509890616,False
20260803T181855Z-86cfbe2a805d-rtx3080_topk_gate_release_v2,topk_gate.release.main.e64_t4,topk_gate,cuda_vector_pair_top2_v3,L2_operator_steady,warm,5,5,150,8.42240005732,8.57600003481,32.7577590942,13.3298858920716,9.689208041659246,0.7268785434556667,False
20260803T181855Z-86cfbe2a805d-rtx3080_topk_gate_release_v2,topk_gate.release.main.e64_t4,topk_gate,cuda_warp_pair_top2_v1,L1_kernel_body,warm,5,5,150,8.37632000446,8.35583984852,9.450496047733498,8.4048554698628,0.5744126727952473,0.06834295662250382,False
20260803T181855Z-86cfbe2a805d-rtx3080_topk_gate_release_v2,topk_gate.release.main.e64_t4,topk_gate,cuda_warp_pair_top2_v1,L2_operator_steady,warm,5,5,150,9.0316799283,8.95488023758,10.527744293200001,9.040213342507734,0.7618554850004097,0.08427406037179569,False
20260803T181855Z-86cfbe2a805d-rtx3080_topk_gate_release_v2,topk_gate.release.main.e64_t4096,topk_gate,cuda_local_pair_two_reduce_top2_v4,L1_kernel_body,warm,5,5,150,10.2400004864,10.3833603859,22.031872868545,12.569326929253933,4.693240797572455,0.37338839414299707,False
20260803T181855Z-86cfbe2a805d-rtx3080_topk_gate_release_v2,topk_gate.release.main.e64_t4096,topk_gate,cuda_local_pair_two_reduce_top2_v4,L2_operator_steady,warm,5,5,150,10.3219199181,10.2963197231,11.271679997444998,10.316800018148534,0.6487934385093149,0.06288708101039146,False
20260803T181855Z-86cfbe2a805d-rtx3080_topk_gate_release_v2,topk_gate.release.main.e64_t4096,topk_gate,cuda_naive,L1_kernel_body,warm,5,5,150,14.6483200788,14.597120284999999,18.0326402187,14.630775419872,1.6030017345299947,0.10956368945098734,True
20260803T181855Z-86cfbe2a805d-rtx3080_topk_gate_release_v2,topk_gate.release.main.e64_t4096,topk_gate,cuda_naive,L2_operator_steady,warm,5,5,150,14.5510399342,14.6329605579,24.32870328429,15.993173344926,3.6299087891807553,0.2269661380449166,True
20260803T181855Z-86cfbe2a805d-rtx3080_topk_gate_release_v2,topk_gate.release.main.e64_t4096,topk_gate,cuda_subwarp_pair_top2_v2,L1_kernel_body,warm,5,5,150,13.2454395294,13.245439529399999,21.203968405725,13.708492787678667,2.6792282326774655,0.19544294724257236,False
20260803T181855Z-86cfbe2a805d-rtx3080_topk_gate_release_v2,topk_gate.release.main.e64_t4096,topk_gate,cuda_subwarp_pair_top2_v2,L2_operator_steady,warm,5,5,150,13.1891202927,13.2505595684,15.497215986289998,13.548270901046,0.9831197360222055,0.07256422189980741,False
20260803T181855Z-86cfbe2a805d-rtx3080_topk_gate_release_v2,topk_gate.release.main.e64_t4096,topk_gate,cuda_vector_pair_top2_v3,L1_kernel_body,warm,5,5,150,9.52319979668,9.589760005475,33.029631853089995,13.943876198930065,8.927061020755941,0.6402137320640389,False
20260803T181855Z-86cfbe2a805d-rtx3080_topk_gate_release_v2,topk_gate.release.main.e64_t4096,topk_gate,cuda_vector_pair_top2_v3,L2_operator_steady,warm,5,5,150,10.4908800125,10.5164802074,23.29804766182999,12.932778684299333,5.658259850579706,0.43751308119491394,False
20260803T181855Z-86cfbe2a805d-rtx3080_topk_gate_release_v2,topk_gate.release.main.e64_t4096,topk_gate,cuda_warp_pair_top2_v1,L1_kernel_body,warm,5,5,150,13.0099201202,13.0355203152,14.133248209959996,13.103240537642,0.5568624230775987,0.04249806919730172,False
20260803T181855Z-86cfbe2a805d-rtx3080_topk_gate_release_v2,topk_gate.release.main.e64_t4096,topk_gate,cuda_warp_pair_top2_v1,L2_operator_steady,warm,5,5,150,12.9945600033,12.9535996914,14.07846391199,12.6368426402422,1.080960373011182,0.08554038408050195,False
20260803T181855Z-86cfbe2a805d-rtx3080_topk_gate_release_v2,topk_gate.release.main.e64_t512,topk_gate,cuda_local_pair_two_reduce_top2_v4,L1_kernel_body,warm,5,5,150,8.38144004345,8.50943982601,20.471808910344997,10.849757834277334,4.778703670462073,0.4404433484556539,False
20260803T181855Z-86cfbe2a805d-rtx3080_topk_gate_release_v2,topk_gate.release.main.e64_t512,topk_gate,cuda_local_pair_two_reduce_top2_v4,L2_operator_steady,warm,5,5,150,8.43775987625,8.540160059929999,32.507391572,13.185228749117801,9.564530524538903,0.7253973902560353,False
20260803T181855Z-86cfbe2a805d-rtx3080_topk_gate_release_v2,topk_gate.release.main.e64_t512,topk_gate,cuda_naive,L1_kernel_body,warm,5,5,150,14.0543997288,14.34624016285,25.0731521845,16.029900797210665,4.004330531865203,0.24980382489715652,True
20260803T181855Z-86cfbe2a805d-rtx3080_topk_gate_release_v2,topk_gate.release.main.e64_t512,topk_gate,cuda_naive,L2_operator_steady,warm,5,5,150,14.1721600294,14.300160408,22.616576552399998,15.929070981344,3.0782965092665218,0.19325022236838532,True
20260803T181855Z-86cfbe2a805d-rtx3080_topk_gate_release_v2,topk_gate.release.main.e64_t512,topk_gate,cuda_subwarp_pair_top2_v2,L1_kernel_body,warm,5,5,150,8.62720012665,8.821759819985001,21.724672913545,11.2557397524514,5.2090308622236385,0.4627888505585924,False
20260803T181855Z-86cfbe2a805d-rtx3080_topk_gate_release_v2,topk_gate.release.main.e64_t512,topk_gate,cuda_subwarp_pair_top2_v2,L2_operator_steady,warm,5,5,150,8.58624011278,8.780800104145,22.114815115945,11.3100117127098,5.367901962473536,0.47461506661759456,False
20260803T181855Z-86cfbe2a805d-rtx3080_topk_gate_release_v2,topk_gate.release.main.e64_t512,topk_gate,cuda_vector_pair_top2_v3,L1_kernel_body,warm,5,5,150,8.82687985897,8.78592014313,21.4584308863,11.1230975349742,5.15329329624983,0.46329660241190923,False
20260803T181855Z-86cfbe2a805d-rtx3080_topk_gate_release_v2,topk_gate.release.main.e64_t512,topk_gate,cuda_vector_pair_top2_v3,L2_operator_steady,warm,5,5,150,8.41728001833,8.663039803505,21.572095751745,11.109102888901333,5.218348607240308,0.4697362747854063,False
20260803T181855Z-86cfbe2a805d-rtx3080_topk_gate_release_v2,topk_gate.release.main.e64_t512,topk_gate,cuda_warp_pair_top2_v1,L1_kernel_body,warm,5,5,150,8.61184000969,8.596479892729999,10.0408321619,9.037004804612467,2.1015180712632815,0.2325458618978128,False
20260803T181855Z-86cfbe2a805d-rtx3080_topk_gate_release_v2,topk_gate.release.main.e64_t512,topk_gate,cuda_warp_pair_top2_v1,L2_operator_steady,warm,5,5,150,8.70400011539,8.60159993172,9.46175992489,8.623377068837733,0.4957433608333379,0.05748830845224244,False
20260803T181855Z-86cfbe2a805d-rtx3080_topk_gate_release_v2,topk_gate.release.main.e64_t64,topk_gate,cuda_local_pair_two_reduce_top2_v4,L1_kernel_body,warm,5,5,150,8.43775987625,8.43775987625,9.03168022633,8.435985080401,0.4299023841462965,0.05096054343968343,False
20260803T181855Z-86cfbe2a805d-rtx3080_topk_gate_release_v2,topk_gate.release.main.e64_t64,topk_gate,cuda_local_pair_two_reduce_top2_v4,L2_operator_steady,warm,5,5,150,8.40703994036,8.42751979828,8.893951773643499,8.432776502767933,0.30031606231745733,0.03561295170325966,False
20260803T181855Z-86cfbe2a805d-rtx3080_topk_gate_release_v2,topk_gate.release.main.e64_t64,topk_gate,cuda_naive,L1_kernel_body,warm,5,5,150,9.44127976894,9.48736011982,20.062208175644997,11.2111615816738,3.854956004567391,0.34384983005408215,True
20260803T181855Z-86cfbe2a805d-rtx3080_topk_gate_release_v2,topk_gate.release.main.e64_t64,topk_gate,cuda_naive,L2_operator_steady,warm,5,5,150,9.52319979668,9.589760005475,21.601279973989996,11.520204850039667,4.275464031164157,0.37112743104992924,True
20260803T181855Z-86cfbe2a805d-rtx3080_topk_gate_release_v2,topk_gate.release.main.e64_t64,topk_gate,cuda_subwarp_pair_top2_v2,L1_kernel_body,warm,5,5,150,8.40704023838,8.545280098915,21.1102730036,11.061862421035332,5.073058406243811,0.45860798237707595,False
20260803T181855Z-86cfbe2a805d-rtx3080_topk_gate_release_v2,topk_gate.release.main.e64_t64,topk_gate,cuda_subwarp_pair_top2_v2,L2_operator_steady,warm,5,5,150,8.50944012403,8.432639837265,22.185471653945,11.211093294620733,5.5922652548484235,0.49881533476593976,False
20260803T181855Z-86cfbe2a805d-rtx3080_topk_gate_release_v2,topk_gate.release.main.e64_t64,topk_gate,cuda_vector_pair_top2_v3,L1_kernel_body,warm,5,5,150,8.41215997934,8.473600149155,10.11353605989,8.719496540229134,1.4393986515139803,0.16507818368560936,False
20260803T181855Z-86cfbe2a805d-rtx3080_topk_gate_release_v2,topk_gate.release.main.e64_t64,topk_gate,cuda_vector_pair_top2_v3,L2_operator_steady,warm,5,5,150,9.01632010937,9.04191970825,21.6632324457,11.325508312383201,5.171755451444268,0.4566466518584001,False
20260803T181855Z-86cfbe2a805d-rtx3080_topk_gate_release_v2,topk_gate.release.main.e64_t64,topk_gate,cuda_warp_pair_top2_v1,L1_kernel_body,warm,5,5,150,8.40191990137,8.540160059929999,21.9852805138,11.164330665269267,5.385834487301294,0.4824144544603916,False
20260803T181855Z-86cfbe2a805d-rtx3080_topk_gate_release_v2,topk_gate.release.main.e64_t64,topk_gate,cuda_warp_pair_top2_v1,L2_operator_steady,warm,5,5,150,8.62208008766,8.632320165635,21.585919857,11.1966890732454,5.193319443001598,0.4638263516141648,False
20260803T181855Z-86cfbe2a805d-rtx3080_topk_gate_release_v2,topk_gate.release.main.e64_t8,topk_gate,cuda_local_pair_two_reduce_top2_v4,L1_kernel_body,warm,5,5,150,8.40191990137,8.299520015715,9.2021760046485,8.385331209500468,0.42718175538007735,0.05094393348423568,False
20260803T181855Z-86cfbe2a805d-rtx3080_topk_gate_release_v2,topk_gate.release.main.e64_t8,topk_gate,cuda_local_pair_two_reduce_top2_v4,L2_operator_steady,warm,5,5,150,8.46847981215,8.57600003481,20.332031846045002,10.889693848292934,4.699510498808258,0.43155579617556944,False
20260803T181855Z-86cfbe2a805d-rtx3080_topk_gate_release_v2,topk_gate.release.main.e64_t8,topk_gate,cuda_naive,L1_kernel_body,warm,5,5,150,9.73311990499,9.855999946595,10.941951870899999,9.876275181769934,0.693800322772297,0.07024918909235582,True
20260803T181855Z-86cfbe2a805d-rtx3080_topk_gate_release_v2,topk_gate.release.main.e64_t8,topk_gate,cuda_naive,L2_operator_steady,warm,5,5,150,9.75359976292,9.835520088675,23.758847713445,12.4554581244766,5.555339478494756,0.44601647109051645,True
20260803T181855Z-86cfbe2a805d-rtx3080_topk_gate_release_v2,topk_gate.release.main.e64_t8,topk_gate,cuda_subwarp_pair_top2_v2,L1_kernel_body,warm,5,5,150,8.29439997673,8.40704023838,52.70374345780499,13.974869322776733,14.099160610790053,1.0088939141499338,False
20260803T181855Z-86cfbe2a805d-rtx3080_topk_gate_release_v2,topk_gate.release.main.e64_t8,topk_gate,cuda_subwarp_pair_top2_v2,L2_operator_steady,warm,5,5,150,8.5811200738,8.72447997332,21.734912991499996,11.265843236446534,5.253946695772693,0.46636071401876616,False
20260803T181855Z-86cfbe2a805d-rtx3080_topk_gate_release_v2,topk_gate.release.main.e64_t8,topk_gate,cuda_vector_pair_top2_v3,L1_kernel_body,warm,5,5,150,8.33024024963,8.401920199395,9.183743864297998,8.443699216842132,0.4888936426198709,0.05790040953196255,False
20260803T181855Z-86cfbe2a805d-rtx3080_topk_gate_release_v2,topk_gate.release.main.e64_t8,topk_gate,cuda_vector_pair_top2_v3,L2_operator_steady,warm,5,5,150,8.16127985716,8.340480029585,20.870143175145,10.758075682320733,5.041623139330632,0.4686361472261973,False
20260803T181855Z-86cfbe2a805d-rtx3080_topk_gate_release_v2,topk_gate.release.main.e64_t8,topk_gate,cuda_warp_pair_top2_v1,L1_kernel_body,warm,5,5,150,8.47360014915,8.412159979345,21.683712601645,10.948676224549134,5.345796224216858,0.48825959545963266,False
20260803T181855Z-86cfbe2a805d-rtx3080_topk_gate_release_v2,topk_gate.release.main.e64_t8,topk_gate,cuda_warp_pair_top2_v1,L2_operator_steady,warm,5,5,150,8.28416019678,8.360959887505,75.05612730978,21.337224507330866,26.224659572816567,1.2290567390246334,False
20260803T181855Z-86cfbe2a805d-rtx3080_topk_gate_release_v2,topk_gate.release.main.e7_t1,topk_gate,cuda_local_pair_two_reduce_top2_v4,L1_kernel_body,warm,5,5,150,8.94464015961,8.93952012062,10.068992376344998,8.97228799661,0.5464464275489674,0.0609037993157856,False
20260803T181855Z-86cfbe2a805d-rtx3080_topk_gate_release_v2,topk_gate.release.main.e7_t1,topk_gate,cuda_local_pair_two_reduce_top2_v4,L2_operator_steady,warm,5,5,150,8.92416000366,8.85760009289,9.534463882447,8.825992524623933,0.48858847594114413,0.05535790729235434,False
20260803T181855Z-86cfbe2a805d-rtx3080_topk_gate_release_v2,topk_gate.release.main.e7_t1,topk_gate,cuda_naive,L1_kernel_body,warm,5,5,150,8.02303999662,8.03839981556,32.0261126757,12.760541880131866,9.632573656338034,0.7548718343486595,True
20260803T181855Z-86cfbe2a805d-rtx3080_topk_gate_release_v2,topk_gate.release.main.e7_t1,topk_gate,cuda_naive,L2_operator_steady,warm,5,5,150,8.16640019417,8.217599987985,20.747264623645002,10.647142414251867,5.018964294803949,0.4713907356105006,True
20260803T181855Z-86cfbe2a805d-rtx3080_topk_gate_release_v2,topk_gate.release.main.e7_t1,topk_gate,cuda_subwarp_pair_top2_v2,L1_kernel_body,warm,5,5,150,8.92416000366,9.093120098115,20.9976321459,11.419238404433132,4.785426937252187,0.41906708379031715,False
20260803T181855Z-86cfbe2a805d-rtx3080_topk_gate_release_v2,topk_gate.release.main.e7_t1,topk_gate,cuda_subwarp_pair_top2_v2,L2_operator_steady,warm,5,5,150,8.75007987022,8.73471975327,9.534463882447,8.620578122138532,0.59979644767095,0.06957728810908992,False
20260803T181855Z-86cfbe2a805d-rtx3080_topk_gate_release_v2,topk_gate.release.main.e7_t1,topk_gate,cuda_vector_pair_top2_v3,L1_kernel_body,warm,5,5,150,9.02655988932,9.077759981155,21.6371202469,11.530103429158267,5.048454092377502,0.4378498530733522,False
20260803T181855Z-86cfbe2a805d-rtx3080_topk_gate_release_v2,topk_gate.release.main.e7_t1,topk_gate,cuda_vector_pair_top2_v3,L2_operator_steady,warm,5,5,150,8.94975990057,8.872960209845001,9.5288318395635,8.830225050449267,0.4819455005846509,0.0545790733340517,False
20260803T181855Z-86cfbe2a805d-rtx3080_topk_gate_release_v2,topk_gate.release.main.e7_t1,topk_gate,cuda_warp_pair_top2_v1,L1_kernel_body,warm,5,5,150,9.08800005913,9.12383973598,20.890623331045,11.421491201718666,4.703269421911585,0.411791187231651,False
20260803T181855Z-86cfbe2a805d-rtx3080_topk_gate_release_v2,topk_gate.release.main.e7_t1,topk_gate,cuda_warp_pair_top2_v1,L2_operator_steady,warm,5,5,150,9.03679996729,9.05727982521,22.4153590202,11.6701184193288,5.3811383827717005,0.46110400849567335,False
20260803T181855Z-86cfbe2a805d-rtx3080_topk_gate_release_v2,topk_gate.release.main.e7_t1024,topk_gate,cuda_local_pair_two_reduce_top2_v4,L1_kernel_body,warm,5,5,150,9.01120007038,9.00095999241,21.5301114321,11.387289599577866,5.0560909881025715,0.4440118031502425,False
20260803T181855Z-86cfbe2a805d-rtx3080_topk_gate_release_v2,topk_gate.release.main.e7_t1024,topk_gate,cuda_local_pair_two_reduce_top2_v4,L2_operator_steady,warm,5,5,150,8.82688015699,8.74495983124,10.925568282634998,8.906547212601666,0.8931642827285443,0.10028176591988723,False
20260803T181855Z-86cfbe2a805d-rtx3080_topk_gate_release_v2,topk_gate.release.main.e7_t1024,topk_gate,cuda_naive,L1_kernel_body,warm,5,5,150,8.38144004345,8.34560006857,9.0475517511335,8.4115456263226,0.48039384882711184,0.05711124568162543,True
20260803T181855Z-86cfbe2a805d-rtx3080_topk_gate_release_v2,topk_gate.release.main.e7_t1024,topk_gate,cuda_naive,L2_operator_steady,warm,5,5,150,8.31488013268,8.299520015715,9.0782719850535,8.7416149099668,4.560361881070624,0.5216841428087964,True
20260803T181855Z-86cfbe2a805d-rtx3080_topk_gate_release_v2,topk_gate.release.main.e7_t1024,topk_gate,cuda_subwarp_pair_top2_v2,L1_kernel_body,warm,5,5,150,8.80127996206,8.872960209845001,21.655040383345,11.2634538769732,5.166134577441997,0.4586634467428813,False
20260803T181855Z-86cfbe2a805d-rtx3080_topk_gate_release_v2,topk_gate.release.main.e7_t1024,topk_gate,cuda_subwarp_pair_top2_v2,L2_operator_steady,warm,5,5,150,8.89855980873,8.96000027657,11.016191780569997,9.108138656616466,0.7521521288260039,0.08258022381769678,False
20260803T181855Z-86cfbe2a805d-rtx3080_topk_gate_release_v2,topk_gate.release.main.e7_t1024,topk_gate,cuda_vector_pair_top2_v3,L1_kernel_body,warm,5,5,150,8.94975990057,9.006080031395001,21.120513081545,11.286050180593866,4.912150568570504,0.43524089384405246,False
20260803T181855Z-86cfbe2a805d-rtx3080_topk_gate_release_v2,topk_gate.release.main.e7_t1024,topk_gate,cuda_vector_pair_top2_v3,L2_operator_steady,warm,5,5,150,9.05727982521,9.108480215075,43.82361459732999,15.822506646315933,13.555062203991737,0.8566949919498286,False
20260803T181855Z-86cfbe2a805d-rtx3080_topk_gate_release_v2,topk_gate.release.main.e7_t1024,topk_gate,cuda_warp_pair_top2_v1,L1_kernel_body,warm,5,5,150,8.09984028339,8.156160116195,22.206975817645,10.908467229208332,5.616556836263579,0.5148804793788792,False
20260803T181855Z-86cfbe2a805d-rtx3080_topk_gate_release_v2,topk_gate.release.main.e7_t1024,topk_gate,cuda_warp_pair_top2_v1,L2_operator_steady,warm,5,5,150,8.89343976974,8.893439769745001,22.862336039545,11.473920011520134,5.702450082105518,0.4969923161726855,False
20260803T181855Z-86cfbe2a805d-rtx3080_topk_gate_release_v2,topk_gate.release.main.e7_t128,topk_gate,cuda_local_pair_two_reduce_top2_v4,L1_kernel_body,warm,5,5,150,9.09311980009,9.0623998642,21.233151555045,11.379029333589466,4.915008019856895,0.43193561381799134,False
20260803T181855Z-86cfbe2a805d-rtx3080_topk_gate_release_v2,topk_gate.release.main.e7_t128,topk_gate,cuda_local_pair_two_reduce_top2_v4,L2_operator_steady,warm,5,5,150,9.02143985033,9.05215978622,11.357183992845,9.354513065017933,0.9526617865457349,0.10183980501436271,False
20260803T181855Z-86cfbe2a805d-rtx3080_topk_gate_release_v2,topk_gate.release.main.e7_t128,topk_gate,cuda_naive,L1_kernel_body,warm,5,5,150,7.8540802002,8.01792025566,21.1865592003,10.582425582408668,5.2686419233784285,0.49786713663610116,True
20260803T181855Z-86cfbe2a805d-rtx3080_topk_gate_release_v2,topk_gate.release.main.e7_t128,topk_gate,cuda_naive,L2_operator_steady,warm,5,5,150,8.12031984329,8.12031984329,20.4139524698,10.470126974584067,4.938480544616356,0.47167341490741954,True
20260803T181855Z-86cfbe2a805d-rtx3080_topk_gate_release_v2,topk_gate.release.main.e7_t128,topk_gate,cuda_subwarp_pair_top2_v2,L1_kernel_body,warm,5,5,150,9.05727982521,9.04191970825,20.7621127367,11.216759435335733,4.778356686360013,0.42600153046939176,False
20260803T181855Z-86cfbe2a805d-rtx3080_topk_gate_release_v2,topk_gate.release.main.e7_t128,topk_gate,cuda_subwarp_pair_top2_v2,L2_operator_steady,warm,5,5,150,9.01632010937,9.07263994217,68.50201654432999,20.397465519112,22.8327569265354,1.119391862932264,False
20260803T181855Z-86cfbe2a805d-rtx3080_topk_gate_release_v2,topk_gate.release.main.e7_t128,topk_gate,cuda_vector_pair_top2_v3,L1_kernel_body,warm,5,5,150,8.59647989273,8.729600012305,9.524223804472499,8.710894926388335,0.509557768199985,0.058496603679187666,False
20260803T181855Z-86cfbe2a805d-rtx3080_topk_gate_release_v2,topk_gate.release.main.e7_t128,topk_gate,cuda_vector_pair_top2_v3,L2_operator_steady,warm,5,5,150,8.92928004265,8.96000027657,21.36934459209,11.306871430078266,5.007639753220998,0.44288464622493146,False
20260803T181855Z-86cfbe2a805d-rtx3080_topk_gate_release_v2,topk_gate.release.main.e7_t128,topk_gate,cuda_warp_pair_top2_v1,L1_kernel_body,warm,5,5,150,8.96512001753,8.965120017530001,11.326975762824997,9.171967983246732,1.0236707063711863,0.11160862186185073,False
20260803T181855Z-86cfbe2a805d-rtx3080_topk_gate_release_v2,topk_gate.release.main.e7_t128,topk_gate,cuda_warp_pair_top2_v1,L2_operator_steady,warm,5,5,150,8.90367984772,8.872960209845001,9.4648322165045,8.759295996030401,0.4744926364790717,0.05417017950918722,False
20260803T181855Z-86cfbe2a805d-rtx3080_topk_gate_release_v2,topk_gate.release.main.e7_t16,topk_gate,cuda_local_pair_two_reduce_top2_v4,L1_kernel_body,warm,5,5,150,8.80127996206,8.811519742015,9.513983994724999,8.751035714149532,0.48477664424016337,0.05539648792157584,False
20260803T181855Z-86cfbe2a805d-rtx3080_topk_gate_release_v2,topk_gate.release.main.e7_t16,topk_gate,cuda_local_pair_two_reduce_top2_v4,L2_operator_steady,warm,5,5,150,9.01120007038,9.05215978622,21.3811206818,11.4638848304756,4.96325891031785,0.43294738072764993,False
20260803T181855Z-86cfbe2a805d-rtx3080_topk_gate_release_v2,topk_gate.release.main.e7_t16,topk_gate,cuda_naive,L1_kernel_body,warm,5,5,150,8.26880007982,8.20223987103,9.42080020905,8.269414401054334,0.6342261803175102,0.07669541633282372,True
20260803T181855Z-86cfbe2a805d-rtx3080_topk_gate_release_v2,topk_gate.release.main.e7_t16,topk_gate,cuda_naive,L2_operator_steady,warm,5,5,150,7.87455976009,7.93600022793,20.4195845127,10.368887412548066,5.0250445481073305,0.48462716858379584,True
20260803T181855Z-86cfbe2a805d-rtx3080_topk_gate_release_v2,topk_gate.release.main.e7_t16,topk_gate,cuda_subwarp_pair_top2_v2,L1_kernel_body,warm,5,5,150,8.93952012062,8.903679847715,9.550336003306,8.8599210580192,0.5303649657377795,0.05986113897230958,False
20260803T181855Z-86cfbe2a805d-rtx3080_topk_gate_release_v2,topk_gate.release.main.e7_t16,topk_gate,cuda_subwarp_pair_top2_v2,L2_operator_steady,warm,5,5,150,9.01632010937,8.99071991444,9.586687952281999,8.976725323995334,0.4209132619209101,0.04688939972305751,False
20260803T181855Z-86cfbe2a805d-rtx3080_topk_gate_release_v2,topk_gate.release.main.e7_t16,topk_gate,cuda_vector_pair_top2_v3,L1_kernel_body,warm,5,5,150,9.07775998116,9.10336017609,49.97119808194496,14.518954646586666,10.931463121207782,0.7529097918752515,False
20260803T181855Z-86cfbe2a805d-rtx3080_topk_gate_release_v2,topk_gate.release.main.e7_t16,topk_gate,cuda_vector_pair_top2_v3,L2_operator_steady,warm,5,5,150,8.99583995342,9.041920006275,21.21356749534,11.4033898194622,4.921892161881564,0.43161658417406334,False
20260803T181855Z-86cfbe2a805d-rtx3080_topk_gate_release_v2,topk_gate.release.main.e7_t16,topk_gate,cuda_warp_pair_top2_v1,L1_kernel_body,warm,5,5,150,9.13408011198,9.08895999193,51.685886859915,14.8409471511828,14.125693808385966,0.9518054113722905,False
20260803T181855Z-86cfbe2a805d-rtx3080_topk_gate_release_v2,topk_gate.release.main.e7_t16,topk_gate,cuda_warp_pair_top2_v1,L2_operator_steady,warm,5,5,150,8.89855980873,8.73471975327,9.55392003059,8.7560874938964,0.4487409671984563,0.051249027320850765,False
20260803T181855Z-86cfbe2a805d-rtx3080_topk_gate_release_v2,topk_gate.release.main.e7_t2,topk_gate,cuda_local_pair_two_reduce_top2_v4,L1_kernel_body,warm,5,5,150,9.01120007038,8.95488023758,9.74847972393,8.945390927791333,0.4731136031137361,0.05288909192821051,False
20260803T181855Z-86cfbe2a805d-rtx3080_topk_gate_release_v2,topk_gate.release.main.e7_t2,topk_gate,cuda_local_pair_two_reduce_top2_v4,L2_operator_steady,warm,5,5,150,9.00095999241,9.067519903185,21.2229114771,11.3489919940624,4.920765630832853,0.4335861399327195,False
20260803T181855Z-86cfbe2a805d-rtx3080_topk_gate_release_v2,topk_gate.release.main.e7_t2,topk_gate,cuda_naive,L1_kernel_body,warm,5,5,150,8.16127985716,8.2483202219,9.179648101328997,8.319931741555534,0.5702662167467696,0.06854217491935215,True
20260803T181855Z-86cfbe2a805d-rtx3080_topk_gate_release_v2,topk_gate.release.main.e7_t2,topk_gate,cuda_naive,L2_operator_steady,warm,5,5,150,8.14079999924,8.069120049475,9.026559859513998,8.138683724402933,0.5070282957748804,0.06229856238971577,True
20260803T181855Z-86cfbe2a805d-rtx3080_topk_gate_release_v2,topk_gate.release.main.e7_t2,topk_gate,cuda_subwarp_pair_top2_v2,L1_kernel_body,warm,5,5,150,9.0316799283,9.093120098115,20.823551893235,11.347558414936533,4.728399920387045,0.416688749023152,False
20260803T181855Z-86cfbe2a805d-rtx3080_topk_gate_release_v2,topk_gate.release.main.e7_t2,topk_gate,cuda_subwarp_pair_top2_v2,L2_operator_steady,warm,5,5,150,8.97535979748,8.893439769745001,9.5697921514535,8.7924736022944,0.5695517985546191,0.06477719744373123,False
20260803T181855Z-86cfbe2a805d-rtx3080_topk_gate_release_v2,topk_gate.release.main.e7_t2,topk_gate,cuda_vector_pair_top2_v3,L1_kernel_body,warm,5,5,150,8.94464015961,9.04191970825,28.58854377273496,12.675618092219734,9.168649870475168,0.7233296083685943,False
20260803T181855Z-86cfbe2a805d-rtx3080_topk_gate_release_v2,topk_gate.release.main.e7_t2,topk_gate,cuda_vector_pair_top2_v3,L2_operator_steady,warm,5,5,150,9.02144014835,8.975359797475,63.312896251705,19.189077325660733,20.960994605068887,1.0923398894765328,False
20260803T181855Z-86cfbe2a805d-rtx3080_topk_gate_release_v2,topk_gate.release.main.e7_t2,topk_gate,cuda_warp_pair_top2_v1,L1_kernel_body,warm,5,5,150,8.92416000366,8.965120017530001,20.98030447959,11.248494954904732,4.85373247028968,0.4315006131707678,False
20260803T181855Z-86cfbe2a805d-rtx3080_topk_gate_release_v2,topk_gate.release.main.e7_t2,topk_gate,cuda_warp_pair_top2_v1,L2_operator_steady,warm,5,5,150,9.02143985033,9.03679996729,10.565119832733481,9.1630250294996,0.638790769506975,0.06971396099546176,False
20260803T181855Z-86cfbe2a805d-rtx3080_topk_gate_release_v2,topk_gate.release.main.e7_t2048,topk_gate,cuda_local_pair_two_reduce_top2_v4,L1_kernel_body,warm,5,5,150,8.38656008244,8.40704023838,21.0944008827,10.832008560496801,5.1465827673934275,0.4751272802869151,False
20260803T181855Z-86cfbe2a805d-rtx3080_topk_gate_release_v2,topk_gate.release.main.e7_t2048,topk_gate,cuda_local_pair_two_reduce_top2_v4,L2_operator_steady,warm,5,5,150,8.89343976974,8.9087998867,21.280767917645,11.267071950434067,5.010931504837967,0.44474123595571075,False
20260803T181855Z-86cfbe2a805d-rtx3080_topk_gate_release_v2,topk_gate.release.main.e7_t2048,topk_gate,cuda_naive,L1_kernel_body,warm,5,5,150,8.28927993774,8.535040020945,21.2229114771,10.985267213980332,5.063579294632417,0.46094275141421087,True
20260803T181855Z-86cfbe2a805d-rtx3080_topk_gate_release_v2,topk_gate.release.main.e7_t2048,topk_gate,cuda_naive,L2_operator_steady,warm,5,5,150,8.39168012142,8.601599931715,21.162495017045,11.818052220344732,5.74545518576697,0.4861592315420802,True
20260803T181855Z-86cfbe2a805d-rtx3080_topk_gate_release_v2,topk_gate.release.main.e7_t2048,topk_gate,cuda_subwarp_pair_top2_v2,L1_kernel_body,warm,5,5,150,8.50943982601,8.504319787025,32.9011201859,12.777881586550802,9.124645513432808,0.7140968909147538,False
20260803T181855Z-86cfbe2a805d-rtx3080_topk_gate_release_v2,topk_gate.release.main.e7_t2048,topk_gate,cuda_subwarp_pair_top2_v2,L2_operator_steady,warm,5,5,150,8.4838399291,8.514559864995,9.1499519348135,8.514218664169599,0.4065467604226824,0.04774915661181616,False
20260803T181855Z-86cfbe2a805d-rtx3080_topk_gate_release_v2,topk_gate.release.main.e7_t2048,topk_gate,cuda_vector_pair_top2_v3,L1_kernel_body,warm,5,5,150,8.67839992046,8.847360014915001,83.308030605325,22.509090153376935,27.81853917620173,1.2358802149107853,False
20260803T181855Z-86cfbe2a805d-rtx3080_topk_gate_release_v2,topk_gate.release.main.e7_t2048,topk_gate,cuda_vector_pair_top2_v3,L2_operator_steady,warm,5,5,150,8.34559977055,8.49919974804,9.696768194434998,8.685977594057334,1.1822257477905296,0.13610739090547164,False
20260803T181855Z-86cfbe2a805d-rtx3080_topk_gate_release_v2,topk_gate.release.main.e7_t2048,topk_gate,cuda_warp_pair_top2_v1,L1_kernel_body,warm,5,5,150,10.2860796452,10.1836800575,21.6473603249,12.0995840350788,4.818604702960653,0.39824548422414185,False
20260803T181855Z-86cfbe2a805d-rtx3080_topk_gate_release_v2,topk_gate.release.main.e7_t2048,topk_gate,cuda_warp_pair_top2_v1,L2_operator_steady,warm,5,5,150,9.96863991022,9.661440253255,33.748479485489995,13.965380291141468,9.740571923621939,0.6974798910274278,False
20260803T181855Z-86cfbe2a805d-rtx3080_topk_gate_release_v2,topk_gate.release.main.e7_t256,topk_gate,cuda_local_pair_two_reduce_top2_v4,L1_kernel_body,warm,5,5,150,9.11871999502,9.108480215075,11.400191783889998,9.405849591890533,0.9376094858009263,0.09968365713707644,False
20260803T181855Z-86cfbe2a805d-rtx3080_topk_gate_release_v2,topk_gate.release.main.e7_t256,topk_gate,cuda_local_pair_two_reduce_top2_v4,L2_operator_steady,warm,5,5,150,9.04191970825,9.0316799283,12.446719944479998,9.432746656735867,1.9909468374004415,0.21106756174551963,False
20260803T181855Z-86cfbe2a805d-rtx3080_topk_gate_release_v2,topk_gate.release.main.e7_t256,topk_gate,cuda_naive,L1_kernel_body,warm,5,5,150,8.19712013006,8.18175971508,8.85760009289,8.287095463275733,1.640813679272081,0.19799623240052533,True
20260803T181855Z-86cfbe2a805d-rtx3080_topk_gate_release_v2,topk_gate.release.main.e7_t256,topk_gate,cuda_naive,L2_operator_steady,warm,5,5,150,8.16128015518,8.20223987103,8.85760009289,8.197324824333666,0.39630557596931854,0.048345720642042865,True
20260803T181855Z-86cfbe2a805d-rtx3080_topk_gate_release_v2,topk_gate.release.main.e7_t256,topk_gate,cuda_subwarp_pair_top2_v2,L1_kernel_body,warm,5,5,150,8.93952012062,8.975359797475,9.927680164574,9.046220799287266,0.581116489167197,0.0642385922321266,False
20260803T181855Z-86cfbe2a805d-rtx3080_topk_gate_release_v2,topk_gate.release.main.e7_t256,topk_gate,cuda_subwarp_pair_top2_v2,L2_operator_steady,warm,5,5,150,9.04703974724,9.01120007038,9.5493119955035,9.021849616368932,0.34222214566663045,0.03793259256347106,False
20260803T181855Z-86cfbe2a805d-rtx3080_topk_gate_release_v2,topk_gate.release.main.e7_t256,topk_gate,cuda_vector_pair_top2_v3,L1_kernel_body,warm,5,5,150,9.05727982521,9.0623998642,51.467262506500006,14.6651135365168,13.91835784929239,0.9490794472634013,False
20260803T181855Z-86cfbe2a805d-rtx3080_topk_gate_release_v2,topk_gate.release.main.e7_t256,topk_gate,cuda_vector_pair_top2_v3,L2_operator_steady,warm,5,5,150,9.02144014835,9.016320109365001,58.283519268055,18.499379161994,19.168494849834385,1.0361696293687006,False
20260803T181855Z-86cfbe2a805d-rtx3080_topk_gate_release_v2,topk_gate.release.main.e7_t256,topk_gate,cuda_warp_pair_top2_v1,L1_kernel_body,warm,5,5,150,8.76543998718,8.750079870225001,9.55392003059,8.8068778634068,0.4435222170877508,0.05036089110882495,False
20260803T181855Z-86cfbe2a805d-rtx3080_topk_gate_release_v2,topk_gate.release.main.e7_t256,topk_gate,cuda_warp_pair_top2_v1,L2_operator_steady,warm,5,5,150,8.94975990057,8.92928004265,9.58464026451,8.910848005612467,0.5003075815249848,0.05614590005461521,False
20260803T181855Z-86cfbe2a805d-rtx3080_topk_gate_release_v2,topk_gate.release.main.e7_t32,topk_gate,cuda_local_pair_two_reduce_top2_v4,L1_kernel_body,warm,5,5,150,9.03168022633,9.0982401371,20.372992157945,11.214847993850267,4.600614109217576,0.41022527561143507,False
20260803T181855Z-86cfbe2a805d-rtx3080_topk_gate_release_v2,topk_gate.release.main.e7_t32,topk_gate,cuda_local_pair_two_reduce_top2_v4,L2_operator_steady,warm,5,5,150,9.00095999241,8.99071991444,9.687552124257497,8.926412796974066,0.4936234052677731,0.05529919089503734,False
20260803T181855Z-86cfbe2a805d-rtx3080_topk_gate_release_v2,topk_gate.release.main.e7_t32,topk_gate,cuda_naive,L1_kernel_body,warm,5,5,150,7.96159982681,7.90527999401,8.7961602211,7.9757994691534,0.44029068206494676,0.0552033289913797,True
20260803T181855Z-86cfbe2a805d-rtx3080_topk_gate_release_v2,topk_gate.release.main.e7_t32,topk_gate,cuda_naive,L2_operator_steady,warm,5,5,150,7.97695994377,8.186879754065,20.342271924000002,10.560580285388466,4.890344650928972,0.4630753726379234,True
20260803T181855Z-86cfbe2a805d-rtx3080_topk_gate_release_v2,topk_gate.release.main.e7_t32,topk_gate,cuda_subwarp_pair_top2_v2,L1_kernel_body,warm,5,5,150,9.01120007038,8.98559987545,9.6005117893235,8.926412796973466,0.5099247351849345,0.057125381357876086,False
20260803T181855Z-86cfbe2a805d-rtx3080_topk_gate_release_v2,topk_gate.release.main.e7_t32,topk_gate,cuda_subwarp_pair_top2_v2,L2_operator_steady,warm,5,5,150,9.0623998642,9.07263994217,22.20236778259,11.5061418056482,5.176791634959944,0.44991550794365587,False
20260803T181855Z-86cfbe2a805d-rtx3080_topk_gate_release_v2,topk_gate.release.main.e7_t32,topk_gate,cuda_vector_pair_top2_v3,L1_kernel_body,warm,5,5,150,9.06751990318,9.03679996729,10.507264137244999,9.174562128384467,0.6314013677667933,0.06882087220417304,False
20260803T181855Z-86cfbe2a805d-rtx3080_topk_gate_release_v2,topk_gate.release.main.e7_t32,topk_gate,cuda_vector_pair_top2_v3,L2_operator_steady,warm,5,5,150,9.02144014835,8.92928004265,21.1102730036,11.260518364111467,4.94002714296668,0.4387033512339094,False
20260803T181855Z-86cfbe2a805d-rtx3080_topk_gate_release_v2,topk_gate.release.main.e7_t32,topk_gate,cuda_warp_pair_top2_v1,L1_kernel_body,warm,5,5,150,9.0623998642,9.16480004787,20.9054714441,11.416439473631401,4.758013660195088,0.41676861434641616,False
20260803T181855Z-86cfbe2a805d-rtx3080_topk_gate_release_v2,topk_gate.release.main.e7_t32,topk_gate,cuda_warp_pair_top2_v1,L2_operator_steady,warm,5,5,150,8.96512001753,8.89855980873,9.5196160376085,8.864290126164866,0.42306938210425493,0.04772738437965544,False
20260803T181855Z-86cfbe2a805d-rtx3080_topk_gate_release_v2,topk_gate.release.main.e7_t4,topk_gate,cuda_local_pair_two_reduce_top2_v4,L1_kernel_body,warm,5,5,150,8.96512001753,8.934400081635,9.794560015201998,8.991129557291066,0.4494537640970388,0.04998857609971472,False
20260803T181855Z-86cfbe2a805d-rtx3080_topk_gate_release_v2,topk_gate.release.main.e7_t4,topk_gate,cuda_local_pair_two_reduce_top2_v4,L2_operator_steady,warm,5,5,150,9.01632010937,8.924160003665,9.56416010857,8.989013361931,0.5751580100363758,0.06398455390801884,False
20260803T181855Z-86cfbe2a805d-rtx3080_topk_gate_release_v2,topk_gate.release.main.e7_t4,topk_gate,cuda_naive,L1_kernel_body,warm,5,5,150,8.11007976532,8.176639974115,20.864511132245,10.620324269930867,5.088123411367305,0.479093037278835,True
20260803T181855Z-86cfbe2a805d-rtx3080_topk_gate_release_v2,topk_gate.release.main.e7_t4,topk_gate,cuda_naive,L2_operator_steady,warm,5,5,150,9.95328009129,9.95328009129,21.4323210716,13.701597865423,5.968509321566352,0.43560680879624475,True
20260803T181855Z-86cfbe2a805d-rtx3080_topk_gate_release_v2,topk_gate.release.main.e7_t4,topk_gate,cuda_subwarp_pair_top2_v2,L1_kernel_body,warm,5,5,150,9.05216008425,9.07263994217,22.3129606247,11.648750933010266,5.3586749026682625,0.4600214163290961,False
20260803T181855Z-86cfbe2a805d-rtx3080_topk_gate_release_v2,topk_gate.release.main.e7_t4,topk_gate,cuda_subwarp_pair_top2_v2,L2_operator_steady,warm,5,5,150,8.9087998867,8.903679847715,9.4684159755705,8.859784515698667,0.40033657335109446,0.045185813790587954,False
20260803T181855Z-86cfbe2a805d-rtx3080_topk_gate_release_v2,topk_gate.release.main.e7_t4,topk_gate,cuda_vector_pair_top2_v3,L1_kernel_body,warm,5,5,150,8.91903996468,9.03679996729,59.38944029807499,18.862967495126,19.84421498757101,1.052019783880694,False
20260803T181855Z-86cfbe2a805d-rtx3080_topk_gate_release_v2,topk_gate.release.main.e7_t4,topk_gate,cuda_vector_pair_top2_v3,L2_operator_steady,warm,5,5,150,8.92928004265,8.88831973076,9.458175897596,8.86606506904,0.4138307073173094,0.0466758030868048,False
20260803T181855Z-86cfbe2a805d-rtx3080_topk_gate_release_v2,topk_gate.release.main.e7_t4,topk_gate,cuda_warp_pair_top2_v1,L1_kernel_body,warm,5,5,150,8.59648019075,8.69376003742,9.709055960182498,8.7145130634312,0.7335281052560384,0.08417316032655339,False
20260803T181855Z-86cfbe2a805d-rtx3080_topk_gate_release_v2,topk_gate.release.main.e7_t4,topk_gate,cuda_warp_pair_top2_v1,L2_operator_steady,warm,5,5,150,9.06751990318,9.00095999241,9.5697921514535,8.977066659927067,0.4195363018037835,0.0467342304225679,False
20260803T181855Z-86cfbe2a805d-rtx3080_topk_gate_release_v2,topk_gate.release.main.e7_t4096,topk_gate,cuda_local_pair_two_reduce_top2_v4,L1_kernel_body,warm,5,5,150,8.212479949,8.27903985977,9.3250560760505,8.372770150502067,0.5405840570781121,0.06456454045208639,False
20260803T181855Z-86cfbe2a805d-rtx3080_topk_gate_release_v2,topk_gate.release.main.e7_t4096,topk_gate,cuda_local_pair_two_reduce_top2_v4,L2_operator_steady,warm,5,5,150,8.20223987103,8.2687997818,9.529855847356,8.365329066912333,0.6052606605146827,0.07235347894545961,False
20260803T181855Z-86cfbe2a805d-rtx3080_topk_gate_release_v2,topk_gate.release.main.e7_t4096,topk_gate,cuda_naive,L1_kernel_body,warm,5,5,150,8.34560006857,8.42751979828,21.126143813135,10.887236261367534,5.097674296139159,0.4682248252688186,True
20260803T181855Z-86cfbe2a805d-rtx3080_topk_gate_release_v2,topk_gate.release.main.e7_t4096,topk_gate,cuda_naive,L2_operator_steady,warm,5,5,150,8.83711993694,9.287680089475,71.54739189149498,20.963054927190267,23.680900460474998,1.1296493064929927,True
20260803T181855Z-86cfbe2a805d-rtx3080_topk_gate_release_v2,topk_gate.release.main.e7_t4096,topk_gate,cuda_subwarp_pair_top2_v2,L1_kernel_body,warm,5,5,150,8.14592003822,8.25856000185,9.490432083608496,8.3806890845294,0.6405312557480408,0.07642942594427585,False
20260803T181855Z-86cfbe2a805d-rtx3080_topk_gate_release_v2,topk_gate.release.main.e7_t4096,topk_gate,cuda_subwarp_pair_top2_v2,L2_operator_steady,warm,5,5,150,8.16639989614,8.299520015715,10.855424165744989,8.7714474439632,1.9844779121335827,0.22624292339565527,False
20260803T181855Z-86cfbe2a805d-rtx3080_topk_gate_release_v2,topk_gate.release.main.e7_t4096,topk_gate,cuda_vector_pair_top2_v3,L1_kernel_body,warm,5,5,150,8.05375993252,8.12031984329,32.60620832444501,12.963293822606,9.730436370581689,0.7506145045955294,False
20260803T181855Z-86cfbe2a805d-rtx3080_topk_gate_release_v2,topk_gate.release.main.e7_t4096,topk_gate,cuda_vector_pair_top2_v3,L2_operator_steady,warm,5,5,150,8.86783987284,9.01632010937,83.24659061431001,22.709794175624598,28.08609064398753,1.2367391103056997,False
20260803T181855Z-86cfbe2a805d-rtx3080_topk_gate_release_v2,topk_gate.release.main.e7_t4096,topk_gate,cuda_warp_pair_top2_v1,L1_kernel_body,warm,5,5,150,9.41568017006,9.42080020905,10.124800145635,9.421824018162066,0.4566852824674033,0.048471005358099416,False
20260803T181855Z-86cfbe2a805d-rtx3080_topk_gate_release_v2,topk_gate.release.main.e7_t4096,topk_gate,cuda_warp_pair_top2_v1,L2_operator_steady,warm,5,5,150,9.47200000286,9.52831983566,25.681919813174993,11.961821877956066,5.59124680369734,0.46742434896152496,False
20260803T181855Z-86cfbe2a805d-rtx3080_topk_gate_release_v2,topk_gate.release.main.e7_t512,topk_gate,cuda_local_pair_two_reduce_top2_v4,L1_kernel_body,warm,5,5,150,9.02656018734,9.03679996729,9.790464043617,9.055027190843532,0.4819855728845436,0.05322850641154658,False
20260803T181855Z-86cfbe2a805d-rtx3080_topk_gate_release_v2,topk_gate.release.main.e7_t512,topk_gate,cuda_local_pair_two_reduce_top2_v4,L2_operator_steady,warm,5,5,150,9.04191970825,9.088000059125001,21.0647046566,11.4188288211824,4.788184622952304,0.4193236187296217,False
20260803T181855Z-86cfbe2a805d-rtx3080_topk_gate_release_v2,topk_gate.release.main.e7_t512,topk_gate,cuda_naive,L1_kernel_body,warm,5,5,150,8.31488013268,8.3046400547,8.91903996468,8.300270934899533,0.3736769300617112,0.045019847302880146,True
20260803T181855Z-86cfbe2a805d-rtx3080_topk_gate_release_v2,topk_gate.release.main.e7_t512,topk_gate,cuda_naive,L2_operator_steady,warm,5,5,150,8.28927993774,8.371199965475,21.801983118045,10.995438901582201,5.3600845506448245,0.48748254604675484,True
20260803T181855Z-86cfbe2a805d-rtx3080_topk_gate_release_v2,topk_gate.release.main.e7_t512,topk_gate,cuda_subwarp_pair_top2_v2,L1_kernel_body,warm,5,5,150,9.03168022633,9.04191970825,9.559552073479,9.041715192794467,0.3705908143746715,0.04098678253767638,False
20260803T181855Z-86cfbe2a805d-rtx3080_topk_gate_release_v2,topk_gate.release.main.e7_t512,topk_gate,cuda_subwarp_pair_top2_v2,L2_operator_steady,warm,5,5,150,9.07263994217,8.94976019859,9.559552073479,8.923613862196,0.45796280330490147,0.05132032945139135,False
20260803T181855Z-86cfbe2a805d-rtx3080_topk_gate_release_v2,topk_gate.release.main.e7_t512,topk_gate,cuda_vector_pair_top2_v3,L1_kernel_body,warm,5,5,150,9.00095999241,9.016320109365001,21.0339844227,11.211024999617866,4.907237912471547,0.43771536613635353,False
20260803T181855Z-86cfbe2a805d-rtx3080_topk_gate_release_v2,topk_gate.release.main.e7_t512,topk_gate,cuda_vector_pair_top2_v3,L2_operator_steady,warm,5,5,150,8.97024005651,8.898559808729999,9.5697921514535,8.8328191876412,0.49692780359958655,0.05625925234548936,False
20260803T181855Z-86cfbe2a805d-rtx3080_topk_gate_release_v2,topk_gate.release.main.e7_t512,topk_gate,cuda_warp_pair_top2_v1,L1_kernel_body,warm,5,5,150,8.57088029385,8.71935993433,34.24921500681438,11.155046383539933,10.439252257998922,0.9358322591471052,False
20260803T181855Z-86cfbe2a805d-rtx3080_topk_gate_release_v2,topk_gate.release.main.e7_t512,topk_gate,cuda_warp_pair_top2_v1,L2_operator_steady,warm,5,5,150,8.33024024963,8.35583984852,9.5196160376085,8.459468817710802,0.5459919937751657,0.06454211316815461,False
20260803T181855Z-86cfbe2a805d-rtx3080_topk_gate_release_v2,topk_gate.release.main.e7_t64,topk_gate,cuda_local_pair_two_reduce_top2_v4,L1_kernel_body,warm,5,5,150,9.08288002014,9.16480004787,21.648384332645,11.549491234618932,4.8691063198390525,0.4215862171698255,False
20260803T181855Z-86cfbe2a805d-rtx3080_topk_gate_release_v2,topk_gate.release.main.e7_t64,topk_gate,cuda_local_pair_two_reduce_top2_v4,L2_operator_steady,warm,5,5,150,9.00608003139,8.98559987545,9.57440018654,8.933922147751,0.47114028286663967,0.05273610795738165,False
20260803T181855Z-86cfbe2a805d-rtx3080_topk_gate_release_v2,topk_gate.release.main.e7_t64,topk_gate,cuda_naive,L1_kernel_body,warm,5,5,150,8.21759998798,8.15104007721,9.515520274639497,8.306141873200334,0.7378064202787982,0.08882660945863707,True
20260803T181855Z-86cfbe2a805d-rtx3080_topk_gate_release_v2,topk_gate.release.main.e7_t64,topk_gate,cuda_naive,L2_operator_steady,warm,5,5,150,8.39679986238,8.376320004465,9.3644800484185,8.381235190232733,0.549979501697799,0.0656203398681295,True
20260803T181855Z-86cfbe2a805d-rtx3080_topk_gate_release_v2,topk_gate.release.main.e7_t64,topk_gate,cuda_subwarp_pair_top2_v2,L1_kernel_body,warm,5,5,150,9.08800005913,9.272319972515,29.998591542245002,13.280051195621066,8.321369110166833,0.626606704115019,False
20260803T181855Z-86cfbe2a805d-rtx3080_topk_gate_release_v2,topk_gate.release.main.e7_t64,topk_gate,cuda_subwarp_pair_top2_v2,L2_operator_steady,warm,5,5,150,8.98560017347,9.05215978622,21.305856108645003,11.460812755425334,4.906546015762587,0.4281150142200797,False
20260803T181855Z-86cfbe2a805d-rtx3080_topk_gate_release_v2,topk_gate.release.main.e7_t64,topk_gate,cuda_vector_pair_top2_v3,L1_kernel_body,warm,5,5,150,8.99072021246,9.0623998642,20.823551893235,11.355340810615534,4.71284744051094,0.4150335528551584,False
20260803T181855Z-86cfbe2a805d-rtx3080_topk_gate_release_v2,topk_gate.release.main.e7_t64,topk_gate,cuda_vector_pair_top2_v3,L2_operator_steady,warm,5,5,150,9.07263994217,9.180160164835,21.054464578644996,11.4886655886966,4.716549562534117,0.4105393725773172,False
20260803T181855Z-86cfbe2a805d-rtx3080_topk_gate_release_v2,topk_gate.release.main.e7_t64,topk_gate,cuda_warp_pair_top2_v1,L1_kernel_body,warm,5,5,150,8.96000027657,8.924160003665,9.534463882447,8.831795195738668,0.4975470039999365,0.05633588562379735,False
20260803T181855Z-86cfbe2a805d-rtx3080_topk_gate_release_v2,topk_gate.release.main.e7_t64,topk_gate,cuda_warp_pair_top2_v1,L2_operator_steady,warm,5,5,150,8.99071991444,9.077759981155,21.7507851124,11.562734937668333,5.126391624157476,0.44335459143468275,False
20260803T181855Z-86cfbe2a805d-rtx3080_topk_gate_release_v2,topk_gate.release.main.e7_t8,topk_gate,cuda_local_pair_two_reduce_top2_v4,L1_kernel_body,warm,5,5,150,8.97535979748,8.975359797475,9.54367995262,9.001096534728932,0.3362048376819854,0.037351542268745395,False
20260803T181855Z-86cfbe2a805d-rtx3080_topk_gate_release_v2,topk_gate.release.main.e7_t8,topk_gate,cuda_local_pair_two_reduce_top2_v4,L2_operator_steady,warm,5,5,150,9.08288002014,9.05215978622,11.3264644146,9.350553607940466,0.8540774282744464,0.09133977132104415,False
20260803T181855Z-86cfbe2a805d-rtx3080_topk_gate_release_v2,topk_gate.release.main.e7_t8,topk_gate,cuda_naive,L1_kernel_body,warm,5,5,150,8.80640000105,8.852480053905,21.45382392409,11.1311530788754,5.04210401336086,0.45297230014109846,True
20260803T181855Z-86cfbe2a805d-rtx3080_topk_gate_release_v2,topk_gate.release.main.e7_t8,topk_gate,cuda_naive,L2_operator_steady,warm,5,5,150,8.11520010233,8.22272002697,20.086879968615,10.479729076226,4.805784546199403,0.4585790826503008,True
20260803T181855Z-86cfbe2a805d-rtx3080_topk_gate_release_v2,topk_gate.release.main.e7_t8,topk_gate,cuda_subwarp_pair_top2_v2,L1_kernel_body,warm,5,5,150,9.0316799283,8.934400081635,33.1888639927,13.617083728312734,9.606251301521532,0.7054558445247824,False
20260803T181855Z-86cfbe2a805d-rtx3080_topk_gate_release_v2,topk_gate.release.main.e7_t8,topk_gate,cuda_subwarp_pair_top2_v2,L2_operator_steady,warm,5,5,150,9.0316799283,9.04191970825,9.5902719795715,9.074346657594067,0.33369503399095274,0.03677345009865726,False
20260803T181855Z-86cfbe2a805d-rtx3080_topk_gate_release_v2,topk_gate.release.main.e7_t8,topk_gate,cuda_vector_pair_top2_v3,L1_kernel_body,warm,5,5,150,9.12895977497,9.11360025406,21.228543519945,11.434052336213933,4.867074171883931,0.42566484993854126,False
20260803T181855Z-86cfbe2a805d-rtx3080_topk_gate_release_v2,topk_gate.release.main.e7_t8,topk_gate,cuda_vector_pair_top2_v3,L2_operator_steady,warm,5,5,150,8.99583995342,8.98559987545,9.5800322294235,9.033591457208,0.3178127853076848,0.035181221866536654,False
20260803T181855Z-86cfbe2a805d-rtx3080_topk_gate_release_v2,topk_gate.release.main.e7_t8,topk_gate,cuda_warp_pair_top2_v1,L1_kernel_body,warm,5,5,150,9.07775998116,9.139199852945,11.982847988589999,9.4444202860192,1.0893601784308955,0.11534431393777564,False
20260803T181855Z-86cfbe2a805d-rtx3080_topk_gate_release_v2,topk_gate.release.main.e7_t8,topk_gate,cuda_warp_pair_top2_v1,L2_operator_steady,warm,5,5,150,9.04191970825,9.088000059125001,65.005567073845,19.5997695843376,21.1908249526022,1.081177248610924,False
20260803T181855Z-86cfbe2a805d-rtx3080_topk_gate_release_v2,topk_gate.release.main.e8_t1,topk_gate,cuda_local_pair_two_reduce_top2_v4,L1_kernel_body,warm,5,5,150,8.28927993774,8.46848011017,20.6187516451,10.752546143533,4.873262826913463,0.4532194293204157,False
20260803T181855Z-86cfbe2a805d-rtx3080_topk_gate_release_v2,topk_gate.release.main.e8_t1,topk_gate,cuda_local_pair_two_reduce_top2_v4,L2_operator_steady,warm,5,5,150,8.31488013268,8.330240249635,9.574399948118991,8.420010646183934,0.6396776101154702,0.07597111654548572,False
20260803T181855Z-86cfbe2a805d-rtx3080_topk_gate_release_v2,topk_gate.release.main.e8_t1,topk_gate,cuda_naive,L1_kernel_body,warm,5,5,150,8.23808014393,8.32512021065,20.524031996734998,10.745173346996399,4.88244856367804,0.45438527662681516,True
20260803T181855Z-86cfbe2a805d-rtx3080_topk_gate_release_v2,topk_gate.release.main.e8_t1,topk_gate,cuda_naive,L2_operator_steady,warm,5,5,150,8.06400001049,8.19711983204,32.708607792835,13.168298657736067,9.742717973284979,0.7398615589236625,True
20260803T181855Z-86cfbe2a805d-rtx3080_topk_gate_release_v2,topk_gate.release.main.e8_t1,topk_gate,cuda_subwarp_pair_top2_v2,L1_kernel_body,warm,5,5,150,8.57600003481,8.688639998435,9.56416010857,8.699562660852466,0.7372377488344595,0.0847442311269263,False
20260803T181855Z-86cfbe2a805d-rtx3080_topk_gate_release_v2,topk_gate.release.main.e8_t1,topk_gate,cuda_subwarp_pair_top2_v2,L2_operator_steady,warm,5,5,150,9.02143985033,9.04191970825,9.560576081276,9.078988790511934,0.3153779797424047,0.0347371262394324,False
20260803T181855Z-86cfbe2a805d-rtx3080_topk_gate_release_v2,topk_gate.release.main.e8_t1,topk_gate,cuda_vector_pair_top2_v3,L1_kernel_body,warm,5,5,150,8.68863999844,8.68351995945,9.510399967430999,8.696285879611734,0.4469912604096211,0.05140024909456841,False
20260803T181855Z-86cfbe2a805d-rtx3080_topk_gate_release_v2,topk_gate.release.main.e8_t1,topk_gate,cuda_vector_pair_top2_v3,L2_operator_steady,warm,5,5,150,8.56575995684,8.63232016563,20.286463499045,10.8623871882746,4.655890945913164,0.4286250218496137,False
20260803T181855Z-86cfbe2a805d-rtx3080_topk_gate_release_v2,topk_gate.release.main.e8_t1,topk_gate,cuda_warp_pair_top2_v1,L1_kernel_body,warm,5,5,150,8.99071991444,9.07263994217,67.1651852131,20.036881025631068,22.142142002633143,1.1050692956807517,False
20260803T181855Z-86cfbe2a805d-rtx3080_topk_gate_release_v2,topk_gate.release.main.e8_t1,topk_gate,cuda_warp_pair_top2_v1,L2_operator_steady,warm,5,5,150,8.95487993956,8.924160003665,9.559552073479,8.8823125282922,0.4313770383156784,0.04856584779488942,False
20260803T181855Z-86cfbe2a805d-rtx3080_topk_gate_release_v2,topk_gate.release.main.e8_t1024,topk_gate,cuda_local_pair_two_reduce_top2_v4,L1_kernel_body,warm,5,5,150,8.28928023577,8.25856000185,28.301822900774432,10.679842106501999,10.33668447763635,0.9678686608431476,False
20260803T181855Z-86cfbe2a805d-rtx3080_topk_gate_release_v2,topk_gate.release.main.e8_t1024,topk_gate,cuda_local_pair_two_reduce_top2_v4,L2_operator_steady,warm,5,5,150,8.30976009369,8.299520015715,56.80742502213499,14.249915734927532,15.735237724792515,1.1042337384651586,False
20260803T181855Z-86cfbe2a805d-rtx3080_topk_gate_release_v2,topk_gate.release.main.e8_t1024,topk_gate,cuda_naive,L1_kernel_body,warm,5,5,150,8.46848011017,8.58111977577,38.09382426735999,13.633058158556,10.854006535763766,0.7961534682481991,True
20260803T181855Z-86cfbe2a805d-rtx3080_topk_gate_release_v2,topk_gate.release.main.e8_t1024,topk_gate,cuda_naive,L2_operator_steady,warm,5,5,150,8.45311999321,8.432639837265,9.222655892370499,8.460356271266933,0.4168393534790993,0.049269716323267536,True
20260803T181855Z-86cfbe2a805d-rtx3080_topk_gate_release_v2,topk_gate.release.main.e8_t1024,topk_gate,cuda_subwarp_pair_top2_v2,L1_kernel_body,warm,5,5,150,9.04703974724,9.07263994217,22.1695995331,11.605333348117133,5.252097526666187,0.45255895450157796,False
20260803T181855Z-86cfbe2a805d-rtx3080_topk_gate_release_v2,topk_gate.release.main.e8_t1024,topk_gate,cuda_subwarp_pair_top2_v2,L2_operator_steady,warm,5,5,150,8.91391992569,8.97023975849,79.95340991020498,22.55407787163973,27.6546359546304,1.2261479326274867,False
20260803T181855Z-86cfbe2a805d-rtx3080_topk_gate_release_v2,topk_gate.release.main.e8_t1024,topk_gate,cuda_vector_pair_top2_v3,L1_kernel_body,warm,5,5,150,8.88832002878,8.95488023758,20.921343565,11.279086899757267,4.834922079168989,0.4286625435320513,False
20260803T181855Z-86cfbe2a805d-rtx3080_topk_gate_release_v2,topk_gate.release.main.e8_t1024,topk_gate,cuda_vector_pair_top2_v3,L2_operator_steady,warm,5,5,150,8.51967990398,8.54016005993,9.370623826982499,8.610269864400534,0.4092512441291604,0.04753059434539029,False
20260803T181855Z-86cfbe2a805d-rtx3080_topk_gate_release_v2,topk_gate.release.main.e8_t1024,topk_gate,cuda_warp_pair_top2_v1,L1_kernel_body,warm,5,5,150,8.52479994297,8.4582400322,11.1365121603,8.733422923087932,1.0055104978919593,0.11513360875193189,False
20260803T181855Z-86cfbe2a805d-rtx3080_topk_gate_release_v2,topk_gate.release.main.e8_t1024,topk_gate,cuda_warp_pair_top2_v1,L2_operator_steady,warm,5,5,150,8.16128015518,8.15104007721,68.96947264669001,19.752823519708134,23.32058282213558,1.180620218616734,False
20260803T181855Z-86cfbe2a805d-rtx3080_topk_gate_release_v2,topk_gate.release.main.e8_t128,topk_gate,cuda_local_pair_two_reduce_top2_v4,L1_kernel_body,warm,5,5,150,8.32512021065,8.32512021065,51.353597641,13.216458694140933,13.274360587532605,1.0043810444788317,False
20260803T181855Z-86cfbe2a805d-rtx3080_topk_gate_release_v2,topk_gate.release.main.e8_t128,topk_gate,cuda_local_pair_two_reduce_top2_v4,L2_operator_steady,warm,5,5,150,8.3609598875,8.391680121425,9.407488048075997,8.469299177328868,0.5950917465579268,0.0702645796420682,False
20260803T181855Z-86cfbe2a805d-rtx3080_topk_gate_release_v2,topk_gate.release.main.e8_t128,topk_gate,cuda_naive,L1_kernel_body,warm,5,5,150,8.21759998798,8.11007976532,10.511872172345,8.3016362826028,0.8884508988583023,0.1070211785500855,True
20260803T181855Z-86cfbe2a805d-rtx3080_topk_gate_release_v2,topk_gate.release.main.e8_t128,topk_gate,cuda_naive,L2_operator_steady,warm,5,5,150,7.93088018894,8.023039996625,20.8747512102,10.486033050218733,5.175000952496715,0.4935136984322939,True
20260803T181855Z-86cfbe2a805d-rtx3080_topk_gate_release_v2,topk_gate.release.main.e8_t128,topk_gate,cuda_subwarp_pair_top2_v2,L1_kernel_body,warm,5,5,150,8.9087998867,8.89855980873,9.4684159755705,8.859784523645734,0.7075047783816757,0.0798557545607828,False
20260803T181855Z-86cfbe2a805d-rtx3080_topk_gate_release_v2,topk_gate.release.main.e8_t128,topk_gate,cuda_subwarp_pair_top2_v2,L2_operator_steady,warm,5,5,150,9.07263994217,9.0982401371,20.937215685845,11.487778099379467,4.734118415887553,0.41210044056676853,False
20260803T181855Z-86cfbe2a805d-rtx3080_topk_gate_release_v2,topk_gate.release.main.e8_t128,topk_gate,cuda_vector_pair_top2_v3,L1_kernel_body,warm,5,5,150,8.75007987022,8.739839792255,9.299967885019498,8.6935551683106,0.38097840682541473,0.043823084969212826,False
20260803T181855Z-86cfbe2a805d-rtx3080_topk_gate_release_v2,topk_gate.release.main.e8_t128,topk_gate,cuda_vector_pair_top2_v3,L2_operator_steady,warm,5,5,150,8.5504001379,8.60159993172,61.73593640328,18.188356296222,19.577495288422973,1.0763751803393866,False
20260803T181855Z-86cfbe2a805d-rtx3080_topk_gate_release_v2,topk_gate.release.main.e8_t128,topk_gate,cuda_warp_pair_top2_v1,L1_kernel_body,warm,5,5,150,9.01632010937,8.965120017530001,21.317120194445003,11.252394692102065,5.010224365407722,0.4452584985242603,False
20260803T181855Z-86cfbe2a805d-rtx3080_topk_gate_release_v2,topk_gate.release.main.e8_t128,topk_gate,cuda_warp_pair_top2_v1,L2_operator_steady,warm,5,5,150,9.04191970825,9.03679996729,21.2592637539,11.327214952309467,4.960183526743739,0.4378996556194446,False
20260803T181855Z-86cfbe2a805d-rtx3080_topk_gate_release_v2,topk_gate.release.main.e8_t16,topk_gate,cuda_local_pair_two_reduce_top2_v4,L1_kernel_body,warm,5,5,150,8.22784006596,8.227840065955,8.7608319520935,8.212957882881268,0.33431435097741713,0.040705718420186644,False
20260803T181855Z-86cfbe2a805d-rtx3080_topk_gate_release_v2,topk_gate.release.main.e8_t16,topk_gate,cuda_local_pair_two_reduce_top2_v4,L2_operator_steady,warm,5,5,150,8.23807984591,8.30976009369,9.1417601406555,8.355839987595933,0.4791955243465103,0.057348575972956145,False
20260803T181855Z-86cfbe2a805d-rtx3080_topk_gate_release_v2,topk_gate.release.main.e8_t16,topk_gate,cuda_naive,L1_kernel_body,warm,5,5,150,8.13567996025,8.401919901375,20.675584077845002,10.720187739531134,4.979015704907778,0.4644522862736305,True
20260803T181855Z-86cfbe2a805d-rtx3080_topk_gate_release_v2,topk_gate.release.main.e8_t16,topk_gate,cuda_naive,L2_operator_steady,warm,5,5,150,8.27903985977,8.38656008244,31.898623704900004,12.799726939201667,9.172247494278592,0.7165971225672627,True
20260803T181855Z-86cfbe2a805d-rtx3080_topk_gate_release_v2,topk_gate.release.main.e8_t16,topk_gate,cuda_subwarp_pair_top2_v2,L1_kernel_body,warm,5,5,150,8.94463986158,8.98559987545,9.5800322294235,8.990242131551266,0.33449413568591335,0.03720635448871903,False
20260803T181855Z-86cfbe2a805d-rtx3080_topk_gate_release_v2,topk_gate.release.main.e8_t16,topk_gate,cuda_subwarp_pair_top2_v2,L2_operator_steady,warm,5,5,150,9.04703974724,9.01120007038,9.585663944484999,8.9123498638466,0.5775505242771035,0.064803394514388,False
20260803T181855Z-86cfbe2a805d-rtx3080_topk_gate_release_v2,topk_gate.release.main.e8_t16,topk_gate,cuda_vector_pair_top2_v3,L1_kernel_body,warm,5,5,150,8.64255994558,8.637440204619999,9.550336003306,8.721612787247066,0.885886588319917,0.10157371233165496,False
20260803T181855Z-86cfbe2a805d-rtx3080_topk_gate_release_v2,topk_gate.release.main.e8_t16,topk_gate,cuda_vector_pair_top2_v3,L2_operator_steady,warm,5,5,150,8.81151974201,8.765439987185001,9.50272023678,8.765713083743334,0.4324206178829465,0.04933091167276541,False
20260803T181855Z-86cfbe2a805d-rtx3080_topk_gate_release_v2,topk_gate.release.main.e8_t16,topk_gate,cuda_warp_pair_top2_v1,L1_kernel_body,warm,5,5,150,8.98559987545,8.924160003665,20.821359276785,11.119545618693733,4.8390445382667915,0.43518365805627746,False
20260803T181855Z-86cfbe2a805d-rtx3080_topk_gate_release_v2,topk_gate.release.main.e8_t16,topk_gate,cuda_warp_pair_top2_v1,L2_operator_steady,warm,5,5,150,9.03679996729,9.08288002014,21.44819188119,11.519795266787932,4.981546363240318,0.4324335847879459,False
20260803T181855Z-86cfbe2a805d-rtx3080_topk_gate_release_v2,topk_gate.release.main.e8_t2,topk_gate,cuda_local_pair_two_reduce_top2_v4,L1_kernel_body,warm,5,5,150,8.09983998537,8.289279937745,10.5472004414,8.514150428773,0.8526058110132222,0.10013985754020718,False
20260803T181855Z-86cfbe2a805d-rtx3080_topk_gate_release_v2,topk_gate.release.main.e8_t2,topk_gate,cuda_local_pair_two_reduce_top2_v4,L2_operator_steady,warm,5,5,150,8.3353599906,8.50943982601,21.044224500645,10.950792535144133,5.030039631155487,0.4593311045764673,False
20260803T181855Z-86cfbe2a805d-rtx3080_topk_gate_release_v2,topk_gate.release.main.e8_t2,topk_gate,cuda_naive,L1_kernel_body,warm,5,5,150,8.04351985455,8.03839981556,8.910847902299498,8.041472017764866,0.4908778098551907,0.06104327774451805,True
20260803T181855Z-86cfbe2a805d-rtx3080_topk_gate_release_v2,topk_gate.release.main.e8_t2,topk_gate,cuda_naive,L2_operator_steady,warm,5,5,150,8.0895999074,8.125439882275,9.089536070826,8.1767765243852,0.49179544973726125,0.06014539449263457,True
20260803T181855Z-86cfbe2a805d-rtx3080_topk_gate_release_v2,topk_gate.release.main.e8_t2,topk_gate,cuda_subwarp_pair_top2_v2,L1_kernel_body,warm,5,5,150,9.03679996729,8.929280042645,9.684480100871,8.90880001386,0.5179537426935074,0.05813956334048278,False
20260803T181855Z-86cfbe2a805d-rtx3080_topk_gate_release_v2,topk_gate.release.main.e8_t2,topk_gate,cuda_subwarp_pair_top2_v2,L2_operator_steady,warm,5,5,150,9.01632010937,9.01120007038,9.626623988152499,9.0285397092502,0.36045372703237816,0.03992381255886541,False
20260803T181855Z-86cfbe2a805d-rtx3080_topk_gate_release_v2,topk_gate.release.main.e8_t2,topk_gate,cuda_vector_pair_top2_v3,L1_kernel_body,warm,5,5,150,8.69888007641,8.71424019337,9.351167947052,8.7245482643444,0.4060045047232353,0.04653587697858237,False
20260803T181855Z-86cfbe2a805d-rtx3080_topk_gate_release_v2,topk_gate.release.main.e8_t2,topk_gate,cuda_vector_pair_top2_v3,L2_operator_steady,warm,5,5,150,8.70911985636,8.709120154379999,9.309183955192498,8.709597861767133,0.3394712531198531,0.03897668509013987,False
20260803T181855Z-86cfbe2a805d-rtx3080_topk_gate_release_v2,topk_gate.release.main.e8_t2,topk_gate,cuda_warp_pair_top2_v1,L1_kernel_body,warm,5,5,150,9.05215978622,9.05215978622,20.659711957,11.235532784462267,4.7079766658313424,0.41902567115838524,False
20260803T181855Z-86cfbe2a805d-rtx3080_topk_gate_release_v2,topk_gate.release.main.e8_t2,topk_gate,cuda_warp_pair_top2_v1,L2_operator_steady,warm,5,5,150,8.91391992569,9.016320109365001,21.73491275309999,11.4221739053722,5.026107836940499,0.44003075759305027,False
20260803T181855Z-86cfbe2a805d-rtx3080_topk_gate_release_v2,topk_gate.release.main.e8_t2048,topk_gate,cuda_local_pair_two_reduce_top2_v4,L1_kernel_body,warm,5,5,150,8.42751979828,8.45311999321,82.766337871535,22.552166362602467,28.58130617153453,1.267341935670091,False
20260803T181855Z-86cfbe2a805d-rtx3080_topk_gate_release_v2,topk_gate.release.main.e8_t2048,topk_gate,cuda_local_pair_two_reduce_top2_v4,L2_operator_steady,warm,5,5,150,8.17663997412,8.340480029585,20.5424630642,10.596898078918,4.888027389548181,0.46126964260160885,False
20260803T181855Z-86cfbe2a805d-rtx3080_topk_gate_release_v2,topk_gate.release.main.e8_t2048,topk_gate,cuda_naive,L1_kernel_body,warm,5,5,150,8.53504002094,8.565760254859999,21.140990853299996,11.005132830143799,5.064475808644077,0.4601921564065212,True
20260803T181855Z-86cfbe2a805d-rtx3080_topk_gate_release_v2,topk_gate.release.main.e8_t2048,topk_gate,cuda_naive,L2_operator_steady,warm,5,5,150,8.37119996548,8.32512021065,51.34284901618,11.836893864471467,11.21226429554042,0.9472302805040875,True
20260803T181855Z-86cfbe2a805d-rtx3080_topk_gate_release_v2,topk_gate.release.main.e8_t2048,topk_gate,cuda_subwarp_pair_top2_v2,L1_kernel_body,warm,5,5,150,9.08288002014,9.052159786225,20.89364778991,11.1701994617784,4.865717462517527,0.43559808212617707,False
20260803T181855Z-86cfbe2a805d-rtx3080_topk_gate_release_v2,topk_gate.release.main.e8_t2048,topk_gate,cuda_subwarp_pair_top2_v2,L2_operator_steady,warm,5,5,150,8.93952012062,8.97023975849,20.5834233761,11.172932291032199,4.725997616568276,0.4229863292344064,False
20260803T181855Z-86cfbe2a805d-rtx3080_topk_gate_release_v2,topk_gate.release.main.e8_t2048,topk_gate,cuda_vector_pair_top2_v3,L1_kernel_body,warm,5,5,150,8.94463986158,8.97023975849,21.168127059945,11.310762643815867,4.840811528627171,0.42798277013388425,False
20260803T181855Z-86cfbe2a805d-rtx3080_topk_gate_release_v2,topk_gate.release.main.e8_t2048,topk_gate,cuda_vector_pair_top2_v3,L2_operator_steady,warm,5,5,150,8.75520020723,8.791040182115,33.5872006416,13.557009037336467,10.007877558882452,0.738206895880973,False
20260803T181855Z-86cfbe2a805d-rtx3080_topk_gate_release_v2,topk_gate.release.main.e8_t2048,topk_gate,cuda_warp_pair_top2_v1,L1_kernel_body,warm,5,5,150,10.1631999016,10.1990401745,22.7123188972,12.425966930390333,4.936477842450501,0.39727112345497234,False
20260803T181855Z-86cfbe2a805d-rtx3080_topk_gate_release_v2,topk_gate.release.main.e8_t2048,topk_gate,cuda_warp_pair_top2_v1,L2_operator_steady,warm,5,5,150,10.0863999128,9.978879988195,10.624511837945,9.9657045284912,0.43475939749199066,0.04362555564928162,False
20260803T181855Z-86cfbe2a805d-rtx3080_topk_gate_release_v2,topk_gate.release.main.e8_t256,topk_gate,cuda_local_pair_two_reduce_top2_v4,L1_kernel_body,warm,5,5,150,8.35072010756,8.34559977055,8.9815038442625,8.366284787655,0.35461256761125437,0.04238590684057378,False
20260803T181855Z-86cfbe2a805d-rtx3080_topk_gate_release_v2,topk_gate.release.main.e8_t256,topk_gate,cuda_local_pair_two_reduce_top2_v4,L2_operator_steady,warm,5,5,150,8.38655978441,8.44799995422,21.32736003398999,11.331515649952733,6.341021303616944,0.5595916291783433,False
20260803T181855Z-86cfbe2a805d-rtx3080_topk_gate_release_v2,topk_gate.release.main.e8_t256,topk_gate,cuda_naive,L1_kernel_body,warm,5,5,150,8.52991998196,8.52991998196,9.0782719850535,8.526028776168733,0.36778697146637523,0.04313696107786824,True
20260803T181855Z-86cfbe2a805d-rtx3080_topk_gate_release_v2,topk_gate.release.main.e8_t256,topk_gate,cuda_naive,L2_operator_steady,warm,5,5,150,8.40192019939,8.39680016041,9.161216020586,8.489642667770466,0.5738088646504119,0.0675892834487349,True
20260803T181855Z-86cfbe2a805d-rtx3080_topk_gate_release_v2,topk_gate.release.main.e8_t256,topk_gate,cuda_subwarp_pair_top2_v2,L1_kernel_body,warm,5,5,150,9.03168022633,9.03168022633,9.560576081276,9.0082645297052,0.35726758146261683,0.03965997893206946,False
20260803T181855Z-86cfbe2a805d-rtx3080_topk_gate_release_v2,topk_gate.release.main.e8_t256,topk_gate,cuda_subwarp_pair_top2_v2,L2_operator_steady,warm,5,5,150,8.99071991444,9.02656018734,9.5764478743075,9.0193237106004,0.35133854862965047,0.03895397924533108,False
20260803T181855Z-86cfbe2a805d-rtx3080_topk_gate_release_v2,topk_gate.release.main.e8_t256,topk_gate,cuda_vector_pair_top2_v3,L1_kernel_body,warm,5,5,150,8.57600003481,8.442879915235,9.0485760271585,8.383010129133666,0.47850356339697286,0.05708016047052342,False
20260803T181855Z-86cfbe2a805d-rtx3080_topk_gate_release_v2,topk_gate.release.main.e8_t256,topk_gate,cuda_vector_pair_top2_v3,L2_operator_steady,warm,5,5,150,8.71423989534,8.791040182115,52.11955070498,15.854250637688668,13.246446717175864,0.8355138959192722,False
20260803T181855Z-86cfbe2a805d-rtx3080_topk_gate_release_v2,topk_gate.release.main.e8_t256,topk_gate,cuda_warp_pair_top2_v1,L1_kernel_body,warm,5,5,150,9.0623998642,9.09312009811,11.434496045145,9.428172783058066,0.9262320706735929,0.09824088845062147,False
20260803T181855Z-86cfbe2a805d-rtx3080_topk_gate_release_v2,topk_gate.release.main.e8_t256,topk_gate,cuda_warp_pair_top2_v1,L2_operator_steady,warm,5,5,150,9.02656018734,9.016320109365001,9.58464026451,9.035571169852933,0.3529967851239235,0.03906745666524024,False
20260803T181855Z-86cfbe2a805d-rtx3080_topk_gate_release_v2,topk_gate.release.main.e8_t32,topk_gate,cuda_local_pair_two_reduce_top2_v4,L1_kernel_body,warm,5,5,150,8.29439997673,8.35583984852,20.9054714441,10.813986106714399,5.017853462966221,0.4640151571723065,False
20260803T181855Z-86cfbe2a805d-rtx3080_topk_gate_release_v2,topk_gate.release.main.e8_t32,topk_gate,cuda_local_pair_two_reduce_top2_v4,L2_operator_steady,warm,5,5,150,8.27903985977,8.20223987103,8.720895916223999,8.2035370588304,0.3296819717140381,0.04018778355601672,False
20260803T181855Z-86cfbe2a805d-rtx3080_topk_gate_release_v2,topk_gate.release.main.e8_t32,topk_gate,cuda_naive,L1_kernel_body,warm,5,5,150,8.1817600131,8.22272002697,9.155583977696999,8.265318397681067,0.5663724066619436,0.06852396718568592,True
20260803T181855Z-86cfbe2a805d-rtx3080_topk_gate_release_v2,topk_gate.release.main.e8_t32,topk_gate,cuda_naive,L2_operator_steady,warm,5,5,150,8.08447986841,8.279039859775,9.375231862069,8.311057051023468,0.5951152804053957,0.0716052454882511,True
20260803T181855Z-86cfbe2a805d-rtx3080_topk_gate_release_v2,topk_gate.release.main.e8_t32,topk_gate,cuda_subwarp_pair_top2_v2,L1_kernel_body,warm,5,5,150,8.90367984772,9.03168022633,32.144383192045,13.498436280090267,9.186740384667951,0.6805781198684532,False
20260803T181855Z-86cfbe2a805d-rtx3080_topk_gate_release_v2,topk_gate.release.main.e8_t32,topk_gate,cuda_subwarp_pair_top2_v2,L2_operator_steady,warm,5,5,150,9.01120007038,9.01120007038,9.60511982441,9.040554682413601,0.38479819335685167,0.04256356018789327,False
20260803T181855Z-86cfbe2a805d-rtx3080_topk_gate_release_v2,topk_gate.release.main.e8_t32,topk_gate,cuda_vector_pair_top2_v3,L1_kernel_body,warm,5,5,150,8.73983979225,8.74495983124,44.65715193749999,15.358634698391667,13.613314923779775,0.8863623096137146,False
20260803T181855Z-86cfbe2a805d-rtx3080_topk_gate_release_v2,topk_gate.release.main.e8_t32,topk_gate,cuda_vector_pair_top2_v3,L2_operator_steady,warm,5,5,150,8.79103988409,8.75519990921,20.446720719345,10.940689094860334,4.748383826641803,0.43401140325543813,False
20260803T181855Z-86cfbe2a805d-rtx3080_topk_gate_release_v2,topk_gate.release.main.e8_t32,topk_gate,cuda_warp_pair_top2_v1,L1_kernel_body,warm,5,5,150,9.03679996729,9.05727982521,21.479935050045,11.4369877497366,5.004465353824111,0.4375684807338686,False
20260803T181855Z-86cfbe2a805d-rtx3080_topk_gate_release_v2,topk_gate.release.main.e8_t32,topk_gate,cuda_warp_pair_top2_v1,L2_operator_steady,warm,5,5,150,9.05215978622,9.05215978622,21.418496966344996,11.3988266309088,5.010833175393331,0.43959201570853523,False
20260803T181855Z-86cfbe2a805d-rtx3080_topk_gate_release_v2,topk_gate.release.main.e8_t4,topk_gate,cuda_local_pair_two_reduce_top2_v4,L1_kernel_body,warm,5,5,150,8.29952001572,8.25856000185,8.998399972912999,8.280405342579067,0.47038269952803224,0.0568067238338267,False
20260803T181855Z-86cfbe2a805d-rtx3080_topk_gate_release_v2,topk_gate.release.main.e8_t4,topk_gate,cuda_local_pair_two_reduce_top2_v4,L2_operator_steady,warm,5,5,150,8.1817600131,8.4582400322,10.754047632245,8.738816014926,0.9289856977948622,0.10630567072337302,False
20260803T181855Z-86cfbe2a805d-rtx3080_topk_gate_release_v2,topk_gate.release.main.e8_t4,topk_gate,cuda_naive,L1_kernel_body,warm,5,5,150,8.27903985977,8.35072010756,9.32864010334,8.393727997938933,0.5603051780805806,0.06675283952710435,True
20260803T181855Z-86cfbe2a805d-rtx3080_topk_gate_release_v2,topk_gate.release.main.e8_t4,topk_gate,cuda_naive,L2_operator_steady,warm,5,5,150,8.07424008846,8.28415989876,20.3479039669,10.587477370102066,4.856325367483641,0.4586857848874745,True
20260803T181855Z-86cfbe2a805d-rtx3080_topk_gate_release_v2,topk_gate.release.main.e8_t4,topk_gate,cuda_subwarp_pair_top2_v2,L1_kernel_body,warm,5,5,150,8.95488023758,8.98047983646,32.6507526636,12.993604270619333,8.192823235431652,0.6305273783007973,False
20260803T181855Z-86cfbe2a805d-rtx3080_topk_gate_release_v2,topk_gate.release.main.e8_t4,topk_gate,cuda_subwarp_pair_top2_v2,L2_operator_steady,warm,5,5,150,8.97024005651,8.919039964675001,9.54367995262,8.935423974195732,0.36691603252522537,0.04106308034009669,False
20260803T181855Z-86cfbe2a805d-rtx3080_topk_gate_release_v2,topk_gate.release.main.e8_t4,topk_gate,cuda_vector_pair_top2_v3,L1_kernel_body,warm,5,5,150,8.6937597394,8.755199909209999,20.7267844677,11.052714669704933,4.779513634190226,0.43242893506431407,False
20260803T181855Z-86cfbe2a805d-rtx3080_topk_gate_release_v2,topk_gate.release.main.e8_t4,topk_gate,cuda_vector_pair_top2_v3,L2_operator_steady,warm,5,5,150,8.76032024622,8.637440204619999,9.42080020905,8.738816030819534,1.6490843839180265,0.1887079872264314,False
20260803T181855Z-86cfbe2a805d-rtx3080_topk_gate_release_v2,topk_gate.release.main.e8_t4,topk_gate,cuda_warp_pair_top2_v1,L1_kernel_body,warm,5,5,150,8.98048013449,8.88831973076,9.56416010857,9.049429337183199,1.428511840904574,0.1578565661632344,False
20260803T181855Z-86cfbe2a805d-rtx3080_topk_gate_release_v2,topk_gate.release.main.e8_t4,topk_gate,cuda_warp_pair_top2_v1,L2_operator_steady,warm,5,5,150,9.0623998642,9.047039747235,21.2684798241,11.7889706174544,5.048876896132859,0.4282712257046126,False
20260803T181855Z-86cfbe2a805d-rtx3080_topk_gate_release_v2,topk_gate.release.main.e8_t4096,topk_gate,cuda_local_pair_two_reduce_top2_v4,L1_kernel_body,warm,5,5,150,8.33023995161,8.299520015715,8.98047983646,8.358502399921601,1.0167905282236311,0.12164745304531685,False
20260803T181855Z-86cfbe2a805d-rtx3080_topk_gate_release_v2,topk_gate.release.main.e8_t4096,topk_gate,cuda_local_pair_two_reduce_top2_v4,L2_operator_steady,warm,5,5,150,8.67839992046,8.765439987185001,32.70143985751484,12.033092288176201,7.544974018475616,0.6270187112160155,False
20260803T181855Z-86cfbe2a805d-rtx3080_topk_gate_release_v2,topk_gate.release.main.e8_t4096,topk_gate,cuda_naive,L1_kernel_body,warm,5,5,150,8.5811200738,8.57600003481,9.304575920106,8.6347775896394,0.5006549307838205,0.057981219039682126,True
20260803T181855Z-86cfbe2a805d-rtx3080_topk_gate_release_v2,topk_gate.release.main.e8_t4096,topk_gate,cuda_naive,L2_operator_steady,warm,5,5,150,8.30976009369,8.217599987985,8.941568136219498,8.2242218772572,0.4465522790334106,0.05429720716415508,True
20260803T181855Z-86cfbe2a805d-rtx3080_topk_gate_release_v2,topk_gate.release.main.e8_t4096,topk_gate,cuda_subwarp_pair_top2_v2,L1_kernel_body,warm,5,5,150,8.32511991262,8.330239951615,9.145343899727,8.347716303666665,0.47140389712082664,0.056471001166362875,False
20260803T181855Z-86cfbe2a805d-rtx3080_topk_gate_release_v2,topk_gate.release.main.e8_t4096,topk_gate,cuda_subwarp_pair_top2_v2,L2_operator_steady,warm,5,5,150,8.32000017166,8.40704023838,9.268223911524998,8.418440528710466,0.5296875738467565,0.06291991634796211,False
20260803T181855Z-86cfbe2a805d-rtx3080_topk_gate_release_v2,topk_gate.release.main.e8_t4096,topk_gate,cuda_vector_pair_top2_v3,L1_kernel_body,warm,5,5,150,9.0982401371,9.20576006174,58.356736898449995,18.664106659095133,18.607444047497655,0.9969640865950653,False
20260803T181855Z-86cfbe2a805d-rtx3080_topk_gate_release_v2,topk_gate.release.main.e8_t4096,topk_gate,cuda_vector_pair_top2_v3,L2_operator_steady,warm,5,5,150,8.93952012062,8.883199989795,9.508351951836,8.845243716240267,0.38752557936143095,0.043811746944848615,False
20260803T181855Z-86cfbe2a805d-rtx3080_topk_gate_release_v2,topk_gate.release.main.e8_t4096,topk_gate,cuda_warp_pair_top2_v1,L1_kernel_body,warm,5,5,150,9.25183981657,9.28767979145,9.892864227297,9.314372277259933,0.40090247807569107,0.04304127708685776,False
20260803T181855Z-86cfbe2a805d-rtx3080_topk_gate_release_v2,topk_gate.release.main.e8_t4096,topk_gate,cuda_warp_pair_top2_v1,L2_operator_steady,warm,5,5,150,9.27231997252,9.364479780195,40.38655984399993,14.230254956086402,10.556805631957353,0.7418563943186497,False
20260803T181855Z-86cfbe2a805d-rtx3080_topk_gate_release_v2,topk_gate.release.main.e8_t512,topk_gate,cuda_local_pair_two_reduce_top2_v4,L1_kernel_body,warm,5,5,150,8.48895996809,8.79615992308,21.386752724645,11.474739158153,5.010026160753612,0.4366135117933293,False
20260803T181855Z-86cfbe2a805d-rtx3080_topk_gate_release_v2,topk_gate.release.main.e8_t512,topk_gate,cuda_local_pair_two_reduce_top2_v4,L2_operator_steady,warm,5,5,150,8.50432008505,8.463360071185,9.0475517511335,8.483566912015267,0.3790362359398771,0.04467887621691868,False
20260803T181855Z-86cfbe2a805d-rtx3080_topk_gate_release_v2,topk_gate.release.main.e8_t512,topk_gate,cuda_naive,L1_kernel_body,warm,5,5,150,8.54016005993,8.663040101525,21.003264188745,10.977826106549134,5.001732226418973,0.4556213751131517,True
20260803T181855Z-86cfbe2a805d-rtx3080_topk_gate_release_v2,topk_gate.release.main.e8_t512,topk_gate,cuda_naive,L2_operator_steady,warm,5,5,150,8.57600003481,8.67327988148,21.0647046566,11.000763785839334,5.025883640021371,0.45686679014878123,True
20260803T181855Z-86cfbe2a805d-rtx3080_topk_gate_release_v2,topk_gate.release.main.e8_t512,topk_gate,cuda_subwarp_pair_top2_v2,L1_kernel_body,warm,5,5,150,9.0316799283,9.05215978622,21.0385924578,11.393160510062067,4.821403981545615,0.4231840653247629,False
20260803T181855Z-86cfbe2a805d-rtx3080_topk_gate_release_v2,topk_gate.release.main.e8_t512,topk_gate,cuda_subwarp_pair_top2_v2,L2_operator_steady,warm,5,5,150,8.59647989273,8.509440124035,9.617407917979499,8.947370656331668,2.191036010537857,0.2448804341180786,False
20260803T181855Z-86cfbe2a805d-rtx3080_topk_gate_release_v2,topk_gate.release.main.e8_t512,topk_gate,cuda_vector_pair_top2_v3,L1_kernel_body,warm,5,5,150,8.38656008244,8.45311999321,20.7677447796,10.943692799409334,5.504414320578372,0.5029759534985726,False
20260803T181855Z-86cfbe2a805d-rtx3080_topk_gate_release_v2,topk_gate.release.main.e8_t512,topk_gate,cuda_vector_pair_top2_v3,L2_operator_steady,warm,5,5,150,8.59647989273,8.709120154379999,76.62438464164501,21.4205781618762,25.79118037990729,1.2040375467460431,False
20260803T181855Z-86cfbe2a805d-rtx3080_topk_gate_release_v2,topk_gate.release.main.e8_t512,topk_gate,cuda_warp_pair_top2_v1,L1_kernel_body,warm,5,5,150,9.06240016222,9.1545599699,64.85555100439,22.060441609222668,21.17417683830319,0.9598256106283491,False
20260803T181855Z-86cfbe2a805d-rtx3080_topk_gate_release_v2,topk_gate.release.main.e8_t512,topk_gate,cuda_warp_pair_top2_v1,L2_operator_steady,warm,5,5,150,8.55552017689,8.780800104145,52.127744913084996,16.543675720691066,13.951037206949286,0.843285219227358,False
20260803T181855Z-86cfbe2a805d-rtx3080_topk_gate_release_v2,topk_gate.release.main.e8_t64,topk_gate,cuda_local_pair_two_reduce_top2_v4,L1_kernel_body,warm,5,5,150,8.3353599906,8.350719809535,14.612991750279997,9.356902404625734,2.2427750143207144,0.23969203881104528,False
20260803T181855Z-86cfbe2a805d-rtx3080_topk_gate_release_v2,topk_gate.release.main.e8_t64,topk_gate,cuda_local_pair_two_reduce_top2_v4,L2_operator_steady,warm,5,5,150,8.25856000185,8.23808014393,8.9451521635035,8.288051195939534,0.4556752494615408,0.05497978218145954,False
20260803T181855Z-86cfbe2a805d-rtx3080_topk_gate_release_v2,topk_gate.release.main.e8_t64,topk_gate,cuda_naive,L1_kernel_body,warm,5,5,150,8.29439997673,8.32512021065,20.773376822445,10.675609576701198,5.063949421641398,0.47434756631538194,True
20260803T181855Z-86cfbe2a805d-rtx3080_topk_gate_release_v2,topk_gate.release.main.e8_t64,topk_gate,cuda_naive,L2_operator_steady,warm,5,5,150,8.01791995764,8.0588799715,14.654976069924999,8.867430416743533,2.8310778385949735,0.3192669923013228,True
20260803T181855Z-86cfbe2a805d-rtx3080_topk_gate_release_v2,topk_gate.release.main.e8_t64,topk_gate,cuda_subwarp_pair_top2_v2,L1_kernel_body,warm,5,5,150,9.00095999241,8.95488023758,33.121791482,13.096140774090532,8.904490906864215,0.6799324366213978,False
20260803T181855Z-86cfbe2a805d-rtx3080_topk_gate_release_v2,topk_gate.release.main.e8_t64,topk_gate,cuda_subwarp_pair_top2_v2,L2_operator_steady,warm,5,5,150,8.99071991444,9.02656018734,9.907712012531501,9.083153069019133,0.675273919745774,0.07434355830124695,False
20260803T181855Z-86cfbe2a805d-rtx3080_topk_gate_release_v2,topk_gate.release.main.e8_t64,topk_gate,cuda_vector_pair_top2_v3,L1_kernel_body,warm,5,5,150,8.47360014915,8.51967990398,9.6025600731355,8.648021344343666,0.833666523742445,0.09639968387540045,False
20260803T181855Z-86cfbe2a805d-rtx3080_topk_gate_release_v2,topk_gate.release.main.e8_t64,topk_gate,cuda_vector_pair_top2_v3,L2_operator_steady,warm,5,5,150,8.42751979828,8.504319787025,9.223680168390999,8.4630186835924,0.4764871430201054,0.05630226764640027,False
20260803T181855Z-86cfbe2a805d-rtx3080_topk_gate_release_v2,topk_gate.release.main.e8_t64,topk_gate,cuda_warp_pair_top2_v1,L1_kernel_body,warm,5,5,150,9.02144014835,9.02144014835,71.97849678988999,20.496179147563335,23.3246050834795,1.1379977173088096,False
20260803T181855Z-86cfbe2a805d-rtx3080_topk_gate_release_v2,topk_gate.release.main.e8_t64,topk_gate,cuda_warp_pair_top2_v1,L2_operator_steady,warm,5,5,150,8.95487993956,9.04191970825,20.4958730936,11.2657749374716,4.607105494032398,0.4089470559817858,False
20260803T181855Z-86cfbe2a805d-rtx3080_topk_gate_release_v2,topk_gate.release.main.e8_t8,topk_gate,cuda_local_pair_two_reduce_top2_v4,L1_kernel_body,warm,5,5,150,8.212479949,8.207359910015,8.843775987626,8.2098859071732,0.4855591742278588,0.05914323045629813,False
20260803T181855Z-86cfbe2a805d-rtx3080_topk_gate_release_v2,topk_gate.release.main.e8_t8,topk_gate,cuda_local_pair_two_reduce_top2_v4,L2_operator_steady,warm,5,5,150,8.22783976793,8.217599987985,8.7608319520935,8.2014890631038,0.3729911515323805,0.04547846722253927,False
20260803T181855Z-86cfbe2a805d-rtx3080_topk_gate_release_v2,topk_gate.release.main.e8_t8,topk_gate,cuda_naive,L1_kernel_body,warm,5,5,150,8.7603199482,8.56063991785,20.332031846045002,10.736025571822067,4.8235975941370155,0.4492908070931856,True
20260803T181855Z-86cfbe2a805d-rtx3080_topk_gate_release_v2,topk_gate.release.main.e8_t8,topk_gate,cuda_naive,L2_operator_steady,warm,5,5,150,8.17663997412,8.39680016041,20.982272028935,10.8126208345098,5.097135550207633,0.47140611219247625,True
20260803T181855Z-86cfbe2a805d-rtx3080_topk_gate_release_v2,topk_gate.release.main.e8_t8,topk_gate,cuda_subwarp_pair_top2_v2,L1_kernel_body,warm,5,5,150,8.90367984772,8.89855980873,9.5493119955035,8.927846403916465,0.5238504902916528,0.05867601956747936,False
20260803T181855Z-86cfbe2a805d-rtx3080_topk_gate_release_v2,topk_gate.release.main.e8_t8,topk_gate,cuda_subwarp_pair_top2_v2,L2_operator_steady,warm,5,5,150,9.00608003139,9.01120007038,9.5902719795715,9.054071474075666,0.35944274972763196,0.03969957060277433,False
20260803T181855Z-86cfbe2a805d-rtx3080_topk_gate_release_v2,topk_gate.release.main.e8_t8,topk_gate,cuda_vector_pair_top2_v3,L1_kernel_body,warm,5,5,150,8.62208008766,8.59135985374,20.953087806745,10.973593592642667,4.998789208435267,0.45552891732629364,False
20260803T181855Z-86cfbe2a805d-rtx3080_topk_gate_release_v2,topk_gate.release.main.e8_t8,topk_gate,cuda_vector_pair_top2_v3,L2_operator_steady,warm,5,5,150,8.69376003742,8.74495983124,9.4320639669895,8.7665322820346,0.3532095320015338,0.04029067830222584,False
20260803T181855Z-86cfbe2a805d-rtx3080_topk_gate_release_v2,topk_gate.release.main.e8_t8,topk_gate,cuda_warp_pair_top2_v1,L1_kernel_body,warm,5,5,150,9.11871999502,9.11360025406,20.557311177245,11.321139156818067,4.5883008743234415,0.4052861475128299,False
20260803T181855Z-86cfbe2a805d-rtx3080_topk_gate_release_v2,topk_gate.release.main.e8_t8,topk_gate,cuda_warp_pair_top2_v1,L2_operator_steady,warm,5,5,150,8.92927974463,8.924160003659999,79.78035283089,22.226534330842934,27.00936100907475,1.2151854448848942,False
20260803T181855Z-86cfbe2a805d-rtx3080_topk_gate_release_v2,topk_gate.release.main.e9_t1,topk_gate,cuda_local_pair_two_reduce_top2_v4,L1_kernel_body,warm,5,5,150,8.24319988489,8.535040020945,31.987200379344998,13.044804239273468,9.430394784850932,0.7229234423050384,False
20260803T181855Z-86cfbe2a805d-rtx3080_topk_gate_release_v2,topk_gate.release.main.e9_t1,topk_gate,cuda_local_pair_two_reduce_top2_v4,L2_operator_steady,warm,5,5,150,8.48895996809,8.524799942969999,21.173759102844997,10.920345616339734,5.113459903635802,0.46825073887631447,False
20260803T181855Z-86cfbe2a805d-rtx3080_topk_gate_release_v2,topk_gate.release.main.e9_t1,topk_gate,cuda_naive,L1_kernel_body,warm,5,5,150,8.12032014132,8.17152023315,20.598271489145,10.548974974949534,5.002580043009675,0.47422427817766316,True
20260803T181855Z-86cfbe2a805d-rtx3080_topk_gate_release_v2,topk_gate.release.main.e9_t1,topk_gate,cuda_naive,L2_operator_steady,warm,5,5,150,8.0025601387,8.0588799715,78.58175992967,21.65903366406747,27.481541605746163,1.2688258410779558,True
20260803T181855Z-86cfbe2a805d-rtx3080_topk_gate_release_v2,topk_gate.release.main.e9_t1,topk_gate,cuda_subwarp_pair_top2_v2,L1_kernel_body,warm,5,5,150,8.98559987545,8.73472005129,10.722303926945,8.8397141377142,0.8123809979772101,0.09190127478344882,False
20260803T181855Z-86cfbe2a805d-rtx3080_topk_gate_release_v2,topk_gate.release.main.e9_t1,topk_gate,cuda_subwarp_pair_top2_v2,L2_operator_steady,warm,5,5,150,8.6937597394,8.719360232355,42.62451100349,15.356791512170066,13.391019265831716,0.8719932972469868,False
20260803T181855Z-86cfbe2a805d-rtx3080_topk_gate_release_v2,topk_gate.release.main.e9_t1,topk_gate,cuda_vector_pair_top2_v3,L1_kernel_body,warm,5,5,150,8.47872018814,8.668159842489999,21.721088886245,11.2781995097796,5.770213055470388,0.5116253751733064,False
20260803T181855Z-86cfbe2a805d-rtx3080_topk_gate_release_v2,topk_gate.release.main.e9_t1,topk_gate,cuda_vector_pair_top2_v3,L2_operator_steady,warm,5,5,150,8.22784006596,8.33536028862,20.7313925028,10.746333857378467,4.993874648290404,0.4647049602745772,False
20260803T181855Z-86cfbe2a805d-rtx3080_topk_gate_release_v2,topk_gate.release.main.e9_t1,topk_gate,cuda_warp_pair_top2_v1,L1_kernel_body,warm,5,5,150,8.73472005129,8.811519742015,26.066431283959997,12.105523208777067,7.379370956370252,0.6095871140059329,False
20260803T181855Z-86cfbe2a805d-rtx3080_topk_gate_release_v2,topk_gate.release.main.e9_t1,topk_gate,cuda_warp_pair_top2_v1,L2_operator_steady,warm,5,5,150,8.96000027657,8.99584025145,52.33970999719,15.847219189008069,15.126687914248668,0.9545326365360571,False
20260803T181855Z-86cfbe2a805d-rtx3080_topk_gate_release_v2,topk_gate.release.main.e9_t1024,topk_gate,cuda_local_pair_two_reduce_top2_v4,L1_kernel_body,warm,5,5,150,8.34559977055,8.391680121425,22.218239903445,11.0757206082358,5.568996876965152,0.5028112457824279,False
20260803T181855Z-86cfbe2a805d-rtx3080_topk_gate_release_v2,topk_gate.release.main.e9_t1024,topk_gate,cuda_local_pair_two_reduce_top2_v4,L2_operator_steady,warm,5,5,150,8.13055992126,8.212479949,9.473024010657,8.349013312657533,0.5689468437732529,0.06814539903903379,False
20260803T181855Z-86cfbe2a805d-rtx3080_topk_gate_release_v2,topk_gate.release.main.e9_t1024,topk_gate,cuda_naive,L1_kernel_body,warm,5,5,150,8.58624011278,8.760319948195,21.181951165199997,11.1362048268322,4.966749364482366,0.4460001806463904,True
20260803T181855Z-86cfbe2a805d-rtx3080_topk_gate_release_v2,topk_gate.release.main.e9_t1024,topk_gate,cuda_naive,L2_operator_steady,warm,5,5,150,8.63744020462,8.66815984249,20.7155203819,10.968814885617867,4.911637191197925,0.4477819383785922,True
20260803T181855Z-86cfbe2a805d-rtx3080_topk_gate_release_v2,topk_gate.release.main.e9_t1024,topk_gate,cuda_subwarp_pair_top2_v2,L1_kernel_body,warm,5,5,150,9.0316799283,8.93952012062,33.1171834469,13.511133833726133,9.807350385777871,0.7258717518804398,False
20260803T181855Z-86cfbe2a805d-rtx3080_topk_gate_release_v2,topk_gate.release.main.e9_t1024,topk_gate,cuda_subwarp_pair_top2_v2,L2_operator_steady,warm,5,5,150,8.19711983204,8.540160059929999,21.935104131699998,11.109102892876,5.401329140051847,0.48620749957366843,False
20260803T181855Z-86cfbe2a805d-rtx3080_topk_gate_release_v2,topk_gate.release.main.e9_t1024,topk_gate,cuda_vector_pair_top2_v3,L1_kernel_body,warm,5,5,150,8.09983998537,8.07936012745,9.417216181756,8.230775479475799,0.5616769840938972,0.06824107710075324,False
20260803T181855Z-86cfbe2a805d-rtx3080_topk_gate_release_v2,topk_gate.release.main.e9_t1024,topk_gate,cuda_vector_pair_top2_v3,L2_operator_steady,warm,5,5,150,8.39680016041,8.616960048675,77.933057069755,21.832635732491532,26.65978161691863,1.2210977155288352,False
20260803T181855Z-86cfbe2a805d-rtx3080_topk_gate_release_v2,topk_gate.release.main.e9_t1024,topk_gate,cuda_warp_pair_top2_v1,L1_kernel_body,warm,5,5,150,8.32000017166,8.42751979828,21.2843519449,10.920686908561533,5.156829542823475,0.4722074340196179,False
20260803T181855Z-86cfbe2a805d-rtx3080_topk_gate_release_v2,topk_gate.release.main.e9_t1024,topk_gate,cuda_warp_pair_top2_v1,L2_operator_steady,warm,5,5,150,8.20224016905,8.432639837265,39.898111701035,14.454988825321333,12.367478601529145,0.8555854833913521,False
20260803T181855Z-86cfbe2a805d-rtx3080_topk_gate_release_v2,topk_gate.release.main.e9_t128,topk_gate,cuda_local_pair_two_reduce_top2_v4,L1_kernel_body,warm,5,5,150,8.26368004084,8.24320018291,10.684416174904996,8.5014528036124,0.8559471107769293,0.10068245164088002,False
20260803T181855Z-86cfbe2a805d-rtx3080_topk_gate_release_v2,topk_gate.release.main.e9_t128,topk_gate,cuda_local_pair_two_reduce_top2_v4,L2_operator_steady,warm,5,5,150,8.20735991001,8.20223987103,9.478656053546,8.327031453450733,0.5917059126591424,0.07105844573385617,False
20260803T181855Z-86cfbe2a805d-rtx3080_topk_gate_release_v2,topk_gate.release.main.e9_t128,topk_gate,cuda_naive,L1_kernel_body,warm,5,5,150,7.96159982681,8.186879754065,20.5721592903,10.633352514108532,4.973112177850594,0.46768995678946745,True
20260803T181855Z-86cfbe2a805d-rtx3080_topk_gate_release_v2,topk_gate.release.main.e9_t128,topk_gate,cuda_naive,L2_operator_steady,warm,5,5,150,7.97183990479,7.982079982755,8.919551908969998,8.004812788962866,0.5340819922051818,0.0667201102993415,True
20260803T181855Z-86cfbe2a805d-rtx3080_topk_gate_release_v2,topk_gate.release.main.e9_t128,topk_gate,cuda_subwarp_pair_top2_v2,L1_kernel_body,warm,5,5,150,8.25343996286,8.2687997818,9.365504056216498,8.360482132434267,0.7939935474001918,0.09496982767535798,False
20260803T181855Z-86cfbe2a805d-rtx3080_topk_gate_release_v2,topk_gate.release.main.e9_t128,topk_gate,cuda_subwarp_pair_top2_v2,L2_operator_steady,warm,5,5,150,8.32511991262,8.38144004345,9.492480099202496,8.4522325237588,0.5508640043840581,0.06517378726101147,False
20260803T181855Z-86cfbe2a805d-rtx3080_topk_gate_release_v2,topk_gate.release.main.e9_t128,topk_gate,cuda_vector_pair_top2_v3,L1_kernel_body,warm,5,5,150,8.47871989012,8.739840090274999,23.93702411652496,11.937655524411001,7.977222301968731,0.6682402826632345,False
20260803T181855Z-86cfbe2a805d-rtx3080_topk_gate_release_v2,topk_gate.release.main.e9_t128,topk_gate,cuda_vector_pair_top2_v3,L2_operator_steady,warm,5,5,150,8.30976009369,8.463360071185,21.6688644886,10.596078908442735,6.395812742217339,0.603601841537938,False
20260803T181855Z-86cfbe2a805d-rtx3080_topk_gate_release_v2,topk_gate.release.main.e9_t128,topk_gate,cuda_warp_pair_top2_v1,L1_kernel_body,warm,5,5,150,8.70912015438,8.56064021587,9.6107518672935,8.6196223974226,0.5640528898156136,0.06543823659656764,False
20260803T181855Z-86cfbe2a805d-rtx3080_topk_gate_release_v2,topk_gate.release.main.e9_t128,topk_gate,cuda_warp_pair_top2_v1,L2_operator_steady,warm,5,5,150,8.38656008244,8.535040020945,21.8623995781,11.161531686781867,5.362783056131795,0.4804701726092587,False
20260803T181855Z-86cfbe2a805d-rtx3080_topk_gate_release_v2,topk_gate.release.main.e9_t16,topk_gate,cuda_local_pair_two_reduce_top2_v4,L1_kernel_body,warm,5,5,150,8.84736001492,8.83711993694,21.1046409607,11.176891764006466,4.958718934536222,0.4436581331587236,False
20260803T181855Z-86cfbe2a805d-rtx3080_topk_gate_release_v2,topk_gate.release.main.e9_t16,topk_gate,cuda_local_pair_two_reduce_top2_v4,L2_operator_steady,warm,5,5,150,8.53504002094,8.673279881475,9.452543854712498,8.628223995367733,0.4609001270439044,0.0534177285257487,False
20260803T181855Z-86cfbe2a805d-rtx3080_topk_gate_release_v2,topk_gate.release.main.e9_t16,topk_gate,cuda_naive,L1_kernel_body,warm,5,5,150,7.97695994377,8.00768017769,8.912383854391996,8.0497322758038,0.4511928228118922,0.05605066197892137,True
20260803T181855Z-86cfbe2a805d-rtx3080_topk_gate_release_v2,topk_gate.release.main.e9_t16,topk_gate,cuda_naive,L2_operator_steady,warm,5,5,150,8.27903985977,8.30976009369,9.218048125501998,8.3318784157436,0.5140613849742119,0.0616981380816673,True
20260803T181855Z-86cfbe2a805d-rtx3080_topk_gate_release_v2,topk_gate.release.main.e9_t16,topk_gate,cuda_subwarp_pair_top2_v2,L1_kernel_body,warm,5,5,150,8.39168012142,8.289279937745,9.177088141439498,8.381098675728134,0.48764434152928116,0.05818382057014924,False
20260803T181855Z-86cfbe2a805d-rtx3080_topk_gate_release_v2,topk_gate.release.main.e9_t16,topk_gate,cuda_subwarp_pair_top2_v2,L2_operator_steady,warm,5,5,150,8.65279972553,8.73471975327,33.367550969099995,13.563016498087533,9.938981382374315,0.7328002132693543,False
20260803T181855Z-86cfbe2a805d-rtx3080_topk_gate_release_v2,topk_gate.release.main.e9_t16,topk_gate,cuda_vector_pair_top2_v3,L1_kernel_body,warm,5,5,150,8.67839992046,8.831999897955,33.0455029011,13.559671481449334,9.772918640814122,0.7207341751740978,False
20260803T181855Z-86cfbe2a805d-rtx3080_topk_gate_release_v2,topk_gate.release.main.e9_t16,topk_gate,cuda_vector_pair_top2_v3,L2_operator_steady,warm,5,5,150,8.48896026611,8.627200126645,9.555968046189498,8.647748283545067,0.5279535219203138,0.06105098166708941,False
20260803T181855Z-86cfbe2a805d-rtx3080_topk_gate_release_v2,topk_gate.release.main.e9_t16,topk_gate,cuda_warp_pair_top2_v1,L1_kernel_body,warm,5,5,150,8.27904015779,8.34559977055,9.244160056113,8.384853335221267,0.5048605996064555,0.06021102330863044,False
20260803T181855Z-86cfbe2a805d-rtx3080_topk_gate_release_v2,topk_gate.release.main.e9_t16,topk_gate,cuda_warp_pair_top2_v1,L2_operator_steady,warm,5,5,150,8.82687985897,8.92928004265,20.6643199921,11.112038385866335,4.7734439878653205,0.42957410891747616,False
20260803T181855Z-86cfbe2a805d-rtx3080_topk_gate_release_v2,topk_gate.release.main.e9_t2,topk_gate,cuda_local_pair_two_reduce_top2_v4,L1_kernel_body,warm,5,5,150,8.61184000969,8.74495983124,22.495231628424996,11.347148784001266,5.533926016302878,0.48769308675192047,False
20260803T181855Z-86cfbe2a805d-rtx3080_topk_gate_release_v2,topk_gate.release.main.e9_t2,topk_gate,cuda_local_pair_two_reduce_top2_v4,L2_operator_steady,warm,5,5,150,8.90367984772,9.0623998642,21.075968742344998,11.295402661959534,4.889329184258232,0.43286010517574836,False
20260803T181855Z-86cfbe2a805d-rtx3080_topk_gate_release_v2,topk_gate.release.main.e9_t2,topk_gate,cuda_naive,L1_kernel_body,warm,5,5,150,8.01791995764,8.00768017769,8.761855959895998,8.099840017159867,0.9706626792114261,0.11983726557006491,True
20260803T181855Z-86cfbe2a805d-rtx3080_topk_gate_release_v2,topk_gate.release.main.e9_t2,topk_gate,cuda_naive,L2_operator_steady,warm,5,5,150,7.92064011097,8.002560138705,9.177088141439498,8.122914135456067,0.5411439667185053,0.06661943702647823,True
20260803T181855Z-86cfbe2a805d-rtx3080_topk_gate_release_v2,topk_gate.release.main.e9_t2,topk_gate,cuda_subwarp_pair_top2_v2,L1_kernel_body,warm,5,5,150,8.91903996468,9.03679996729,21.3765126467,11.646907711026866,5.046190520698549,0.43326440338502903,False
20260803T181855Z-86cfbe2a805d-rtx3080_topk_gate_release_v2,topk_gate.release.main.e9_t2,topk_gate,cuda_subwarp_pair_top2_v2,L2_operator_steady,warm,5,5,150,8.62208008766,8.69376003742,11.302400231345,8.9989120006572,1.0694456999896833,0.1188416666272079,False
20260803T181855Z-86cfbe2a805d-rtx3080_topk_gate_release_v2,topk_gate.release.main.e9_t2,topk_gate,cuda_vector_pair_top2_v3,L1_kernel_body,warm,5,5,150,8.87807995081,9.00095999241,22.555136084544998,11.615846403439267,5.443100708383294,0.46859268961852646,False
20260803T181855Z-86cfbe2a805d-rtx3080_topk_gate_release_v2,topk_gate.release.main.e9_t2,topk_gate,cuda_vector_pair_top2_v3,L2_operator_steady,warm,5,5,150,8.83711993694,8.68351995945,9.56416010857,8.715059196949067,0.5230525733355769,0.06001709931226686,False
20260803T181855Z-86cfbe2a805d-rtx3080_topk_gate_release_v2,topk_gate.release.main.e9_t2,topk_gate,cuda_warp_pair_top2_v1,L1_kernel_body,warm,5,5,150,8.93952012062,8.94976019859,22.6508808136,11.534335970878265,5.520081232532799,0.4785781553849155,False
20260803T181855Z-86cfbe2a805d-rtx3080_topk_gate_release_v2,topk_gate.release.main.e9_t2,topk_gate,cuda_warp_pair_top2_v1,L2_operator_steady,warm,5,5,150,8.84736001492,8.801279962065,9.4571518898035,8.7321941177056,0.5245465238561823,0.06007041492499572,False
20260803T181855Z-86cfbe2a805d-rtx3080_topk_gate_release_v2,topk_gate.release.main.e9_t2048,topk_gate,cuda_local_pair_two_reduce_top2_v4,L1_kernel_body,warm,5,5,150,8.47360014915,8.504319787025,11.311616301545,8.7970474839216,1.0796055309212809,0.12272362208962499,False
20260803T181855Z-86cfbe2a805d-rtx3080_topk_gate_release_v2,topk_gate.release.main.e9_t2048,topk_gate,cuda_local_pair_two_reduce_top2_v4,L2_operator_steady,warm,5,5,150,8.39680016041,8.412159979345,9.217023849487,8.439876266320866,0.4552372943253365,0.053938858812652334,False
20260803T181855Z-86cfbe2a805d-rtx3080_topk_gate_release_v2,topk_gate.release.main.e9_t2048,topk_gate,cuda_naive,L1_kernel_body,warm,5,5,150,8.70912015438,8.45311999321,52.384255647654996,14.782327457269933,15.337080388037004,1.037528118110673,True
20260803T181855Z-86cfbe2a805d-rtx3080_topk_gate_release_v2,topk_gate.release.main.e9_t2048,topk_gate,cuda_naive,L2_operator_steady,warm,5,5,150,8.94464015961,9.118719995025,58.06643176076,19.38015574614427,16.5751385621239,0.8552634343726349,True
20260803T181855Z-86cfbe2a805d-rtx3080_topk_gate_release_v2,topk_gate.release.main.e9_t2048,topk_gate,cuda_subwarp_pair_top2_v2,L1_kernel_body,warm,5,5,150,8.5811200738,8.65279972553,22.0876789093,11.256695405642999,5.303209129368414,0.47111598371133917,False
20260803T181855Z-86cfbe2a805d-rtx3080_topk_gate_release_v2,topk_gate.release.main.e9_t2048,topk_gate,cuda_subwarp_pair_top2_v2,L2_operator_steady,warm,5,5,150,8.44799995422,8.84223997593,21.7600011826,11.289122184117533,5.2767330632132685,0.46741748181599196,False
20260803T181855Z-86cfbe2a805d-rtx3080_topk_gate_release_v2,topk_gate.release.main.e9_t2048,topk_gate,cuda_vector_pair_top2_v3,L1_kernel_body,warm,5,5,150,8.43776017427,8.657919764515,21.7917430401,11.401011212666601,5.216478519908562,0.4575452495049754,False
20260803T181855Z-86cfbe2a805d-rtx3080_topk_gate_release_v2,topk_gate.release.main.e9_t2048,topk_gate,cuda_vector_pair_top2_v3,L2_operator_steady,warm,5,5,150,8.3916798234,8.514559864995,10.568703949445,8.678741335868,0.7648812848464731,0.08813274359097763,False
20260803T181855Z-86cfbe2a805d-rtx3080_topk_gate_release_v2,topk_gate.release.main.e9_t2048,topk_gate,cuda_warp_pair_top2_v1,L1_kernel_body,warm,5,5,150,10.4089599848,10.5881595612,33.203712105745,15.257736555733667,8.877072396198724,0.581807947972652,False
20260803T181855Z-86cfbe2a805d-rtx3080_topk_gate_release_v2,topk_gate.release.main.e9_t2048,topk_gate,cuda_warp_pair_top2_v1,L2_operator_steady,warm,5,5,150,10.4806399345,10.4652798176,11.034111917045,10.512930134931333,0.4584150494675431,0.043604879285211506,False
20260803T181855Z-86cfbe2a805d-rtx3080_topk_gate_release_v2,topk_gate.release.main.e9_t256,topk_gate,cuda_local_pair_two_reduce_top2_v4,L1_kernel_body,warm,5,5,150,8.95999997854,8.944640159605001,21.2377595901,11.214643176396333,4.969049842833923,0.44308586235649244,False
20260803T181855Z-86cfbe2a805d-rtx3080_topk_gate_release_v2,topk_gate.release.main.e9_t256,topk_gate,cuda_local_pair_two_reduce_top2_v4,L2_operator_steady,warm,5,5,150,8.27903985977,8.412159979345,21.212671399100003,10.998988727728,5.141348787758173,0.46743831774252514,False
20260803T181855Z-86cfbe2a805d-rtx3080_topk_gate_release_v2,topk_gate.release.main.e9_t256,topk_gate,cuda_naive,L1_kernel_body,warm,5,5,150,8.73983979225,8.739839792255,30.860800027834998,12.802116318546133,8.621259684348797,0.673424570581301,True
20260803T181855Z-86cfbe2a805d-rtx3080_topk_gate_release_v2,topk_gate.release.main.e9_t256,topk_gate,cuda_naive,L2_operator_steady,warm,5,5,150,8.49919974804,8.545280098915,9.0680319070835,8.510941855112666,0.4044396232723532,0.047519960793692834,True
20260803T181855Z-86cfbe2a805d-rtx3080_topk_gate_release_v2,topk_gate.release.main.e9_t256,topk_gate,cuda_subwarp_pair_top2_v2,L1_kernel_body,warm,5,5,150,8.31488013268,8.555520176885,21.871103644389997,11.03899300893,5.333585148663761,0.48315866713106476,False
20260803T181855Z-86cfbe2a805d-rtx3080_topk_gate_release_v2,topk_gate.release.main.e9_t256,topk_gate,cuda_subwarp_pair_top2_v2,L2_operator_steady,warm,5,5,150,9.07263994217,8.826879858969999,77.34784007075999,21.783483680091535,26.53805628601787,1.2182650248119706,False
20260803T181855Z-86cfbe2a805d-rtx3080_topk_gate_release_v2,topk_gate.release.main.e9_t256,topk_gate,cuda_vector_pair_top2_v3,L1_kernel_body,warm,5,5,150,8.41215997934,8.627200126645,54.62579202648,16.049902967612066,16.345962652563436,1.0184461978087223,False
20260803T181855Z-86cfbe2a805d-rtx3080_topk_gate_release_v2,topk_gate.release.main.e9_t256,topk_gate,cuda_vector_pair_top2_v3,L2_operator_steady,warm,5,5,150,8.22272002697,8.350719809535,34.739199876789996,13.5690240263952,10.531865039616909,0.7761696802312203,False
20260803T181855Z-86cfbe2a805d-rtx3080_topk_gate_release_v2,topk_gate.release.main.e9_t256,topk_gate,cuda_warp_pair_top2_v1,L1_kernel_body,warm,5,5,150,8.62208008766,8.56064021587,9.2625921964635,8.5536767999332,0.5048646567156753,0.05902311585114112,False
20260803T181855Z-86cfbe2a805d-rtx3080_topk_gate_release_v2,topk_gate.release.main.e9_t256,topk_gate,cuda_warp_pair_top2_v1,L2_operator_steady,warm,5,5,150,8.71935993433,8.719360232355,35.397120118145,13.439590370655333,9.937585390286033,0.7394262113809844,False
20260803T181855Z-86cfbe2a805d-rtx3080_topk_gate_release_v2,topk_gate.release.main.e9_t32,topk_gate,cuda_local_pair_two_reduce_top2_v4,L1_kernel_body,warm,5,5,150,8.25856000185,8.238080143925,9.456639766694495,8.295150939623866,0.5762286232083172,0.06946571887629156,False
20260803T181855Z-86cfbe2a805d-rtx3080_topk_gate_release_v2,topk_gate.release.main.e9_t32,topk_gate,cuda_local_pair_two_reduce_top2_v4,L2_operator_steady,warm,5,5,150,8.4582400322,8.48896026611,21.3811206818,10.966630423069335,5.162701896286381,0.4707646466708821,False
20260803T181855Z-86cfbe2a805d-rtx3080_topk_gate_release_v2,topk_gate.release.main.e9_t32,topk_gate,cuda_naive,L1_kernel_body,warm,5,5,150,8.07936012745,8.227840065955,74.62707281114999,21.033983922004666,25.802233038267754,1.226692629125517,True
20260803T181855Z-86cfbe2a805d-rtx3080_topk_gate_release_v2,topk_gate.release.main.e9_t32,topk_gate,cuda_naive,L2_operator_steady,warm,5,5,150,7.95648008585,7.84896016121,8.732160001991,7.916817057132466,0.4536944934492773,0.05730768946347348,True
20260803T181855Z-86cfbe2a805d-rtx3080_topk_gate_release_v2,topk_gate.release.main.e9_t32,topk_gate,cuda_subwarp_pair_top2_v2,L1_kernel_body,warm,5,5,150,8.5504001379,8.57600003481,9.275903970003498,8.534903470675001,0.4872156133063022,0.057085076003533256,False
20260803T181855Z-86cfbe2a805d-rtx3080_topk_gate_release_v2,topk_gate.release.main.e9_t32,topk_gate,cuda_subwarp_pair_top2_v2,L2_operator_steady,warm,5,5,150,8.43264013529,8.422399759295,21.550591587999996,10.965265071391332,5.300120184106464,0.483355409066637,False
20260803T181855Z-86cfbe2a805d-rtx3080_topk_gate_release_v2,topk_gate.release.main.e9_t32,topk_gate,cuda_vector_pair_top2_v3,L1_kernel_body,warm,5,5,150,8.44799995422,8.663039803505,9.6005117893235,8.6396927913026,0.5784722175687383,0.06695518365549691,False
20260803T181855Z-86cfbe2a805d-rtx3080_topk_gate_release_v2,topk_gate.release.main.e9_t32,topk_gate,cuda_vector_pair_top2_v3,L2_operator_steady,warm,5,5,150,9.01120007038,8.87808024883,20.741632580745,11.041177566845999,4.852104689687707,0.43945536246581257,False
20260803T181855Z-86cfbe2a805d-rtx3080_topk_gate_release_v2,topk_gate.release.main.e9_t32,topk_gate,cuda_warp_pair_top2_v1,L1_kernel_body,warm,5,5,150,8.44799995422,8.46848011017,9.172480106353,8.470869338512532,0.4731713571735229,0.05585865373017439,False
20260803T181855Z-86cfbe2a805d-rtx3080_topk_gate_release_v2,topk_gate.release.main.e9_t32,topk_gate,cuda_warp_pair_top2_v1,L2_operator_steady,warm,5,5,150,8.85759979486,8.85760009289,72.78694486616999,20.92209495306033,24.554665862777462,1.173623669994184,False
20260803T181855Z-86cfbe2a805d-rtx3080_topk_gate_release_v2,topk_gate.release.main.e9_t4,topk_gate,cuda_local_pair_two_reduce_top2_v4,L1_kernel_body,warm,5,5,150,8.67839992046,8.586239814755,22.775807380645,10.270719973246534,4.68184424866595,0.4558438221333414,False
20260803T181855Z-86cfbe2a805d-rtx3080_topk_gate_release_v2,topk_gate.release.main.e9_t4,topk_gate,cuda_local_pair_two_reduce_top2_v4,L2_operator_steady,warm,5,5,150,8.55552017689,8.919039964675001,20.3217917681,10.998237923783734,4.620666785106055,0.4201279165923338,False
20260803T181855Z-86cfbe2a805d-rtx3080_topk_gate_release_v2,topk_gate.release.main.e9_t4,topk_gate,cuda_naive,L1_kernel_body,warm,5,5,150,8.07424008846,8.207359910015,20.598271489145,10.617105062801334,4.980461957158607,0.4690979252535066,True
20260803T181855Z-86cfbe2a805d-rtx3080_topk_gate_release_v2,topk_gate.release.main.e9_t4,topk_gate,cuda_naive,L2_operator_steady,warm,5,5,150,7.94111996889,8.11008006334,9.508351951836,8.237465608119999,0.6376963539597945,0.07741414462856049,True
20260803T181855Z-86cfbe2a805d-rtx3080_topk_gate_release_v2,topk_gate.release.main.e9_t4,topk_gate,cuda_subwarp_pair_top2_v2,L1_kernel_body,warm,5,5,150,8.8831999898,8.76543998718,9.4003200531,8.723865600426999,0.43352058704675733,0.04969363432485001,False
20260803T181855Z-86cfbe2a805d-rtx3080_topk_gate_release_v2,topk_gate.release.main.e9_t4,topk_gate,cuda_subwarp_pair_top2_v2,L2_operator_steady,warm,5,5,150,8.87808024883,8.88832002878,21.427713036545,11.2634539127344,5.151506890817078,0.4573647595781266,False
20260803T181855Z-86cfbe2a805d-rtx3080_topk_gate_release_v2,topk_gate.release.main.e9_t4,topk_gate,cuda_vector_pair_top2_v3,L1_kernel_body,warm,5,5,150,8.66815984249,8.62208008766,9.3081599474,8.625698105494266,0.44470713831957615,0.05155607498439035,False
20260803T181855Z-86cfbe2a805d-rtx3080_topk_gate_release_v2,topk_gate.release.main.e9_t4,topk_gate,cuda_vector_pair_top2_v3,L2_operator_steady,warm,5,5,150,8.816639781,8.750079870225001,9.54367995262,8.810018106301133,0.45923499951173347,0.052126453540802344,False
20260803T181855Z-86cfbe2a805d-rtx3080_topk_gate_release_v2,topk_gate.release.main.e9_t4,topk_gate,cuda_warp_pair_top2_v1,L1_kernel_body,warm,5,5,150,9.00095999241,9.016320109365001,21.2229114771,11.261678878465334,5.01218555543027,0.44506557232906085,False
20260803T181855Z-86cfbe2a805d-rtx3080_topk_gate_release_v2,topk_gate.release.main.e9_t4,topk_gate,cuda_warp_pair_top2_v1,L2_operator_steady,warm,5,5,150,9.01119977236,8.98047983646,22.622208595245,11.601715207100334,5.46027483010438,0.4706437567750889,False
20260803T181855Z-86cfbe2a805d-rtx3080_topk_gate_release_v2,topk_gate.release.main.e9_t4096,topk_gate,cuda_local_pair_two_reduce_top2_v4,L1_kernel_body,warm,5,5,150,10.4243195057,10.4960000515,26.51033663749996,13.6430933276808,7.190240006577655,0.5270241750812629,False
20260803T181855Z-86cfbe2a805d-rtx3080_topk_gate_release_v2,topk_gate.release.main.e9_t4096,topk_gate,cuda_local_pair_two_reduce_top2_v4,L2_operator_steady,warm,5,5,150,10.4652798176,10.3782403469,22.309376597445002,12.427673606076267,4.7665929181663556,0.3835466772989454,False
20260803T181855Z-86cfbe2a805d-rtx3080_topk_gate_release_v2,topk_gate.release.main.e9_t4096,topk_gate,cuda_naive,L1_kernel_body,warm,5,5,150,8.41727972031,8.59135985374,21.0693126917,11.0089557528492,5.034713796631751,0.45732891562660055,True
20260803T181855Z-86cfbe2a805d-rtx3080_topk_gate_release_v2,topk_gate.release.main.e9_t4096,topk_gate,cuda_naive,L2_operator_steady,warm,5,5,150,8.77568006516,8.84736001492,20.833790898300002,11.110468268394401,4.864087024402512,0.4377931610892789,True
20260803T181855Z-86cfbe2a805d-rtx3080_topk_gate_release_v2,topk_gate.release.main.e9_t4096,topk_gate,cuda_subwarp_pair_top2_v2,L1_kernel_body,warm,5,5,150,10.5113601685,10.5216002464,22.1137911081,12.697258663176001,4.699491347902923,0.3701185801256589,False
20260803T181855Z-86cfbe2a805d-rtx3080_topk_gate_release_v2,topk_gate.release.main.e9_t4096,topk_gate,cuda_subwarp_pair_top2_v2,L2_operator_steady,warm,5,5,150,10.3833603859,10.3833603859,10.9168636799,10.347042115526532,0.3918296669991895,0.03786876119999733,False
20260803T181855Z-86cfbe2a805d-rtx3080_topk_gate_release_v2,topk_gate.release.main.e9_t4096,topk_gate,cuda_vector_pair_top2_v3,L1_kernel_body,warm,5,5,150,10.4960000515,10.4447996616,11.044351458544998,10.544605835272801,0.3011075091151166,0.028555596465055216,False
20260803T181855Z-86cfbe2a805d-rtx3080_topk_gate_release_v2,topk_gate.release.main.e9_t4096,topk_gate,cuda_vector_pair_top2_v3,L2_operator_steady,warm,5,5,150,10.4908800125,10.501120090499999,77.51833605767,18.450909892715867,19.812087199264663,1.0737729095455704,False
20260803T181855Z-86cfbe2a805d-rtx3080_topk_gate_release_v2,topk_gate.release.main.e9_t4096,topk_gate,cuda_warp_pair_top2_v1,L1_kernel_body,warm,5,5,150,10.7059204578,10.787839889499999,18.216447770579997,11.9851690649994,2.8247754410782733,0.23568924441187386,False
20260803T181855Z-86cfbe2a805d-rtx3080_topk_gate_release_v2,topk_gate.release.main.e9_t4096,topk_gate,cuda_warp_pair_top2_v1,L2_operator_steady,warm,5,5,150,10.7161605358,10.7929599285,20.0463360548,12.1135786970454,3.0358634140499836,0.2506165593154115,False
20260803T181855Z-86cfbe2a805d-rtx3080_topk_gate_release_v2,topk_gate.release.main.e9_t512,topk_gate,cuda_local_pair_two_reduce_top2_v4,L1_kernel_body,warm,5,5,150,8.40703994036,8.391680121425,10.199552178334997,8.566169591744199,0.7451658547551543,0.08698938852125009,False
20260803T181855Z-86cfbe2a805d-rtx3080_topk_gate_release_v2,topk_gate.release.main.e9_t512,topk_gate,cuda_local_pair_two_reduce_top2_v4,L2_operator_steady,warm,5,5,150,9.13919985294,9.08288002014,65.47865605357,16.47035732269413,18.637050794501405,1.1315510908085666,False
20260803T181855Z-86cfbe2a805d-rtx3080_topk_gate_release_v2,topk_gate.release.main.e9_t512,topk_gate,cuda_naive,L1_kernel_body,warm,5,5,150,8.56575995684,8.59135985374,9.933823943137,8.724780793983934,0.691956896534081,0.07930937325224394,True
20260803T181855Z-86cfbe2a805d-rtx3080_topk_gate_release_v2,topk_gate.release.main.e9_t512,topk_gate,cuda_naive,L2_operator_steady,warm,5,5,150,8.57087999582,8.668159842489999,9.518591761589,8.711918942133334,0.4721386203689663,0.054194560751199,True
20260803T181855Z-86cfbe2a805d-rtx3080_topk_gate_release_v2,topk_gate.release.main.e9_t512,topk_gate,cuda_subwarp_pair_top2_v2,L1_kernel_body,warm,5,5,150,8.51456016302,8.6067199707,22.1593594551,11.177779221534,5.491826406215814,0.4913164142333217,False
20260803T181855Z-86cfbe2a805d-rtx3080_topk_gate_release_v2,topk_gate.release.main.e9_t512,topk_gate,cuda_subwarp_pair_top2_v2,L2_operator_steady,warm,5,5,150,9.16992008686,9.082880020145,52.052992582289995,16.7353685776368,13.900922350041936,0.8306313832022505,False
20260803T181855Z-86cfbe2a805d-rtx3080_topk_gate_release_v2,topk_gate.release.main.e9_t512,topk_gate,cuda_vector_pair_top2_v3,L1_kernel_body,warm,5,5,150,8.10496002436,8.145920038225,9.226751863955498,8.3509930372238,1.7176809792407859,0.20568583539518923,False
20260803T181855Z-86cfbe2a805d-rtx3080_topk_gate_release_v2,topk_gate.release.main.e9_t512,topk_gate,cuda_vector_pair_top2_v3,L2_operator_steady,warm,5,5,150,8.3609598875,8.371199965475,22.124031186099998,10.981990361212533,5.564521573135121,0.5066951791169425,False
20260803T181855Z-86cfbe2a805d-rtx3080_topk_gate_release_v2,topk_gate.release.main.e9_t512,topk_gate,cuda_warp_pair_top2_v1,L1_kernel_body,warm,5,5,150,8.3609598875,8.442879915235,21.2479996681,10.932428805034133,5.142824157716755,0.47041917669279515,False
20260803T181855Z-86cfbe2a805d-rtx3080_topk_gate_release_v2,topk_gate.release.main.e9_t512,topk_gate,cuda_warp_pair_top2_v1,L2_operator_steady,warm,5,5,150,8.8524800539,8.84736001492,21.171711087200002,11.060701847075666,5.037126937113054,0.4554075326101315,False
20260803T181855Z-86cfbe2a805d-rtx3080_topk_gate_release_v2,topk_gate.release.main.e9_t64,topk_gate,cuda_local_pair_two_reduce_top2_v4,L1_kernel_body,warm,5,5,150,8.70912015438,8.750079870225001,9.5493119955035,8.747349317868201,0.5417188108767409,0.06192948185688349,False
20260803T181855Z-86cfbe2a805d-rtx3080_topk_gate_release_v2,topk_gate.release.main.e9_t64,topk_gate,cuda_local_pair_two_reduce_top2_v4,L2_operator_steady,warm,5,5,150,8.62208008766,8.540160059929999,31.299071908000002,13.005277868112067,9.129911575220916,0.7020158790768132,False
20260803T181855Z-86cfbe2a805d-rtx3080_topk_gate_release_v2,topk_gate.release.main.e9_t64,topk_gate,cuda_naive,L1_kernel_body,warm,5,5,150,7.95648008585,8.00768017769,20.491265058499998,10.459409101803868,5.02369693827506,0.48030408691143506,True
20260803T181855Z-86cfbe2a805d-rtx3080_topk_gate_release_v2,topk_gate.release.main.e9_t64,topk_gate,cuda_naive,L2_operator_steady,warm,5,5,150,7.87455976009,7.982079982755,8.915455937386,8.045909325282,0.44959338901588486,0.05587850556594821,True
20260803T181855Z-86cfbe2a805d-rtx3080_topk_gate_release_v2,topk_gate.release.main.e9_t64,topk_gate,cuda_subwarp_pair_top2_v2,L1_kernel_body,warm,5,5,150,8.6374399066,8.74495983124,10.712064504645,8.9532415866858,0.8910752112425542,0.09952542915491698,False
20260803T181855Z-86cfbe2a805d-rtx3080_topk_gate_release_v2,topk_gate.release.main.e9_t64,topk_gate,cuda_subwarp_pair_top2_v2,L2_operator_steady,warm,5,5,150,8.22272002697,8.25343996286,22.749695181845,11.163784527779134,5.7632226398031925,0.5162427334084079,False
20260803T181855Z-86cfbe2a805d-rtx3080_topk_gate_release_v2,topk_gate.release.main.e9_t64,topk_gate,cuda_vector_pair_top2_v3,L1_kernel_body,warm,5,5,150,9.01120007038,9.021440148355,21.4174729586,11.308987760545266,5.069950266518081,0.4483115884346515,False
20260803T181855Z-86cfbe2a805d-rtx3080_topk_gate_release_v2,topk_gate.release.main.e9_t64,topk_gate,cuda_vector_pair_top2_v3,L2_operator_steady,warm,5,5,150,8.23808014393,8.25856000185,8.9574399292455,8.286685891946,0.41409110379963615,0.049970652827821045,False
20260803T181855Z-86cfbe2a805d-rtx3080_topk_gate_release_v2,topk_gate.release.main.e9_t64,topk_gate,cuda_warp_pair_top2_v1,L1_kernel_body,warm,5,5,150,8.6630398035,8.826879858969999,21.171711087200002,11.0974292953816,5.034169157098569,0.4536338122193427,False
20260803T181855Z-86cfbe2a805d-rtx3080_topk_gate_release_v2,topk_gate.release.main.e9_t64,topk_gate,cuda_warp_pair_top2_v1,L2_operator_steady,warm,5,5,150,8.77568006516,8.637440204619999,12.505599916014923,10.8539904077858,10.0863968199833,0.9292800565539575,False
20260803T181855Z-86cfbe2a805d-rtx3080_topk_gate_release_v2,topk_gate.release.main.e9_t8,topk_gate,cuda_local_pair_two_reduce_top2_v4,L1_kernel_body,warm,5,5,150,8.59647989273,8.729600012305,21.618176102634997,11.339571225644466,5.61868888805401,0.4954939456041629,False
20260803T181855Z-86cfbe2a805d-rtx3080_topk_gate_release_v2,topk_gate.release.main.e9_t8,topk_gate,cuda_local_pair_two_reduce_top2_v4,L2_operator_steady,warm,5,5,150,8.52991998196,8.5504001379,9.350143939255,8.529237322012467,0.5456241026306956,0.0639710307066419,False
20260803T181855Z-86cfbe2a805d-rtx3080_topk_gate_release_v2,topk_gate.release.main.e9_t8,topk_gate,cuda_naive,L1_kernel_body,warm,5,5,150,8.01280021667,8.074240088465,21.7553931475,10.769066679478334,5.507040900568135,0.5113758754101151,True
20260803T181855Z-86cfbe2a805d-rtx3080_topk_gate_release_v2,topk_gate.release.main.e9_t8,topk_gate,cuda_naive,L2_operator_steady,warm,5,5,150,7.8540802002,7.889919877055,8.669695854186,7.922892793019467,0.4375154833232814,0.05522168414404877,True
20260803T181855Z-86cfbe2a805d-rtx3080_topk_gate_release_v2,topk_gate.release.main.e9_t8,topk_gate,cuda_subwarp_pair_top2_v2,L1_kernel_body,warm,5,5,150,8.7296000123,8.673279881475,9.4571518898035,8.614911973476666,0.5579434417505017,0.06476484535979954,False
20260803T181855Z-86cfbe2a805d-rtx3080_topk_gate_release_v2,topk_gate.release.main.e9_t8,topk_gate,cuda_subwarp_pair_top2_v2,L2_operator_steady,warm,5,5,150,8.94464015961,8.92928004265,20.5675512552,11.055377101897333,4.7650022917888535,0.43101218962228616,False
20260803T181855Z-86cfbe2a805d-rtx3080_topk_gate_release_v2,topk_gate.release.main.e9_t8,topk_gate,cuda_vector_pair_top2_v3,L1_kernel_body,warm,5,5,150,8.83199989796,8.84223997593,9.534463882447,8.790835193793134,0.4214631614950679,0.0479434720597022,False
20260803T181855Z-86cfbe2a805d-rtx3080_topk_gate_release_v2,topk_gate.release.main.e9_t8,topk_gate,cuda_vector_pair_top2_v3,L2_operator_steady,warm,5,5,150,8.78592014313,8.729600012305,9.484288096429498,8.714786132176801,0.4126737548357463,0.047353285390684355,False
20260803T181855Z-86cfbe2a805d-rtx3080_topk_gate_release_v2,topk_gate.release.main.e9_t8,topk_gate,cuda_warp_pair_top2_v1,L1_kernel_body,warm,5,5,150,8.87296020985,8.791040182115,9.550336003306,8.748714669545334,0.5019639343824026,0.05737573498993646,False
20260803T181855Z-86cfbe2a805d-rtx3080_topk_gate_release_v2,topk_gate.release.main.e9_t8,topk_gate,cuda_warp_pair_top2_v1,L2_operator_steady,warm,5,5,150,9.02656018734,8.88832002878,23.32979190348,11.5810304005966,5.813295291943931,0.5019670176882066,False
20260803T181855Z-86cfbe2a805d-rtx3080_topk_gate_release_v2,topk_gate.release.ties_t2048_e64,topk_gate,cub_block_radix_top2,L1_kernel_body,warm,5,5,150,45.3017616272,45.02016067505,67.187200307835,45.832806396483996,11.212417429580311,0.24463737464787794,False
20260803T181855Z-86cfbe2a805d-rtx3080_topk_gate_release_v2,topk_gate.release.ties_t2048_e64,topk_gate,cuda_local_pair_two_reduce_top2_v4,L1_kernel_body,warm,5,5,150,8.90367984772,8.872960209845001,9.57440018654,8.846677303314133,0.49381674039797174,0.05581945892984914,False
20260803T181855Z-86cfbe2a805d-rtx3080_topk_gate_release_v2,topk_gate.release.ties_t2048_e64,topk_gate,cuda_naive,L1_kernel_body,warm,5,5,150,14.6227198839,14.597120284999999,46.470144748675,18.064042727150667,9.692372978510422,0.5365561366804433,True
20260803T181855Z-86cfbe2a805d-rtx3080_topk_gate_release_v2,topk_gate.release.ties_t2048_e64,topk_gate,cuda_subwarp_pair_top2_v2,L1_kernel_body,warm,5,5,150,9.74847972393,10.014719963065001,11.362816035744999,10.028509902953733,0.8560599206464362,0.0853626240518841,False
20260803T181855Z-86cfbe2a805d-rtx3080_topk_gate_release_v2,topk_gate.release.ties_t2048_e64,topk_gate,cuda_vector_pair_top2_v3,L1_kernel_body,warm,5,5,150,8.62208008766,8.70400011539,21.552639603644998,11.198737045130466,5.138288919944194,0.45882753557272515,False
20260803T181855Z-86cfbe2a805d-rtx3080_topk_gate_release_v2,topk_gate.release.ties_t2048_e64,topk_gate,cuda_warp_pair_top2_v1,L1_kernel_body,warm,5,5,150,9.55392003059,9.65632021427,10.823168158534997,9.707246915497066,0.6449129136525018,0.0664362325658921,False
20260803T181855Z-86cfbe2a805d-rtx3080_topk_gate_release_v2,topk_gate.release.ties_t2048_e64,topk_gate,vllm_row_packed_top2,L1_kernel_body,warm,5,5,150,9.03679996729,9.021440148355,21.300224065800002,10.777668281395867,4.421158012119884,0.41021470476611094,False
20260803T181855Z-86cfbe2a805d-rtx3080_topk_gate_release_v2,topk_gate.release.vllm_pair.e16_t1,topk_gate,cuda_local_pair_two_reduce_top2_v4,L1_kernel_body,warm,5,5,150,8.05375993252,8.29439997673,69.92384004593998,19.965678910415665,23.58682293444786,1.1813684393243007,False
20260803T181855Z-86cfbe2a805d-rtx3080_topk_gate_release_v2,topk_gate.release.vllm_pair.e16_t1,topk_gate,cuda_naive,L1_kernel_body,warm,5,5,150,8.57600003481,8.545280098915,82.99673748016,22.016273113093934,27.5058074180944,1.2493398531532398,True
20260803T181855Z-86cfbe2a805d-rtx3080_topk_gate_release_v2,topk_gate.release.vllm_pair.e16_t1,topk_gate,cuda_subwarp_pair_top2_v2,L1_kernel_body,warm,5,5,150,8.32512021065,8.340480029585,9.651199847458498,8.466090655326934,0.6193627082301298,0.07315805292498513,False
20260803T181855Z-86cfbe2a805d-rtx3080_topk_gate_release_v2,topk_gate.release.vllm_pair.e16_t1,topk_gate,cuda_vector_pair_top2_v3,L1_kernel_body,warm,5,5,150,9.04191970825,9.03679996729,21.5244793892,11.516927953562334,5.05091848654864,0.4385647376552639,False
20260803T181855Z-86cfbe2a805d-rtx3080_topk_gate_release_v2,topk_gate.release.vllm_pair.e16_t1,topk_gate,vllm_row_packed_top2,L1_kernel_body,warm,5,5,150,8.51967990398,8.43775987625,20.328447818744998,10.694792524971934,4.852056507553581,0.45368402390455104,False
20260803T181855Z-86cfbe2a805d-rtx3080_topk_gate_release_v2,topk_gate.release.vllm_pair.e16_t1024,topk_gate,cuda_local_pair_two_reduce_top2_v4,L1_kernel_body,warm,5,5,150,8.21759998798,8.289279937745,9.0485760271585,8.355840019385267,0.4575038046169397,0.054752580656827594,False
20260803T181855Z-86cfbe2a805d-rtx3080_topk_gate_release_v2,topk_gate.release.vllm_pair.e16_t1024,topk_gate,cuda_naive,L1_kernel_body,warm,5,5,150,8.02815973759,8.11007976532,9.257984161377,8.191112522284135,0.5233724385152583,0.06389515918520347,True
20260803T181855Z-86cfbe2a805d-rtx3080_topk_gate_release_v2,topk_gate.release.vllm_pair.e16_t1024,topk_gate,cuda_subwarp_pair_top2_v2,L1_kernel_body,warm,5,5,150,8.28415989876,8.34559977055,9.296384125947998,8.363622387250333,0.5142800537894697,0.06149010918683371,False
20260803T181855Z-86cfbe2a805d-rtx3080_topk_gate_release_v2,topk_gate.release.vllm_pair.e16_t1024,topk_gate,cuda_vector_pair_top2_v3,L1_kernel_body,warm,5,5,150,8.89344006777,8.88831973076,9.554944038392499,8.819097606341133,0.446704558634228,0.05065195766889315,False
20260803T181855Z-86cfbe2a805d-rtx3080_topk_gate_release_v2,topk_gate.release.vllm_pair.e16_t1024,topk_gate,vllm_row_packed_top2,L1_kernel_body,warm,5,5,150,7.98207998276,8.115199804305,50.940416574455,13.382041625181667,13.1495523218148,0.9826267687787356,False
20260803T181855Z-86cfbe2a805d-rtx3080_topk_gate_release_v2,topk_gate.release.vllm_pair.e16_t128,topk_gate,cuda_local_pair_two_reduce_top2_v4,L1_kernel_body,warm,5,5,150,8.31488013268,8.437759876255,21.81887924669,11.007863493760333,5.3506870714173145,0.4860786177490558,False
20260803T181855Z-86cfbe2a805d-rtx3080_topk_gate_release_v2,topk_gate.release.vllm_pair.e16_t128,topk_gate,cuda_naive,L1_kernel_body,warm,5,5,150,8.94975990057,8.84223997593,9.524223804472499,8.790425602594802,0.4555338030589689,0.05182158676418377,True
20260803T181855Z-86cfbe2a805d-rtx3080_topk_gate_release_v2,topk_gate.release.vllm_pair.e16_t128,topk_gate,cuda_subwarp_pair_top2_v2,L1_kernel_body,warm,5,5,150,8.83199989796,8.821759819985001,9.45151984692,8.8153429190322,0.39757636112356637,0.045100498616475214,False
20260803T181855Z-86cfbe2a805d-rtx3080_topk_gate_release_v2,topk_gate.release.vllm_pair.e16_t128,topk_gate,cuda_vector_pair_top2_v3,L1_kernel_body,warm,5,5,150,9.13407981396,9.44128006697,21.2945920229,11.818393631775,4.818824801760711,0.4077394062087077,False
20260803T181855Z-86cfbe2a805d-rtx3080_topk_gate_release_v2,topk_gate.release.vllm_pair.e16_t128,topk_gate,vllm_row_packed_top2,L1_kernel_body,warm,5,5,150,8.04863989353,8.104960024355,68.08371305464999,19.528226153056465,23.172416155034615,1.186611419461044,False
20260803T181855Z-86cfbe2a805d-rtx3080_topk_gate_release_v2,topk_gate.release.vllm_pair.e16_t16,topk_gate,cuda_local_pair_two_reduce_top2_v4,L1_kernel_body,warm,5,5,150,8.03840011358,8.207359910015,32.13619112969,12.180070439976266,8.424556728762822,0.6916673241160038,False
20260803T181855Z-86cfbe2a805d-rtx3080_topk_gate_release_v2,topk_gate.release.vllm_pair.e16_t16,topk_gate,cuda_naive,L1_kernel_body,warm,5,5,150,8.66816014051,8.698880076405,9.730047792199997,8.721681086222066,0.8314509172150227,0.09533149733352367,True
20260803T181855Z-86cfbe2a805d-rtx3080_topk_gate_release_v2,topk_gate.release.vllm_pair.e16_t16,topk_gate,cuda_subwarp_pair_top2_v2,L1_kernel_body,warm,5,5,150,8.71423989534,8.69376003742,9.44127976894,8.661060285568066,0.475967551448731,0.054954882630459945,False
20260803T181855Z-86cfbe2a805d-rtx3080_topk_gate_release_v2,topk_gate.release.vllm_pair.e16_t16,topk_gate,cuda_vector_pair_top2_v3,L1_kernel_body,warm,5,5,150,9.11871999502,9.03168022633,16.539647936804965,10.107153050105133,2.8277898516642064,0.2797810459231932,False
20260803T181855Z-86cfbe2a805d-rtx3080_topk_gate_release_v2,topk_gate.release.vllm_pair.e16_t16,topk_gate,vllm_row_packed_top2,L1_kernel_body,warm,5,5,150,8.06912004948,8.11007976532,8.989184170958,8.147899731000267,0.5271720098159284,0.06470035557877572,False
20260803T181855Z-86cfbe2a805d-rtx3080_topk_gate_release_v2,topk_gate.release.vllm_pair.e16_t2,topk_gate,cuda_local_pair_two_reduce_top2_v4,L1_kernel_body,warm,5,5,150,8.13567996025,8.28415989876,45.426687955819986,15.411200006802535,14.306607755295778,0.9283253574660515,False
20260803T181855Z-86cfbe2a805d-rtx3080_topk_gate_release_v2,topk_gate.release.vllm_pair.e16_t2,topk_gate,cuda_naive,L1_kernel_body,warm,5,5,150,8.66304010153,8.514559864995,21.039615154259995,12.0359594265634,6.806319868369981,0.5654987381685926,True
20260803T181855Z-86cfbe2a805d-rtx3080_topk_gate_release_v2,topk_gate.release.vllm_pair.e16_t2,topk_gate,cuda_subwarp_pair_top2_v2,L1_kernel_body,warm,5,5,150,8.85760009289,8.88832002878,20.7267844677,11.4313216010736,4.900950701621767,0.42873001676039646,False
20260803T181855Z-86cfbe2a805d-rtx3080_topk_gate_release_v2,topk_gate.release.vllm_pair.e16_t2,topk_gate,cuda_vector_pair_top2_v3,L1_kernel_body,warm,5,5,150,9.04191970825,9.04191970825,21.3708806038,11.350152552127934,4.972337826012751,0.4380855502317045,False
20260803T181855Z-86cfbe2a805d-rtx3080_topk_gate_release_v2,topk_gate.release.vllm_pair.e16_t2,topk_gate,vllm_row_packed_top2,L1_kernel_body,warm,5,5,150,8.12543988228,8.371199965475,21.2899839878,10.870510951678598,5.3382745148596324,0.4910785278253465,False
20260803T181855Z-86cfbe2a805d-rtx3080_topk_gate_release_v2,topk_gate.release.vllm_pair.e16_t2048,topk_gate,cuda_local_pair_two_reduce_top2_v4,L1_kernel_body,warm,5,5,150,8.41215997934,8.42751979828,58.22668790813999,17.5205034613596,18.95577551769403,1.0819195669519335,False
20260803T181855Z-86cfbe2a805d-rtx3080_topk_gate_release_v2,topk_gate.release.vllm_pair.e16_t2048,topk_gate,cuda_naive,L1_kernel_body,warm,5,5,150,8.13055992126,8.13055992126,9.303551912309,8.225041071573868,0.5605850641701251,0.06815589846809807,True
20260803T181855Z-86cfbe2a805d-rtx3080_topk_gate_release_v2,topk_gate.release.vllm_pair.e16_t2048,topk_gate,cuda_subwarp_pair_top2_v2,L1_kernel_body,warm,5,5,150,8.41728001833,8.555519878864999,10.3127038479,8.821350395680133,1.8500963035093339,0.20972937481491913,False
20260803T181855Z-86cfbe2a805d-rtx3080_topk_gate_release_v2,topk_gate.release.vllm_pair.e16_t2048,topk_gate,cuda_vector_pair_top2_v3,L1_kernel_body,warm,5,5,150,8.97024005651,9.07263994217,21.230591535589998,11.520819298425,5.377005540040326,0.46672076010908453,False
20260803T181855Z-86cfbe2a805d-rtx3080_topk_gate_release_v2,topk_gate.release.vllm_pair.e16_t2048,topk_gate,vllm_row_packed_top2,L1_kernel_body,warm,5,5,150,8.43775987625,8.48896026611,20.035071969,10.673425094284667,4.698498192725097,0.44020529035623407,False
20260803T181855Z-86cfbe2a805d-rtx3080_topk_gate_release_v2,topk_gate.release.vllm_pair.e16_t256,topk_gate,cuda_local_pair_two_reduce_top2_v4,L1_kernel_body,warm,5,5,150,8.19712013006,8.166400194165,9.003008007999501,8.227635212739266,0.4806429822511786,0.05841812013091862,False
20260803T181855Z-86cfbe2a805d-rtx3080_topk_gate_release_v2,topk_gate.release.vllm_pair.e16_t256,topk_gate,cuda_naive,L1_kernel_body,warm,5,5,150,8.08960020542,8.08960020542,9.11360025406,8.136226133505133,0.48780469573820384,0.059954662976907054,True
20260803T181855Z-86cfbe2a805d-rtx3080_topk_gate_release_v2,topk_gate.release.vllm_pair.e16_t256,topk_gate,cuda_subwarp_pair_top2_v2,L1_kernel_body,warm,5,5,150,9.07775998116,9.011200070385,20.658175945289997,11.059131713709133,4.785529100101025,0.4327219553926446,False
20260803T181855Z-86cfbe2a805d-rtx3080_topk_gate_release_v2,topk_gate.release.vllm_pair.e16_t256,topk_gate,cuda_vector_pair_top2_v3,L1_kernel_body,warm,5,5,150,9.04703974724,8.97023975849,32.189439535134994,13.475020774204733,9.316491111866918,0.6913897401703084,False
20260803T181855Z-86cfbe2a805d-rtx3080_topk_gate_release_v2,topk_gate.release.vllm_pair.e16_t256,topk_gate,vllm_row_packed_top2,L1_kernel_body,warm,5,5,150,7.94111996889,7.930880188945,8.838655889032498,7.9821482539174005,0.47196772781493074,0.05912790802692784,False
20260803T181855Z-86cfbe2a805d-rtx3080_topk_gate_release_v2,topk_gate.release.vllm_pair.e16_t32,topk_gate,cuda_local_pair_two_reduce_top2_v4,L1_kernel_body,warm,5,5,150,8.09471994638,8.227840065955,9.4673919677735,8.3408896207814,0.6037845875095638,0.07238851189269177,False
20260803T181855Z-86cfbe2a805d-rtx3080_topk_gate_release_v2,topk_gate.release.vllm_pair.e16_t32,topk_gate,cuda_naive,L1_kernel_body,warm,5,5,150,8.83711993694,8.831999897955,70.910974741025,20.55925753911213,23.82040417812227,1.1586218098005778,True
20260803T181855Z-86cfbe2a805d-rtx3080_topk_gate_release_v2,topk_gate.release.vllm_pair.e16_t32,topk_gate,cuda_subwarp_pair_top2_v2,L1_kernel_body,warm,5,5,150,8.62208008766,8.831999897955,78.766078710545,22.086587659517267,26.869703343375267,1.2165620039452731,False
20260803T181855Z-86cfbe2a805d-rtx3080_topk_gate_release_v2,topk_gate.release.vllm_pair.e16_t32,topk_gate,cuda_vector_pair_top2_v3,L1_kernel_body,warm,5,5,150,9.04703974724,9.09312009811,21.541375517844997,11.494195179145265,4.932008873491211,0.429086925758813,False
20260803T181855Z-86cfbe2a805d-rtx3080_topk_gate_release_v2,topk_gate.release.vllm_pair.e16_t32,topk_gate,vllm_row_packed_top2,L1_kernel_body,warm,5,5,150,7.85919994116,7.92064011097,9.042943984269499,8.008430961767735,0.5375575438135605,0.06712395304147108,False
20260803T181855Z-86cfbe2a805d-rtx3080_topk_gate_release_v2,topk_gate.release.vllm_pair.e16_t4,topk_gate,cuda_local_pair_two_reduce_top2_v4,L1_kernel_body,warm,5,5,150,8.30976009369,8.350719809535,20.61516761779,10.690764820574532,4.926015753740789,0.46077299766809954,False
20260803T181855Z-86cfbe2a805d-rtx3080_topk_gate_release_v2,topk_gate.release.vllm_pair.e16_t4,topk_gate,cuda_naive,L1_kernel_body,warm,5,5,150,8.5504001379,8.50943982601,9.408000111583,8.489945582549334,0.7064054928606373,0.08320494943013758,True
20260803T181855Z-86cfbe2a805d-rtx3080_topk_gate_release_v2,topk_gate.release.vllm_pair.e16_t4,topk_gate,cuda_subwarp_pair_top2_v2,L1_kernel_body,warm,5,5,150,8.82175981998,8.86784017086,20.967935919745,11.1463765303282,4.888729798300229,0.4385936348909867,False
20260803T181855Z-86cfbe2a805d-rtx3080_topk_gate_release_v2,topk_gate.release.vllm_pair.e16_t4,topk_gate,cuda_vector_pair_top2_v3,L1_kernel_body,warm,5,5,150,9.02656018734,9.03168022633,9.6414721012135,9.042943990230267,0.370619625117111,0.04098439905383884,False
20260803T181855Z-86cfbe2a805d-rtx3080_topk_gate_release_v2,topk_gate.release.vllm_pair.e16_t4,topk_gate,vllm_row_packed_top2,L1_kernel_body,warm,5,5,150,8.03839981556,8.22272002697,20.534272074679997,10.555187209447865,4.971152182643768,0.47096769427207585,False
20260803T181855Z-86cfbe2a805d-rtx3080_topk_gate_release_v2,topk_gate.release.vllm_pair.e16_t4096,topk_gate,cuda_local_pair_two_reduce_top2_v4,L1_kernel_body,warm,5,5,150,9.05215978622,9.03168022633,9.923583865167,9.111415465673133,0.4906610402760599,0.05385124211760558,False
20260803T181855Z-86cfbe2a805d-rtx3080_topk_gate_release_v2,topk_gate.release.vllm_pair.e16_t4096,topk_gate,cuda_naive,L1_kernel_body,warm,5,5,150,8.82687985897,8.780800104145,21.596159935,12.227788821858134,7.933331895845963,0.6487952982688504,True
20260803T181855Z-86cfbe2a805d-rtx3080_topk_gate_release_v2,topk_gate.release.vllm_pair.e16_t4096,topk_gate,cuda_subwarp_pair_top2_v2,L1_kernel_body,warm,5,5,150,10.5113601685,10.58815956115,22.610944509499998,12.887517889339733,4.844852802724993,0.3759337402536253,False
20260803T181855Z-86cfbe2a805d-rtx3080_topk_gate_release_v2,topk_gate.release.vllm_pair.e16_t4096,topk_gate,cuda_vector_pair_top2_v3,L1_kernel_body,warm,5,5,150,8.08960020542,8.074240088465,8.836608201264998,8.086596250534,0.41635819134021684,0.05148744644110586,False
20260803T181855Z-86cfbe2a805d-rtx3080_topk_gate_release_v2,topk_gate.release.vllm_pair.e16_t4096,topk_gate,vllm_row_packed_top2,L1_kernel_body,warm,5,5,150,8.47359985113,8.627200126645,21.123583793635,11.102549298603334,4.998181516646739,0.45018323109589753,False
20260803T181855Z-86cfbe2a805d-rtx3080_topk_gate_release_v2,topk_gate.release.vllm_pair.e16_t512,topk_gate,cuda_local_pair_two_reduce_top2_v4,L1_kernel_body,warm,5,5,150,8.28927993774,8.37632000446,21.506047248845,9.719671483834134,3.8841250163735808,0.399614845299422,False
20260803T181855Z-86cfbe2a805d-rtx3080_topk_gate_release_v2,topk_gate.release.vllm_pair.e16_t512,topk_gate,cuda_naive,L1_kernel_body,warm,5,5,150,8.212479949,8.46848011017,72.46540784832996,17.031987214089202,20.91735503512423,1.2281218141017023,True
20260803T181855Z-86cfbe2a805d-rtx3080_topk_gate_release_v2,topk_gate.release.vllm_pair.e16_t512,topk_gate,cuda_subwarp_pair_top2_v2,L1_kernel_body,warm,5,5,150,8.84736001492,8.72448027134,31.119359374084986,10.3723007758474,5.881244303336757,0.567014438786005,False
20260803T181855Z-86cfbe2a805d-rtx3080_topk_gate_release_v2,topk_gate.release.vllm_pair.e16_t512,topk_gate,cuda_vector_pair_top2_v3,L1_kernel_body,warm,5,5,150,8.84223997593,8.883199989795,21.560831666,11.305779170988934,5.132044111597354,0.45393104128253076,False
20260803T181855Z-86cfbe2a805d-rtx3080_topk_gate_release_v2,topk_gate.release.vllm_pair.e16_t512,topk_gate,vllm_row_packed_top2,L1_kernel_body,warm,5,5,150,8.02815973759,8.166400194165,21.474303007144997,10.761830393473065,5.351320838691122,0.49725006277153755,False
20260803T181855Z-86cfbe2a805d-rtx3080_topk_gate_release_v2,topk_gate.release.vllm_pair.e16_t64,topk_gate,cuda_local_pair_two_reduce_top2_v4,L1_kernel_body,warm,5,5,150,8.18687975407,8.19199979305,8.907264143227998,8.210158944129667,0.3529699686837609,0.04299185571019151,False
20260803T181855Z-86cfbe2a805d-rtx3080_topk_gate_release_v2,topk_gate.release.vllm_pair.e16_t64,topk_gate,cuda_naive,L1_kernel_body,warm,5,5,150,8.95487993956,8.91903996468,20.793856978445,11.118318907418667,4.819408059829383,0.4334655355688392,True
20260803T181855Z-86cfbe2a805d-rtx3080_topk_gate_release_v2,topk_gate.release.vllm_pair.e16_t64,topk_gate,cuda_subwarp_pair_top2_v2,L1_kernel_body,warm,5,5,150,8.75519990921,8.77568006516,10.402303874489998,8.857395188012667,0.6978337482127871,0.07878543673395248,False
20260803T181855Z-86cfbe2a805d-rtx3080_topk_gate_release_v2,topk_gate.release.vllm_pair.e16_t64,topk_gate,cuda_vector_pair_top2_v3,L1_kernel_body,warm,5,5,150,8.84223997593,8.883199989795,9.541119933128499,8.8404650727908,0.4269633947921009,0.04829648567994569,False
20260803T181855Z-86cfbe2a805d-rtx3080_topk_gate_release_v2,topk_gate.release.vllm_pair.e16_t64,topk_gate,vllm_row_packed_top2,L1_kernel_body,warm,5,5,150,8.17663997412,8.27391982079,20.60900747776,10.638161087034934,4.95974711412364,0.4662222233284512,False
20260803T181855Z-86cfbe2a805d-rtx3080_topk_gate_release_v2,topk_gate.release.vllm_pair.e16_t8,topk_gate,cuda_local_pair_two_reduce_top2_v4,L1_kernel_body,warm,5,5,150,8.18688005209,8.09984028339,8.99071991444,8.1880405465762,0.4469675377753049,0.05458785105335156,False
20260803T181855Z-86cfbe2a805d-rtx3080_topk_gate_release_v2,topk_gate.release.vllm_pair.e16_t8,topk_gate,cuda_naive,L1_kernel_body,warm,5,5,150,8.56575995684,8.57088029385,10.126848191027484,8.721134940783466,0.704853739511642,0.08082133166125752,True
20260803T181855Z-86cfbe2a805d-rtx3080_topk_gate_release_v2,topk_gate.release.vllm_pair.e16_t8,topk_gate,cuda_subwarp_pair_top2_v2,L1_kernel_body,warm,5,5,150,8.94464015961,9.07263994217,21.4845430851,11.374865082899733,5.057932574810921,0.44465868719750384,False
20260803T181855Z-86cfbe2a805d-rtx3080_topk_gate_release_v2,topk_gate.release.vllm_pair.e16_t8,topk_gate,cuda_vector_pair_top2_v3,L1_kernel_body,warm,5,5,150,9.03679996729,9.05215978622,75.68640041347,22.052386236190465,26.207084553070047,1.1884013037129402,False
20260803T181855Z-86cfbe2a805d-rtx3080_topk_gate_release_v2,topk_gate.release.vllm_pair.e16_t8,topk_gate,vllm_row_packed_top2,L1_kernel_body,warm,5,5,150,7.910400033,8.012799918655,20.942847728745,10.479684269429,5.188514945275637,0.4951022198647154,False
20260803T181855Z-86cfbe2a805d-rtx3080_topk_gate_release_v2,topk_gate.release.vllm_pair.e2_t1,topk_gate,cuda_local_pair_two_reduce_top2_v4,L1_kernel_body,warm,5,5,150,8.27391982079,8.360959887505,9.270271927114498,8.368332787354067,0.46484016777125703,0.055547524170370864,False
20260803T181855Z-86cfbe2a805d-rtx3080_topk_gate_release_v2,topk_gate.release.vllm_pair.e2_t1,topk_gate,cuda_naive,L1_kernel_body,warm,5,5,150,8.38144004345,8.48896026611,9.335296154020499,8.545962667465533,0.8313142877619177,0.09727567508886155,True
20260803T181855Z-86cfbe2a805d-rtx3080_topk_gate_release_v2,topk_gate.release.vllm_pair.e2_t1,topk_gate,cuda_subwarp_pair_top2_v2,L1_kernel_body,warm,5,5,150,8.7296000123,8.601599931715,20.102144479745,10.648371207714067,4.734540886406251,0.4446258300026559,False
20260803T181855Z-86cfbe2a805d-rtx3080_topk_gate_release_v2,topk_gate.release.vllm_pair.e2_t1,topk_gate,cuda_vector_pair_top2_v3,L1_kernel_body,warm,5,5,150,8.28416019678,8.22272002697,9.303551912309,8.223880521456268,0.5811901830293698,0.07067103923908342,False
20260803T181855Z-86cfbe2a805d-rtx3080_topk_gate_release_v2,topk_gate.release.vllm_pair.e2_t1,topk_gate,vllm_row_packed_top2,L1_kernel_body,warm,5,5,150,8.24320018291,8.17152023315,8.9963519573235,8.170417054494333,0.532651148190652,0.06519265107742014,False
20260803T181855Z-86cfbe2a805d-rtx3080_topk_gate_release_v2,topk_gate.release.vllm_pair.e2_t1024,topk_gate,cuda_local_pair_two_reduce_top2_v4,L1_kernel_body,warm,5,5,150,8.33536028862,8.33536028862,9.027072191239,8.349696020285535,0.46312281364450736,0.055465829237298384,False
20260803T181855Z-86cfbe2a805d-rtx3080_topk_gate_release_v2,topk_gate.release.vllm_pair.e2_t1024,topk_gate,cuda_naive,L1_kernel_body,warm,5,5,150,8.1817600131,8.38656008244,21.648384332645,10.967313019435267,5.378758322640619,0.49043537948710647,True
20260803T181855Z-86cfbe2a805d-rtx3080_topk_gate_release_v2,topk_gate.release.vllm_pair.e2_t1024,topk_gate,cuda_subwarp_pair_top2_v2,L1_kernel_body,warm,5,5,150,8.50944012403,8.63232016563,20.235263109199998,10.769544533888666,4.728094501559067,0.43902455546574976,False
20260803T181855Z-86cfbe2a805d-rtx3080_topk_gate_release_v2,topk_gate.release.vllm_pair.e2_t1024,topk_gate,cuda_vector_pair_top2_v3,L1_kernel_body,warm,5,5,150,8.48896026611,8.560640215875,10.372607648379999,8.6672042449318,0.7674346333690992,0.08854465773295482,False
20260803T181855Z-86cfbe2a805d-rtx3080_topk_gate_release_v2,topk_gate.release.vllm_pair.e2_t1024,topk_gate,vllm_row_packed_top2,L1_kernel_body,warm,5,5,150,8.04351985455,8.125439882275,9.186304211617,8.219033594926,0.627311546655372,0.07632424656867703,False
20260803T181855Z-86cfbe2a805d-rtx3080_topk_gate_release_v2,topk_gate.release.vllm_pair.e2_t128,topk_gate,cuda_local_pair_two_reduce_top2_v4,L1_kernel_body,warm,5,5,150,8.71935993433,8.637440204619999,81.61484956744499,22.189670491219,27.645063101533907,1.2458527995029822,False
20260803T181855Z-86cfbe2a805d-rtx3080_topk_gate_release_v2,topk_gate.release.vllm_pair.e2_t128,topk_gate,cuda_naive,L1_kernel_body,warm,5,5,150,8.49408000708,8.57600003481,21.3765126467,10.943146713576068,5.170182872311892,0.47245851742970446,True
20260803T181855Z-86cfbe2a805d-rtx3080_topk_gate_release_v2,topk_gate.release.vllm_pair.e2_t128,topk_gate,cuda_subwarp_pair_top2_v2,L1_kernel_body,warm,5,5,150,8.12031984329,8.29439997673,20.0089597702,10.617924261093734,4.806562940004982,0.4526838600287648,False
20260803T181855Z-86cfbe2a805d-rtx3080_topk_gate_release_v2,topk_gate.release.vllm_pair.e2_t128,topk_gate,cuda_vector_pair_top2_v3,L1_kernel_body,warm,5,5,150,8.69376003742,8.401920199395,9.294335842136,8.392294390996266,0.5375476301642133,0.06405252307890022,False
20260803T181855Z-86cfbe2a805d-rtx3080_topk_gate_release_v2,topk_gate.release.vllm_pair.e2_t128,topk_gate,vllm_row_packed_top2,L1_kernel_body,warm,5,5,150,8.04351985455,8.212479949,20.20454394819,10.4861013849578,4.851626021649241,0.462672049748522,False
20260803T181855Z-86cfbe2a805d-rtx3080_topk_gate_release_v2,topk_gate.release.vllm_pair.e2_t16,topk_gate,cuda_local_pair_two_reduce_top2_v4,L1_kernel_body,warm,5,5,150,8.66304010153,8.678399920465,15.6216317415,9.533166921138934,2.3804088876014835,0.24969759863567925,False
20260803T181855Z-86cfbe2a805d-rtx3080_topk_gate_release_v2,topk_gate.release.vllm_pair.e2_t16,topk_gate,cuda_naive,L1_kernel_body,warm,5,5,150,8.1817600131,8.238080143925,9.1499519348135,8.320682672660267,0.5463791712287008,0.06566518550502706,True
20260803T181855Z-86cfbe2a805d-rtx3080_topk_gate_release_v2,topk_gate.release.vllm_pair.e2_t16,topk_gate,cuda_subwarp_pair_top2_v2,L1_kernel_body,warm,5,5,150,8.62720012665,8.673279881475,9.3649917840935,8.598254950842,0.44526377158843694,0.05178536506931952,False
20260803T181855Z-86cfbe2a805d-rtx3080_topk_gate_release_v2,topk_gate.release.vllm_pair.e2_t16,topk_gate,cuda_vector_pair_top2_v3,L1_kernel_body,warm,5,5,150,8.19199979305,8.371199965475,20.2649593353,10.694655986626534,4.802085148426714,0.4490172619326542,False
20260803T181855Z-86cfbe2a805d-rtx3080_topk_gate_release_v2,topk_gate.release.vllm_pair.e2_t16,topk_gate,vllm_row_packed_top2,L1_kernel_body,warm,5,5,150,8.07936012745,8.125439882275,32.92672038079,13.0405034542078,9.867274698666247,0.756663631378615,False
20260803T181855Z-86cfbe2a805d-rtx3080_topk_gate_release_v2,topk_gate.release.vllm_pair.e2_t2,topk_gate,cuda_local_pair_two_reduce_top2_v4,L1_kernel_body,warm,5,5,150,8.34560006857,8.23296010494,9.0475517511335,8.262178119023066,0.5623582998272689,0.06806417045554607,False
20260803T181855Z-86cfbe2a805d-rtx3080_topk_gate_release_v2,topk_gate.release.vllm_pair.e2_t2,topk_gate,cuda_naive,L1_kernel_body,warm,5,5,150,8.58111977577,8.463360071185,21.427713036545,10.855287460486801,5.213591297068033,0.48028127454436215,True
20260803T181855Z-86cfbe2a805d-rtx3080_topk_gate_release_v2,topk_gate.release.vllm_pair.e2_t2,topk_gate,cuda_subwarp_pair_top2_v2,L1_kernel_body,warm,5,5,150,8.65280002356,8.73471975327,21.3355523348,11.045273605982734,5.146277563848241,0.4659257658461925,False
20260803T181855Z-86cfbe2a805d-rtx3080_topk_gate_release_v2,topk_gate.release.vllm_pair.e2_t2,topk_gate,cuda_vector_pair_top2_v3,L1_kernel_body,warm,5,5,150,8.79104018211,8.73471975327,19.9429124594,10.717661881447,4.613035235968537,0.4304143279565494,False
20260803T181855Z-86cfbe2a805d-rtx3080_topk_gate_release_v2,topk_gate.release.vllm_pair.e2_t2,topk_gate,vllm_row_packed_top2,L1_kernel_body,warm,5,5,150,8.04352015257,8.058879971505,9.50272023678,8.218146133422733,0.6020197599308336,0.07325493489127109,False
20260803T181855Z-86cfbe2a805d-rtx3080_topk_gate_release_v2,topk_gate.release.vllm_pair.e2_t2048,topk_gate,cuda_local_pair_two_reduce_top2_v4,L1_kernel_body,warm,5,5,150,8.4838399291,8.391680121425,9.33888018131,8.396663455168934,0.5975154945265556,0.07116106269076782,False
20260803T181855Z-86cfbe2a805d-rtx3080_topk_gate_release_v2,topk_gate.release.vllm_pair.e2_t2048,topk_gate,cuda_naive,L1_kernel_body,warm,5,5,150,7.98207998276,8.06912004948,9.094144105912498,8.163123186429202,0.5411683608240327,0.06629427836195086,True
20260803T181855Z-86cfbe2a805d-rtx3080_topk_gate_release_v2,topk_gate.release.vllm_pair.e2_t2048,topk_gate,cuda_subwarp_pair_top2_v2,L1_kernel_body,warm,5,5,150,8.33023995161,8.56063991785,9.416192173959,8.560913066068867,0.5550847546769089,0.0648394336437061,False
20260803T181855Z-86cfbe2a805d-rtx3080_topk_gate_release_v2,topk_gate.release.vllm_pair.e2_t2048,topk_gate,cuda_vector_pair_top2_v3,L1_kernel_body,warm,5,5,150,8.29952001572,8.3046400547,19.930576264865003,10.607598888873932,4.66153109518777,0.43945205168694146,False
20260803T181855Z-86cfbe2a805d-rtx3080_topk_gate_release_v2,topk_gate.release.vllm_pair.e2_t2048,topk_gate,vllm_row_packed_top2,L1_kernel_body,warm,5,5,150,7.98720002174,7.971839904785,8.822271823883499,8.012799998124466,0.42306237018320314,0.05279831897491866,False
20260803T181855Z-86cfbe2a805d-rtx3080_topk_gate_release_v2,topk_gate.release.vllm_pair.e2_t256,topk_gate,cuda_local_pair_two_reduce_top2_v4,L1_kernel_body,warm,5,5,150,8.63231986761,8.529919981955,10.545663774034999,8.617710924147733,0.9010574162539143,0.10455878877638569,False
20260803T181855Z-86cfbe2a805d-rtx3080_topk_gate_release_v2,topk_gate.release.vllm_pair.e2_t256,topk_gate,cuda_naive,L1_kernel_body,warm,5,5,150,8.53504002094,8.483840227125,9.416192173959,8.400964252154134,0.6452599130125933,0.07680783939142925,True
20260803T181855Z-86cfbe2a805d-rtx3080_topk_gate_release_v2,topk_gate.release.vllm_pair.e2_t256,topk_gate,cuda_subwarp_pair_top2_v2,L1_kernel_body,warm,5,5,150,7.95648008585,8.06912004948,20.5777913332,10.516343462468534,5.028266526809818,0.4781382944323804,False
20260803T181855Z-86cfbe2a805d-rtx3080_topk_gate_release_v2,topk_gate.release.vllm_pair.e2_t256,topk_gate,cuda_vector_pair_top2_v3,L1_kernel_body,warm,5,5,150,8.70400011539,8.514559864995,19.7632002831,10.653286381563467,4.550566317996535,0.4271514117814129,False
20260803T181855Z-86cfbe2a805d-rtx3080_topk_gate_release_v2,topk_gate.release.vllm_pair.e2_t256,topk_gate,vllm_row_packed_top2,L1_kernel_body,warm,5,5,150,8.28415989876,8.227840065955,23.2755208015,11.177710982162667,5.945412936022956,0.5318989680007485,False
20260803T181855Z-86cfbe2a805d-rtx3080_topk_gate_release_v2,topk_gate.release.vllm_pair.e2_t32,topk_gate,cuda_local_pair_two_reduce_top2_v4,L1_kernel_body,warm,5,5,150,8.7603199482,8.709120154379999,9.534463882447,8.6353919784228,0.514123795880988,0.059536822088172243,False
20260803T181855Z-86cfbe2a805d-rtx3080_topk_gate_release_v2,topk_gate.release.vllm_pair.e2_t32,topk_gate,cuda_naive,L1_kernel_body,warm,5,5,150,8.30976009369,8.360959887505,9.3854719400435,8.4262677232426,0.5455071014409761,0.06473887601936458,True
20260803T181855Z-86cfbe2a805d-rtx3080_topk_gate_release_v2,topk_gate.release.vllm_pair.e2_t32,topk_gate,cuda_subwarp_pair_top2_v2,L1_kernel_body,warm,5,5,150,8.76543998718,8.73471975327,80.03532552715498,22.397815362613468,27.828293161808404,1.2424556909358004,False
20260803T181855Z-86cfbe2a805d-rtx3080_topk_gate_release_v2,topk_gate.release.vllm_pair.e2_t32,topk_gate,cuda_vector_pair_top2_v3,L1_kernel_body,warm,5,5,150,8.70400011539,8.64256024361,9.33888018131,8.465681048234465,0.5706340618795042,0.06740557063610506,False
20260803T181855Z-86cfbe2a805d-rtx3080_topk_gate_release_v2,topk_gate.release.vllm_pair.e2_t32,topk_gate,vllm_row_packed_top2,L1_kernel_body,warm,5,5,150,7.96159982681,8.03839981556,56.762368679045,15.960196328163931,17.56748392819081,1.1007060042983683,False
20260803T181855Z-86cfbe2a805d-rtx3080_topk_gate_release_v2,topk_gate.release.vllm_pair.e2_t4,topk_gate,cuda_local_pair_two_reduce_top2_v4,L1_kernel_body,warm,5,5,150,8.42239975929,8.463360071185,20.144128799445,10.608640015127934,4.765870574634525,0.4492442544792158,False
20260803T181855Z-86cfbe2a805d-rtx3080_topk_gate_release_v2,topk_gate.release.vllm_pair.e2_t4,topk_gate,cuda_naive,L1_kernel_body,warm,5,5,150,8.35072010756,8.25344026089,20.5675512552,10.632669850191865,4.942065697680892,0.46480007066068296,True
20260803T181855Z-86cfbe2a805d-rtx3080_topk_gate_release_v2,topk_gate.release.vllm_pair.e2_t4,topk_gate,cuda_subwarp_pair_top2_v2,L1_kernel_body,warm,5,5,150,8.17151993513,8.22272002697,19.694591760645,10.3366655747108,4.695057795365539,0.4542139591757952,False
20260803T181855Z-86cfbe2a805d-rtx3080_topk_gate_release_v2,topk_gate.release.vllm_pair.e2_t4,topk_gate,cuda_vector_pair_top2_v3,L1_kernel_body,warm,5,5,150,8.70912015438,8.750079870225001,79.152129888535,21.6498176495204,26.464960972742166,1.2224103408708586,False
20260803T181855Z-86cfbe2a805d-rtx3080_topk_gate_release_v2,topk_gate.release.vllm_pair.e2_t4,topk_gate,vllm_row_packed_top2,L1_kernel_body,warm,5,5,150,8.13567996025,8.320000171665,80.403968334155,21.949030395347933,27.464288262201077,1.2512756949856927,False
20260803T181855Z-86cfbe2a805d-rtx3080_topk_gate_release_v2,topk_gate.release.vllm_pair.e2_t4096,topk_gate,cuda_local_pair_two_reduce_top2_v4,L1_kernel_body,warm,5,5,150,8.41728001833,8.586239814755,13.704192399989989,9.0896384040512,1.8916895229812396,0.20811493690861502,False
20260803T181855Z-86cfbe2a805d-rtx3080_topk_gate_release_v2,topk_gate.release.vllm_pair.e2_t4096,topk_gate,cuda_naive,L1_kernel_body,warm,5,5,150,8.06912004948,8.08960020542,10.058751910904995,8.367240556080201,1.7803688647971971,0.2127784964307571,True
20260803T181855Z-86cfbe2a805d-rtx3080_topk_gate_release_v2,topk_gate.release.vllm_pair.e2_t4096,topk_gate,cuda_subwarp_pair_top2_v2,L1_kernel_body,warm,5,5,150,8.78080010414,8.61184000969,30.9452795982,12.870929038523332,8.988998993597676,0.6983955056152632,False
20260803T181855Z-86cfbe2a805d-rtx3080_topk_gate_release_v2,topk_gate.release.vllm_pair.e2_t4096,topk_gate,cuda_vector_pair_top2_v3,L1_kernel_body,warm,5,5,150,8.75519990921,8.76543998718,42.96499252318,15.112942914167467,13.24240929295419,0.8762296905482408,False
20260803T181855Z-86cfbe2a805d-rtx3080_topk_gate_release_v2,topk_gate.release.vllm_pair.e2_t4096,topk_gate,vllm_row_packed_top2,L1_kernel_body,warm,5,5,150,8.07424008846,8.14079999924,21.167103052145002,10.676701859633999,5.2188833715658145,0.48881044354129033,False
20260803T181855Z-86cfbe2a805d-rtx3080_topk_gate_release_v2,topk_gate.release.vllm_pair.e2_t512,topk_gate,cuda_local_pair_two_reduce_top2_v4,L1_kernel_body,warm,5,5,150,8.34559977055,8.42751979828,66.51187300679,19.44275621970427,22.270174093898667,1.1454226881335348,False
20260803T181855Z-86cfbe2a805d-rtx3080_topk_gate_release_v2,topk_gate.release.vllm_pair.e2_t512,topk_gate,cuda_naive,L1_kernel_body,warm,5,5,150,8.49920004606,8.44799995422,9.487872123719,8.4535978794098,0.6449894967986383,0.07629763161193434,True
20260803T181855Z-86cfbe2a805d-rtx3080_topk_gate_release_v2,topk_gate.release.vllm_pair.e2_t512,topk_gate,cuda_subwarp_pair_top2_v2,L1_kernel_body,warm,5,5,150,8.3046400547,8.34559977055,9.3957120180135,8.419327994187933,0.7005287671718975,0.08320483150858234,False
20260803T181855Z-86cfbe2a805d-rtx3080_topk_gate_release_v2,topk_gate.release.vllm_pair.e2_t512,topk_gate,cuda_vector_pair_top2_v3,L1_kernel_body,warm,5,5,150,8.78080010414,8.632320165635,31.290879845645,12.929979745546534,9.155730004912293,0.7081008775799356,False
20260803T181855Z-86cfbe2a805d-rtx3080_topk_gate_release_v2,topk_gate.release.vllm_pair.e2_t512,topk_gate,vllm_row_packed_top2,L1_kernel_body,warm,5,5,150,8.10496002436,8.17152023315,9.1397118568435,8.286276268958932,0.5388280977386474,0.06502656684971288,False
20260803T181855Z-86cfbe2a805d-rtx3080_topk_gate_release_v2,topk_gate.release.vllm_pair.e2_t64,topk_gate,cuda_local_pair_two_reduce_top2_v4,L1_kernel_body,warm,5,5,150,8.69376003742,8.40703994036,9.33888018131,8.431001599629267,0.5510132957413802,0.06535561513422197,False
20260803T181855Z-86cfbe2a805d-rtx3080_topk_gate_release_v2,topk_gate.release.vllm_pair.e2_t64,topk_gate,cuda_naive,L1_kernel_body,warm,5,5,150,8.73983979225,8.729600012305,30.596608400349993,11.0948351820306,7.04440543119316,0.6349265505631313,True
20260803T181855Z-86cfbe2a805d-rtx3080_topk_gate_release_v2,topk_gate.release.vllm_pair.e2_t64,topk_gate,cuda_subwarp_pair_top2_v2,L1_kernel_body,warm,5,5,150,8.33536028862,8.550400137905,20.3217917681,10.758690182368934,4.78625535949818,0.44487342588801126,False
20260803T181855Z-86cfbe2a805d-rtx3080_topk_gate_release_v2,topk_gate.release.vllm_pair.e2_t64,topk_gate,cuda_vector_pair_top2_v3,L1_kernel_body,warm,5,5,150,8.12031984329,8.442879915235,19.9838715792,10.5841322580962,4.698092484192621,0.44388074238196273,False
20260803T181855Z-86cfbe2a805d-rtx3080_topk_gate_release_v2,topk_gate.release.vllm_pair.e2_t64,topk_gate,vllm_row_packed_top2,L1_kernel_body,warm,5,5,150,8.16128015518,8.212479949,31.03590428829,12.034662433464733,8.216763213777899,0.6827580963907705,False
20260803T181855Z-86cfbe2a805d-rtx3080_topk_gate_release_v2,topk_gate.release.vllm_pair.e2_t8,topk_gate,cuda_local_pair_two_reduce_top2_v4,L1_kernel_body,warm,5,5,150,8.2687997818,8.350719809535,77.15071964267,21.599095380306135,26.7781787147612,1.2397824188126558,False
20260803T181855Z-86cfbe2a805d-rtx3080_topk_gate_release_v2,topk_gate.release.vllm_pair.e2_t8,topk_gate,cuda_naive,L1_kernel_body,warm,5,5,150,8.49920004606,8.524799942969999,20.095376491510002,10.6980586647982,4.719165272506034,0.44112351786164494,True
20260803T181855Z-86cfbe2a805d-rtx3080_topk_gate_release_v2,topk_gate.release.vllm_pair.e2_t8,topk_gate,cuda_subwarp_pair_top2_v2,L1_kernel_body,warm,5,5,150,8.3046400547,8.39680016041,20.911103487,10.813986150424666,5.076442308870774,0.469433032209998,False
20260803T181855Z-86cfbe2a805d-rtx3080_topk_gate_release_v2,topk_gate.release.vllm_pair.e2_t8,topk_gate,cuda_vector_pair_top2_v3,L1_kernel_body,warm,5,5,150,8.1561601162,8.37632000446,22.0113927126,10.904029850165001,5.538125055894946,0.5078970923590367,False
20260803T181855Z-86cfbe2a805d-rtx3080_topk_gate_release_v2,topk_gate.release.vllm_pair.e2_t8,topk_gate,vllm_row_packed_top2,L1_kernel_body,warm,5,5,150,7.90527999401,8.19199979305,20.3263998032,10.532181334498267,4.899072792474807,0.4651527197341204,False
20260803T181855Z-86cfbe2a805d-rtx3080_topk_gate_release_v2,topk_gate.release.vllm_pair.e32_t1,topk_gate,cuda_local_pair_two_reduce_top2_v4,L1_kernel_body,warm,5,5,150,8.82175981998,8.565760254859999,21.079552769644998,10.938982399304134,5.015762773003693,0.45852187981605697,False
20260803T181855Z-86cfbe2a805d-rtx3080_topk_gate_release_v2,topk_gate.release.vllm_pair.e32_t1,topk_gate,cuda_naive,L1_kernel_body,warm,5,5,150,8.50431978703,8.545280098915,21.5449595451,11.038446911176667,5.241845874427023,0.4748716840880523,True
20260803T181855Z-86cfbe2a805d-rtx3080_topk_gate_release_v2,topk_gate.release.vllm_pair.e32_t1,topk_gate,cuda_subwarp_pair_top2_v2,L1_kernel_body,warm,5,5,150,8.87807995081,8.780800104145,9.54367995262,8.738065071900534,0.4703590560104977,0.05382874264956628,False
20260803T181855Z-86cfbe2a805d-rtx3080_topk_gate_release_v2,topk_gate.release.vllm_pair.e32_t1,topk_gate,cuda_vector_pair_top2_v3,L1_kernel_body,warm,5,5,150,8.33024024963,8.6630398035,21.392384767544996,11.108556826910533,5.173305323208994,0.46570453784569354,False
20260803T181855Z-86cfbe2a805d-rtx3080_topk_gate_release_v2,topk_gate.release.vllm_pair.e32_t1,topk_gate,vllm_row_packed_top2,L1_kernel_body,warm,5,5,150,8.75007987022,8.852480053905,51.303426027300006,16.546338073414933,13.851284085726487,0.8371208193782406,False
20260803T181855Z-86cfbe2a805d-rtx3080_topk_gate_release_v2,topk_gate.release.vllm_pair.e32_t1024,topk_gate,cuda_local_pair_two_reduce_top2_v4,L1_kernel_body,warm,5,5,150,8.34048002958,8.340480029585,9.099776148796,8.396390394369668,0.49800505308016135,0.05931180301169733,False
20260803T181855Z-86cfbe2a805d-rtx3080_topk_gate_release_v2,topk_gate.release.vllm_pair.e32_t1024,topk_gate,cuda_naive,L1_kernel_body,warm,5,5,150,11.4790397882,11.6326403618,18.165248036389997,12.492117293671335,2.3192795066327077,0.18565944043830618,True
20260803T181855Z-86cfbe2a805d-rtx3080_topk_gate_release_v2,topk_gate.release.vllm_pair.e32_t1024,topk_gate,cuda_subwarp_pair_top2_v2,L1_kernel_body,warm,5,5,150,9.43104028702,9.25696015358,22.549504041645,11.694080011049,5.451703390857779,0.46619344024556086,False
20260803T181855Z-86cfbe2a805d-rtx3080_topk_gate_release_v2,topk_gate.release.vllm_pair.e32_t1024,topk_gate,cuda_vector_pair_top2_v3,L1_kernel_body,warm,5,5,150,8.47872018814,8.609279990195,9.522688061000498,8.583825063705,0.5625903805358793,0.06554075559096388,False
20260803T181855Z-86cfbe2a805d-rtx3080_topk_gate_release_v2,topk_gate.release.vllm_pair.e32_t1024,topk_gate,vllm_row_packed_top2,L1_kernel_body,warm,5,5,150,8.80127996206,8.908799886705,20.5823993683,12.029201022784267,4.968358464634199,0.41302480981269923,False
20260803T181855Z-86cfbe2a805d-rtx3080_topk_gate_release_v2,topk_gate.release.vllm_pair.e32_t128,topk_gate,cuda_local_pair_two_reduce_top2_v4,L1_kernel_body,warm,5,5,150,8.37119996548,8.473600149155,10.667007505924996,8.834525883198399,0.9138825034951427,0.10344443103994688,False
20260803T181855Z-86cfbe2a805d-rtx3080_topk_gate_release_v2,topk_gate.release.vllm_pair.e32_t128,topk_gate,cuda_naive,L1_kernel_body,warm,5,5,150,10.2348798513,10.2348804474,11.0955518484,10.206207998594534,0.6013321724508038,0.05891827528241747,True
20260803T181855Z-86cfbe2a805d-rtx3080_topk_gate_release_v2,topk_gate.release.vllm_pair.e32_t128,topk_gate,cuda_subwarp_pair_top2_v2,L1_kernel_body,warm,5,5,150,8.514559865,8.57600003481,22.006272673634996,11.1383210937174,5.442719354646255,0.48864809236970513,False
20260803T181855Z-86cfbe2a805d-rtx3080_topk_gate_release_v2,topk_gate.release.vllm_pair.e32_t128,topk_gate,cuda_vector_pair_top2_v3,L1_kernel_body,warm,5,5,150,9.0982401371,9.05727982521,27.003392100369872,14.195643758776532,12.076205250406343,0.8506979645033825,False
20260803T181855Z-86cfbe2a805d-rtx3080_topk_gate_release_v2,topk_gate.release.vllm_pair.e32_t128,topk_gate,vllm_row_packed_top2,L1_kernel_body,warm,5,5,150,8.23296010494,8.212479949,20.191744208335,10.4924138665184,4.866640065648603,0.4638246382158251,False
20260803T181855Z-86cfbe2a805d-rtx3080_topk_gate_release_v2,topk_gate.release.vllm_pair.e32_t16,topk_gate,cuda_local_pair_two_reduce_top2_v4,L1_kernel_body,warm,5,5,150,8.212479949,8.19199979305,8.750591874123499,8.186879984538,0.3312124373661163,0.04045649111647594,False
20260803T181855Z-86cfbe2a805d-rtx3080_topk_gate_release_v2,topk_gate.release.vllm_pair.e32_t16,topk_gate,cuda_naive,L1_kernel_body,warm,5,5,150,8.38144004345,8.38144004345,9.552383899688495,8.507323710123467,0.6149860532682505,0.07228901523242087,True
20260803T181855Z-86cfbe2a805d-rtx3080_topk_gate_release_v2,topk_gate.release.vllm_pair.e32_t16,topk_gate,cuda_subwarp_pair_top2_v2,L1_kernel_body,warm,5,5,150,8.92928004265,8.852480053905,9.544703960417,8.750967442989067,0.5681778125746633,0.0649274284559092,False
20260803T181855Z-86cfbe2a805d-rtx3080_topk_gate_release_v2,topk_gate.release.vllm_pair.e32_t16,topk_gate,cuda_vector_pair_top2_v3,L1_kernel_body,warm,5,5,150,8.9087998867,9.00095999241,21.157886981944998,11.1785984079024,5.018860103428905,0.4489704272658154,False
20260803T181855Z-86cfbe2a805d-rtx3080_topk_gate_release_v2,topk_gate.release.vllm_pair.e32_t16,topk_gate,vllm_row_packed_top2,L1_kernel_body,warm,5,5,150,8.01279991865,8.207359910015,20.946431756000003,10.657177555561335,5.1412436329271625,0.48242075409959356,False
20260803T181855Z-86cfbe2a805d-rtx3080_topk_gate_release_v2,topk_gate.release.vllm_pair.e32_t2,topk_gate,cuda_local_pair_two_reduce_top2_v4,L1_kernel_body,warm,5,5,150,8.13055992126,8.13567996025,8.5355520248435,8.108373316129,0.32149123483447406,0.03964928874142618,False
20260803T181855Z-86cfbe2a805d-rtx3080_topk_gate_release_v2,topk_gate.release.vllm_pair.e32_t2,topk_gate,cuda_naive,L1_kernel_body,warm,5,5,150,8.33024024963,8.45311999321,21.293168425525003,10.955330121516733,5.197112449935995,0.4743912225637679,True
20260803T181855Z-86cfbe2a805d-rtx3080_topk_gate_release_v2,topk_gate.release.vllm_pair.e32_t2,topk_gate,cuda_subwarp_pair_top2_v2,L1_kernel_body,warm,5,5,150,8.67839992046,8.637440204619999,9.60511982441,8.659080537160333,0.5412622496065911,0.06250805120517947,False
20260803T181855Z-86cfbe2a805d-rtx3080_topk_gate_release_v2,topk_gate.release.vllm_pair.e32_t2,topk_gate,cuda_vector_pair_top2_v3,L1_kernel_body,warm,5,5,150,8.514559865,8.64767998457,21.428737044345,11.0496426463114,5.145915813220384,0.46570879963599526,False
20260803T181855Z-86cfbe2a805d-rtx3080_topk_gate_release_v2,topk_gate.release.vllm_pair.e32_t2,topk_gate,vllm_row_packed_top2,L1_kernel_body,warm,5,5,150,7.94624000788,7.95135974884,20.286463499045,10.340556820230999,4.997351202405494,0.4832767992366061,False
20260803T181855Z-86cfbe2a805d-rtx3080_topk_gate_release_v2,topk_gate.release.vllm_pair.e32_t2048,topk_gate,cuda_local_pair_two_reduce_top2_v4,L1_kernel_body,warm,5,5,150,8.62207978964,8.586239814755,9.4003200531,8.5981184085212,0.5318702632126294,0.061858913536887,False
20260803T181855Z-86cfbe2a805d-rtx3080_topk_gate_release_v2,topk_gate.release.vllm_pair.e32_t2048,topk_gate,cuda_naive,L1_kernel_body,warm,5,5,150,11.0847997665,11.2588799,12.751871883889999,11.303526409465,0.8279030363019413,0.07324289839396467,True
20260803T181855Z-86cfbe2a805d-rtx3080_topk_gate_release_v2,topk_gate.release.vllm_pair.e32_t2048,topk_gate,cuda_subwarp_pair_top2_v2,L1_kernel_body,warm,5,5,150,10.03008008,10.02496004105,10.86668783429,10.0767061114272,0.49587228571776815,0.049209759641142894,False
20260803T181855Z-86cfbe2a805d-rtx3080_topk_gate_release_v2,topk_gate.release.vllm_pair.e32_t2048,topk_gate,cuda_vector_pair_top2_v3,L1_kernel_body,warm,5,5,150,8.30976009369,8.391680121425,9.46175992489,8.606173872947533,1.810879307173188,0.21041630507436854,False
20260803T181855Z-86cfbe2a805d-rtx3080_topk_gate_release_v2,topk_gate.release.vllm_pair.e32_t2048,topk_gate,vllm_row_packed_top2,L1_kernel_body,warm,5,5,150,8.50943982601,8.43775987625,9.186304211617,8.455441057682,0.5328866825331473,0.06302293149439024,False
20260803T181855Z-86cfbe2a805d-rtx3080_topk_gate_release_v2,topk_gate.release.vllm_pair.e32_t256,topk_gate,cuda_local_pair_two_reduce_top2_v4,L1_kernel_body,warm,5,5,150,8.25344026089,8.37632000446,9.107455879451498,8.3750911990804,0.4820563188746294,0.057558336669523084,False
20260803T181855Z-86cfbe2a805d-rtx3080_topk_gate_release_v2,topk_gate.release.vllm_pair.e32_t256,topk_gate,cuda_naive,L1_kernel_body,warm,5,5,150,11.2076801062,11.42783999445,20.072448253645,12.6733653108276,2.965715786274526,0.234011701985797,True
20260803T181855Z-86cfbe2a805d-rtx3080_topk_gate_release_v2,topk_gate.release.vllm_pair.e32_t256,topk_gate,cuda_subwarp_pair_top2_v2,L1_kernel_body,warm,5,5,150,8.3046400547,8.25856000185,9.319424033167,8.3298986792556,0.6648819387018984,0.07981873061165679,False
20260803T181855Z-86cfbe2a805d-rtx3080_topk_gate_release_v2,topk_gate.release.vllm_pair.e32_t256,topk_gate,cuda_vector_pair_top2_v3,L1_kernel_body,warm,5,5,150,8.17152023315,8.32512021065,22.062593102445,11.030050138631266,5.532777206155964,0.5016094339207178,False
20260803T181855Z-86cfbe2a805d-rtx3080_topk_gate_release_v2,topk_gate.release.vllm_pair.e32_t256,topk_gate,vllm_row_packed_top2,L1_kernel_body,warm,5,5,150,7.82335996628,7.94623970985,9.070079922673,8.086459736029067,0.5904233361299572,0.07301382253835227,False
20260803T181855Z-86cfbe2a805d-rtx3080_topk_gate_release_v2,topk_gate.release.vllm_pair.e32_t32,topk_gate,cuda_local_pair_two_reduce_top2_v4,L1_kernel_body,warm,5,5,150,9.98400002718,9.66655999422,20.7974410057,11.5989162405324,4.636443822783814,0.3997307788620601,False
20260803T181855Z-86cfbe2a805d-rtx3080_topk_gate_release_v2,topk_gate.release.vllm_pair.e32_t32,topk_gate,cuda_naive,L1_kernel_body,warm,5,5,150,9.80480015278,9.855999946595,21.4891511202,11.979980810482067,4.582689835810878,0.3825289796625704,True
20260803T181855Z-86cfbe2a805d-rtx3080_topk_gate_release_v2,topk_gate.release.vllm_pair.e32_t32,topk_gate,cuda_subwarp_pair_top2_v2,L1_kernel_body,warm,5,5,150,8.52479994297,8.5504001379,9.342975884677,8.590199458598999,0.47811412721359686,0.05565809379839172,False
20260803T181855Z-86cfbe2a805d-rtx3080_topk_gate_release_v2,topk_gate.release.vllm_pair.e32_t32,topk_gate,cuda_vector_pair_top2_v3,L1_kernel_body,warm,5,5,150,8.80640000105,8.84736001492,9.5493119955035,8.754380798339733,0.5320091713416049,0.060770622571330264,False
20260803T181855Z-86cfbe2a805d-rtx3080_topk_gate_release_v2,topk_gate.release.vllm_pair.e32_t32,topk_gate,vllm_row_packed_top2,L1_kernel_body,warm,5,5,150,7.86944001913,7.98720002174,9.02144014835,8.080998400847534,0.5413956544567966,0.06699613433904592,False
20260803T181855Z-86cfbe2a805d-rtx3080_topk_gate_release_v2,topk_gate.release.vllm_pair.e32_t4,topk_gate,cuda_local_pair_two_reduce_top2_v4,L1_kernel_body,warm,5,5,150,8.42240005732,8.683519959445,55.5105276108,20.170547103881734,17.61832225068999,0.8734677428407195,False
20260803T181855Z-86cfbe2a805d-rtx3080_topk_gate_release_v2,topk_gate.release.vllm_pair.e32_t4,topk_gate,cuda_naive,L1_kernel_body,warm,5,5,150,8.12031984329,8.16128015518,9.227263927456999,8.331810112794466,1.7165624481212258,0.20602515238378322,True
20260803T181855Z-86cfbe2a805d-rtx3080_topk_gate_release_v2,topk_gate.release.vllm_pair.e32_t4,topk_gate,cuda_subwarp_pair_top2_v2,L1_kernel_body,warm,5,5,150,8.61695975065,8.73472005129,22.237696051599997,11.246933356922,5.313141589135563,0.4724080263057267,False
20260803T181855Z-86cfbe2a805d-rtx3080_topk_gate_release_v2,topk_gate.release.vllm_pair.e32_t4,topk_gate,cuda_vector_pair_top2_v3,L1_kernel_body,warm,5,5,150,8.79615992308,8.84223997593,9.53343987465,8.8528213421508,1.0392960782569212,0.11739715940143702,False
20260803T181855Z-86cfbe2a805d-rtx3080_topk_gate_release_v2,topk_gate.release.vllm_pair.e32_t4,topk_gate,vllm_row_packed_top2,L1_kernel_body,warm,5,5,150,7.88479983807,8.002560138705,20.4344326258,10.437017619609401,4.992511103782581,0.478346524432659,False
20260803T181855Z-86cfbe2a805d-rtx3080_topk_gate_release_v2,topk_gate.release.vllm_pair.e32_t4096,topk_gate,cuda_local_pair_two_reduce_top2_v4,L1_kernel_body,warm,5,5,150,8.53504002094,8.77056002617,21.269503831845,11.119411210218267,5.057347105837108,0.45482148382008036,False
20260803T181855Z-86cfbe2a805d-rtx3080_topk_gate_release_v2,topk_gate.release.vllm_pair.e32_t4096,topk_gate,cuda_naive,L1_kernel_body,warm,5,5,150,11.1667197943,11.1001598835,18.8006401062,12.106410638491866,2.8429923293350416,0.23483362775551797,True
20260803T181855Z-86cfbe2a805d-rtx3080_topk_gate_release_v2,topk_gate.release.vllm_pair.e32_t4096,topk_gate,cuda_subwarp_pair_top2_v2,L1_kernel_body,warm,5,5,150,11.3919997215,11.5046399832,13.995519816889999,11.595313056304333,1.514569435455146,0.13061910688402498,False
20260803T181855Z-86cfbe2a805d-rtx3080_topk_gate_release_v2,topk_gate.release.vllm_pair.e32_t4096,topk_gate,cuda_vector_pair_top2_v3,L1_kernel_body,warm,5,5,150,8.42751979828,8.391680121425,9.983487993452998,8.509576511381933,0.7039322724963364,0.08272236245303112,False
20260803T181855Z-86cfbe2a805d-rtx3080_topk_gate_release_v2,topk_gate.release.vllm_pair.e32_t4096,topk_gate,vllm_row_packed_top2,L1_kernel_body,warm,5,5,150,9.05727982521,9.05215978622,9.57440018654,9.0043050686522,0.42515037029710473,0.04721634452138158,False
20260803T181855Z-86cfbe2a805d-rtx3080_topk_gate_release_v2,topk_gate.release.vllm_pair.e32_t512,topk_gate,cuda_local_pair_two_reduce_top2_v4,L1_kernel_body,warm,5,5,150,8.35072010756,8.34560006857,9.192959934470998,8.396390378474933,0.4558520121239863,0.0542914266221605,False
20260803T181855Z-86cfbe2a805d-rtx3080_topk_gate_release_v2,topk_gate.release.vllm_pair.e32_t512,topk_gate,cuda_naive,L1_kernel_body,warm,5,5,150,11.3407999277,11.22303962705,12.935168087489998,11.144601591425934,1.1867771721223657,0.10648897247573293,True
20260803T181855Z-86cfbe2a805d-rtx3080_topk_gate_release_v2,topk_gate.release.vllm_pair.e32_t512,topk_gate,cuda_subwarp_pair_top2_v2,L1_kernel_body,warm,5,5,150,8.43263983727,8.360959887505,21.2229114771,10.853444226583667,5.190140465494152,0.4782021593460429,False
20260803T181855Z-86cfbe2a805d-rtx3080_topk_gate_release_v2,topk_gate.release.vllm_pair.e32_t512,topk_gate,cuda_vector_pair_top2_v3,L1_kernel_body,warm,5,5,150,8.94464015961,8.79615992308,9.5390719175335,8.647884805997267,0.6060196720274751,0.07007721374910121,False
20260803T181855Z-86cfbe2a805d-rtx3080_topk_gate_release_v2,topk_gate.release.vllm_pair.e32_t512,topk_gate,vllm_row_packed_top2,L1_kernel_body,warm,5,5,150,8.09471994638,8.07936012745,10.466816365724998,8.412433079877534,0.9405782195430662,0.11180810719230813,False
20260803T181855Z-86cfbe2a805d-rtx3080_topk_gate_release_v2,topk_gate.release.vllm_pair.e32_t64,topk_gate,cuda_local_pair_two_reduce_top2_v4,L1_kernel_body,warm,5,5,150,8.40192019939,8.54016005993,20.5777913332,10.864162087440533,4.82904007132149,0.44449263849847015,False
20260803T181855Z-86cfbe2a805d-rtx3080_topk_gate_release_v2,topk_gate.release.vllm_pair.e32_t64,topk_gate,cuda_naive,L1_kernel_body,warm,5,5,150,10.0761604309,10.1683199406,32.881664037700006,14.551927491025666,9.133784524631144,0.6276683642262546,True
20260803T181855Z-86cfbe2a805d-rtx3080_topk_gate_release_v2,topk_gate.release.vllm_pair.e32_t64,topk_gate,cuda_subwarp_pair_top2_v2,L1_kernel_body,warm,5,5,150,8.32000017166,8.442879915235,9.326080083843,8.4850005507466,0.5048611130228717,0.059500421950879984,False
20260803T181855Z-86cfbe2a805d-rtx3080_topk_gate_release_v2,topk_gate.release.vllm_pair.e32_t64,topk_gate,cuda_vector_pair_top2_v3,L1_kernel_body,warm,5,5,150,8.55552017689,8.69376003742,67.30496096613501,19.823206381003864,22.5565518580342,1.1378861433662741,False
20260803T181855Z-86cfbe2a805d-rtx3080_topk_gate_release_v2,topk_gate.release.vllm_pair.e32_t64,topk_gate,vllm_row_packed_top2,L1_kernel_body,warm,5,5,150,7.93088018894,8.02816003561,19.9577605724,10.339191476503066,4.806483162166609,0.46487998341938663,False
20260803T181855Z-86cfbe2a805d-rtx3080_topk_gate_release_v2,topk_gate.release.vllm_pair.e32_t8,topk_gate,cuda_local_pair_two_reduce_top2_v4,L1_kernel_body,warm,5,5,150,8.10496002436,8.360959887505,32.062464952445,13.041459194819334,9.483889665485876,0.727210776325805,False
20260803T181855Z-86cfbe2a805d-rtx3080_topk_gate_release_v2,topk_gate.release.vllm_pair.e32_t8,topk_gate,cuda_naive,L1_kernel_body,warm,5,5,150,8.15103977919,8.3046400547,9.199615985151498,8.292625065644467,0.5226317192274256,0.06302367647039024,True
20260803T181855Z-86cfbe2a805d-rtx3080_topk_gate_release_v2,topk_gate.release.vllm_pair.e32_t8,topk_gate,cuda_subwarp_pair_top2_v2,L1_kernel_body,warm,5,5,150,8.46335977316,8.483840227125,21.214719414690002,10.943692731857933,5.092086618223084,0.4652987563694682,False
20260803T181855Z-86cfbe2a805d-rtx3080_topk_gate_release_v2,topk_gate.release.vllm_pair.e32_t8,topk_gate,cuda_vector_pair_top2_v3,L1_kernel_body,warm,5,5,150,8.24831992388,8.576000034805,32.226303815845,13.192669876416067,9.449579253043355,0.7162749725084788,False
20260803T181855Z-86cfbe2a805d-rtx3080_topk_gate_release_v2,topk_gate.release.vllm_pair.e32_t8,topk_gate,vllm_row_packed_top2,L1_kernel_body,warm,5,5,150,8.3609598875,8.432639837265,20.45696079729,10.709811127187466,4.869802690866446,0.45470481533555474,False
20260803T181855Z-86cfbe2a805d-rtx3080_topk_gate_release_v2,topk_gate.release.vllm_pair.e4_t1,topk_gate,cuda_local_pair_two_reduce_top2_v4,L1_kernel_body,warm,5,5,150,8.33023995161,8.391680121425,9.0680319070835,8.3912703831992,0.4221855288921117,0.05031246874578149,False
20260803T181855Z-86cfbe2a805d-rtx3080_topk_gate_release_v2,topk_gate.release.vllm_pair.e4_t1,topk_gate,cuda_naive,L1_kernel_body,warm,5,5,150,8.02816003561,8.074240088465,21.1056649685,10.591163738567932,5.26401651066386,0.49701965153223343,True
20260803T181855Z-86cfbe2a805d-rtx3080_topk_gate_release_v2,topk_gate.release.vllm_pair.e4_t1,topk_gate,cuda_subwarp_pair_top2_v2,L1_kernel_body,warm,5,5,150,8.46848011017,8.514559864995,22.44454324249,11.168631442387067,5.5761086335159025,0.4992651662184425,False
20260803T181855Z-86cfbe2a805d-rtx3080_topk_gate_release_v2,topk_gate.release.vllm_pair.e4_t1,topk_gate,cuda_vector_pair_top2_v3,L1_kernel_body,warm,5,5,150,8.48896026611,8.524799942969999,9.185791879887496,8.4977664351456,0.5131551526283522,0.06038706247632468,False
20260803T181855Z-86cfbe2a805d-rtx3080_topk_gate_release_v2,topk_gate.release.vllm_pair.e4_t1,topk_gate,vllm_row_packed_top2,L1_kernel_body,warm,5,5,150,8.10496002436,8.15104007721,20.972031950934998,10.689945594471599,5.581407902683789,0.5221175218674886,False
20260803T181855Z-86cfbe2a805d-rtx3080_topk_gate_release_v2,topk_gate.release.vllm_pair.e4_t1024,topk_gate,cuda_local_pair_two_reduce_top2_v4,L1_kernel_body,warm,5,5,150,8.55552017689,8.657919764515,76.13644838334,20.1027584155396,24.40246863333276,1.2138865785935848,False
20260803T181855Z-86cfbe2a805d-rtx3080_topk_gate_release_v2,topk_gate.release.vllm_pair.e4_t1024,topk_gate,cuda_naive,L1_kernel_body,warm,5,5,150,8.23296010494,8.074240088465,9.001984000206999,8.190088558197267,0.5215815129668109,0.0636844778002763,True
20260803T181855Z-86cfbe2a805d-rtx3080_topk_gate_release_v2,topk_gate.release.vllm_pair.e4_t1024,topk_gate,cuda_subwarp_pair_top2_v2,L1_kernel_body,warm,5,5,150,8.77056002617,8.80639970303,55.661056756955,17.727965891359666,18.281481716388654,1.031222748758715,False
20260803T181855Z-86cfbe2a805d-rtx3080_topk_gate_release_v2,topk_gate.release.vllm_pair.e4_t1024,topk_gate,cuda_vector_pair_top2_v3,L1_kernel_body,warm,5,5,150,8.75008016825,8.678399920465,16.59903991222994,9.818453292053066,4.855853343687138,0.494563980623853,False
20260803T181855Z-86cfbe2a805d-rtx3080_topk_gate_release_v2,topk_gate.release.vllm_pair.e4_t1024,topk_gate,vllm_row_packed_top2,L1_kernel_body,warm,5,5,150,8.50944012403,8.57600003481,20.4856330156,10.857745055356867,4.793477004482054,0.44147997397646616,False
20260803T181855Z-86cfbe2a805d-rtx3080_topk_gate_release_v2,topk_gate.release.vllm_pair.e4_t128,topk_gate,cuda_local_pair_two_reduce_top2_v4,L1_kernel_body,warm,5,5,150,8.38656008244,8.458240032195,30.930431485199996,12.746615537008466,8.896354198581852,0.6979385369200332,False
20260803T181855Z-86cfbe2a805d-rtx3080_topk_gate_release_v2,topk_gate.release.vllm_pair.e4_t128,topk_gate,cuda_naive,L1_kernel_body,warm,5,5,150,8.41727972031,8.432639837265,20.6643199921,10.7855189124754,4.96678768715943,0.46050521328319616,True
20260803T181855Z-86cfbe2a805d-rtx3080_topk_gate_release_v2,topk_gate.release.vllm_pair.e4_t128,topk_gate,cuda_subwarp_pair_top2_v2,L1_kernel_body,warm,5,5,150,8.77568006516,8.77056002617,9.360384017225,8.728917340437533,0.39294644560648484,0.04501663038852749,False
20260803T181855Z-86cfbe2a805d-rtx3080_topk_gate_release_v2,topk_gate.release.vllm_pair.e4_t128,topk_gate,cuda_vector_pair_top2_v3,L1_kernel_body,warm,5,5,150,8.5811200738,8.62208008766,9.3854719400435,8.602009578546001,0.4923284168627886,0.05723411632680453,False
20260803T181855Z-86cfbe2a805d-rtx3080_topk_gate_release_v2,topk_gate.release.vllm_pair.e4_t128,topk_gate,vllm_row_packed_top2,L1_kernel_body,warm,5,5,150,8.12543988228,8.26368004084,21.4128649235,10.803950969377468,5.28796852160786,0.4894476600825001,False
20260803T181855Z-86cfbe2a805d-rtx3080_topk_gate_release_v2,topk_gate.release.vllm_pair.e4_t16,topk_gate,cuda_local_pair_two_reduce_top2_v4,L1_kernel_body,warm,5,5,150,8.37632000446,8.514559864999999,21.0954248905,10.866551482676334,5.134957308064046,0.4725470924469731,False
20260803T181855Z-86cfbe2a805d-rtx3080_topk_gate_release_v2,topk_gate.release.vllm_pair.e4_t16,topk_gate,cuda_naive,L1_kernel_body,warm,5,5,150,8.41728001833,8.29439997673,8.9835521280745,8.271462408701666,0.477894960151311,0.05777635640930441,True
20260803T181855Z-86cfbe2a805d-rtx3080_topk_gate_release_v2,topk_gate.release.vllm_pair.e4_t16,topk_gate,cuda_subwarp_pair_top2_v2,L1_kernel_body,warm,5,5,150,8.42751979828,8.442879915235,20.722176432645,10.7251029173544,4.967674723794398,0.46318200972749196,False
20260803T181855Z-86cfbe2a805d-rtx3080_topk_gate_release_v2,topk_gate.release.vllm_pair.e4_t16,topk_gate,cuda_vector_pair_top2_v3,L1_kernel_body,warm,5,5,150,8.68351995945,8.76543998718,11.203072011479998,8.967031459013667,1.1177771997779335,0.1246540959387784,False
20260803T181855Z-86cfbe2a805d-rtx3080_topk_gate_release_v2,topk_gate.release.vllm_pair.e4_t16,topk_gate,vllm_row_packed_top2,L1_kernel_body,warm,5,5,150,8.07936012745,8.11007976532,9.398784041405499,8.171793051561068,0.5633513481612317,0.06893852360267665,False
20260803T181855Z-86cfbe2a805d-rtx3080_topk_gate_release_v2,topk_gate.release.vllm_pair.e4_t2,topk_gate,cuda_local_pair_two_reduce_top2_v4,L1_kernel_body,warm,5,5,150,8.36608022451,8.279039859775,9.042943984269499,8.282589844862533,0.4751665401828985,0.057369319148120254,False
20260803T181855Z-86cfbe2a805d-rtx3080_topk_gate_release_v2,topk_gate.release.vllm_pair.e4_t2,topk_gate,cuda_naive,L1_kernel_body,warm,5,5,150,8.36607992649,8.38656008244,9.416192173959,8.420966374875267,0.7228678593429886,0.08584143756941386,True
20260803T181855Z-86cfbe2a805d-rtx3080_topk_gate_release_v2,topk_gate.release.vllm_pair.e4_t2,topk_gate,cuda_subwarp_pair_top2_v2,L1_kernel_body,warm,5,5,150,8.80127996206,8.729600012305,9.2830717563635,8.70222505331,0.3730186174809926,0.04286474036190437,False
20260803T181855Z-86cfbe2a805d-rtx3080_topk_gate_release_v2,topk_gate.release.vllm_pair.e4_t2,topk_gate,cuda_vector_pair_top2_v3,L1_kernel_body,warm,5,5,150,8.42239975929,8.42751979828,9.417216181756,8.462404259045934,0.5377733672748839,0.063548531931694,False
20260803T181855Z-86cfbe2a805d-rtx3080_topk_gate_release_v2,topk_gate.release.vllm_pair.e4_t2,topk_gate,vllm_row_packed_top2,L1_kernel_body,warm,5,5,150,8.0895999074,8.3046400547,21.079552769644998,10.8647765398022,5.110553995194381,0.47037819659449903,False
20260803T181855Z-86cfbe2a805d-rtx3080_topk_gate_release_v2,topk_gate.release.vllm_pair.e4_t2048,topk_gate,cuda_local_pair_two_reduce_top2_v4,L1_kernel_body,warm,5,5,150,8.79887998104,8.7961602211,21.463551580904735,10.101013294853866,5.905104199565498,0.5846051309103766,False
20260803T181855Z-86cfbe2a805d-rtx3080_topk_gate_release_v2,topk_gate.release.vllm_pair.e4_t2048,topk_gate,cuda_naive,L1_kernel_body,warm,5,5,150,8.78592014313,8.821759819985001,35.99206387999,13.569501864910867,10.256396178086815,0.7558417604561186,True
20260803T181855Z-86cfbe2a805d-rtx3080_topk_gate_release_v2,topk_gate.release.vllm_pair.e4_t2048,topk_gate,cuda_subwarp_pair_top2_v2,L1_kernel_body,warm,5,5,150,8.86272013187,8.83711993694,9.4592001736155,8.7978666861852,0.4151254735917966,0.04718478790359997,False
20260803T181855Z-86cfbe2a805d-rtx3080_topk_gate_release_v2,topk_gate.release.vllm_pair.e4_t2048,topk_gate,cuda_vector_pair_top2_v3,L1_kernel_body,warm,5,5,150,8.79615992308,8.86784017086,20.8179211617,11.245158437888067,5.058961806697355,0.4498791043843638,False
20260803T181855Z-86cfbe2a805d-rtx3080_topk_gate_release_v2,topk_gate.release.vllm_pair.e4_t2048,topk_gate,vllm_row_packed_top2,L1_kernel_body,warm,5,5,150,8.22784006596,8.29439997673,32.559615969645,13.079483767351332,9.726819348254178,0.7436699736218957,False
20260803T181855Z-86cfbe2a805d-rtx3080_topk_gate_release_v2,topk_gate.release.vllm_pair.e4_t256,topk_gate,cuda_local_pair_two_reduce_top2_v4,L1_kernel_body,warm,5,5,150,8.62720012665,8.63232016563,9.3854719400435,8.678809583186734,0.4236632078985284,0.04881582016954051,False
20260803T181855Z-86cfbe2a805d-rtx3080_topk_gate_release_v2,topk_gate.release.vllm_pair.e4_t256,topk_gate,cuda_naive,L1_kernel_body,warm,5,5,150,8.32000017166,8.320000171665,9.723904073238998,8.373930644989601,0.7818912432622037,0.09337207058551829,True
20260803T181855Z-86cfbe2a805d-rtx3080_topk_gate_release_v2,topk_gate.release.vllm_pair.e4_t256,topk_gate,cuda_subwarp_pair_top2_v2,L1_kernel_body,warm,5,5,150,8.49920004606,8.46848011017,33.5211521387,13.3423786918306,10.022705343077757,0.7511932897853181,False
20260803T181855Z-86cfbe2a805d-rtx3080_topk_gate_release_v2,topk_gate.release.vllm_pair.e4_t256,topk_gate,cuda_vector_pair_top2_v3,L1_kernel_body,warm,5,5,150,8.79615992308,8.678399920465,20.915711522099997,11.0452053507174,4.919243201714127,0.44537363005157854,False
20260803T181855Z-86cfbe2a805d-rtx3080_topk_gate_release_v2,topk_gate.release.vllm_pair.e4_t256,topk_gate,vllm_row_packed_top2,L1_kernel_body,warm,5,5,150,9.99424010515,10.342400074,22.145535349844998,13.7583274722092,5.973890132050923,0.43420176937332955,False
20260803T181855Z-86cfbe2a805d-rtx3080_topk_gate_release_v2,topk_gate.release.vllm_pair.e4_t32,topk_gate,cuda_local_pair_two_reduce_top2_v4,L1_kernel_body,warm,5,5,150,8.60672026873,8.678399920465,11.18412786719,8.924160019555266,0.9202145136489214,0.10311497234837572,False
20260803T181855Z-86cfbe2a805d-rtx3080_topk_gate_release_v2,topk_gate.release.vllm_pair.e4_t32,topk_gate,cuda_naive,L1_kernel_body,warm,5,5,150,8.61184000969,8.61184000969,19.758592248,10.635400521754734,4.556009710362147,0.4283815829072746,True
20260803T181855Z-86cfbe2a805d-rtx3080_topk_gate_release_v2,topk_gate.release.vllm_pair.e4_t32,topk_gate,cuda_subwarp_pair_top2_v2,L1_kernel_body,warm,5,5,150,8.6067199707,8.5504001379,9.518591761589,8.578525857130934,0.647372333974278,0.07546428661005283,False
20260803T181855Z-86cfbe2a805d-rtx3080_topk_gate_release_v2,topk_gate.release.vllm_pair.e4_t32,topk_gate,cuda_vector_pair_top2_v3,L1_kernel_body,warm,5,5,150,8.66815984249,8.606719970705,9.237504005432498,8.5616640170414,0.47033711563361635,0.05493524561317086,False
20260803T181855Z-86cfbe2a805d-rtx3080_topk_gate_release_v2,topk_gate.release.vllm_pair.e4_t32,topk_gate,vllm_row_packed_top2,L1_kernel_body,warm,5,5,150,8.12543988228,8.03839981556,8.659456044438498,8.052053356170667,0.3638946411720755,0.045192775690340636,False
20260803T181855Z-86cfbe2a805d-rtx3080_topk_gate_release_v2,topk_gate.release.vllm_pair.e4_t4,topk_gate,cuda_local_pair_two_reduce_top2_v4,L1_kernel_body,warm,5,5,150,8.7296000123,8.74495983124,20.302335619944998,10.958301893869468,4.654051788684239,0.424705564215922,False
20260803T181855Z-86cfbe2a805d-rtx3080_topk_gate_release_v2,topk_gate.release.vllm_pair.e4_t4,topk_gate,cuda_naive,L1_kernel_body,warm,5,5,150,8.69376003742,8.69376003742,9.275392234322997,8.484386118253399,0.5495558221756419,0.06477260870922902,True
20260803T181855Z-86cfbe2a805d-rtx3080_topk_gate_release_v2,topk_gate.release.vllm_pair.e4_t4,topk_gate,cuda_subwarp_pair_top2_v2,L1_kernel_body,warm,5,5,150,8.63744020462,8.596479892729999,9.491967827080497,8.6954666773476,0.5521546244146973,0.06349913637793647,False
20260803T181855Z-86cfbe2a805d-rtx3080_topk_gate_release_v2,topk_gate.release.vllm_pair.e4_t4,topk_gate,cuda_vector_pair_top2_v3,L1_kernel_body,warm,5,5,150,8.76543998718,8.83711993694,21.0841608047,11.2205141743002,4.916958323534929,0.4382114979005932,False
20260803T181855Z-86cfbe2a805d-rtx3080_topk_gate_release_v2,topk_gate.release.vllm_pair.e4_t4,topk_gate,vllm_row_packed_top2,L1_kernel_body,warm,5,5,150,8.02303999662,8.16128015518,9.820671945807497,8.477286406357866,1.768409016412873,0.2086055527257622,False
20260803T181855Z-86cfbe2a805d-rtx3080_topk_gate_release_v2,topk_gate.release.vllm_pair.e4_t4096,topk_gate,cuda_local_pair_two_reduce_top2_v4,L1_kernel_body,warm,5,5,150,8.63231986761,8.70400011539,13.549567997459995,9.407078409194268,3.552100854407481,0.3775987293712506,False
20260803T181855Z-86cfbe2a805d-rtx3080_topk_gate_release_v2,topk_gate.release.vllm_pair.e4_t4096,topk_gate,cuda_naive,L1_kernel_body,warm,5,5,150,8.08960020542,8.04863989353,8.817663788796999,8.090965318680201,0.41246515096770303,0.05097848460868009,True
20260803T181855Z-86cfbe2a805d-rtx3080_topk_gate_release_v2,topk_gate.release.vllm_pair.e4_t4096,topk_gate,cuda_subwarp_pair_top2_v2,L1_kernel_body,warm,5,5,150,9.04192000628,9.35935974121,20.9976321459,11.845973340669799,4.649879499923034,0.39252827658821315,False
20260803T181855Z-86cfbe2a805d-rtx3080_topk_gate_release_v2,topk_gate.release.vllm_pair.e4_t4096,topk_gate,cuda_vector_pair_top2_v3,L1_kernel_body,warm,5,5,150,9.01120007038,9.01120007038,11.239935755745,9.3323946317038,2.2157452696596227,0.2374251579688179,False
20260803T181855Z-86cfbe2a805d-rtx3080_topk_gate_release_v2,topk_gate.release.vllm_pair.e4_t4096,topk_gate,vllm_row_packed_top2,L1_kernel_body,warm,5,5,150,8.27391982079,8.273919820785,20.4856330156,10.592665592828933,4.9392021759594575,0.46628510384611965,False
20260803T181855Z-86cfbe2a805d-rtx3080_topk_gate_release_v2,topk_gate.release.vllm_pair.e4_t512,topk_gate,cuda_local_pair_two_reduce_top2_v4,L1_kernel_body,warm,5,5,150,8.46336007118,8.473600149155,9.173503786327998,8.523980788389535,1.6430237731365163,0.19275310608096038,False
20260803T181855Z-86cfbe2a805d-rtx3080_topk_gate_release_v2,topk_gate.release.vllm_pair.e4_t512,topk_gate,cuda_naive,L1_kernel_body,warm,5,5,150,8.31488013268,8.314880132675,20.669952034945,10.6730155388494,5.003537862569087,0.46880264011200823,True
20260803T181855Z-86cfbe2a805d-rtx3080_topk_gate_release_v2,topk_gate.release.vllm_pair.e4_t512,topk_gate,cuda_subwarp_pair_top2_v2,L1_kernel_body,warm,5,5,150,8.83199989796,8.84223997593,21.197823286045,11.065685315927267,5.05794400928475,0.4570836658444151,False
20260803T181855Z-86cfbe2a805d-rtx3080_topk_gate_release_v2,topk_gate.release.vllm_pair.e4_t512,topk_gate,cuda_vector_pair_top2_v3,L1_kernel_body,warm,5,5,150,8.74495983124,8.86784017086,20.958111643785,11.370952494938866,4.880972083959476,0.42924918436973186,False
20260803T181855Z-86cfbe2a805d-rtx3080_topk_gate_release_v2,topk_gate.release.vllm_pair.e4_t512,topk_gate,vllm_row_packed_top2,L1_kernel_body,warm,5,5,150,8.28415989876,8.371199965475,31.970304250699996,12.800546137490668,9.135915899459565,0.7137129776597569,False
20260803T181855Z-86cfbe2a805d-rtx3080_topk_gate_release_v2,topk_gate.release.vllm_pair.e4_t64,topk_gate,cuda_local_pair_two_reduce_top2_v4,L1_kernel_body,warm,5,5,150,8.44287991524,8.43775987625,20.6335997581,10.698478957016533,4.8818656286627125,0.4563139908277307,False
20260803T181855Z-86cfbe2a805d-rtx3080_topk_gate_release_v2,topk_gate.release.vllm_pair.e4_t64,topk_gate,cuda_naive,L1_kernel_body,warm,5,5,150,8.39680016041,8.44799995422,20.6540799141,10.8372650941216,4.936146589081531,0.4554789927358166,True
20260803T181855Z-86cfbe2a805d-rtx3080_topk_gate_release_v2,topk_gate.release.vllm_pair.e4_t64,topk_gate,cuda_subwarp_pair_top2_v2,L1_kernel_body,warm,5,5,150,8.42751979828,8.37632000446,9.262591809033996,8.285798406600934,0.6131575258142677,0.07400101906000899,False
20260803T181855Z-86cfbe2a805d-rtx3080_topk_gate_release_v2,topk_gate.release.vllm_pair.e4_t64,topk_gate,cuda_vector_pair_top2_v3,L1_kernel_body,warm,5,5,150,9.02656018734,9.12383973598,77.312512874625,30.4720554987598,28.39103307698148,0.9317071858882963,False
20260803T181855Z-86cfbe2a805d-rtx3080_topk_gate_release_v2,topk_gate.release.vllm_pair.e4_t64,topk_gate,vllm_row_packed_top2,L1_kernel_body,warm,5,5,150,8.12543988228,8.125439882275,9.14431989193,8.1966421206788,0.5448701091200799,0.06647479554407541,False
20260803T181855Z-86cfbe2a805d-rtx3080_topk_gate_release_v2,topk_gate.release.vllm_pair.e4_t8,topk_gate,cuda_local_pair_two_reduce_top2_v4,L1_kernel_body,warm,5,5,150,8.51967990398,8.775680065155,68.7180800438,20.57850873073,22.85812057036877,1.1107763380460418,False
20260803T181855Z-86cfbe2a805d-rtx3080_topk_gate_release_v2,topk_gate.release.vllm_pair.e4_t8,topk_gate,cuda_naive,L1_kernel_body,warm,5,5,150,8.36607992649,8.360959887505,9.065727889538,8.370429873466534,0.5278658916520038,0.06306317592185898,True
20260803T181855Z-86cfbe2a805d-rtx3080_topk_gate_release_v2,topk_gate.release.vllm_pair.e4_t8,topk_gate,cuda_subwarp_pair_top2_v2,L1_kernel_body,warm,5,5,150,8.71424019337,8.719360232355,21.104399800319996,11.142975950241867,4.965496424723017,0.44561672275845093,False
20260803T181855Z-86cfbe2a805d-rtx3080_topk_gate_release_v2,topk_gate.release.vllm_pair.e4_t8,topk_gate,cuda_vector_pair_top2_v3,L1_kernel_body,warm,5,5,150,8.50943982601,8.57088029385,9.19552028179,8.588970657189932,0.37186933441722786,0.04329614679797881,False
20260803T181855Z-86cfbe2a805d-rtx3080_topk_gate_release_v2,topk_gate.release.vllm_pair.e4_t8,topk_gate,vllm_row_packed_top2,L1_kernel_body,warm,5,5,150,8.16127985716,8.350719809535,20.660735964744998,10.7214164773634,4.980194142597624,0.4645089716561733,False
20260803T181855Z-86cfbe2a805d-rtx3080_topk_gate_release_v2,topk_gate.release.vllm_pair.e64_t1,topk_gate,cuda_local_pair_two_reduce_top2_v4,L1_kernel_body,warm,5,5,150,8.22272002697,8.217599987985,8.82687985897,8.252962124347533,0.33847464019686735,0.04101250376495901,False
20260803T181855Z-86cfbe2a805d-rtx3080_topk_gate_release_v2,topk_gate.release.vllm_pair.e64_t1,topk_gate,cuda_naive,L1_kernel_body,warm,5,5,150,10.1222395897,10.3833603859,22.39590394499,12.512051200870665,4.798402095503637,0.3835024344505348,True
20260803T181855Z-86cfbe2a805d-rtx3080_topk_gate_release_v2,topk_gate.release.vllm_pair.e64_t1,topk_gate,cuda_subwarp_pair_top2_v2,L1_kernel_body,warm,5,5,150,8.54016005993,8.56064021587,9.658367902041999,8.632934387525268,0.6386052788484562,0.073973141713118,False
20260803T181855Z-86cfbe2a805d-rtx3080_topk_gate_release_v2,topk_gate.release.vllm_pair.e64_t1,topk_gate,cuda_vector_pair_top2_v3,L1_kernel_body,warm,5,5,150,8.25343996286,8.38144004345,22.463488459569998,11.0562645435326,5.641047680106082,0.5102127990783136,False
20260803T181855Z-86cfbe2a805d-rtx3080_topk_gate_release_v2,topk_gate.release.vllm_pair.e64_t1,topk_gate,vllm_row_packed_top2,L1_kernel_body,warm,5,5,150,7.91551977396,8.053759932515,38.1086713076,13.859157299995735,11.858645112999612,0.855654125016913,False
20260803T181855Z-86cfbe2a805d-rtx3080_topk_gate_release_v2,topk_gate.release.vllm_pair.e64_t1024,topk_gate,cuda_local_pair_two_reduce_top2_v4,L1_kernel_body,warm,5,5,150,8.83200019598,8.847360014915001,9.5288318395635,8.796433071295334,0.45144496644583215,0.05132136660244649,False
20260803T181855Z-86cfbe2a805d-rtx3080_topk_gate_release_v2,topk_gate.release.vllm_pair.e64_t1024,topk_gate,cuda_naive,L1_kernel_body,warm,5,5,150,14.7251200676,15.0681602955,18.6163198948,15.876300787927333,1.7360313467530737,0.10934734545173065,True
20260803T181855Z-86cfbe2a805d-rtx3080_topk_gate_release_v2,topk_gate.release.vllm_pair.e64_t1024,topk_gate,cuda_subwarp_pair_top2_v2,L1_kernel_body,warm,5,5,150,9.24671977758,9.323520064355,10.46835184099,9.182344535987333,0.9792355484376577,0.10664330276432665,False
20260803T181855Z-86cfbe2a805d-rtx3080_topk_gate_release_v2,topk_gate.release.vllm_pair.e64_t1024,topk_gate,cuda_vector_pair_top2_v3,L1_kernel_body,warm,5,5,150,8.94976019859,8.944640159605001,76.07449698446999,21.658965369062134,25.69069982602422,1.1861462165095407,False
20260803T181855Z-86cfbe2a805d-rtx3080_topk_gate_release_v2,topk_gate.release.vllm_pair.e64_t1024,topk_gate,vllm_row_packed_top2,L1_kernel_body,warm,5,5,150,8.52991998196,8.637440204619999,31.597055792844998,12.874342405797,9.069147630923776,0.7044357952480867,False
20260803T181855Z-86cfbe2a805d-rtx3080_topk_gate_release_v2,topk_gate.release.vllm_pair.e64_t128,topk_gate,cuda_local_pair_two_reduce_top2_v4,L1_kernel_body,warm,5,5,150,8.37632000446,8.40704023838,9.228287935259498,8.465817618370068,0.45159279962373877,0.053343081552314896,False
20260803T181855Z-86cfbe2a805d-rtx3080_topk_gate_release_v2,topk_gate.release.vllm_pair.e64_t128,topk_gate,cuda_naive,L1_kernel_body,warm,5,5,150,13.5168004036,13.6191999912,54.871040582635004,20.482252820331333,15.18021592523702,0.7411399545936986,True
20260803T181855Z-86cfbe2a805d-rtx3080_topk_gate_release_v2,topk_gate.release.vllm_pair.e64_t128,topk_gate,cuda_subwarp_pair_top2_v2,L1_kernel_body,warm,5,5,150,8.45311999321,8.62208008766,23.7521916628,11.622126917043333,6.046009591756702,0.5202154162411097,False
20260803T181855Z-86cfbe2a805d-rtx3080_topk_gate_release_v2,topk_gate.release.vllm_pair.e64_t128,topk_gate,cuda_vector_pair_top2_v3,L1_kernel_body,warm,5,5,150,8.56063991785,8.565760254859999,22.116352200515,11.078792508443334,5.336349595780301,0.4816724919898427,False
20260803T181855Z-86cfbe2a805d-rtx3080_topk_gate_release_v2,topk_gate.release.vllm_pair.e64_t128,topk_gate,vllm_row_packed_top2,L1_kernel_body,warm,5,5,150,7.97695994377,8.058879971505,20.4856330156,10.5029632290218,4.995731486825184,0.4756497169314059,False
20260803T181855Z-86cfbe2a805d-rtx3080_topk_gate_release_v2,topk_gate.release.vllm_pair.e64_t16,topk_gate,cuda_local_pair_two_reduce_top2_v4,L1_kernel_body,warm,5,5,150,8.34048002958,8.514559864995,20.49689579009,10.826001024247333,4.789069323182009,0.44236734436434844,False
20260803T181855Z-86cfbe2a805d-rtx3080_topk_gate_release_v2,topk_gate.release.vllm_pair.e64_t16,topk_gate,cuda_naive,L1_kernel_body,warm,5,5,150,9.34911996126,9.835520088675,78.05951976774998,27.205017689862867,25.991977983422874,0.9554111774427555,True
20260803T181855Z-86cfbe2a805d-rtx3080_topk_gate_release_v2,topk_gate.release.vllm_pair.e64_t16,topk_gate,cuda_subwarp_pair_top2_v2,L1_kernel_body,warm,5,5,150,8.34048002958,8.360959887505,21.9658243656,10.9712043007216,5.46091466570452,0.4977497926408446,False
20260803T181855Z-86cfbe2a805d-rtx3080_topk_gate_release_v2,topk_gate.release.vllm_pair.e64_t16,topk_gate,cuda_vector_pair_top2_v3,L1_kernel_body,warm,5,5,150,8.83711993694,8.729600012305,46.22540926931499,15.825237393377469,14.264437465947427,0.901372732134609,False
20260803T181855Z-86cfbe2a805d-rtx3080_topk_gate_release_v2,topk_gate.release.vllm_pair.e64_t16,topk_gate,vllm_row_packed_top2,L1_kernel_body,warm,5,5,150,8.0332800746,8.20223987103,20.372992157945,10.553275732198001,4.917707347828975,0.4659887102944794,False
20260803T181855Z-86cfbe2a805d-rtx3080_topk_gate_release_v2,topk_gate.release.vllm_pair.e64_t2,topk_gate,cuda_local_pair_two_reduce_top2_v4,L1_kernel_body,warm,5,5,150,8.212479949,8.279039859775,63.840768575689985,18.9635926246662,21.52932742697445,1.1352979286725957,False
20260803T181855Z-86cfbe2a805d-rtx3080_topk_gate_release_v2,topk_gate.release.vllm_pair.e64_t2,topk_gate,cuda_naive,L1_kernel_body,warm,5,5,150,9.72800016403,9.98400002718,34.142208099345,14.225203247862535,8.878185609444749,0.6241166087225345,True
20260803T181855Z-86cfbe2a805d-rtx3080_topk_gate_release_v2,topk_gate.release.vllm_pair.e64_t2,topk_gate,cuda_subwarp_pair_top2_v2,L1_kernel_body,warm,5,5,150,8.25856000185,8.35583984852,21.6678404808,10.928605834645266,5.3489174730390925,0.4894418880112089,False
20260803T181855Z-86cfbe2a805d-rtx3080_topk_gate_release_v2,topk_gate.release.vllm_pair.e64_t2,topk_gate,cuda_vector_pair_top2_v3,L1_kernel_body,warm,5,5,150,8.1817600131,8.14079999924,9.17504012585,8.224972796440401,0.5346481371433532,0.06500302801910031,False
20260803T181855Z-86cfbe2a805d-rtx3080_topk_gate_release_v2,topk_gate.release.vllm_pair.e64_t2,topk_gate,vllm_row_packed_top2,L1_kernel_body,warm,5,5,150,8.01279991865,8.07936012745,9.3557759821385,8.154112017154866,0.6400262301114014,0.07849122366296844,False
20260803T181855Z-86cfbe2a805d-rtx3080_topk_gate_release_v2,topk_gate.release.vllm_pair.e64_t2048,topk_gate,cuda_local_pair_two_reduce_top2_v4,L1_kernel_body,warm,5,5,150,8.35583984852,8.550399839875,9.6619522571535,8.572996250787334,0.6605716191413183,0.07705259629393309,False
20260803T181855Z-86cfbe2a805d-rtx3080_topk_gate_release_v2,topk_gate.release.vllm_pair.e64_t2048,topk_gate,cuda_naive,L1_kernel_body,warm,5,5,150,14.7865599394,14.7251200676,18.20416033269,15.545139225322668,1.5728646465669232,0.10118047987661401,True
20260803T181855Z-86cfbe2a805d-rtx3080_topk_gate_release_v2,topk_gate.release.vllm_pair.e64_t2048,topk_gate,cuda_subwarp_pair_top2_v2,L1_kernel_body,warm,5,5,150,9.46175992489,9.661439955235,12.464128076989999,9.921877356368267,1.141917881859662,0.11509090879124124,False
20260803T181855Z-86cfbe2a805d-rtx3080_topk_gate_release_v2,topk_gate.release.vllm_pair.e64_t2048,topk_gate,cuda_vector_pair_top2_v3,L1_kernel_body,warm,5,5,150,9.79968011379,9.958400130275,22.228479981445,12.040533328056334,5.042919681582883,0.4188285970549235,False
20260803T181855Z-86cfbe2a805d-rtx3080_topk_gate_release_v2,topk_gate.release.vllm_pair.e64_t2048,topk_gate,vllm_row_packed_top2,L1_kernel_body,warm,5,5,150,8.97024005651,8.94976019859,14.905343592179998,9.839684243995732,2.771227071873213,0.2816378049493043,False
20260803T181855Z-86cfbe2a805d-rtx3080_topk_gate_release_v2,topk_gate.release.vllm_pair.e64_t256,topk_gate,cuda_local_pair_two_reduce_top2_v4,L1_kernel_body,warm,5,5,150,8.6067199707,8.62208008766,20.6914561987,10.8364458560938,4.929340279513387,0.45488533279030846,False
20260803T181855Z-86cfbe2a805d-rtx3080_topk_gate_release_v2,topk_gate.release.vllm_pair.e64_t256,topk_gate,cuda_naive,L1_kernel_body,warm,5,5,150,14.7865599394,14.7558403015,18.41510409117,15.442670877775333,1.524037296686231,0.09869000697797578,True
20260803T181855Z-86cfbe2a805d-rtx3080_topk_gate_release_v2,topk_gate.release.vllm_pair.e64_t256,topk_gate,cuda_subwarp_pair_top2_v2,L1_kernel_body,warm,5,5,150,8.43775987625,8.535040020945,22.39795196058,11.376844803489666,5.540504552903552,0.48699834168469014,False
20260803T181855Z-86cfbe2a805d-rtx3080_topk_gate_release_v2,topk_gate.release.vllm_pair.e64_t256,topk_gate,cuda_vector_pair_top2_v3,L1_kernel_body,warm,5,5,150,8.19200009108,8.23296010494,20.981760025,10.776234694322135,5.158606357776612,0.4787021166581142,False
20260803T181855Z-86cfbe2a805d-rtx3080_topk_gate_release_v2,topk_gate.release.vllm_pair.e64_t256,topk_gate,vllm_row_packed_top2,L1_kernel_body,warm,5,5,150,8.3046400547,8.350719809535,20.584447383845,10.701004819075,4.899647669221908,0.45786799950674506,False
20260803T181855Z-86cfbe2a805d-rtx3080_topk_gate_release_v2,topk_gate.release.vllm_pair.e64_t32,topk_gate,cuda_local_pair_two_reduce_top2_v4,L1_kernel_body,warm,5,5,150,8.4275200963,8.77568006516,21.130751848190002,11.055377070108333,5.017659720134619,0.4538659955526465,False
20260803T181855Z-86cfbe2a805d-rtx3080_topk_gate_release_v2,topk_gate.release.vllm_pair.e64_t32,topk_gate,cuda_naive,L1_kernel_body,warm,5,5,150,9.37983989716,9.4003200531,25.53241598608,12.2893653710704,6.119361641374197,0.4979395970909442,True
20260803T181855Z-86cfbe2a805d-rtx3080_topk_gate_release_v2,topk_gate.release.vllm_pair.e64_t32,topk_gate,cuda_subwarp_pair_top2_v2,L1_kernel_body,warm,5,5,150,8.43264013529,8.79615992308,79.689729213745,24.548420302072667,26.52755136923843,1.0806215244326194,False
20260803T181855Z-86cfbe2a805d-rtx3080_topk_gate_release_v2,topk_gate.release.vllm_pair.e64_t32,topk_gate,cuda_vector_pair_top2_v3,L1_kernel_body,warm,5,5,150,8.17151993513,8.57600003481,33.112575411799995,13.700095995266933,9.716583578660687,0.7092347076996791,False
20260803T181855Z-86cfbe2a805d-rtx3080_topk_gate_release_v2,topk_gate.release.vllm_pair.e64_t32,topk_gate,vllm_row_packed_top2,L1_kernel_body,warm,5,5,150,7.90015995502,7.90527999401,8.6891520023335,7.990340276558866,0.4203940079036118,0.05261277909989829,False
20260803T181855Z-86cfbe2a805d-rtx3080_topk_gate_release_v2,topk_gate.release.vllm_pair.e64_t4,topk_gate,cuda_local_pair_two_reduce_top2_v4,L1_kernel_body,warm,5,5,150,8.2483202219,8.17152023315,8.8325119018535,8.189678939183134,0.37989917772407783,0.04638755445057413,False
20260803T181855Z-86cfbe2a805d-rtx3080_topk_gate_release_v2,topk_gate.release.vllm_pair.e64_t4,topk_gate,cuda_naive,L1_kernel_body,warm,5,5,150,9.7894397378,9.67679977417,10.83801627159,9.703833599886133,0.6271945301661784,0.0646336856161196,True
20260803T181855Z-86cfbe2a805d-rtx3080_topk_gate_release_v2,topk_gate.release.vllm_pair.e64_t4,topk_gate,cuda_subwarp_pair_top2_v2,L1_kernel_body,warm,5,5,150,8.35072010756,8.581120073794999,21.0944008827,11.120708247024332,5.009580212614299,0.4504731264714869,False
20260803T181855Z-86cfbe2a805d-rtx3080_topk_gate_release_v2,topk_gate.release.vllm_pair.e64_t4,topk_gate,cuda_vector_pair_top2_v3,L1_kernel_body,warm,5,5,150,8.40192019939,8.45311999321,21.377536654445,10.9259434858968,5.218092226105569,0.4775873344797251,False
20260803T181855Z-86cfbe2a805d-rtx3080_topk_gate_release_v2,topk_gate.release.vllm_pair.e64_t4,topk_gate,vllm_row_packed_top2,L1_kernel_body,warm,5,5,150,7.88991987705,7.94111996889,9.9481599926965,8.157457057635934,0.8055702745638399,0.09875262215567183,False
20260803T181855Z-86cfbe2a805d-rtx3080_topk_gate_release_v2,topk_gate.release.vllm_pair.e64_t4096,topk_gate,cuda_local_pair_two_reduce_top2_v4,L1_kernel_body,warm,5,5,150,10.337280035,10.337280035,21.5756797791,12.440780806543867,4.507679366423746,0.36233090482975966,False
20260803T181855Z-86cfbe2a805d-rtx3080_topk_gate_release_v2,topk_gate.release.vllm_pair.e64_t4096,topk_gate,cuda_naive,L1_kernel_body,warm,5,5,150,15.7440000772,14.2540794611,25.209855914139993,16.555758881575333,4.456740161774453,0.2691957640633614,True
20260803T181855Z-86cfbe2a805d-rtx3080_topk_gate_release_v2,topk_gate.release.vllm_pair.e64_t4096,topk_gate,cuda_subwarp_pair_top2_v2,L1_kernel_body,warm,5,5,150,12.8153598309,12.8921604156,33.71161627767,15.955217123032002,7.393004047395036,0.463359664139132,False
20260803T181855Z-86cfbe2a805d-rtx3080_topk_gate_release_v2,topk_gate.release.vllm_pair.e64_t4096,topk_gate,cuda_vector_pair_top2_v3,L1_kernel_body,warm,5,5,150,9.4003200531,9.323520064355,10.1227515936,9.314713617165534,0.5541120937147743,0.059487829308421676,False
20260803T181855Z-86cfbe2a805d-rtx3080_topk_gate_release_v2,topk_gate.release.vllm_pair.e64_t4096,topk_gate,vllm_row_packed_top2,L1_kernel_body,warm,5,5,150,9.88160014153,9.99423980713,22.8864002228,12.3664384563772,5.088281649394338,0.41145893923649307,False
20260803T181855Z-86cfbe2a805d-rtx3080_topk_gate_release_v2,topk_gate.release.vllm_pair.e64_t512,topk_gate,cuda_local_pair_two_reduce_top2_v4,L1_kernel_body,warm,5,5,150,8.514559865,8.504319787025,9.24672007561,8.528349868456466,0.396340889802267,0.046473338443606814,False
20260803T181855Z-86cfbe2a805d-rtx3080_topk_gate_release_v2,topk_gate.release.vllm_pair.e64_t512,topk_gate,cuda_naive,L1_kernel_body,warm,5,5,150,14.607360363,14.54591989515,22.441471219100002,15.679692761104,3.325780700775667,0.21210751712085843,True
20260803T181855Z-86cfbe2a805d-rtx3080_topk_gate_release_v2,topk_gate.release.vllm_pair.e64_t512,topk_gate,cuda_subwarp_pair_top2_v2,L1_kernel_body,warm,5,5,150,8.69888007641,8.652800023554999,22.1603834629,11.231027197838532,5.456814008422172,0.4858695391168105,False
20260803T181855Z-86cfbe2a805d-rtx3080_topk_gate_release_v2,topk_gate.release.vllm_pair.e64_t512,topk_gate,cuda_vector_pair_top2_v3,L1_kernel_body,warm,5,5,150,8.40703994036,8.637439906595,21.4584308863,11.161122127373332,5.170483982806518,0.46325843618587337,False
20260803T181855Z-86cfbe2a805d-rtx3080_topk_gate_release_v2,topk_gate.release.vllm_pair.e64_t512,topk_gate,vllm_row_packed_top2,L1_kernel_body,warm,5,5,150,8.27391982079,8.33536028862,20.681216120745,10.739643716812735,4.938236388050335,0.45981379999781624,False
20260803T181855Z-86cfbe2a805d-rtx3080_topk_gate_release_v2,topk_gate.release.vllm_pair.e64_t64,topk_gate,cuda_local_pair_two_reduce_top2_v4,L1_kernel_body,warm,5,5,150,8.18175971508,8.18175971508,8.854016065596,8.163396251201402,0.4599273332286013,0.05634019458027829,False
20260803T181855Z-86cfbe2a805d-rtx3080_topk_gate_release_v2,topk_gate.release.vllm_pair.e64_t64,topk_gate,cuda_naive,L1_kernel_body,warm,5,5,150,9.29279983044,9.323520064355,10.134015679345,9.400320001443333,0.39998966477657083,0.042550643458430785,True
20260803T181855Z-86cfbe2a805d-rtx3080_topk_gate_release_v2,topk_gate.release.vllm_pair.e64_t64,topk_gate,cuda_subwarp_pair_top2_v2,L1_kernel_body,warm,5,5,150,8.64255994558,8.949759900570001,22.021632790600002,11.6013738512996,5.263405508122551,0.4536881213885662,False
20260803T181855Z-86cfbe2a805d-rtx3080_topk_gate_release_v2,topk_gate.release.vllm_pair.e64_t64,topk_gate,cuda_vector_pair_top2_v3,L1_kernel_body,warm,5,5,150,8.20224016905,8.58111977577,21.949952244745,11.095449606577267,5.398952713076354,0.48659161228364384,False
20260803T181855Z-86cfbe2a805d-rtx3080_topk_gate_release_v2,topk_gate.release.vllm_pair.e64_t64,topk_gate,vllm_row_packed_top2,L1_kernel_body,warm,5,5,150,7.89503991604,7.900159955025,8.691200017928498,8.010342399279201,0.7187784471858294,0.08973130128001865,False
20260803T181855Z-86cfbe2a805d-rtx3080_topk_gate_release_v2,topk_gate.release.vllm_pair.e64_t8,topk_gate,cuda_local_pair_two_reduce_top2_v4,L1_kernel_body,warm,5,5,150,8.28928023577,8.37632000446,20.978175997744998,10.824635712303134,5.07639593048292,0.468966907099992,False
20260803T181855Z-86cfbe2a805d-rtx3080_topk_gate_release_v2,topk_gate.release.vllm_pair.e64_t8,topk_gate,cuda_naive,L1_kernel_body,warm,5,5,150,9.46175992489,9.55392003059,23.306576609635,12.131259755292334,5.481795415002169,0.45187355028076975,True
20260803T181855Z-86cfbe2a805d-rtx3080_topk_gate_release_v2,topk_gate.release.vllm_pair.e64_t8,topk_gate,cuda_subwarp_pair_top2_v2,L1_kernel_body,warm,5,5,150,8.43775987625,8.58111977577,10.896896064279998,8.917401587964333,1.1273181474850786,0.12641778396597064,False
20260803T181855Z-86cfbe2a805d-rtx3080_topk_gate_release_v2,topk_gate.release.vllm_pair.e64_t8,topk_gate,cuda_vector_pair_top2_v3,L1_kernel_body,warm,5,5,150,8.11520010233,8.279039859775,9.392127990719498,8.330376561483,0.5644098155382876,0.06775321756136911,False
20260803T181855Z-86cfbe2a805d-rtx3080_topk_gate_release_v2,topk_gate.release.vllm_pair.e64_t8,topk_gate,vllm_row_packed_top2,L1_kernel_body,warm,5,5,150,7.83360004425,7.82335996628,8.500224024054999,7.854967482884601,0.43290691174126683,0.055112502080312785,False
20260803T181855Z-86cfbe2a805d-rtx3080_topk_gate_release_v2,topk_gate.release.vllm_pair.e8_t1,topk_gate,cuda_local_pair_two_reduce_top2_v4,L1_kernel_body,warm,5,5,150,8.2687997818,8.38144004345,21.100032925599997,10.909218084812732,5.095543724817417,0.46708606292426935,False
20260803T181855Z-86cfbe2a805d-rtx3080_topk_gate_release_v2,topk_gate.release.vllm_pair.e8_t1,topk_gate,cuda_naive,L1_kernel_body,warm,5,5,150,8.50431978703,8.704000115395,20.384256243745,10.823611744246067,4.791218940257275,0.4426636000505406,True
20260803T181855Z-86cfbe2a805d-rtx3080_topk_gate_release_v2,topk_gate.release.vllm_pair.e8_t1,topk_gate,cuda_subwarp_pair_top2_v2,L1_kernel_body,warm,5,5,150,9.00095999241,8.99071991444,32.440832138024994,13.571891224384867,9.320747306389714,0.6867684946990259,False
20260803T181855Z-86cfbe2a805d-rtx3080_topk_gate_release_v2,topk_gate.release.vllm_pair.e8_t1,topk_gate,cuda_vector_pair_top2_v3,L1_kernel_body,warm,5,5,150,8.73471975327,8.73471975327,20.864511132245,11.026158932844334,4.893732472713776,0.44382930651729474,False
20260803T181855Z-86cfbe2a805d-rtx3080_topk_gate_release_v2,topk_gate.release.vllm_pair.e8_t1,topk_gate,vllm_row_packed_top2,L1_kernel_body,warm,5,5,150,8.44287991524,8.27391982079,9.3649917840935,8.303001578648667,0.8417056707158385,0.10137366140942347,False
20260803T181855Z-86cfbe2a805d-rtx3080_topk_gate_release_v2,topk_gate.release.vllm_pair.e8_t1024,topk_gate,cuda_local_pair_two_reduce_top2_v4,L1_kernel_body,warm,5,5,150,8.38144004345,8.45311999321,20.536831021300003,10.743466675281667,4.866355310489398,0.45295950158116116,False
20260803T181855Z-86cfbe2a805d-rtx3080_topk_gate_release_v2,topk_gate.release.vllm_pair.e8_t1024,topk_gate,cuda_naive,L1_kernel_body,warm,5,5,150,8.58111977577,8.46848011017,9.197055965659997,8.460492785771466,0.4647303576831406,0.0549294668112839,True
20260803T181855Z-86cfbe2a805d-rtx3080_topk_gate_release_v2,topk_gate.release.vllm_pair.e8_t1024,topk_gate,cuda_subwarp_pair_top2_v2,L1_kernel_body,warm,5,5,150,9.04192000628,9.10336017609,32.529919743545,13.725013367335599,9.380738717252278,0.6834775650986005,False
20260803T181855Z-86cfbe2a805d-rtx3080_topk_gate_release_v2,topk_gate.release.vllm_pair.e8_t1024,topk_gate,cuda_vector_pair_top2_v3,L1_kernel_body,warm,5,5,150,8.7961602211,8.683519959449999,9.3240320682535,8.595524275303001,0.5230012029247532,0.06084575951084925,False
20260803T181855Z-86cfbe2a805d-rtx3080_topk_gate_release_v2,topk_gate.release.vllm_pair.e8_t1024,topk_gate,vllm_row_packed_top2,L1_kernel_body,warm,5,5,150,7.84896016121,7.91552007198,19.973631501199996,10.324104559421,5.001819813475709,0.4844797710723905,False
20260803T181855Z-86cfbe2a805d-rtx3080_topk_gate_release_v2,topk_gate.release.vllm_pair.e8_t128,topk_gate,cuda_local_pair_two_reduce_top2_v4,L1_kernel_body,warm,5,5,150,8.33023995161,8.340480029585,9.1545599699,8.344849030176867,0.4578247072770616,0.054863150384322545,False
20260803T181855Z-86cfbe2a805d-rtx3080_topk_gate_release_v2,topk_gate.release.vllm_pair.e8_t128,topk_gate,cuda_naive,L1_kernel_body,warm,5,5,150,7.98207998276,7.93600022793,8.726527959107498,7.974024530252,0.4143685522741465,0.05196479528023867,True
20260803T181855Z-86cfbe2a805d-rtx3080_topk_gate_release_v2,topk_gate.release.vllm_pair.e8_t128,topk_gate,cuda_subwarp_pair_top2_v2,L1_kernel_body,warm,5,5,150,9.00095999241,9.02144014835,41.62508654595,13.123037799198933,9.792145038966364,0.7461797480735828,False
20260803T181855Z-86cfbe2a805d-rtx3080_topk_gate_release_v2,topk_gate.release.vllm_pair.e8_t128,topk_gate,cuda_vector_pair_top2_v3,L1_kernel_body,warm,5,5,150,8.84736001492,8.924160003665,30.3580158949,12.018619716167066,6.570625985268485,0.5467038761888678,False
20260803T181855Z-86cfbe2a805d-rtx3080_topk_gate_release_v2,topk_gate.release.vllm_pair.e8_t128,topk_gate,vllm_row_packed_top2,L1_kernel_body,warm,5,5,150,8.14079999924,8.2483202219,51.001857042355,13.867417625585,14.063782700163483,1.0141601760241354,False
20260803T181855Z-86cfbe2a805d-rtx3080_topk_gate_release_v2,topk_gate.release.vllm_pair.e8_t16,topk_gate,cuda_local_pair_two_reduce_top2_v4,L1_kernel_body,warm,5,5,150,8.23807984591,8.30976009369,32.90982425209,13.1693909327176,9.906357537459707,0.7522259448497863,False
20260803T181855Z-86cfbe2a805d-rtx3080_topk_gate_release_v2,topk_gate.release.vllm_pair.e8_t16,topk_gate,cuda_naive,L1_kernel_body,warm,5,5,150,8.81151974201,8.83199989796,30.578176259969997,12.123067748546,7.696878336313933,0.6348952671024272,True
20260803T181855Z-86cfbe2a805d-rtx3080_topk_gate_release_v2,topk_gate.release.vllm_pair.e8_t16,topk_gate,cuda_subwarp_pair_top2_v2,L1_kernel_body,warm,5,5,150,9.07263994217,9.09312009811,32.982015490514996,14.763690690200134,8.809329016901456,0.596688809170794,False
20260803T181855Z-86cfbe2a805d-rtx3080_topk_gate_release_v2,topk_gate.release.vllm_pair.e8_t16,topk_gate,cuda_vector_pair_top2_v3,L1_kernel_body,warm,5,5,150,8.71423989534,8.69376003742,9.3547519743415,8.689390945434601,0.4492460487580385,0.05170052211703882,False
20260803T181855Z-86cfbe2a805d-rtx3080_topk_gate_release_v2,topk_gate.release.vllm_pair.e8_t16,topk_gate,vllm_row_packed_top2,L1_kernel_body,warm,5,5,150,8.04351985455,8.115199804305,32.08857583999,11.835323703290001,7.986979276806512,0.674842486529226,False
20260803T181855Z-86cfbe2a805d-rtx3080_topk_gate_release_v2,topk_gate.release.vllm_pair.e8_t2,topk_gate,cuda_local_pair_two_reduce_top2_v4,L1_kernel_body,warm,5,5,150,8.23808014393,8.23296010494,8.946176171306,8.238694413503,0.39836709939382353,0.04835318308941166,False
20260803T181855Z-86cfbe2a805d-rtx3080_topk_gate_release_v2,topk_gate.release.vllm_pair.e8_t2,topk_gate,cuda_naive,L1_kernel_body,warm,5,5,150,8.72448027134,8.60159993172,51.964927673359995,15.7369685411456,15.875936896417413,1.0088306941015017,True
20260803T181855Z-86cfbe2a805d-rtx3080_topk_gate_release_v2,topk_gate.release.vllm_pair.e8_t2,topk_gate,cuda_subwarp_pair_top2_v2,L1_kernel_body,warm,5,5,150,9.04703974724,9.09312009811,20.962303876900002,11.438352970283667,4.743183349810647,0.414673630209981,False
20260803T181855Z-86cfbe2a805d-rtx3080_topk_gate_release_v2,topk_gate.release.vllm_pair.e8_t2,topk_gate,cuda_vector_pair_top2_v3,L1_kernel_body,warm,5,5,150,8.50432008505,8.627200126645,21.531135439845002,11.091968011854933,5.164069270094197,0.46556835221440557,False
20260803T181855Z-86cfbe2a805d-rtx3080_topk_gate_release_v2,topk_gate.release.vllm_pair.e8_t2,topk_gate,vllm_row_packed_top2,L1_kernel_body,warm,5,5,150,8.17663997412,8.26367974281,9.422847896811998,8.324096008141934,0.576918056045435,0.06930699207230935,False
20260803T181855Z-86cfbe2a805d-rtx3080_topk_gate_release_v2,topk_gate.release.vllm_pair.e8_t2048,topk_gate,cuda_local_pair_two_reduce_top2_v4,L1_kernel_body,warm,5,5,150,8.49408000708,8.59135985374,20.2239990234,10.809275758264466,4.671619003024262,0.4321861249078112,False
20260803T181855Z-86cfbe2a805d-rtx3080_topk_gate_release_v2,topk_gate.release.vllm_pair.e8_t2048,topk_gate,cuda_naive,L1_kernel_body,warm,5,5,150,8.38144004345,8.5504001379,9.566208124159498,8.592930138111132,0.6225512859358056,0.07244924326507472,True
20260803T181855Z-86cfbe2a805d-rtx3080_topk_gate_release_v2,topk_gate.release.vllm_pair.e8_t2048,topk_gate,cuda_subwarp_pair_top2_v2,L1_kernel_body,warm,5,5,150,8.49919974804,8.483840227125,9.337343841787998,8.519475166003067,0.4763826565570591,0.05591690183663687,False
20260803T181855Z-86cfbe2a805d-rtx3080_topk_gate_release_v2,topk_gate.release.vllm_pair.e8_t2048,topk_gate,cuda_vector_pair_top2_v3,L1_kernel_body,warm,5,5,150,9.00608003139,9.03679996729,21.6632324457,11.550720000266267,5.010310393140173,0.4337660676585248,False
20260803T181855Z-86cfbe2a805d-rtx3080_topk_gate_release_v2,topk_gate.release.vllm_pair.e8_t2048,topk_gate,vllm_row_packed_top2,L1_kernel_body,warm,5,5,150,8.7961602211,8.422400057315,30.403584241845003,12.577109360694534,8.719516840980168,0.693284648397035,False
20260803T181855Z-86cfbe2a805d-rtx3080_topk_gate_release_v2,topk_gate.release.vllm_pair.e8_t256,topk_gate,cuda_local_pair_two_reduce_top2_v4,L1_kernel_body,warm,5,5,150,8.37632000446,8.32512021065,9.244160056113,8.397073058287733,0.6015985954890335,0.07164384438638038,False
20260803T181855Z-86cfbe2a805d-rtx3080_topk_gate_release_v2,topk_gate.release.vllm_pair.e8_t256,topk_gate,cuda_naive,L1_kernel_body,warm,5,5,150,8.75007987022,8.765439987185001,21.777920007735,11.180031998951067,5.291844982495764,0.47333003903676263,True
20260803T181855Z-86cfbe2a805d-rtx3080_topk_gate_release_v2,topk_gate.release.vllm_pair.e8_t256,topk_gate,cuda_subwarp_pair_top2_v2,L1_kernel_body,warm,5,5,150,8.94464015961,8.97023975849,9.56416010857,8.9785685459776,0.3450710401178853,0.03843274552628739,False
20260803T181855Z-86cfbe2a805d-rtx3080_topk_gate_release_v2,topk_gate.release.vllm_pair.e8_t256,topk_gate,cuda_vector_pair_top2_v3,L1_kernel_body,warm,5,5,150,8.77568006516,8.821759819985001,20.8803832531,11.133542378742932,4.854653200432131,0.43603850735782274,False
20260803T181855Z-86cfbe2a805d-rtx3080_topk_gate_release_v2,topk_gate.release.vllm_pair.e8_t256,topk_gate,vllm_row_packed_top2,L1_kernel_body,warm,5,5,150,8.01279991865,8.130559921265,9.44127976894,8.261700248718332,0.6878492686457317,0.08325759201351324,False
20260803T181855Z-86cfbe2a805d-rtx3080_topk_gate_release_v2,topk_gate.release.vllm_pair.e8_t32,topk_gate,cuda_local_pair_two_reduce_top2_v4,L1_kernel_body,warm,5,5,150,8.31488013268,8.32512021065,20.983808040645002,10.792413874469332,5.041841836091311,0.4671653528797996,False
20260803T181855Z-86cfbe2a805d-rtx3080_topk_gate_release_v2,topk_gate.release.vllm_pair.e8_t32,topk_gate,cuda_naive,L1_kernel_body,warm,5,5,150,8.90367984772,8.92928004265,51.620863676069995,19.397768568994067,16.089352105009464,0.8294434510744257,True
20260803T181855Z-86cfbe2a805d-rtx3080_topk_gate_release_v2,topk_gate.release.vllm_pair.e8_t32,topk_gate,cuda_subwarp_pair_top2_v2,L1_kernel_body,warm,5,5,150,9.01631981134,9.0623998642,32.8407037258,13.763857054710535,9.415427246368116,0.6840689502181212,False
20260803T181855Z-86cfbe2a805d-rtx3080_topk_gate_release_v2,topk_gate.release.vllm_pair.e8_t32,topk_gate,cuda_vector_pair_top2_v3,L1_kernel_body,warm,5,5,150,8.65792006254,8.73472005129,21.6268801689,11.178530156612933,5.2246269101661085,0.4673804907235816,False
20260803T181855Z-86cfbe2a805d-rtx3080_topk_gate_release_v2,topk_gate.release.vllm_pair.e8_t32,topk_gate,vllm_row_packed_top2,L1_kernel_body,warm,5,5,150,7.80800014734,7.86432027817,8.803328216075997,7.940164279937333,0.4623917946980757,0.05823453752290942,False
20260803T181855Z-86cfbe2a805d-rtx3080_topk_gate_release_v2,topk_gate.release.vllm_pair.e8_t4,topk_gate,cuda_local_pair_two_reduce_top2_v4,L1_kernel_body,warm,5,5,150,8.23808014393,8.29439997673,21.8111991882,10.871330145994799,5.455876429895367,0.5018591429591911,False
20260803T181855Z-86cfbe2a805d-rtx3080_topk_gate_release_v2,topk_gate.release.vllm_pair.e8_t4,topk_gate,cuda_naive,L1_kernel_body,warm,5,5,150,8.38144004345,8.38656008244,9.399807989592999,8.455441069602733,0.550268142848488,0.06507858529423133,True
20260803T181855Z-86cfbe2a805d-rtx3080_topk_gate_release_v2,topk_gate.release.vllm_pair.e8_t4,topk_gate,cuda_subwarp_pair_top2_v2,L1_kernel_body,warm,5,5,150,8.94976019859,8.94976019859,9.52319979668,8.980548250675334,0.31498501054286404,0.03507414043671302,False
20260803T181855Z-86cfbe2a805d-rtx3080_topk_gate_release_v2,topk_gate.release.vllm_pair.e8_t4,topk_gate,cuda_vector_pair_top2_v3,L1_kernel_body,warm,5,5,150,8.71424019337,8.83711993694,20.830207943935,11.105279982088867,4.812516678383677,0.43335392589340715,False
20260803T181855Z-86cfbe2a805d-rtx3080_topk_gate_release_v2,topk_gate.release.vllm_pair.e8_t4,topk_gate,vllm_row_packed_top2,L1_kernel_body,warm,5,5,150,7.92064011097,8.002560138705,20.646911859489997,10.382677384217667,5.07383146787444,0.48868237739785575,False
20260803T181855Z-86cfbe2a805d-rtx3080_topk_gate_release_v2,topk_gate.release.vllm_pair.e8_t4096,topk_gate,cuda_local_pair_two_reduce_top2_v4,L1_kernel_body,warm,5,5,150,8.61184000969,8.709120154379999,20.639231801,10.988543995220667,4.789603712397698,0.4358724608538563,False
20260803T181855Z-86cfbe2a805d-rtx3080_topk_gate_release_v2,topk_gate.release.vllm_pair.e8_t4096,topk_gate,cuda_naive,L1_kernel_body,warm,5,5,150,8.46847981215,8.43775987625,9.137152105568997,8.453393030166733,0.47355721507285553,0.05601977967697962,True
20260803T181855Z-86cfbe2a805d-rtx3080_topk_gate_release_v2,topk_gate.release.vllm_pair.e8_t4096,topk_gate,cuda_subwarp_pair_top2_v2,L1_kernel_body,warm,5,5,150,8.40191990137,8.371199965475,9.19552028179,8.379596825440666,0.5018635360501705,0.05989113157884879,False
20260803T181855Z-86cfbe2a805d-rtx3080_topk_gate_release_v2,topk_gate.release.vllm_pair.e8_t4096,topk_gate,cuda_vector_pair_top2_v3,L1_kernel_body,warm,5,5,150,8.94464015961,8.99071991444,21.8521595001,11.329058166343067,5.040264963811005,0.44489708586587334,False
20260803T181855Z-86cfbe2a805d-rtx3080_topk_gate_release_v2,topk_gate.release.vllm_pair.e8_t4096,topk_gate,vllm_row_packed_top2,L1_kernel_body,warm,5,5,150,8.08960020542,8.166400194165,21.0647046566,10.618129038812134,5.191873417754489,0.48896311193589637,False
20260803T181855Z-86cfbe2a805d-rtx3080_topk_gate_release_v2,topk_gate.release.vllm_pair.e8_t512,topk_gate,cuda_local_pair_two_reduce_top2_v4,L1_kernel_body,warm,5,5,150,8.38144004345,8.238080143925,8.9359360933305,8.233915746212066,0.43238570084432715,0.05251276721446197,False
20260803T181855Z-86cfbe2a805d-rtx3080_topk_gate_release_v2,topk_gate.release.vllm_pair.e8_t512,topk_gate,cuda_naive,L1_kernel_body,warm,5,5,150,8.33024024963,8.37632000446,20.546000719055,10.738858703770067,4.877332370183285,0.45417604465463457,True
20260803T181855Z-86cfbe2a805d-rtx3080_topk_gate_release_v2,topk_gate.release.vllm_pair.e8_t512,topk_gate,cuda_subwarp_pair_top2_v2,L1_kernel_body,warm,5,5,150,9.0316799283,9.108480215075,59.964927911779995,18.722133302689333,19.419277802077094,1.0372363815659629,False
20260803T181855Z-86cfbe2a805d-rtx3080_topk_gate_release_v2,topk_gate.release.vllm_pair.e8_t512,topk_gate,cuda_vector_pair_top2_v3,L1_kernel_body,warm,5,5,150,8.43775987625,8.31488013268,20.925823569320002,10.678165308634334,5.094341499315984,0.4770802241838974,False
20260803T181855Z-86cfbe2a805d-rtx3080_topk_gate_release_v2,topk_gate.release.vllm_pair.e8_t512,topk_gate,vllm_row_packed_top2,L1_kernel_body,warm,5,5,150,8.2687997818,8.238080143925,30.34982383249,12.610218687851267,8.836008802328571,0.700702265444549,False
20260803T181855Z-86cfbe2a805d-rtx3080_topk_gate_release_v2,topk_gate.release.vllm_pair.e8_t64,topk_gate,cuda_local_pair_two_reduce_top2_v4,L1_kernel_body,warm,5,5,150,8.25856000185,8.34559977055,20.983808040645002,10.791389890510134,5.007796527029297,0.46405482313572183,False
20260803T181855Z-86cfbe2a805d-rtx3080_topk_gate_release_v2,topk_gate.release.vllm_pair.e8_t64,topk_gate,cuda_naive,L1_kernel_body,warm,5,5,150,8.22272002697,8.279039859775,21.2490236759,10.883754626910466,5.258547697991108,0.4831556644054767,True
20260803T181855Z-86cfbe2a805d-rtx3080_topk_gate_release_v2,topk_gate.release.vllm_pair.e8_t64,topk_gate,cuda_subwarp_pair_top2_v2,L1_kernel_body,warm,5,5,150,8.95999997854,8.934400081635,9.5129597187,8.932898128032866,0.35266483358428274,0.03947933005947577,False
20260803T181855Z-86cfbe2a805d-rtx3080_topk_gate_release_v2,topk_gate.release.vllm_pair.e8_t64,topk_gate,cuda_vector_pair_top2_v3,L1_kernel_body,warm,5,5,150,8.71936023235,8.76543998718,31.163391947735,12.5324629704156,8.018822910606639,0.6398441335542777,False
20260803T181855Z-86cfbe2a805d-rtx3080_topk_gate_release_v2,topk_gate.release.vllm_pair.e8_t64,topk_gate,vllm_row_packed_top2,L1_kernel_body,warm,5,5,150,8.09983998537,8.34559977055,9.482752025129997,8.477286370595666,1.7146024581323127,0.20225840949287577,False
20260803T181855Z-86cfbe2a805d-rtx3080_topk_gate_release_v2,topk_gate.release.vllm_pair.e8_t8,topk_gate,cuda_local_pair_two_reduce_top2_v4,L1_kernel_body,warm,5,5,150,8.31488013268,8.29439997673,9.0168321132635,8.357137072086399,0.45688810666394525,0.05467040958200785,False
20260803T181855Z-86cfbe2a805d-rtx3080_topk_gate_release_v2,topk_gate.release.vllm_pair.e8_t8,topk_gate,cuda_naive,L1_kernel_body,warm,5,5,150,8.09472024441,8.212479949,21.291007995645,10.7433983961752,5.246583872777154,0.4883542133786094,True
20260803T181855Z-86cfbe2a805d-rtx3080_topk_gate_release_v2,topk_gate.release.vllm_pair.e8_t8,topk_gate,cuda_subwarp_pair_top2_v2,L1_kernel_body,warm,5,5,150,8.87807995081,8.852480053905,9.508351951836,8.841079457601266,0.3989918848369914,0.04512931783391579,False
20260803T181855Z-86cfbe2a805d-rtx3080_topk_gate_release_v2,topk_gate.release.vllm_pair.e8_t8,topk_gate,cuda_vector_pair_top2_v3,L1_kernel_body,warm,5,5,150,8.69376003742,8.801279962065,20.7155203819,11.0648661653196,4.7897125827065,0.4328757809758969,False
20260803T181855Z-86cfbe2a805d-rtx3080_topk_gate_release_v2,topk_gate.release.vllm_pair.e8_t8,topk_gate,vllm_row_packed_top2,L1_kernel_body,warm,5,5,150,8.40192019939,8.39680016041,9.3701120913075,8.382873622576334,0.5603357759666402,0.06684292298735986,False
