run_id,case_id,operator,variant,measurement_level,cache_mode,process_runs,records,raw_samples,median_of_process_medians_us,all_samples_p50_us,all_samples_p95_us,all_samples_mean_us,all_samples_stddev_us,all_samples_cv,promotion_baseline
20260802T192733Z-1ce3398155a9-rtx3080_topk_gate_release_v1,topk_gate.release.align4_t2048_e64,topk_gate,cub_block_radix_top2,L1_kernel_body,warm,5,5,150,34.4934403896,34.57024097445,43.45343923570999,35.854950332643334,2.9406924665208543,0.08201635866843097,False
20260802T192733Z-1ce3398155a9-rtx3080_topk_gate_release_v1,topk_gate.release.align4_t2048_e64,topk_gate,cuda_naive,L1_kernel_body,warm,5,5,150,14.8582398891,14.8684799671,18.671615660179995,15.689796193440667,1.6013326797157772,0.10206204465455301,True
20260802T192733Z-1ce3398155a9-rtx3080_topk_gate_release_v1,topk_gate.release.align4_t2048_e64,topk_gate,cuda_subwarp_pair_top2_v2,L1_kernel_body,warm,5,5,150,9.43104028702,9.932800233365,63.29343771934499,19.4257578452444,19.92718224274381,1.0258123467559934,False
20260802T192733Z-1ce3398155a9-rtx3080_topk_gate_release_v1,topk_gate.release.align4_t2048_e64,topk_gate,cuda_vector_pair_top2_v3,L1_kernel_body,warm,5,5,150,9.37471985817,9.420800209045,10.795007944144999,9.520332797369333,0.6643996453135568,0.06978743910056845,False
20260802T192733Z-1ce3398155a9-rtx3080_topk_gate_release_v1,topk_gate.release.align4_t2048_e64,topk_gate,cuda_warp_pair_top2_v1,L1_kernel_body,warm,5,5,150,9.74847972393,9.671680033205,10.766336262234997,9.673113604387266,0.6999370380304233,0.07235902178518455,False
20260802T192733Z-1ce3398155a9-rtx3080_topk_gate_release_v1,topk_gate.release.cold_t2048_e64,topk_gate,cuda_naive,L1_kernel_body,cold_scrub,5,5,150,13.9673602581,13.9417600632,18.177024126045,13.935206421215998,1.65327891132063,0.1186404321075255,True
20260802T192733Z-1ce3398155a9-rtx3080_topk_gate_release_v1,topk_gate.release.cold_t2048_e64,topk_gate,cuda_naive,L2_operator_steady,cold_scrub,5,5,150,14.5664000511,14.2643201351,17.5820803642,14.850048001604668,1.197313635861152,0.08062692024509097,True
20260802T192733Z-1ce3398155a9-rtx3080_topk_gate_release_v1,topk_gate.release.cold_t2048_e64,topk_gate,cuda_subwarp_pair_top2_v2,L1_kernel_body,cold_scrub,5,5,150,9.77407991886,9.855999946595,11.3264644146,10.0002474784864,0.698875509334935,0.06988582140976317,False
20260802T192733Z-1ce3398155a9-rtx3080_topk_gate_release_v1,topk_gate.release.cold_t2048_e64,topk_gate,cuda_subwarp_pair_top2_v2,L2_operator_steady,cold_scrub,5,5,150,9.56928014755,9.564160108565,10.5472004414,9.588053337735,0.5848414131983147,0.06099688775161452,False
20260802T192733Z-1ce3398155a9-rtx3080_topk_gate_release_v1,topk_gate.release.cold_t2048_e64,topk_gate,cuda_vector_pair_top2_v3,L1_kernel_body,cold_scrub,5,5,150,9.90720003843,9.87648010254,10.540031731134999,9.898871533075333,0.42656806087179794,0.04309259489291239,False
20260802T192733Z-1ce3398155a9-rtx3080_topk_gate_release_v1,topk_gate.release.cold_t2048_e64,topk_gate,cuda_vector_pair_top2_v3,L2_operator_steady,cold_scrub,5,5,150,9.7587198019,9.67679977417,10.339840054489999,9.4779391964272,0.7390256504267034,0.07797324240118424,False
20260802T192733Z-1ce3398155a9-rtx3080_topk_gate_release_v1,topk_gate.release.cold_t2048_e64,topk_gate,cuda_warp_pair_top2_v1,L1_kernel_body,cold_scrub,5,5,150,9.80991989374,9.738240242,10.677247583879998,9.7886207580568,0.5300423847507609,0.054148832389332754,False
20260802T192733Z-1ce3398155a9-rtx3080_topk_gate_release_v1,topk_gate.release.cold_t2048_e64,topk_gate,cuda_warp_pair_top2_v1,L2_operator_steady,cold_scrub,5,5,150,9.7587198019,9.927679896355,10.6859523058,9.9602431933058,0.5655945503716872,0.05678521491842877,False
20260802T192733Z-1ce3398155a9-rtx3080_topk_gate_release_v1,topk_gate.release.cold_t2048_e64.library_pair,topk_gate,cub_block_radix_top2,L1_kernel_body,cold_scrub,5,5,150,42.9311990738,43.05408000945,140.16153383239998,59.74562128385934,39.315562019133246,0.6580492624277822,False
20260802T192733Z-1ce3398155a9-rtx3080_topk_gate_release_v1,topk_gate.release.cold_t2048_e64.library_pair,topk_gate,cuda_naive,L1_kernel_body,cold_scrub,5,5,150,14.2284798622,14.28480029105,18.284031748799997,15.432567469283335,1.7867321948015167,0.1157767298511924,True
20260802T192733Z-1ce3398155a9-rtx3080_topk_gate_release_v1,topk_gate.release.cold_t2048_e64.library_pair,topk_gate,vllm_row_packed_top2,L1_kernel_body,cold_scrub,5,5,150,8.98047983646,9.03679996729,12.324864208679998,9.529890171687333,1.2787263956916144,0.13418060152368022,False
20260802T192733Z-1ce3398155a9-rtx3080_topk_gate_release_v1,topk_gate.release.cub_pair.e15_t1,topk_gate,cub_block_radix_top2,L1_kernel_body,warm,5,5,150,13.0560004711,13.0457603931,13.69753593209,13.035246928528666,0.49210555869654976,0.03775191689077542,False
20260802T192733Z-1ce3398155a9-rtx3080_topk_gate_release_v1,topk_gate.release.cub_pair.e15_t1,topk_gate,cuda_naive,L1_kernel_body,warm,5,5,150,8.49408000708,8.555520176885,9.13407981396,8.5561343948046,0.3399154966984964,0.03972769489278916,True
20260802T192733Z-1ce3398155a9-rtx3080_topk_gate_release_v1,topk_gate.release.cub_pair.e15_t1,topk_gate,cuda_subwarp_pair_top2_v2,L1_kernel_body,warm,5,5,150,8.91903996468,8.88832002878,10.665472030629992,9.017617070675334,0.770622964795058,0.08545749489641455,False
20260802T192733Z-1ce3398155a9-rtx3080_topk_gate_release_v1,topk_gate.release.cub_pair.e15_t1,topk_gate,cuda_vector_pair_top2_v3,L1_kernel_body,warm,5,5,150,8.53504002094,8.504319787025,9.403904020786499,8.596821359793866,0.48384213272057974,0.05628151527998963,False
20260802T192733Z-1ce3398155a9-rtx3080_topk_gate_release_v1,topk_gate.release.cub_pair.e15_t1024,topk_gate,cub_block_radix_top2,L1_kernel_body,warm,5,5,150,21.3760006428,21.67808055875,23.665663003945,21.941794204712,0.8299192209572973,0.03782367172047727,False
20260802T192733Z-1ce3398155a9-rtx3080_topk_gate_release_v1,topk_gate.release.cub_pair.e15_t1024,topk_gate,cuda_naive,L1_kernel_body,warm,5,5,150,9.02144014835,8.93952012062,9.5697921514535,8.966485337416932,0.388295285944925,0.04330518272578643,True
20260802T192733Z-1ce3398155a9-rtx3080_topk_gate_release_v1,topk_gate.release.cub_pair.e15_t1024,topk_gate,cuda_subwarp_pair_top2_v2,L1_kernel_body,warm,5,5,150,8.75007987022,8.95488023758,9.6527361869805,8.899447496731801,0.5317231853584283,0.0597478872203804,False
20260802T192733Z-1ce3398155a9-rtx3080_topk_gate_release_v1,topk_gate.release.cub_pair.e15_t1024,topk_gate,cuda_vector_pair_top2_v3,L1_kernel_body,warm,5,5,150,8.99071991444,8.94976019859,9.4981122016935,8.8999253074326,0.427988998624,0.0480890551144933,False
20260802T192733Z-1ce3398155a9-rtx3080_topk_gate_release_v1,topk_gate.release.cub_pair.e15_t128,topk_gate,cub_block_radix_top2,L1_kernel_body,warm,5,5,150,13.0508798361,13.076479435,14.326271951179997,13.048832003277333,0.7312954026342534,0.056042977827485393,False
20260802T192733Z-1ce3398155a9-rtx3080_topk_gate_release_v1,topk_gate.release.cub_pair.e15_t128,topk_gate,cuda_naive,L1_kernel_body,warm,5,5,150,8.62208008766,8.58111977577,9.3521919548545,8.619349300861133,0.45106034230676717,0.05233113621021289,True
20260802T192733Z-1ce3398155a9-rtx3080_topk_gate_release_v1,topk_gate.release.cub_pair.e15_t128,topk_gate,cuda_subwarp_pair_top2_v2,L1_kernel_body,warm,5,5,150,8.56064021587,8.6630398035,9.487872123719,8.685431448618466,0.4778799127044181,0.05502086056766141,False
20260802T192733Z-1ce3398155a9-rtx3080_topk_gate_release_v1,topk_gate.release.cub_pair.e15_t128,topk_gate,cuda_vector_pair_top2_v3,L1_kernel_body,warm,5,5,150,8.79104018211,8.77056002617,9.56416010857,8.7971157232922,0.4002156433883788,0.045493961427462454,False
20260802T192733Z-1ce3398155a9-rtx3080_topk_gate_release_v1,topk_gate.release.cub_pair.e15_t16,topk_gate,cub_block_radix_top2,L1_kernel_body,warm,5,5,150,12.9331201315,12.86656022075,14.531583785999999,12.942813889186667,0.9232783766828966,0.07133521231069141,False
20260802T192733Z-1ce3398155a9-rtx3080_topk_gate_release_v1,topk_gate.release.cub_pair.e15_t16,topk_gate,cuda_naive,L1_kernel_body,warm,5,5,150,8.65280002356,8.62208008766,9.376255869866,8.663108277320667,0.5406312447934665,0.06240615117426113,True
20260802T192733Z-1ce3398155a9-rtx3080_topk_gate_release_v1,topk_gate.release.cub_pair.e15_t16,topk_gate,cuda_subwarp_pair_top2_v2,L1_kernel_body,warm,5,5,150,8.65279972553,8.678399920465,9.59487974644,8.742707196871601,0.5048487953625744,0.05774513362900044,False
20260802T192733Z-1ce3398155a9-rtx3080_topk_gate_release_v1,topk_gate.release.cub_pair.e15_t16,topk_gate,cuda_vector_pair_top2_v3,L1_kernel_body,warm,5,5,150,8.87807995081,8.903679847715,9.5697921514535,8.860535454750334,0.3958000920889204,0.04466999698948476,False
20260802T192733Z-1ce3398155a9-rtx3080_topk_gate_release_v1,topk_gate.release.cub_pair.e15_t2,topk_gate,cub_block_radix_top2,L1_kernel_body,warm,5,5,150,12.9075199366,12.9433596134,13.707776010044999,12.94690987269,0.48475044905639986,0.03744140137091126,False
20260802T192733Z-1ce3398155a9-rtx3080_topk_gate_release_v1,topk_gate.release.cub_pair.e15_t2,topk_gate,cuda_naive,L1_kernel_body,warm,5,5,150,8.62208008766,8.60159993172,9.2021760046485,8.5009066661204,0.5099717738810855,0.059990280320748865,True
20260802T192733Z-1ce3398155a9-rtx3080_topk_gate_release_v1,topk_gate.release.cub_pair.e15_t2,topk_gate,cuda_subwarp_pair_top2_v2,L1_kernel_body,warm,5,5,150,9.01120007038,8.92928004265,10.433024108404995,9.1417258938154,1.5011007873977606,0.16420321554524972,False
20260802T192733Z-1ce3398155a9-rtx3080_topk_gate_release_v1,topk_gate.release.cub_pair.e15_t2,topk_gate,cuda_vector_pair_top2_v3,L1_kernel_body,warm,5,5,150,8.81664007902,8.852480053905,9.550336003306,8.834048016866067,0.4133253425950224,0.04678776273412787,False
20260802T192733Z-1ce3398155a9-rtx3080_topk_gate_release_v1,topk_gate.release.cub_pair.e15_t2048,topk_gate,cub_block_radix_top2,L1_kernel_body,warm,5,5,150,36.3264000416,36.423680782350004,46.321663618115,39.582788213094666,4.66885566421512,0.11795166219924301,False
20260802T192733Z-1ce3398155a9-rtx3080_topk_gate_release_v1,topk_gate.release.cub_pair.e15_t2048,topk_gate,cuda_naive,L1_kernel_body,warm,5,5,150,9.03168022633,8.924160003665,9.6107518672935,8.939520001411934,0.510438381390966,0.057099081529024584,True
20260802T192733Z-1ce3398155a9-rtx3080_topk_gate_release_v1,topk_gate.release.cub_pair.e15_t2048,topk_gate,cuda_subwarp_pair_top2_v2,L1_kernel_body,warm,5,5,150,8.28415989876,8.320000171665,9.254399806260999,8.408337044716,0.4647701086511077,0.0552749141928344,False
20260802T192733Z-1ce3398155a9-rtx3080_topk_gate_release_v1,topk_gate.release.cub_pair.e15_t2048,topk_gate,cuda_vector_pair_top2_v3,L1_kernel_body,warm,5,5,150,8.36607992649,8.47872018814,11.582975864394996,9.1103914578756,2.7903053692542152,0.3062772200465764,False
20260802T192733Z-1ce3398155a9-rtx3080_topk_gate_release_v1,topk_gate.release.cub_pair.e15_t256,topk_gate,cub_block_radix_top2,L1_kernel_body,warm,5,5,150,12.1344000101,12.29312002655,14.297088384644999,12.610764853160001,0.9009428915360814,0.07144236705914975,False
20260802T192733Z-1ce3398155a9-rtx3080_topk_gate_release_v1,topk_gate.release.cub_pair.e15_t256,topk_gate,cuda_naive,L1_kernel_body,warm,5,5,150,8.98047983646,8.86784017086,9.494527846571998,8.860467171669335,0.3661304602932293,0.04132180089373881,True
20260802T192733Z-1ce3398155a9-rtx3080_topk_gate_release_v1,topk_gate.release.cub_pair.e15_t256,topk_gate,cuda_subwarp_pair_top2_v2,L1_kernel_body,warm,5,5,150,8.7296000123,8.72448027134,9.4673919677735,8.748168532053334,0.4140829963554964,0.047333678453757966,False
20260802T192733Z-1ce3398155a9-rtx3080_topk_gate_release_v1,topk_gate.release.cub_pair.e15_t256,topk_gate,cuda_vector_pair_top2_v3,L1_kernel_body,warm,5,5,150,8.50943982601,8.72448027134,9.453568130731998,8.7084373156236,0.3952859821530371,0.04539114973519577,False
20260802T192733Z-1ce3398155a9-rtx3080_topk_gate_release_v1,topk_gate.release.cub_pair.e15_t32,topk_gate,cub_block_radix_top2,L1_kernel_body,warm,5,5,150,12.7590399981,12.9382395744,14.1219842434,12.943428230281334,0.7350109359092005,0.056786418778112586,False
20260802T192733Z-1ce3398155a9-rtx3080_topk_gate_release_v1,topk_gate.release.cub_pair.e15_t32,topk_gate,cuda_naive,L1_kernel_body,warm,5,5,150,8.59136015177,8.47872018814,9.16480004787,8.459878404935466,0.5046468672798232,0.059651787310017815,True
20260802T192733Z-1ce3398155a9-rtx3080_topk_gate_release_v1,topk_gate.release.cub_pair.e15_t32,topk_gate,cuda_subwarp_pair_top2_v2,L1_kernel_body,warm,5,5,150,8.76032024622,8.64767998457,9.606143832207,8.726186652978532,0.5113433914331369,0.0585987226457732,False
20260802T192733Z-1ce3398155a9-rtx3080_topk_gate_release_v1,topk_gate.release.cub_pair.e15_t32,topk_gate,cuda_vector_pair_top2_v3,L1_kernel_body,warm,5,5,150,8.65792006254,8.64256024361,9.25696015358,8.647816526889999,0.3914069067892198,0.04526077832157488,False
20260802T192733Z-1ce3398155a9-rtx3080_topk_gate_release_v1,topk_gate.release.cub_pair.e15_t4,topk_gate,cub_block_radix_top2,L1_kernel_body,warm,5,5,150,12.9535996914,12.96895980835,13.912575840945,12.971008030569333,0.5212803894738643,0.04018811708737983,False
20260802T192733Z-1ce3398155a9-rtx3080_topk_gate_release_v1,topk_gate.release.cub_pair.e15_t4,topk_gate,cuda_naive,L1_kernel_body,warm,5,5,150,8.52991998196,8.581120073794999,9.320448040959498,8.6426282882686,0.42419891096169415,0.049082165379887584,True
20260802T192733Z-1ce3398155a9-rtx3080_topk_gate_release_v1,topk_gate.release.cub_pair.e15_t4,topk_gate,cuda_subwarp_pair_top2_v2,L1_kernel_body,warm,5,5,150,8.79104018211,8.821759819985001,9.4981122016935,8.835276814301865,0.41995997489877807,0.047532180793586364,False
20260802T192733Z-1ce3398155a9-rtx3080_topk_gate_release_v1,topk_gate.release.cub_pair.e15_t4,topk_gate,cuda_vector_pair_top2_v3,L1_kernel_body,warm,5,5,150,8.83200019598,8.92928004265,9.67679977417,8.9470293164262,0.5736796852439766,0.06411957141916767,False
20260802T192733Z-1ce3398155a9-rtx3080_topk_gate_release_v1,topk_gate.release.cub_pair.e15_t4096,topk_gate,cub_block_radix_top2,L1_kernel_body,warm,5,5,150,66.5395212173,66.5395212173,74.47091293335501,67.62188784281133,2.562654975554085,0.03789682686042479,False
20260802T192733Z-1ce3398155a9-rtx3080_topk_gate_release_v1,topk_gate.release.cub_pair.e15_t4096,topk_gate,cuda_naive,L1_kernel_body,warm,5,5,150,8.77056002617,8.88831973076,9.559552073479,8.895078392823732,0.36954122178506355,0.04154445924649722,True
20260802T192733Z-1ce3398155a9-rtx3080_topk_gate_release_v1,topk_gate.release.cub_pair.e15_t4096,topk_gate,cuda_subwarp_pair_top2_v2,L1_kernel_body,warm,5,5,150,10.4140800238,10.4294395447,11.962880253754989,10.536004296934001,0.6305449560956634,0.05984668744669678,False
20260802T192733Z-1ce3398155a9-rtx3080_topk_gate_release_v1,topk_gate.release.cub_pair.e15_t4096,topk_gate,cuda_vector_pair_top2_v3,L1_kernel_body,warm,5,5,150,10.337280035,10.2348804474,11.003392338744998,10.082303973036,0.6181545263373532,0.06131084006101569,False
20260802T192733Z-1ce3398155a9-rtx3080_topk_gate_release_v1,topk_gate.release.cub_pair.e15_t512,topk_gate,cub_block_radix_top2,L1_kernel_body,warm,5,5,150,14.0595197678,13.690879940999999,18.158591985690002,14.291831469536,1.62249610872999,0.11352611540294535,False
20260802T192733Z-1ce3398155a9-rtx3080_topk_gate_release_v1,topk_gate.release.cub_pair.e15_t512,topk_gate,cuda_naive,L1_kernel_body,warm,5,5,150,9.00095999241,9.00095999241,9.5800322294235,8.9954304099084,0.3366217464630437,0.03742141633292581,True
20260802T192733Z-1ce3398155a9-rtx3080_topk_gate_release_v1,topk_gate.release.cub_pair.e15_t512,topk_gate,cuda_subwarp_pair_top2_v2,L1_kernel_body,warm,5,5,150,8.68863999844,8.77568006516,9.60511982441,8.8068778634074,0.4587281334330652,0.052087486683456995,False
20260802T192733Z-1ce3398155a9-rtx3080_topk_gate_release_v1,topk_gate.release.cub_pair.e15_t512,topk_gate,cuda_vector_pair_top2_v3,L1_kernel_body,warm,5,5,150,8.49920004606,8.60159993172,9.339904189107,8.616413879394866,0.42149102405368943,0.04891722124231234,False
20260802T192733Z-1ce3398155a9-rtx3080_topk_gate_release_v1,topk_gate.release.cub_pair.e15_t64,topk_gate,cub_block_radix_top2,L1_kernel_body,warm,5,5,150,13.3068799973,13.30687999725,14.2085117102,13.235268274944666,0.7008826905545277,0.052955684463257165,False
20260802T192733Z-1ce3398155a9-rtx3080_topk_gate_release_v1,topk_gate.release.cub_pair.e15_t64,topk_gate,cuda_naive,L1_kernel_body,warm,5,5,150,8.68351995945,8.6630398035,9.2830717563635,8.700381851196466,0.34657444801460274,0.039834395080825355,True
20260802T192733Z-1ce3398155a9-rtx3080_topk_gate_release_v1,topk_gate.release.cub_pair.e15_t64,topk_gate,cuda_subwarp_pair_top2_v2,L1_kernel_body,warm,5,5,150,8.56063991785,8.57088029385,9.295360118150999,8.592452255885133,0.4194920833115356,0.048820996709550236,False
20260802T192733Z-1ce3398155a9-rtx3080_topk_gate_release_v1,topk_gate.release.cub_pair.e15_t64,topk_gate,cuda_vector_pair_top2_v3,L1_kernel_body,warm,5,5,150,8.97023975849,8.924160003665,9.559552073479,8.858077863852,0.4403332132734755,0.04970979258044063,False
20260802T192733Z-1ce3398155a9-rtx3080_topk_gate_release_v1,topk_gate.release.cub_pair.e15_t8,topk_gate,cub_block_radix_top2,L1_kernel_body,warm,5,5,150,12.8204798698,12.9024004936,13.7681919336,12.929228838286,0.5150175806276424,0.039833588458313425,False
20260802T192733Z-1ce3398155a9-rtx3080_topk_gate_release_v1,topk_gate.release.cub_pair.e15_t8,topk_gate,cuda_naive,L1_kernel_body,warm,5,5,150,8.50432008505,8.514559864995,9.703423917293499,8.584328532219134,0.7104189920119308,0.0827576658262263,True
20260802T192733Z-1ce3398155a9-rtx3080_topk_gate_release_v1,topk_gate.release.cub_pair.e15_t8,topk_gate,cuda_subwarp_pair_top2_v2,L1_kernel_body,warm,5,5,150,8.63232016563,8.63232016563,9.500159889460999,8.658466140429134,0.4149572347491518,0.04792502829243443,False
20260802T192733Z-1ce3398155a9-rtx3080_topk_gate_release_v1,topk_gate.release.cub_pair.e15_t8,topk_gate,cuda_vector_pair_top2_v3,L1_kernel_body,warm,5,5,150,8.67327988148,8.80640000105,9.636864066122499,8.767214934030667,0.5243289856482439,0.05980564975235383,False
20260802T192733Z-1ce3398155a9-rtx3080_topk_gate_release_v1,topk_gate.release.cub_pair.e16_t1,topk_gate,cub_block_radix_top2,L1_kernel_body,warm,5,5,150,13.0099195242,13.08671951295,14.007807910434998,13.116142932572,0.5437382913183012,0.041455654616877315,False
20260802T192733Z-1ce3398155a9-rtx3080_topk_gate_release_v1,topk_gate.release.cub_pair.e16_t1,topk_gate,cuda_naive,L1_kernel_body,warm,5,5,150,8.6732801795,8.57088029385,9.319424033167,8.646997344494666,0.4154099504145063,0.04804094807303112,True
20260802T192733Z-1ce3398155a9-rtx3080_topk_gate_release_v1,topk_gate.release.cub_pair.e16_t1,topk_gate,cuda_subwarp_pair_top2_v2,L1_kernel_body,warm,5,5,150,8.64255994558,8.616960048675,9.7848320007335,8.722705074152067,0.5558723219995201,0.06372705683317584,False
20260802T192733Z-1ce3398155a9-rtx3080_topk_gate_release_v1,topk_gate.release.cub_pair.e16_t1,topk_gate,cuda_vector_pair_top2_v3,L1_kernel_body,warm,5,5,150,9.08288002014,8.99071991444,9.647104144097,9.004919469355734,0.47914999238197853,0.05320980315399309,False
20260802T192733Z-1ce3398155a9-rtx3080_topk_gate_release_v1,topk_gate.release.cub_pair.e16_t1024,topk_gate,cub_block_radix_top2,L1_kernel_body,warm,5,5,150,21.5193593502,21.606400013,22.723582983,21.695897587139335,0.5762594215503766,0.026560755056843813,False
20260802T192733Z-1ce3398155a9-rtx3080_topk_gate_release_v1,topk_gate.release.cub_pair.e16_t1024,topk_gate,cuda_naive,L1_kernel_body,warm,5,5,150,8.47360014915,8.698880076405,9.4673919677735,8.695193588733733,0.5091055211219019,0.058550222709422395,True
20260802T192733Z-1ce3398155a9-rtx3080_topk_gate_release_v1,topk_gate.release.cub_pair.e16_t1024,topk_gate,cuda_subwarp_pair_top2_v2,L1_kernel_body,warm,5,5,150,8.6374399066,8.816639781,9.5390719175335,8.768102395534868,0.5142946502408471,0.05865518296213674,False
20260802T192733Z-1ce3398155a9-rtx3080_topk_gate_release_v1,topk_gate.release.cub_pair.e16_t1024,topk_gate,cuda_vector_pair_top2_v3,L1_kernel_body,warm,5,5,150,9.11359995604,9.07263994217,9.766400128601,9.114965335528334,0.35632192323603884,0.03909196690492792,False
20260802T192733Z-1ce3398155a9-rtx3080_topk_gate_release_v1,topk_gate.release.cub_pair.e16_t128,topk_gate,cub_block_radix_top2,L1_kernel_body,warm,5,5,150,13.0560004711,13.08671951295,14.034431576700001,13.035656523703333,0.6028591909351503,0.046246937378178365,False
20260802T192733Z-1ce3398155a9-rtx3080_topk_gate_release_v1,topk_gate.release.cub_pair.e16_t128,topk_gate,cuda_naive,L1_kernel_body,warm,5,5,150,8.94464015961,8.883199989795,9.4776320457435,8.850431986649799,0.3933648575276098,0.04444583700783992,True
20260802T192733Z-1ce3398155a9-rtx3080_topk_gate_release_v1,topk_gate.release.cub_pair.e16_t128,topk_gate,cuda_subwarp_pair_top2_v2,L1_kernel_body,warm,5,5,150,8.94464015961,8.919039964675001,9.585663944484999,8.888593053817466,0.5011897475224704,0.056385723194653375,False
20260802T192733Z-1ce3398155a9-rtx3080_topk_gate_release_v1,topk_gate.release.cub_pair.e16_t128,topk_gate,cuda_vector_pair_top2_v3,L1_kernel_body,warm,5,5,150,9.00095999241,8.975359797475,9.5206400454055,8.992153600852067,0.37090865965792447,0.04124803424429698,False
20260802T192733Z-1ce3398155a9-rtx3080_topk_gate_release_v1,topk_gate.release.cub_pair.e16_t16,topk_gate,cub_block_radix_top2,L1_kernel_body,warm,5,5,150,12.9228794575,12.92799949645,14.1265922785,13.016268833478,0.5975118363778984,0.0459050011967401,False
20260802T192733Z-1ce3398155a9-rtx3080_topk_gate_release_v1,topk_gate.release.cub_pair.e16_t16,topk_gate,cuda_naive,L1_kernel_body,warm,5,5,150,8.54528009892,8.442879915235,9.023487836121998,8.426427737871867,0.40018732910283455,0.04749193152208811,True
20260802T192733Z-1ce3398155a9-rtx3080_topk_gate_release_v1,topk_gate.release.cub_pair.e16_t16,topk_gate,cuda_subwarp_pair_top2_v2,L1_kernel_body,warm,5,5,150,9.05727982521,9.01120007038,9.54367995262,8.970035179456065,0.40059473161215464,0.044659215220206785,False
20260802T192733Z-1ce3398155a9-rtx3080_topk_gate_release_v1,topk_gate.release.cub_pair.e16_t16,topk_gate,cuda_vector_pair_top2_v3,L1_kernel_body,warm,5,5,150,9.01632010937,9.006080031395,9.5288318395635,9.030314675967267,0.2820611434471565,0.031234918556915514,False
20260802T192733Z-1ce3398155a9-rtx3080_topk_gate_release_v1,topk_gate.release.cub_pair.e16_t2,topk_gate,cub_block_radix_top2,L1_kernel_body,warm,5,5,150,12.8614401817,12.8409600258,13.650944232945,12.819251235325334,0.531345733827753,0.04144904597575493,False
20260802T192733Z-1ce3398155a9-rtx3080_topk_gate_release_v1,topk_gate.release.cub_pair.e16_t2,topk_gate,cuda_naive,L1_kernel_body,warm,5,5,150,8.40704023838,8.50943982601,9.11360025406,8.4441088199614,0.4206346072372936,0.049813972818888476,True
20260802T192733Z-1ce3398155a9-rtx3080_topk_gate_release_v1,topk_gate.release.cub_pair.e16_t2,topk_gate,cuda_subwarp_pair_top2_v2,L1_kernel_body,warm,5,5,150,9.03679996729,9.01120007038,9.586687952281999,9.027652279536266,0.3439702974328853,0.03810185492108414,False
20260802T192733Z-1ce3398155a9-rtx3080_topk_gate_release_v1,topk_gate.release.cub_pair.e16_t2,topk_gate,cuda_vector_pair_top2_v3,L1_kernel_body,warm,5,5,150,9.10336017609,9.0623998642,9.764351844789001,9.157700260479533,0.34392570808371814,0.03755590358945739,False
20260802T192733Z-1ce3398155a9-rtx3080_topk_gate_release_v1,topk_gate.release.cub_pair.e16_t2048,topk_gate,cub_block_radix_top2,L1_kernel_body,warm,5,5,150,44.390399456,35.9935998917,46.316543817544996,39.552204910919336,4.9811331814910575,0.12593819213643628,False
20260802T192733Z-1ce3398155a9-rtx3080_topk_gate_release_v1,topk_gate.release.cub_pair.e16_t2048,topk_gate,cuda_naive,L1_kernel_body,warm,5,5,150,8.92416000366,8.883199989795,10.063360333445,8.915626664955933,0.643835424591179,0.07221426477197172,True
20260802T192733Z-1ce3398155a9-rtx3080_topk_gate_release_v1,topk_gate.release.cub_pair.e16_t2048,topk_gate,cuda_subwarp_pair_top2_v2,L1_kernel_body,warm,5,5,150,8.36096018553,8.44799995422,9.558015733957,8.5417983929316,0.5491149053939328,0.06428563168247209,False
20260802T192733Z-1ce3398155a9-rtx3080_topk_gate_release_v1,topk_gate.release.cub_pair.e16_t2048,topk_gate,cuda_vector_pair_top2_v3,L1_kernel_body,warm,5,5,150,9.04192000628,9.01120007038,9.559552073479,8.940817054112866,0.43719613114613337,0.04889890135320672,False
20260802T192733Z-1ce3398155a9-rtx3080_topk_gate_release_v1,topk_gate.release.cub_pair.e16_t256,topk_gate,cub_block_radix_top2,L1_kernel_body,warm,5,5,150,12.2521603107,12.2726404667,13.483007490624999,12.347801621752,0.5184299825053439,0.041985609939835196,False
20260802T192733Z-1ce3398155a9-rtx3080_topk_gate_release_v1,topk_gate.release.cub_pair.e16_t256,topk_gate,cuda_naive,L1_kernel_body,warm,5,5,150,8.24320018291,8.2687997818,9.105407863852001,8.3240959962208,0.43638221843542924,0.052423977166235224,True
20260802T192733Z-1ce3398155a9-rtx3080_topk_gate_release_v1,topk_gate.release.cub_pair.e16_t256,topk_gate,cuda_subwarp_pair_top2_v2,L1_kernel_body,warm,5,5,150,8.88831973076,8.78592014313,9.493504166602499,8.8017578800522,0.3842508527075025,0.043656148912974146,False
20260802T192733Z-1ce3398155a9-rtx3080_topk_gate_release_v1,topk_gate.release.cub_pair.e16_t256,topk_gate,cuda_vector_pair_top2_v3,L1_kernel_body,warm,5,5,150,8.95999997854,8.93952012062,9.5288318395635,8.877329067389335,0.4591055323328851,0.05171662882469895,False
20260802T192733Z-1ce3398155a9-rtx3080_topk_gate_release_v1,topk_gate.release.cub_pair.e16_t32,topk_gate,cub_block_radix_top2,L1_kernel_body,warm,5,5,150,12.9535996914,12.9280000925,13.805568218245,12.899259765946,0.6284446043464299,0.048719431637893,False
20260802T192733Z-1ce3398155a9-rtx3080_topk_gate_release_v1,topk_gate.release.cub_pair.e16_t32,topk_gate,cuda_naive,L1_kernel_body,warm,5,5,150,8.79104018211,8.780800104145,9.3445122241935,8.781346134344666,0.31320462884235156,0.03566704057107816,True
20260802T192733Z-1ce3398155a9-rtx3080_topk_gate_release_v1,topk_gate.release.cub_pair.e16_t32,topk_gate,cuda_subwarp_pair_top2_v2,L1_kernel_body,warm,5,5,150,8.8831999898,8.82687985897,9.560576081276,8.8225791891412,0.4577776490332668,0.05188705470580507,False
20260802T192733Z-1ce3398155a9-rtx3080_topk_gate_release_v1,topk_gate.release.cub_pair.e16_t32,topk_gate,cuda_vector_pair_top2_v3,L1_kernel_body,warm,5,5,150,9.01120007038,9.02656018734,9.570816159246,9.043694909413599,0.31994005243111723,0.035377139060506234,False
20260802T192733Z-1ce3398155a9-rtx3080_topk_gate_release_v1,topk_gate.release.cub_pair.e16_t4,topk_gate,cub_block_radix_top2,L1_kernel_body,warm,5,5,150,12.8972804546,12.9382395744,13.763583898544999,12.948343475657333,0.46702291066990004,0.03606815895391524,False
20260802T192733Z-1ce3398155a9-rtx3080_topk_gate_release_v1,topk_gate.release.cub_pair.e16_t4,topk_gate,cuda_naive,L1_kernel_body,warm,5,5,150,8.73471975327,8.729600012305,10.263552010059996,8.854664540290601,0.7040239737937926,0.07950882504812398,True
20260802T192733Z-1ce3398155a9-rtx3080_topk_gate_release_v1,topk_gate.release.cub_pair.e16_t4,topk_gate,cuda_subwarp_pair_top2_v2,L1_kernel_body,warm,5,5,150,8.95999997854,8.96000027657,9.508351951836,8.921975477536666,0.36769696167915245,0.04121250530276873,False
20260802T192733Z-1ce3398155a9-rtx3080_topk_gate_release_v1,topk_gate.release.cub_pair.e16_t4,topk_gate,cuda_vector_pair_top2_v3,L1_kernel_body,warm,5,5,150,9.03168022633,9.01120007038,9.53343987465,8.957542419434134,0.3950423005995875,0.044101638831484664,False
20260802T192733Z-1ce3398155a9-rtx3080_topk_gate_release_v1,topk_gate.release.cub_pair.e16_t4096,topk_gate,cub_block_radix_top2,L1_kernel_body,warm,5,5,150,66.6060805321,66.590719223,74.542591094955,67.59669742584467,2.622499821067354,0.03879627142944823,False
20260802T192733Z-1ce3398155a9-rtx3080_topk_gate_release_v1,topk_gate.release.cub_pair.e16_t4096,topk_gate,cuda_naive,L1_kernel_body,warm,5,5,150,8.50943982601,8.45311999321,9.368576020003498,8.486229332287866,0.496338577808374,0.0584875282500246,True
20260802T192733Z-1ce3398155a9-rtx3080_topk_gate_release_v1,topk_gate.release.cub_pair.e16_t4096,topk_gate,cuda_subwarp_pair_top2_v2,L1_kernel_body,warm,5,5,150,10.3782403469,10.347520113,10.993152260799999,10.375509345530533,0.35633123070154854,0.03434349281898586,False
20260802T192733Z-1ce3398155a9-rtx3080_topk_gate_release_v1,topk_gate.release.cub_pair.e16_t4096,topk_gate,cuda_vector_pair_top2_v3,L1_kernel_body,warm,5,5,150,8.66816014051,8.70400011539,9.412608146669498,8.6752597411468,0.4445114667935361,0.0512389807402787,False
20260802T192733Z-1ce3398155a9-rtx3080_topk_gate_release_v1,topk_gate.release.cub_pair.e16_t512,topk_gate,cub_block_radix_top2,L1_kernel_body,warm,5,5,150,13.7267202139,13.6652803421,18.247679472,14.428433052697335,2.0401914311832647,0.14140076221248846,False
20260802T192733Z-1ce3398155a9-rtx3080_topk_gate_release_v1,topk_gate.release.cub_pair.e16_t512,topk_gate,cuda_naive,L1_kernel_body,warm,5,5,150,8.33023995161,8.39680016041,9.366016060114,8.488755218187732,0.48718370041335407,0.05739165376915688,True
20260802T192733Z-1ce3398155a9-rtx3080_topk_gate_release_v1,topk_gate.release.cub_pair.e16_t512,topk_gate,cuda_subwarp_pair_top2_v2,L1_kernel_body,warm,5,5,150,9.06751990318,9.01120007038,9.56416010857,8.950715744495533,0.3995898442732693,0.04464333978196181,False
20260802T192733Z-1ce3398155a9-rtx3080_topk_gate_release_v1,topk_gate.release.cub_pair.e16_t512,topk_gate,cuda_vector_pair_top2_v3,L1_kernel_body,warm,5,5,150,8.96512001753,8.96000027657,9.462783932687,8.987033597628134,0.2665163058684855,0.029655648103822017,False
20260802T192733Z-1ce3398155a9-rtx3080_topk_gate_release_v1,topk_gate.release.cub_pair.e16_t64,topk_gate,cub_block_radix_top2,L1_kernel_body,warm,5,5,150,12.9996800423,12.9945600033,13.896704256514996,12.991965881981333,0.5519188142364067,0.04248154738474703,False
20260802T192733Z-1ce3398155a9-rtx3080_topk_gate_release_v1,topk_gate.release.cub_pair.e16_t64,topk_gate,cuda_naive,L1_kernel_body,warm,5,5,150,8.83200019598,8.86784017086,9.487872123719,8.9109162489576,0.34279444833670736,0.03846904614066006,True
20260802T192733Z-1ce3398155a9-rtx3080_topk_gate_release_v1,topk_gate.release.cub_pair.e16_t64,topk_gate,cuda_subwarp_pair_top2_v2,L1_kernel_body,warm,5,5,150,8.80640000105,8.88831973076,9.5390719175335,8.8524117191638,0.40768191948482785,0.04605320362611168,False
20260802T192733Z-1ce3398155a9-rtx3080_topk_gate_release_v1,topk_gate.release.cub_pair.e16_t64,topk_gate,cuda_vector_pair_top2_v3,L1_kernel_body,warm,5,5,150,8.98559987545,8.99071991444,9.513983994724999,9.0617855985966,0.32387600184650134,0.03574085905284054,False
20260802T192733Z-1ce3398155a9-rtx3080_topk_gate_release_v1,topk_gate.release.cub_pair.e16_t8,topk_gate,cub_block_radix_top2,L1_kernel_body,warm,5,5,150,12.8921604156,12.8614401817,14.105600118635,12.877687533696,0.7197364485077845,0.05589019353237983,False
20260802T192733Z-1ce3398155a9-rtx3080_topk_gate_release_v1,topk_gate.release.cub_pair.e16_t8,topk_gate,cuda_naive,L1_kernel_body,warm,5,5,150,8.59135985374,8.5504001379,9.136128097771998,8.482611195246534,0.44262814667259104,0.0521806477374125,True
20260802T192733Z-1ce3398155a9-rtx3080_topk_gate_release_v1,topk_gate.release.cub_pair.e16_t8,topk_gate,cuda_subwarp_pair_top2_v2,L1_kernel_body,warm,5,5,150,8.81151974201,8.811519742015,9.394176274537,8.820258104800933,0.3467841953373339,0.039316785429280875,False
20260802T192733Z-1ce3398155a9-rtx3080_topk_gate_release_v1,topk_gate.release.cub_pair.e16_t8,topk_gate,cuda_vector_pair_top2_v3,L1_kernel_body,warm,5,5,150,9.00095999241,9.01120007038,9.616383910177,9.072639973958267,0.28178177509168145,0.031058410330454672,False
20260802T192733Z-1ce3398155a9-rtx3080_topk_gate_release_v1,topk_gate.release.cub_pair.e17_t1,topk_gate,cub_block_radix_top2,L1_kernel_body,warm,5,5,150,13.0969595909,12.9433596134,13.857791960234998,12.921105051040001,0.625281753670633,0.0483922815580162,False
20260802T192733Z-1ce3398155a9-rtx3080_topk_gate_release_v1,topk_gate.release.cub_pair.e17_t1,topk_gate,cuda_naive,L1_kernel_body,warm,5,5,150,8.98559987545,8.97023975849,9.5288318395635,9.010858651002133,0.32938527062543105,0.03655426007473758,True
20260802T192733Z-1ce3398155a9-rtx3080_topk_gate_release_v1,topk_gate.release.cub_pair.e17_t1,topk_gate,cuda_subwarp_pair_top2_v2,L1_kernel_body,warm,5,5,150,8.93440008163,8.821759819985001,9.61535990238,8.797798395156732,0.44403843908291335,0.05047154062172651,False
20260802T192733Z-1ce3398155a9-rtx3080_topk_gate_release_v1,topk_gate.release.cub_pair.e17_t1,topk_gate,cuda_vector_pair_top2_v3,L1_kernel_body,warm,5,5,150,8.99583995342,8.86784017086,10.678272128139994,8.9094144105908,0.8014400903121196,0.08995429479174653,False
20260802T192733Z-1ce3398155a9-rtx3080_topk_gate_release_v1,topk_gate.release.cub_pair.e17_t1024,topk_gate,cub_block_radix_top2,L1_kernel_body,warm,5,5,150,21.9648003578,21.72928094865,23.311359763124997,21.943364334105333,0.7839037481916105,0.03572395446094987,False
20260802T192733Z-1ce3398155a9-rtx3080_topk_gate_release_v1,topk_gate.release.cub_pair.e17_t1024,topk_gate,cuda_naive,L1_kernel_body,warm,5,5,150,8.66815984249,8.77568006516,76.625408411025,21.937629803021068,26.63728063777452,1.214227830305818,True
20260802T192733Z-1ce3398155a9-rtx3080_topk_gate_release_v1,topk_gate.release.cub_pair.e17_t1024,topk_gate,cuda_subwarp_pair_top2_v2,L1_kernel_body,warm,5,5,150,8.56064021587,8.616960048675,10.987008094749996,8.857599969704733,1.0255954992523473,0.11578706452765392,False
20260802T192733Z-1ce3398155a9-rtx3080_topk_gate_release_v1,topk_gate.release.cub_pair.e17_t1024,topk_gate,cuda_vector_pair_top2_v3,L1_kernel_body,warm,5,5,150,8.43264013529,8.432639837265,9.1919359266785,8.469708816210867,0.41986651993944957,0.04957272192590999,False
20260802T192733Z-1ce3398155a9-rtx3080_topk_gate_release_v1,topk_gate.release.cub_pair.e17_t128,topk_gate,cub_block_radix_top2,L1_kernel_body,warm,5,5,150,13.0559998751,13.0355203152,14.082047939345,13.056000049910667,0.617731498284413,0.047313993253901655,False
20260802T192733Z-1ce3398155a9-rtx3080_topk_gate_release_v1,topk_gate.release.cub_pair.e17_t128,topk_gate,cuda_naive,L1_kernel_body,warm,5,5,150,8.99583995342,8.91391992569,10.660864114745,9.016456516583933,0.6683331731200661,0.07412370612455166,True
20260802T192733Z-1ce3398155a9-rtx3080_topk_gate_release_v1,topk_gate.release.cub_pair.e17_t128,topk_gate,cuda_subwarp_pair_top2_v2,L1_kernel_body,warm,5,5,150,8.71935993433,8.657919764515,9.565184116362499,8.705774935086,0.48586361970056785,0.05580934762538382,False
20260802T192733Z-1ce3398155a9-rtx3080_topk_gate_release_v1,topk_gate.release.cub_pair.e17_t128,topk_gate,cuda_vector_pair_top2_v3,L1_kernel_body,warm,5,5,150,8.47872018814,8.45311999321,9.14431989193,8.490666647752334,0.38319756412026934,0.04513162275917523,False
20260802T192733Z-1ce3398155a9-rtx3080_topk_gate_release_v1,topk_gate.release.cub_pair.e17_t16,topk_gate,cub_block_radix_top2,L1_kernel_body,warm,5,5,150,12.8255999088,12.8102397919,13.57107216119,12.743065611521333,0.6118922882037664,0.048017667557996316,False
20260802T192733Z-1ce3398155a9-rtx3080_topk_gate_release_v1,topk_gate.release.cub_pair.e17_t16,topk_gate,cuda_naive,L1_kernel_body,warm,5,5,150,8.83199989796,8.83711993694,9.508351951836,8.787217064698666,0.4782409177270065,0.05442461637237437,True
20260802T192733Z-1ce3398155a9-rtx3080_topk_gate_release_v1,topk_gate.release.cub_pair.e17_t16,topk_gate,cuda_subwarp_pair_top2_v2,L1_kernel_body,warm,5,5,150,8.60159993172,8.637440204619999,9.242112040519,8.6566912094752,0.40665332234542595,0.046975606788460085,False
20260802T192733Z-1ce3398155a9-rtx3080_topk_gate_release_v1,topk_gate.release.cub_pair.e17_t16,topk_gate,cuda_vector_pair_top2_v3,L1_kernel_body,warm,5,5,150,8.54016005993,8.74495983124,9.4571518898035,8.7237973332404,0.4168181827312765,0.04777944360801101,False
20260802T192733Z-1ce3398155a9-rtx3080_topk_gate_release_v1,topk_gate.release.cub_pair.e17_t2,topk_gate,cub_block_radix_top2,L1_kernel_body,warm,5,5,150,12.8972798586,12.9228794575,13.665792346,12.923903981844001,0.46683582112397687,0.036121888693989516,False
20260802T192733Z-1ce3398155a9-rtx3080_topk_gate_release_v1,topk_gate.release.cub_pair.e17_t2,topk_gate,cuda_naive,L1_kernel_body,warm,5,5,150,8.97535979748,8.95488023758,9.5697921514535,8.998980247974,0.3297231179250392,0.03664005352153895,True
20260802T192733Z-1ce3398155a9-rtx3080_topk_gate_release_v1,topk_gate.release.cub_pair.e17_t2,topk_gate,cuda_subwarp_pair_top2_v2,L1_kernel_body,warm,5,5,150,8.58623981476,8.57088029385,9.29791986942,8.6191445112232,0.4077531898631731,0.04730784932683606,False
20260802T192733Z-1ce3398155a9-rtx3080_topk_gate_release_v1,topk_gate.release.cub_pair.e17_t2,topk_gate,cuda_vector_pair_top2_v3,L1_kernel_body,warm,5,5,150,8.8831999898,8.816639781,9.5390719175335,8.788650663694,0.4242502660062764,0.04827251443260321,False
20260802T192733Z-1ce3398155a9-rtx3080_topk_gate_release_v1,topk_gate.release.cub_pair.e17_t2048,topk_gate,cub_block_radix_top2,L1_kernel_body,warm,5,5,150,43.0079984665,42.762241363550004,46.352897167235,40.77820580799733,4.9081630000521965,0.1203624068984815,False
20260802T192733Z-1ce3398155a9-rtx3080_topk_gate_release_v1,topk_gate.release.cub_pair.e17_t2048,topk_gate,cuda_naive,L1_kernel_body,warm,5,5,150,8.5811200738,8.616960048675,9.569279819723999,8.672802134354134,0.619923325560417,0.0714790117377194,True
20260802T192733Z-1ce3398155a9-rtx3080_topk_gate_release_v1,topk_gate.release.cub_pair.e17_t2048,topk_gate,cuda_subwarp_pair_top2_v2,L1_kernel_body,warm,5,5,150,10.3628802299,10.28095960615,10.969088077544999,10.238156847159267,0.49344204082057297,0.04819637442431701,False
20260802T192733Z-1ce3398155a9-rtx3080_topk_gate_release_v1,topk_gate.release.cub_pair.e17_t2048,topk_gate,cuda_vector_pair_top2_v3,L1_kernel_body,warm,5,5,150,10.5369603634,10.5369603634,11.162624359145,10.5299285809194,0.5027817937962912,0.047747882612171694,False
20260802T192733Z-1ce3398155a9-rtx3080_topk_gate_release_v1,topk_gate.release.cub_pair.e17_t256,topk_gate,cub_block_radix_top2,L1_kernel_body,warm,5,5,150,12.144639492,12.175359726,13.299199938744998,12.296123774846667,0.545430056639338,0.04435788599941444,False
20260802T192733Z-1ce3398155a9-rtx3080_topk_gate_release_v1,topk_gate.release.cub_pair.e17_t256,topk_gate,cuda_naive,L1_kernel_body,warm,5,5,150,8.84223997593,8.84223997593,9.544703960417,8.807765340805199,0.4315965040325742,0.04900181684371691,True
20260802T192733Z-1ce3398155a9-rtx3080_topk_gate_release_v1,topk_gate.release.cub_pair.e17_t256,topk_gate,cuda_subwarp_pair_top2_v2,L1_kernel_body,warm,5,5,150,8.57088029385,8.586239814755,9.41056013107,8.640716787179601,0.46931245336475114,0.05431406501611986,False
20260802T192733Z-1ce3398155a9-rtx3080_topk_gate_release_v1,topk_gate.release.cub_pair.e17_t256,topk_gate,cuda_vector_pair_top2_v3,L1_kernel_body,warm,5,5,150,8.54015976191,8.637440204619999,9.59487974644,8.671778162319466,0.5145310496762446,0.059333972807558706,False
20260802T192733Z-1ce3398155a9-rtx3080_topk_gate_release_v1,topk_gate.release.cub_pair.e17_t32,topk_gate,cub_block_radix_top2,L1_kernel_body,warm,5,5,150,13.08160007,12.9433596134,14.121471583879998,12.951961541178001,0.7063383922640621,0.05453524472091813,False
20260802T192733Z-1ce3398155a9-rtx3080_topk_gate_release_v1,topk_gate.release.cub_pair.e17_t32,topk_gate,cuda_naive,L1_kernel_body,warm,5,5,150,8.92416000366,8.924160003665,9.518591761589,8.9632768273354,0.34271291002346294,0.038235225423171995,True
20260802T192733Z-1ce3398155a9-rtx3080_topk_gate_release_v1,topk_gate.release.cub_pair.e17_t32,topk_gate,cuda_subwarp_pair_top2_v2,L1_kernel_body,warm,5,5,150,8.49408000708,8.473600149155,9.182719856500999,8.521727991104134,0.4011100988327337,0.047069103737112254,False
20260802T192733Z-1ce3398155a9-rtx3080_topk_gate_release_v1,topk_gate.release.cub_pair.e17_t32,topk_gate,cuda_vector_pair_top2_v3,L1_kernel_body,warm,5,5,150,8.63744020462,8.60159993172,9.299967885019498,8.6175744255378,0.4898110774083296,0.05683862456201088,False
20260802T192733Z-1ce3398155a9-rtx3080_topk_gate_release_v1,topk_gate.release.cub_pair.e17_t4,topk_gate,cub_block_radix_top2,L1_kernel_body,warm,5,5,150,12.8307199478,12.8665602207,13.976064324389998,12.883490196862,0.679307278718708,0.05272696050051446,False
20260802T192733Z-1ce3398155a9-rtx3080_topk_gate_release_v1,topk_gate.release.cub_pair.e17_t4,topk_gate,cuda_naive,L1_kernel_body,warm,5,5,150,9.04703974724,9.006080031395,9.559552073479,8.980548278491199,0.40001324076181677,0.04454218477059644,True
20260802T192733Z-1ce3398155a9-rtx3080_topk_gate_release_v1,topk_gate.release.cub_pair.e17_t4,topk_gate,cuda_subwarp_pair_top2_v2,L1_kernel_body,warm,5,5,150,8.65792006254,8.668159842489999,9.347583919767999,8.684885354837066,0.37153688087853204,0.04277971046233831,False
20260802T192733Z-1ce3398155a9-rtx3080_topk_gate_release_v1,topk_gate.release.cub_pair.e17_t4,topk_gate,cuda_vector_pair_top2_v3,L1_kernel_body,warm,5,5,150,8.41215997934,8.432639837265,9.314815998076,8.517836781343068,0.4504918539100068,0.052888058960784,False
20260802T192733Z-1ce3398155a9-rtx3080_topk_gate_release_v1,topk_gate.release.cub_pair.e17_t4096,topk_gate,cub_block_radix_top2,L1_kernel_body,warm,5,5,150,66.6419219971,66.5804815292,74.5574378967,69.033506234486,3.4459702484376957,0.04991735805411324,False
20260802T192733Z-1ce3398155a9-rtx3080_topk_gate_release_v1,topk_gate.release.cub_pair.e17_t4096,topk_gate,cuda_naive,L1_kernel_body,warm,5,5,150,8.63232016563,8.668159842489999,9.278463989494998,8.657646926244533,0.4215924867023479,0.048695966732524625,True
20260802T192733Z-1ce3398155a9-rtx3080_topk_gate_release_v1,topk_gate.release.cub_pair.e17_t4096,topk_gate,cuda_subwarp_pair_top2_v2,L1_kernel_body,warm,5,5,150,11.3817596436,11.49440050125,12.4631035328,11.567854921024,0.5467565823932491,0.04726516593837516,False
20260802T192733Z-1ce3398155a9-rtx3080_topk_gate_release_v1,topk_gate.release.cub_pair.e17_t4096,topk_gate,cuda_vector_pair_top2_v3,L1_kernel_body,warm,5,5,150,11.6377604008,11.4329600334,13.54495996239,11.355409101647467,1.344747686676557,0.11842353495493686,False
20260802T192733Z-1ce3398155a9-rtx3080_topk_gate_release_v1,topk_gate.release.cub_pair.e17_t512,topk_gate,cub_block_radix_top2,L1_kernel_body,warm,5,5,150,14.315520525,14.29504036905,18.30195188519,15.038668815298,1.7002505838230397,0.11305858282439664,False
20260802T192733Z-1ce3398155a9-rtx3080_topk_gate_release_v1,topk_gate.release.cub_pair.e17_t512,topk_gate,cuda_naive,L1_kernel_body,warm,5,5,150,8.63232016563,8.6630398035,9.5196160376085,8.727005867163067,0.5274198776532766,0.0604353756238195,True
20260802T192733Z-1ce3398155a9-rtx3080_topk_gate_release_v1,topk_gate.release.cub_pair.e17_t512,topk_gate,cuda_subwarp_pair_top2_v2,L1_kernel_body,warm,5,5,150,8.34559977055,8.432639837265,9.2523521184935,8.4822698593136,0.47196956341329976,0.05564189435626991,False
20260802T192733Z-1ce3398155a9-rtx3080_topk_gate_release_v1,topk_gate.release.cub_pair.e17_t512,topk_gate,cuda_vector_pair_top2_v3,L1_kernel_body,warm,5,5,150,8.21759998798,8.32512021065,9.524223804472499,8.4424021204316,0.5772340397235749,0.06837319894140094,False
20260802T192733Z-1ce3398155a9-rtx3080_topk_gate_release_v1,topk_gate.release.cub_pair.e17_t64,topk_gate,cub_block_radix_top2,L1_kernel_body,warm,5,5,150,13.0611205101,13.0457603931,14.2755842209,13.110067208603333,0.7170916212929777,0.054697783762877615,False
20260802T192733Z-1ce3398155a9-rtx3080_topk_gate_release_v1,topk_gate.release.cub_pair.e17_t64,topk_gate,cuda_naive,L1_kernel_body,warm,5,5,150,8.95488023758,8.893439769745001,9.575424194337,8.907844265302066,0.40171847703789304,0.045097159882180625,True
20260802T192733Z-1ce3398155a9-rtx3080_topk_gate_release_v1,topk_gate.release.cub_pair.e17_t64,topk_gate,cuda_subwarp_pair_top2_v2,L1_kernel_body,warm,5,5,150,8.64256024361,8.56064021587,9.243136048316,8.586308264732333,0.40041018304359355,0.04663356715111786,False
20260802T192733Z-1ce3398155a9-rtx3080_topk_gate_release_v1,topk_gate.release.cub_pair.e17_t64,topk_gate,cuda_vector_pair_top2_v3,L1_kernel_body,warm,5,5,150,8.58624011278,8.62208008766,10.045440197,8.755404786269468,0.6504375169208867,0.07428982814602993,False
20260802T192733Z-1ce3398155a9-rtx3080_topk_gate_release_v1,topk_gate.release.cub_pair.e17_t8,topk_gate,cub_block_radix_top2,L1_kernel_body,warm,5,5,150,12.9177600145,12.9945600033,14.199295639999999,13.021252353985332,0.6774959227041593,0.05203001249697786,False
20260802T192733Z-1ce3398155a9-rtx3080_topk_gate_release_v1,topk_gate.release.cub_pair.e17_t8,topk_gate,cuda_naive,L1_kernel_body,warm,5,5,150,8.96000027657,8.934400081635,9.474048018459499,8.938905604680734,0.3090088043558517,0.03456897499779431,True
20260802T192733Z-1ce3398155a9-rtx3080_topk_gate_release_v1,topk_gate.release.cub_pair.e17_t8,topk_gate,cuda_subwarp_pair_top2_v2,L1_kernel_body,warm,5,5,150,8.62720012665,8.64767998457,9.455616146327,8.648430935542534,0.45641361562898763,0.052774152794960824,False
20260802T192733Z-1ce3398155a9-rtx3080_topk_gate_release_v1,topk_gate.release.cub_pair.e17_t8,topk_gate,cuda_vector_pair_top2_v3,L1_kernel_body,warm,5,5,150,8.61184000969,8.555520176885,9.234944254157998,8.607061358292867,0.38398163498114446,0.044612396612135195,False
20260802T192733Z-1ce3398155a9-rtx3080_topk_gate_release_v1,topk_gate.release.cub_pair.e2_t1,topk_gate,cub_block_radix_top2,L1_kernel_body,warm,5,5,150,13.3324801922,13.255679607400001,14.17318397759,13.225096567471335,0.6252381656957574,0.04727664274555118,False
20260802T192733Z-1ce3398155a9-rtx3080_topk_gate_release_v1,topk_gate.release.cub_pair.e2_t1,topk_gate,cuda_naive,L1_kernel_body,warm,5,5,150,8.11520010233,8.145920038225,9.053183794022498,8.173294929663333,0.4953927369353744,0.06061114167524359,True
20260802T192733Z-1ce3398155a9-rtx3080_topk_gate_release_v1,topk_gate.release.cub_pair.e2_t1,topk_gate,cuda_subwarp_pair_top2_v2,L1_kernel_body,warm,5,5,150,8.212479949,8.28415989876,9.151999950408499,8.257809062798733,0.5670153871877951,0.06866414358527471,False
20260802T192733Z-1ce3398155a9-rtx3080_topk_gate_release_v1,topk_gate.release.cub_pair.e2_t1,topk_gate,cuda_vector_pair_top2_v3,L1_kernel_body,warm,5,5,150,8.39168012142,8.20223987103,9.078783929348997,8.2292736013728,0.5167190604047068,0.06279036102512235,False
20260802T192733Z-1ce3398155a9-rtx3080_topk_gate_release_v1,topk_gate.release.cub_pair.e2_t1024,topk_gate,cub_block_radix_top2,L1_kernel_body,warm,5,5,150,21.3811206818,21.49887919425,23.1833600998,21.706069469451997,0.7003426369985457,0.03226482979722201,False
20260802T192733Z-1ce3398155a9-rtx3080_topk_gate_release_v1,topk_gate.release.cub_pair.e2_t1024,topk_gate,cuda_naive,L1_kernel_body,warm,5,5,150,8.69376003742,8.673279881475,9.39007997513,8.604057582219665,0.47674825001874516,0.05540970007034218,True
20260802T192733Z-1ce3398155a9-rtx3080_topk_gate_release_v1,topk_gate.release.cub_pair.e2_t1024,topk_gate,cuda_subwarp_pair_top2_v2,L1_kernel_body,warm,5,5,150,8.44799995422,8.473600149155,9.3342721462235,8.438169598579467,0.5350075918180949,0.06340327550517133,False
20260802T192733Z-1ce3398155a9-rtx3080_topk_gate_release_v1,topk_gate.release.cub_pair.e2_t1024,topk_gate,cuda_vector_pair_top2_v3,L1_kernel_body,warm,5,5,150,8.38656008244,8.279039859775,8.87808024883,8.267844239870733,0.41272679005743146,0.04991951687564501,False
20260802T192733Z-1ce3398155a9-rtx3080_topk_gate_release_v1,topk_gate.release.cub_pair.e2_t128,topk_gate,cub_block_radix_top2,L1_kernel_body,warm,5,5,150,12.8819203377,12.9791998863,14.2335999012,13.022822427746,0.7119912003065384,0.05467257226740597,False
20260802T192733Z-1ce3398155a9-rtx3080_topk_gate_release_v1,topk_gate.release.cub_pair.e2_t128,topk_gate,cuda_naive,L1_kernel_body,warm,5,5,150,8.22784006596,8.25344026089,9.004032015802,8.288665588697333,0.4778493280649917,0.05765093584142193,True
20260802T192733Z-1ce3398155a9-rtx3080_topk_gate_release_v1,topk_gate.release.cub_pair.e2_t128,topk_gate,cuda_subwarp_pair_top2_v2,L1_kernel_body,warm,5,5,150,8.52479994297,8.279039859775,9.289728075267499,8.356659189859666,0.5244700200565345,0.06276072867647269,False
20260802T192733Z-1ce3398155a9-rtx3080_topk_gate_release_v1,topk_gate.release.cub_pair.e2_t128,topk_gate,cuda_vector_pair_top2_v3,L1_kernel_body,warm,5,5,150,8.1254401803,8.17152023315,8.99071991444,8.251596804459801,0.44363995436419573,0.053764133764318,False
20260802T192733Z-1ce3398155a9-rtx3080_topk_gate_release_v1,topk_gate.release.cub_pair.e2_t16,topk_gate,cub_block_radix_top2,L1_kernel_body,warm,5,5,150,13.0508804321,13.076480031,14.17318397759,13.080302961664,0.5936003924797166,0.045381241873330605,False
20260802T192733Z-1ce3398155a9-rtx3080_topk_gate_release_v1,topk_gate.release.cub_pair.e2_t16,topk_gate,cuda_naive,L1_kernel_body,warm,5,5,150,8.54528009892,8.555520176885,9.34912025928,8.520635739961934,0.5225937550600749,0.061332718708898774,True
20260802T192733Z-1ce3398155a9-rtx3080_topk_gate_release_v1,topk_gate.release.cub_pair.e2_t16,topk_gate,cuda_subwarp_pair_top2_v2,L1_kernel_body,warm,5,5,150,8.14079999924,8.166399896145,9.294335842136,8.240469304721067,0.6092144848143949,0.07392958608138596,False
20260802T192733Z-1ce3398155a9-rtx3080_topk_gate_release_v1,topk_gate.release.cub_pair.e2_t16,topk_gate,cuda_vector_pair_top2_v3,L1_kernel_body,warm,5,5,150,8.29952001572,8.38656008244,9.0475517511335,8.367240516344733,0.44198469822254915,0.05282323334188464,False
20260802T192733Z-1ce3398155a9-rtx3080_topk_gate_release_v1,topk_gate.release.cub_pair.e2_t2,topk_gate,cub_block_radix_top2,L1_kernel_body,warm,5,5,150,12.9740798473,12.9484796524,14.238719940189998,13.035383470848666,0.6873920563327127,0.05273278364767279,False
20260802T192733Z-1ce3398155a9-rtx3080_topk_gate_release_v1,topk_gate.release.cub_pair.e2_t2,topk_gate,cuda_naive,L1_kernel_body,warm,5,5,150,8.55552017689,8.555520176885,9.3240320682535,8.5501951893174,0.43845135115627787,0.051279689112136095,True
20260802T192733Z-1ce3398155a9-rtx3080_topk_gate_release_v1,topk_gate.release.cub_pair.e2_t2,topk_gate,cuda_subwarp_pair_top2_v2,L1_kernel_body,warm,5,5,150,8.67839992046,8.5504001379,9.3240320682535,8.532036272684934,0.4699587943228518,0.05508166858448683,False
20260802T192733Z-1ce3398155a9-rtx3080_topk_gate_release_v1,topk_gate.release.cub_pair.e2_t2,topk_gate,cuda_vector_pair_top2_v3,L1_kernel_body,warm,5,5,150,8.32000017166,8.555520176885,9.32864010334,8.481587191423268,0.5695074225100173,0.06714632646657377,False
20260802T192733Z-1ce3398155a9-rtx3080_topk_gate_release_v1,topk_gate.release.cub_pair.e2_t2048,topk_gate,cub_block_radix_top2,L1_kernel_body,warm,5,5,150,35.6607997417,35.5328011513,46.526976108534996,37.656849082314004,4.894560252294387,0.12997795544697277,False
20260802T192733Z-1ce3398155a9-rtx3080_topk_gate_release_v1,topk_gate.release.cub_pair.e2_t2048,topk_gate,cuda_naive,L1_kernel_body,warm,5,5,150,8.84223997593,8.673279881475,9.39007997513,8.566306138038934,0.5057240442138982,0.05903641967314426,True
20260802T192733Z-1ce3398155a9-rtx3080_topk_gate_release_v1,topk_gate.release.cub_pair.e2_t2048,topk_gate,cuda_subwarp_pair_top2_v2,L1_kernel_body,warm,5,5,150,8.28416019678,8.401920199395,9.350143939255,8.427383490403201,0.5111226837502393,0.06065022249578262,False
20260802T192733Z-1ce3398155a9-rtx3080_topk_gate_release_v1,topk_gate.release.cub_pair.e2_t2048,topk_gate,cuda_vector_pair_top2_v3,L1_kernel_body,warm,5,5,150,8.58624011278,8.616960048675,9.366016060114,8.542003166676134,0.5270077114871963,0.061696033261044274,False
20260802T192733Z-1ce3398155a9-rtx3080_topk_gate_release_v1,topk_gate.release.cub_pair.e2_t256,topk_gate,cub_block_radix_top2,L1_kernel_body,warm,5,5,150,12.2163200378,12.25216031075,13.048319757024998,12.315579795834667,0.5178969370763405,0.042052176646324185,False
20260802T192733Z-1ce3398155a9-rtx3080_topk_gate_release_v1,topk_gate.release.cub_pair.e2_t256,topk_gate,cuda_naive,L1_kernel_body,warm,5,5,150,8.44799995422,8.289279937745,9.104384183882498,8.3204096039134,0.5441268409021188,0.06539664112764298,True
20260802T192733Z-1ce3398155a9-rtx3080_topk_gate_release_v1,topk_gate.release.cub_pair.e2_t256,topk_gate,cuda_subwarp_pair_top2_v2,L1_kernel_body,warm,5,5,150,8.3353599906,8.34559977055,9.3081599474,8.386082124710134,0.5556403460185048,0.06625744152698845,False
20260802T192733Z-1ce3398155a9-rtx3080_topk_gate_release_v1,topk_gate.release.cub_pair.e2_t256,topk_gate,cuda_vector_pair_top2_v3,L1_kernel_body,warm,5,5,150,8.15104007721,8.2687997818,9.1315200626855,8.299110396703666,0.5379040259442872,0.06481466087713907,False
20260802T192733Z-1ce3398155a9-rtx3080_topk_gate_release_v1,topk_gate.release.cub_pair.e2_t32,topk_gate,cub_block_radix_top2,L1_kernel_body,warm,5,5,150,13.0611205101,12.9484796524,13.820416331299999,12.955989321072666,0.5329319731459128,0.04113402380465915,False
20260802T192733Z-1ce3398155a9-rtx3080_topk_gate_release_v1,topk_gate.release.cub_pair.e2_t32,topk_gate,cuda_naive,L1_kernel_body,warm,5,5,150,8.6732801795,8.750079870225001,9.329664111137,8.601873079935867,0.4950020011775789,0.05754583874670114,True
20260802T192733Z-1ce3398155a9-rtx3080_topk_gate_release_v1,topk_gate.release.cub_pair.e2_t32,topk_gate,cuda_subwarp_pair_top2_v2,L1_kernel_body,warm,5,5,150,8.64256024361,8.627200126645,9.135103821752498,8.4973567922914,0.4540806918627969,0.053437875207820874,False
20260802T192733Z-1ce3398155a9-rtx3080_topk_gate_release_v1,topk_gate.release.cub_pair.e2_t32,topk_gate,cuda_vector_pair_top2_v3,L1_kernel_body,warm,5,5,150,8.76543998718,8.652800023554999,9.3547519743415,8.508211191495667,0.5292735339118765,0.062207380846506115,False
20260802T192733Z-1ce3398155a9-rtx3080_topk_gate_release_v1,topk_gate.release.cub_pair.e2_t4,topk_gate,cub_block_radix_top2,L1_kernel_body,warm,5,5,150,13.0099201202,13.301759958249999,14.535680353634998,13.235404801367334,0.8322717702777221,0.06288223010691302,False
20260802T192733Z-1ce3398155a9-rtx3080_topk_gate_release_v1,topk_gate.release.cub_pair.e2_t4,topk_gate,cuda_naive,L1_kernel_body,warm,5,5,150,8.49920004606,8.56064021587,9.375231862069,8.5568170706434,0.5180826353099144,0.0605461856941344,True
20260802T192733Z-1ce3398155a9-rtx3080_topk_gate_release_v1,topk_gate.release.cub_pair.e2_t4,topk_gate,cuda_subwarp_pair_top2_v2,L1_kernel_body,warm,5,5,150,8.32512021065,8.30976009369,9.227263927456999,8.332629338900533,0.4563926558139583,0.054771745778167305,False
20260802T192733Z-1ce3398155a9-rtx3080_topk_gate_release_v1,topk_gate.release.cub_pair.e2_t4,topk_gate,cuda_vector_pair_top2_v3,L1_kernel_body,warm,5,5,150,8.60159993172,8.5504001379,9.309183955192498,8.474350929259867,0.4756012161233731,0.05612243581761974,False
20260802T192733Z-1ce3398155a9-rtx3080_topk_gate_release_v1,topk_gate.release.cub_pair.e2_t4096,topk_gate,cub_block_radix_top2,L1_kernel_body,warm,5,5,150,66.4115190506,66.3859176636,74.33779168129,67.14224653244334,2.298488450284455,0.034233118029105836,False
20260802T192733Z-1ce3398155a9-rtx3080_topk_gate_release_v1,topk_gate.release.cub_pair.e2_t4096,topk_gate,cuda_naive,L1_kernel_body,warm,5,5,150,8.22272002697,8.26367974281,8.9917439222325,8.305868800480999,0.46475903018719456,0.055955498618071114,True
20260802T192733Z-1ce3398155a9-rtx3080_topk_gate_release_v1,topk_gate.release.cub_pair.e2_t4096,topk_gate,cuda_subwarp_pair_top2_v2,L1_kernel_body,warm,5,5,150,8.37632000446,8.473600149155,9.314815998076,8.519475181897333,0.5549569746284466,0.06513980765008283,False
20260802T192733Z-1ce3398155a9-rtx3080_topk_gate_release_v1,topk_gate.release.cub_pair.e2_t4096,topk_gate,cuda_vector_pair_top2_v3,L1_kernel_body,warm,5,5,150,8.67839992046,8.565760254859999,9.3342721462235,8.522001075744733,0.47632057437977027,0.05589304321205391,False
20260802T192733Z-1ce3398155a9-rtx3080_topk_gate_release_v1,topk_gate.release.cub_pair.e2_t512,topk_gate,cub_block_radix_top2,L1_kernel_body,warm,5,5,150,14.0851199627,14.0851199627,18.247168004535,14.828885316847334,1.675938444418744,0.1130185046690383,False
20260802T192733Z-1ce3398155a9-rtx3080_topk_gate_release_v1,topk_gate.release.cub_pair.e2_t512,topk_gate,cuda_naive,L1_kernel_body,warm,5,5,150,8.60159993172,8.581120073794999,9.34912025928,8.545826133092401,0.5047901597881059,0.05906862039158314,True
20260802T192733Z-1ce3398155a9-rtx3080_topk_gate_release_v1,topk_gate.release.cub_pair.e2_t512,topk_gate,cuda_subwarp_pair_top2_v2,L1_kernel_body,warm,5,5,150,8.21759998798,8.22272002697,9.1499519348135,8.277401626110134,0.4927725569929204,0.05953227585798479,False
20260802T192733Z-1ce3398155a9-rtx3080_topk_gate_release_v1,topk_gate.release.cub_pair.e2_t512,topk_gate,cuda_vector_pair_top2_v3,L1_kernel_body,warm,5,5,150,8.30976009369,8.26367974281,9.009663730857998,8.2534399946534,0.5129575597222311,0.06215075896287201,False
20260802T192733Z-1ce3398155a9-rtx3080_topk_gate_release_v1,topk_gate.release.cub_pair.e2_t64,topk_gate,cub_block_radix_top2,L1_kernel_body,warm,5,5,150,13.1071996689,13.3427202702,14.235647916789999,13.215607420601733,0.7682313279276453,0.05813061053327401,False
20260802T192733Z-1ce3398155a9-rtx3080_topk_gate_release_v1,topk_gate.release.cub_pair.e2_t64,topk_gate,cuda_naive,L1_kernel_body,warm,5,5,150,8.36096018553,8.33536028862,9.3240320682535,8.366830960909533,0.5492359103654324,0.06564443729429985,True
20260802T192733Z-1ce3398155a9-rtx3080_topk_gate_release_v1,topk_gate.release.cub_pair.e2_t64,topk_gate,cuda_subwarp_pair_top2_v2,L1_kernel_body,warm,5,5,150,8.53504002094,8.350720107555,9.278463989494998,8.331946667035332,0.5514442462914604,0.06618432262333178,False
20260802T192733Z-1ce3398155a9-rtx3080_topk_gate_release_v1,topk_gate.release.cub_pair.e2_t64,topk_gate,cuda_vector_pair_top2_v3,L1_kernel_body,warm,5,5,150,8.18688005209,8.13055992126,8.955392241479,8.096972803274467,0.5462584884747574,0.06746453294913465,False
20260802T192733Z-1ce3398155a9-rtx3080_topk_gate_release_v1,topk_gate.release.cub_pair.e2_t8,topk_gate,cub_block_radix_top2,L1_kernel_body,warm,5,5,150,13.0457597971,13.0969595909,14.276608228645,13.161881629623998,0.6614298090552069,0.050253438502782084,False
20260802T192733Z-1ce3398155a9-rtx3080_topk_gate_release_v1,topk_gate.release.cub_pair.e2_t8,topk_gate,cuda_naive,L1_kernel_body,warm,5,5,150,8.75519990921,8.683519959449999,9.4003200531,8.6045354723936,0.5873099923737463,0.06825586276656595,True
20260802T192733Z-1ce3398155a9-rtx3080_topk_gate_release_v1,topk_gate.release.cub_pair.e2_t8,topk_gate,cuda_subwarp_pair_top2_v2,L1_kernel_body,warm,5,5,150,8.70912015438,8.535040020945,9.32864010334,8.5331285436952,0.44574965701516256,0.052237541569030946,False
20260802T192733Z-1ce3398155a9-rtx3080_topk_gate_release_v1,topk_gate.release.cub_pair.e2_t8,topk_gate,cuda_vector_pair_top2_v3,L1_kernel_body,warm,5,5,150,8.25343996286,8.314880132675,9.186304211617,8.3681279977164,0.4716213828464915,0.05635924581641121,False
20260802T192733Z-1ce3398155a9-rtx3080_topk_gate_release_v1,topk_gate.release.cub_pair.e31_t1,topk_gate,cub_block_radix_top2,L1_kernel_body,warm,5,5,150,12.8409600258,12.8409600258,13.750783801089998,12.84369067351,0.6267423201317025,0.04879768098311127,False
20260802T192733Z-1ce3398155a9-rtx3080_topk_gate_release_v1,topk_gate.release.cub_pair.e31_t1,topk_gate,cuda_naive,L1_kernel_body,warm,5,5,150,8.25856000185,8.25344026089,9.631232023239,8.364919439951734,0.5683074246824567,0.06793937810903004,True
20260802T192733Z-1ce3398155a9-rtx3080_topk_gate_release_v1,topk_gate.release.cub_pair.e31_t1,topk_gate,cuda_subwarp_pair_top2_v2,L1_kernel_body,warm,5,5,150,8.52479994297,8.535040020945,9.5196160376085,8.594909862677467,0.4544221823462558,0.052871081792205704,False
20260802T192733Z-1ce3398155a9-rtx3080_topk_gate_release_v1,topk_gate.release.cub_pair.e31_t1,topk_gate,cuda_vector_pair_top2_v3,L1_kernel_body,warm,5,5,150,8.80639970303,8.775680065155,9.61535990238,8.785783469677467,0.5125526566766889,0.05833886738111304,False
20260802T192733Z-1ce3398155a9-rtx3080_topk_gate_release_v1,topk_gate.release.cub_pair.e31_t1024,topk_gate,cub_block_radix_top2,L1_kernel_body,warm,5,5,150,21.4579188824,21.5347194672,22.707710862145,21.628450187045335,0.561555118333687,0.02596372432963497,False
20260802T192733Z-1ce3398155a9-rtx3080_topk_gate_release_v1,topk_gate.release.cub_pair.e31_t1024,topk_gate,cuda_naive,L1_kernel_body,warm,5,5,150,10.1068800688,9.917439818385,10.7166725397,9.524497091768133,0.9564776325309985,0.10042290142097544,True
20260802T192733Z-1ce3398155a9-rtx3080_topk_gate_release_v1,topk_gate.release.cub_pair.e31_t1024,topk_gate,cuda_subwarp_pair_top2_v2,L1_kernel_body,warm,5,5,150,8.4275200963,8.44799995422,8.9200639724725,8.438852238655667,0.39552416639926097,0.04686942669614382,False
20260802T192733Z-1ce3398155a9-rtx3080_topk_gate_release_v1,topk_gate.release.cub_pair.e31_t1024,topk_gate,cuda_vector_pair_top2_v3,L1_kernel_body,warm,5,5,150,8.37119996548,8.40704023838,9.10336017609,8.440217594305867,0.3701835412347798,0.04385947839597423,False
20260802T192733Z-1ce3398155a9-rtx3080_topk_gate_release_v1,topk_gate.release.cub_pair.e31_t128,topk_gate,cub_block_radix_top2,L1_kernel_body,warm,5,5,150,12.5542402267,12.7334403992,13.722623586645,12.771259721120668,0.5839634011882092,0.04572480819746158,False
20260802T192733Z-1ce3398155a9-rtx3080_topk_gate_release_v1,topk_gate.release.cub_pair.e31_t128,topk_gate,cuda_naive,L1_kernel_body,warm,5,5,150,9.81503993273,9.7587198019,10.3787523508,9.778244284788535,0.36457343814648213,0.03728414094886426,True
20260802T192733Z-1ce3398155a9-rtx3080_topk_gate_release_v1,topk_gate.release.cub_pair.e31_t128,topk_gate,cuda_subwarp_pair_top2_v2,L1_kernel_body,warm,5,5,150,8.97023975849,8.903679847715,9.5800322294235,8.8425130486486,0.48369622200471685,0.05470121665001558,False
20260802T192733Z-1ce3398155a9-rtx3080_topk_gate_release_v1,topk_gate.release.cub_pair.e31_t128,topk_gate,cuda_vector_pair_top2_v3,L1_kernel_body,warm,5,5,150,8.54528009892,8.780800104139999,10.849791705614996,8.971127450465533,0.9132020467133422,0.10179345369415681,False
20260802T192733Z-1ce3398155a9-rtx3080_topk_gate_release_v1,topk_gate.release.cub_pair.e31_t16,topk_gate,cub_block_radix_top2,L1_kernel_body,warm,5,5,150,12.9638397694,13.2505595684,14.224383831045,13.015927465758,0.9671830040843674,0.07430765165439113,False
20260802T192733Z-1ce3398155a9-rtx3080_topk_gate_release_v1,topk_gate.release.cub_pair.e31_t16,topk_gate,cuda_naive,L1_kernel_body,warm,5,5,150,8.52479994297,8.616960048675,9.2830717563635,8.639214932919067,0.3996792925633705,0.04626338106723368,True
20260802T192733Z-1ce3398155a9-rtx3080_topk_gate_release_v1,topk_gate.release.cub_pair.e31_t16,topk_gate,cuda_subwarp_pair_top2_v2,L1_kernel_body,warm,5,5,150,8.46336007118,8.44799995422,9.279487997291998,8.522205869356867,0.4309226634384473,0.050564685956239065,False
20260802T192733Z-1ce3398155a9-rtx3080_topk_gate_release_v1,topk_gate.release.cub_pair.e31_t16,topk_gate,cuda_vector_pair_top2_v3,L1_kernel_body,warm,5,5,150,8.46848011017,8.49919974804,9.5365121662645,8.610338151454332,0.5814412897984504,0.0675282758436429,False
20260802T192733Z-1ce3398155a9-rtx3080_topk_gate_release_v1,topk_gate.release.cub_pair.e31_t2,topk_gate,cub_block_radix_top2,L1_kernel_body,warm,5,5,150,13.2300800085,13.204480409599999,14.218751788145,13.258069340389333,0.6508813933710437,0.049093225918512964,False
20260802T192733Z-1ce3398155a9-rtx3080_topk_gate_release_v1,topk_gate.release.cub_pair.e31_t2,topk_gate,cuda_naive,L1_kernel_body,warm,5,5,150,8.34048002958,8.340480029585,9.508351951836,8.473395200570668,0.5647651420228603,0.06665157574437511,True
20260802T192733Z-1ce3398155a9-rtx3080_topk_gate_release_v1,topk_gate.release.cub_pair.e31_t2,topk_gate,cuda_subwarp_pair_top2_v2,L1_kernel_body,warm,5,5,150,8.62720012665,8.657919764515,9.700863897801998,8.723182916640734,0.49338854930378695,0.05656061027478592,False
20260802T192733Z-1ce3398155a9-rtx3080_topk_gate_release_v1,topk_gate.release.cub_pair.e31_t2,topk_gate,cuda_vector_pair_top2_v3,L1_kernel_body,warm,5,5,150,8.57600003481,8.6630398035,9.5288318395635,8.667136005560002,0.5044112124353567,0.05819814205197368,False
20260802T192733Z-1ce3398155a9-rtx3080_topk_gate_release_v1,topk_gate.release.cub_pair.e31_t2048,topk_gate,cub_block_radix_top2,L1_kernel_body,warm,5,5,150,34.7750401497,35.747840404550004,46.046721220034996,38.588415940606666,4.763639583150096,0.12344739909723292,False
20260802T192733Z-1ce3398155a9-rtx3080_topk_gate_release_v1,topk_gate.release.cub_pair.e31_t2048,topk_gate,cuda_naive,L1_kernel_body,warm,5,5,150,10.035200119,9.79968011379,10.880511939545,9.5816362778334,0.9477561450935051,0.09891380945925572,True
20260802T192733Z-1ce3398155a9-rtx3080_topk_gate_release_v1,topk_gate.release.cub_pair.e31_t2048,topk_gate,cuda_subwarp_pair_top2_v2,L1_kernel_body,warm,5,5,150,10.2451205254,10.4908800125,11.085311770445,10.316185569759,0.5886844583229847,0.05706415945527986,False
20260802T192733Z-1ce3398155a9-rtx3080_topk_gate_release_v1,topk_gate.release.cub_pair.e31_t2048,topk_gate,cuda_vector_pair_top2_v3,L1_kernel_body,warm,5,5,150,10.5369603634,10.4345595837,11.085311770445,10.387319417795,0.5009007571807396,0.04822233119380378,False
20260802T192733Z-1ce3398155a9-rtx3080_topk_gate_release_v1,topk_gate.release.cub_pair.e31_t256,topk_gate,cub_block_radix_top2,L1_kernel_body,warm,5,5,150,12.1241599321,12.144639492,13.1379199028,12.222327486674667,0.5588991293465536,0.045727716750830864,False
20260802T192733Z-1ce3398155a9-rtx3080_topk_gate_release_v1,topk_gate.release.cub_pair.e31_t256,topk_gate,cuda_naive,L1_kernel_body,warm,5,5,150,10.2092802525,10.0966405869,10.845184326144999,10.115822978813066,1.6768541157943322,0.16576546656721794,True
20260802T192733Z-1ce3398155a9-rtx3080_topk_gate_release_v1,topk_gate.release.cub_pair.e31_t256,topk_gate,cuda_subwarp_pair_top2_v2,L1_kernel_body,warm,5,5,150,8.53504002094,8.514559864995,9.360384017225,8.5321045358978,0.43937209703025115,0.051496333077219826,False
20260802T192733Z-1ce3398155a9-rtx3080_topk_gate_release_v1,topk_gate.release.cub_pair.e31_t256,topk_gate,cuda_vector_pair_top2_v3,L1_kernel_body,warm,5,5,150,8.49920004606,8.494080007075,9.2523521184935,8.509644790490468,0.447966896946301,0.052642255696372216,False
20260802T192733Z-1ce3398155a9-rtx3080_topk_gate_release_v1,topk_gate.release.cub_pair.e31_t32,topk_gate,cub_block_radix_top2,L1_kernel_body,warm,5,5,150,13.2556802034,13.34784030915,14.2233598232,13.317461339629334,0.7120972620830475,0.05347094644562845,False
20260802T192733Z-1ce3398155a9-rtx3080_topk_gate_release_v1,topk_gate.release.cub_pair.e31_t32,topk_gate,cuda_naive,L1_kernel_body,warm,5,5,150,9.12896007299,9.14431989193,9.873408079149499,9.194086404642134,0.4540821793721017,0.049388504674356085,True
20260802T192733Z-1ce3398155a9-rtx3080_topk_gate_release_v1,topk_gate.release.cub_pair.e31_t32,topk_gate,cuda_subwarp_pair_top2_v2,L1_kernel_body,warm,5,5,150,8.63744020462,8.72448027134,9.421824216842499,8.706525882085332,0.5057812992455699,0.05809220647770341,False
20260802T192733Z-1ce3398155a9-rtx3080_topk_gate_release_v1,topk_gate.release.cub_pair.e31_t32,topk_gate,cuda_vector_pair_top2_v3,L1_kernel_body,warm,5,5,150,8.58111977577,8.56064021587,9.766400128601,8.6344362894696,0.5070379582644962,0.058722763277884206,False
20260802T192733Z-1ce3398155a9-rtx3080_topk_gate_release_v1,topk_gate.release.cub_pair.e31_t4,topk_gate,cub_block_radix_top2,L1_kernel_body,warm,5,5,150,12.9535996914,12.958719730399999,14.01907199618,13.038865033785333,0.6084599992128622,0.046665104488486236,False
20260802T192733Z-1ce3398155a9-rtx3080_topk_gate_release_v1,topk_gate.release.cub_pair.e31_t4,topk_gate,cuda_naive,L1_kernel_body,warm,5,5,150,8.25856000185,8.28415989876,9.278463989494998,8.359731193383332,0.46320983039287666,0.05540965608553346,True
20260802T192733Z-1ce3398155a9-rtx3080_topk_gate_release_v1,topk_gate.release.cub_pair.e31_t4,topk_gate,cuda_subwarp_pair_top2_v2,L1_kernel_body,warm,5,5,150,8.7603199482,8.69376003742,9.518591761589,8.681608545780266,0.5370804505827007,0.06186416350732043,False
20260802T192733Z-1ce3398155a9-rtx3080_topk_gate_release_v1,topk_gate.release.cub_pair.e31_t4,topk_gate,cuda_vector_pair_top2_v3,L1_kernel_body,warm,5,5,150,8.71423989534,8.944640159605001,64.181758642235,17.13991674582193,19.308024870326154,1.1264946706951027,False
20260802T192733Z-1ce3398155a9-rtx3080_topk_gate_release_v1,topk_gate.release.cub_pair.e31_t4096,topk_gate,cub_block_radix_top2,L1_kernel_body,warm,5,5,150,66.636800766,66.6009616852,74.5574378967,67.825800673168,2.5707379580161303,0.0379020657699824,False
20260802T192733Z-1ce3398155a9-rtx3080_topk_gate_release_v1,topk_gate.release.cub_pair.e31_t4096,topk_gate,cuda_naive,L1_kernel_body,warm,5,5,150,10.4191994667,10.368000268900001,11.021311819534999,10.073429358005134,0.8673819379262796,0.08610592352414624,True
20260802T192733Z-1ce3398155a9-rtx3080_topk_gate_release_v1,topk_gate.release.cub_pair.e31_t4096,topk_gate,cuda_subwarp_pair_top2_v2,L1_kernel_body,warm,5,5,150,11.9142401218,11.960320472700001,14.031872093689998,11.731285345555268,1.505471050578813,0.12832959102381766,False
20260802T192733Z-1ce3398155a9-rtx3080_topk_gate_release_v1,topk_gate.release.cub_pair.e31_t4096,topk_gate,cuda_vector_pair_top2_v3,L1_kernel_body,warm,5,5,150,11.8937599659,11.965440511699999,13.419520199279997,12.107229916253333,0.7578218319000254,0.06259250358190428,False
20260802T192733Z-1ce3398155a9-rtx3080_topk_gate_release_v1,topk_gate.release.cub_pair.e31_t512,topk_gate,cub_block_radix_top2,L1_kernel_body,warm,5,5,150,13.69599998,13.7420797348,18.6424320936,14.739660803476,1.838063457157356,0.12470188301238874,False
20260802T192733Z-1ce3398155a9-rtx3080_topk_gate_release_v1,topk_gate.release.cub_pair.e31_t512,topk_gate,cuda_naive,L1_kernel_body,warm,5,5,150,10.2502405643,10.2707195282,10.8702725172,10.263074159619066,0.426799120438528,0.04158589461604061,True
20260802T192733Z-1ce3398155a9-rtx3080_topk_gate_release_v1,topk_gate.release.cub_pair.e31_t512,topk_gate,cuda_subwarp_pair_top2_v2,L1_kernel_body,warm,5,5,150,8.23808014393,8.39680016041,9.803775817157,8.474828787644599,0.5854267602453004,0.06907829938686083,False
20260802T192733Z-1ce3398155a9-rtx3080_topk_gate_release_v1,topk_gate.release.cub_pair.e31_t512,topk_gate,cuda_vector_pair_top2_v3,L1_kernel_body,warm,5,5,150,8.45311999321,8.46336007118,9.48224008083,8.549307743708667,0.5415829428372302,0.06334816327506453,False
20260802T192733Z-1ce3398155a9-rtx3080_topk_gate_release_v1,topk_gate.release.cub_pair.e31_t64,topk_gate,cub_block_radix_top2,L1_kernel_body,warm,5,5,150,12.5644803047,12.66175985335,13.8250243664,12.723404788970667,0.6576469272116025,0.05168796702763762,False
20260802T192733Z-1ce3398155a9-rtx3080_topk_gate_release_v1,topk_gate.release.cub_pair.e31_t64,topk_gate,cuda_naive,L1_kernel_body,warm,5,5,150,9.34911996126,9.32864010334,9.9896317720435,9.213678920269999,0.6533699165136903,0.07091303291199817,True
20260802T192733Z-1ce3398155a9-rtx3080_topk_gate_release_v1,topk_gate.release.cub_pair.e31_t64,topk_gate,cuda_subwarp_pair_top2_v2,L1_kernel_body,warm,5,5,150,8.514559865,8.565760254859999,9.3793281614805,8.6015317320826,0.39459044928858983,0.045874439760167196,False
20260802T192733Z-1ce3398155a9-rtx3080_topk_gate_release_v1,topk_gate.release.cub_pair.e31_t64,topk_gate,cuda_vector_pair_top2_v3,L1_kernel_body,warm,5,5,150,8.50944012403,8.52991998196,9.4320639669895,8.570948255062,0.5055179889808639,0.05898040379397987,False
20260802T192733Z-1ce3398155a9-rtx3080_topk_gate_release_v1,topk_gate.release.cub_pair.e31_t8,topk_gate,cub_block_radix_top2,L1_kernel_body,warm,5,5,150,12.9126399755,12.9228800535,14.22643184659,12.983500830329334,0.7098386306918213,0.05467235994113737,False
20260802T192733Z-1ce3398155a9-rtx3080_topk_gate_release_v1,topk_gate.release.cub_pair.e31_t8,topk_gate,cuda_naive,L1_kernel_body,warm,5,5,150,8.64255994558,8.57600003481,9.691136151551499,8.654574934642001,0.5201607449978504,0.06010240236245259,True
20260802T192733Z-1ce3398155a9-rtx3080_topk_gate_release_v1,topk_gate.release.cub_pair.e31_t8,topk_gate,cuda_subwarp_pair_top2_v2,L1_kernel_body,warm,5,5,150,8.52479994297,8.545280098915,9.269247919321998,8.540569603443133,0.42563413637702224,0.04983673878208635,False
20260802T192733Z-1ce3398155a9-rtx3080_topk_gate_release_v1,topk_gate.release.cub_pair.e31_t8,topk_gate,cuda_vector_pair_top2_v3,L1_kernel_body,warm,5,5,150,8.64767998457,8.739839792255,9.3137919902835,8.706252797444932,0.41680846129607896,0.04787461046598622,False
20260802T192733Z-1ce3398155a9-rtx3080_topk_gate_release_v1,topk_gate.release.cub_pair.e32_t1,topk_gate,cub_block_radix_top2,L1_kernel_body,warm,5,5,150,12.9126405716,13.08159947395,14.177791476244998,13.084125836690667,0.6383128821298333,0.04878529067183598,False
20260802T192733Z-1ce3398155a9-rtx3080_topk_gate_release_v1,topk_gate.release.cub_pair.e32_t1,topk_gate,cuda_naive,L1_kernel_body,warm,5,5,150,8.55552017689,8.65279972553,9.904127985241999,8.716697605450333,0.6953552465336867,0.07977278529186312,True
20260802T192733Z-1ce3398155a9-rtx3080_topk_gate_release_v1,topk_gate.release.cub_pair.e32_t1,topk_gate,cuda_subwarp_pair_top2_v2,L1_kernel_body,warm,5,5,150,8.86784017086,8.85760009289,9.5800322294235,8.823193585873,0.4392411618962921,0.0497825597524654,False
20260802T192733Z-1ce3398155a9-rtx3080_topk_gate_release_v1,topk_gate.release.cub_pair.e32_t1,topk_gate,cuda_vector_pair_top2_v3,L1_kernel_body,warm,5,5,150,8.61696004868,8.637440204619999,9.524223804472499,8.6778539021808,0.44762198295379035,0.05158210635941913,False
20260802T192733Z-1ce3398155a9-rtx3080_topk_gate_release_v1,topk_gate.release.cub_pair.e32_t1024,topk_gate,cub_block_radix_top2,L1_kernel_body,warm,5,5,150,21.4681589603,21.5039992332,23.194624185545003,21.76436904270867,0.6972574250893537,0.03203664777605596,False
20260802T192733Z-1ce3398155a9-rtx3080_topk_gate_release_v1,topk_gate.release.cub_pair.e32_t1024,topk_gate,cuda_naive,L1_kernel_body,warm,5,5,150,11.555839777,11.66848003865,13.498368263244998,11.859968010581333,0.7790552380205483,0.06568780264208839,True
20260802T192733Z-1ce3398155a9-rtx3080_topk_gate_release_v1,topk_gate.release.cub_pair.e32_t1024,topk_gate,cuda_subwarp_pair_top2_v2,L1_kernel_body,warm,5,5,150,8.46848011017,8.46848011017,9.198591977354498,8.483430405458066,0.4928630597223406,0.05809714185964709,False
20260802T192733Z-1ce3398155a9-rtx3080_topk_gate_release_v1,topk_gate.release.cub_pair.e32_t1024,topk_gate,cuda_vector_pair_top2_v3,L1_kernel_body,warm,5,5,150,8.46847981215,8.40703994036,9.232895970346,8.4542805393534,0.4144907843352394,0.04902732792055425,False
20260802T192733Z-1ce3398155a9-rtx3080_topk_gate_release_v1,topk_gate.release.cub_pair.e32_t128,topk_gate,cub_block_radix_top2,L1_kernel_body,warm,5,5,150,12.9587197304,12.9740798473,14.0456956625,13.033130582176,0.5600027645102037,0.04296763244865043,False
20260802T192733Z-1ce3398155a9-rtx3080_topk_gate_release_v1,topk_gate.release.cub_pair.e32_t128,topk_gate,cuda_naive,L1_kernel_body,warm,5,5,150,10.1222395897,10.055680275,10.845184326144999,10.1091328461944,0.4465530485342995,0.044173229823802854,True
20260802T192733Z-1ce3398155a9-rtx3080_topk_gate_release_v1,topk_gate.release.cub_pair.e32_t128,topk_gate,cuda_subwarp_pair_top2_v2,L1_kernel_body,warm,5,5,150,8.66815984249,8.719360232355,9.50272023678,8.7204522689186,0.4101677537673124,0.04703514693030666,False
20260802T192733Z-1ce3398155a9-rtx3080_topk_gate_release_v1,topk_gate.release.cub_pair.e32_t128,topk_gate,cuda_vector_pair_top2_v3,L1_kernel_body,warm,5,5,150,8.7603199482,8.76543998718,9.413120090959499,8.753698126475133,0.3622845519861977,0.04138645710096922,False
20260802T192733Z-1ce3398155a9-rtx3080_topk_gate_release_v1,topk_gate.release.cub_pair.e32_t16,topk_gate,cub_block_radix_top2,L1_kernel_body,warm,5,5,150,12.9279994965,13.0201601982,13.830656409245,13.033130629853334,0.5646941760609927,0.04332759274026761,False
20260802T192733Z-1ce3398155a9-rtx3080_topk_gate_release_v1,topk_gate.release.cub_pair.e32_t16,topk_gate,cuda_naive,L1_kernel_body,warm,5,5,150,8.4582400322,8.39680016041,9.421311885117497,8.456396782398599,0.5316537076052976,0.06287000495434389,True
20260802T192733Z-1ce3398155a9-rtx3080_topk_gate_release_v1,topk_gate.release.cub_pair.e32_t16,topk_gate,cuda_subwarp_pair_top2_v2,L1_kernel_body,warm,5,5,150,8.7603199482,8.750079870225001,9.518591761589,8.760729591051867,0.43842449976943265,0.050044290856464245,False
20260802T192733Z-1ce3398155a9-rtx3080_topk_gate_release_v1,topk_gate.release.cub_pair.e32_t16,topk_gate,cuda_vector_pair_top2_v3,L1_kernel_body,warm,5,5,150,8.57087999582,8.59135985374,9.50272023678,8.6465194622676,0.6039109258671131,0.06984439559784834,False
20260802T192733Z-1ce3398155a9-rtx3080_topk_gate_release_v1,topk_gate.release.cub_pair.e32_t2,topk_gate,cub_block_radix_top2,L1_kernel_body,warm,5,5,150,12.9331201315,12.9638397694,13.906943798044999,12.959266098338666,0.5054849227486,0.03900567508320563,False
20260802T192733Z-1ce3398155a9-rtx3080_topk_gate_release_v1,topk_gate.release.cub_pair.e32_t2,topk_gate,cuda_naive,L1_kernel_body,warm,5,5,150,8.27392011881,8.38144004345,53.69805026054999,13.5187797427178,14.269647136379485,1.0555425421489062,True
20260802T192733Z-1ce3398155a9-rtx3080_topk_gate_release_v1,topk_gate.release.cub_pair.e32_t2,topk_gate,cuda_subwarp_pair_top2_v2,L1_kernel_body,warm,5,5,150,8.69888007641,8.719360232355,9.54367995262,8.735197850068333,0.4219531990931195,0.04830493897626127,False
20260802T192733Z-1ce3398155a9-rtx3080_topk_gate_release_v1,topk_gate.release.cub_pair.e32_t2,topk_gate,cuda_vector_pair_top2_v3,L1_kernel_body,warm,5,5,150,8.87296020985,8.85760009289,9.6005117893235,8.835072000820999,0.48313993041731834,0.054684322931654955,False
20260802T192733Z-1ce3398155a9-rtx3080_topk_gate_release_v1,topk_gate.release.cub_pair.e32_t2048,topk_gate,cub_block_radix_top2,L1_kernel_body,warm,5,5,150,35.7017600536,35.77344059945,46.29145669939,38.58152117729733,4.797949138082752,0.1243587342249747,False
20260802T192733Z-1ce3398155a9-rtx3080_topk_gate_release_v1,topk_gate.release.cub_pair.e32_t2048,topk_gate,cuda_naive,L1_kernel_body,warm,5,5,150,11.4790403843,11.509760022150001,13.4917122126,11.517542413869599,1.244353216849109,0.1080398206609285,True
20260802T192733Z-1ce3398155a9-rtx3080_topk_gate_release_v1,topk_gate.release.cub_pair.e32_t2048,topk_gate,cuda_subwarp_pair_top2_v2,L1_kernel_body,warm,5,5,150,10.1324796677,10.122239589700001,10.851840376845,10.140398927529533,0.45664568747889756,0.04503231980737748,False
20260802T192733Z-1ce3398155a9-rtx3080_topk_gate_release_v1,topk_gate.release.cub_pair.e32_t2048,topk_gate,cuda_vector_pair_top2_v3,L1_kernel_body,warm,5,5,150,8.43775987625,8.4582400322,9.5037439167495,8.514355190595333,0.5409081786498431,0.06352896567520601,False
20260802T192733Z-1ce3398155a9-rtx3080_topk_gate_release_v1,topk_gate.release.cub_pair.e32_t256,topk_gate,cub_block_radix_top2,L1_kernel_body,warm,5,5,150,12.149759531,12.42623984815,14.1573125124,12.633019741376,0.8213628599923862,0.06501714370810621,False
20260802T192733Z-1ce3398155a9-rtx3080_topk_gate_release_v1,topk_gate.release.cub_pair.e32_t256,topk_gate,cuda_naive,L1_kernel_body,warm,5,5,150,9.64096009731,9.804800152775,11.910144090645,10.226005347570533,1.0889169211875998,0.10648507253580712,True
20260802T192733Z-1ce3398155a9-rtx3080_topk_gate_release_v1,topk_gate.release.cub_pair.e32_t256,topk_gate,cuda_subwarp_pair_top2_v2,L1_kernel_body,warm,5,5,150,8.62208008766,8.755199909209999,9.6005117893235,8.802918378512134,0.45627190242196136,0.05183189060751922,False
20260802T192733Z-1ce3398155a9-rtx3080_topk_gate_release_v1,topk_gate.release.cub_pair.e32_t256,topk_gate,cuda_vector_pair_top2_v3,L1_kernel_body,warm,5,5,150,8.78080010414,8.7961602211,9.4059520959835,8.7669418613116,0.41978569676021854,0.04788279692063743,False
20260802T192733Z-1ce3398155a9-rtx3080_topk_gate_release_v1,topk_gate.release.cub_pair.e32_t32,topk_gate,cub_block_radix_top2,L1_kernel_body,warm,5,5,150,13.1071996689,13.0867195129,14.132224321345,13.079074120522668,0.605306958723355,0.046280566433487394,False
20260802T192733Z-1ce3398155a9-rtx3080_topk_gate_release_v1,topk_gate.release.cub_pair.e32_t32,topk_gate,cuda_naive,L1_kernel_body,warm,5,5,150,9.69215989113,9.77407991886,10.574335992344999,9.540198405582867,0.860403648109627,0.09018718600297913,True
20260802T192733Z-1ce3398155a9-rtx3080_topk_gate_release_v1,topk_gate.release.cub_pair.e32_t32,topk_gate,cuda_subwarp_pair_top2_v2,L1_kernel_body,warm,5,5,150,8.79104018211,8.75519990921,9.439744025467999,8.7725397109978,0.394669200113943,0.044989160849185014,False
20260802T192733Z-1ce3398155a9-rtx3080_topk_gate_release_v1,topk_gate.release.cub_pair.e32_t32,topk_gate,cuda_vector_pair_top2_v3,L1_kernel_body,warm,5,5,150,8.83711993694,8.821759819985001,9.48224008083,8.850500237941866,0.3770210531413626,0.04259884108302524,False
20260802T192733Z-1ce3398155a9-rtx3080_topk_gate_release_v1,topk_gate.release.cub_pair.e32_t4,topk_gate,cub_block_radix_top2,L1_kernel_body,warm,5,5,150,12.9638403654,13.04064035415,14.004735887045001,13.012923741340666,0.5954238317217702,0.045756345273135844,False
20260802T192733Z-1ce3398155a9-rtx3080_topk_gate_release_v1,topk_gate.release.cub_pair.e32_t4,topk_gate,cuda_naive,L1_kernel_body,warm,5,5,150,8.15615981817,8.26367974281,9.50272023678,8.387583982944333,0.5622866730466471,0.06703797830102501,True
20260802T192733Z-1ce3398155a9-rtx3080_topk_gate_release_v1,topk_gate.release.cub_pair.e32_t4,topk_gate,cuda_subwarp_pair_top2_v2,L1_kernel_body,warm,5,5,150,8.79615992308,8.6630398035,9.330688118933999,8.718131192525467,0.4733430538407075,0.05429409622173735,False
20260802T192733Z-1ce3398155a9-rtx3080_topk_gate_release_v1,topk_gate.release.cub_pair.e32_t4,topk_gate,cuda_vector_pair_top2_v3,L1_kernel_body,warm,5,5,150,8.67839992046,8.709120154379999,9.4981122016935,8.772061844667068,0.40654072559527926,0.04634494521290154,False
20260802T192733Z-1ce3398155a9-rtx3080_topk_gate_release_v1,topk_gate.release.cub_pair.e32_t4096,topk_gate,cub_block_radix_top2,L1_kernel_body,warm,5,5,150,66.6316795349,66.6214418411,74.6403849125,68.51816132863533,3.3693972770657656,0.04917524363949352,False
20260802T192733Z-1ce3398155a9-rtx3080_topk_gate_release_v1,topk_gate.release.cub_pair.e32_t4096,topk_gate,cuda_naive,L1_kernel_body,warm,5,5,150,11.6787201166,11.9193601608,14.0456956625,12.0659968177518,1.7559874339189776,0.14553189930694532,True
20260802T192733Z-1ce3398155a9-rtx3080_topk_gate_release_v1,topk_gate.release.cub_pair.e32_t4096,topk_gate,cuda_subwarp_pair_top2_v2,L1_kernel_body,warm,5,5,150,11.6326403618,11.5097594261,12.49331229928,11.319022953510867,0.9626192050669221,0.0850443725594127,False
20260802T192733Z-1ce3398155a9-rtx3080_topk_gate_release_v1,topk_gate.release.cub_pair.e32_t4096,topk_gate,cuda_vector_pair_top2_v3,L1_kernel_body,warm,5,5,150,8.61696004868,8.586239814755,9.278463989494998,8.633343982696667,0.4415846942109598,0.05114874318641809,False
20260802T192733Z-1ce3398155a9-rtx3080_topk_gate_release_v1,topk_gate.release.cub_pair.e32_t512,topk_gate,cub_block_radix_top2,L1_kernel_body,warm,5,5,150,13.9059197903,13.9315199852,17.9609596729,14.442427714666001,1.2999536285079052,0.09000935675016936,False
20260802T192733Z-1ce3398155a9-rtx3080_topk_gate_release_v1,topk_gate.release.cub_pair.e32_t512,topk_gate,cuda_naive,L1_kernel_body,warm,5,5,150,11.4073598385,11.38175964355,13.502976298345,11.284002149104735,1.2561384543697145,0.11132029556280931,True
20260802T192733Z-1ce3398155a9-rtx3080_topk_gate_release_v1,topk_gate.release.cub_pair.e32_t512,topk_gate,cuda_subwarp_pair_top2_v2,L1_kernel_body,warm,5,5,150,8.56063991785,8.51967990398,9.289728075267499,8.5312853217126,0.4484163926546069,0.05256141082438798,False
20260802T192733Z-1ce3398155a9-rtx3080_topk_gate_release_v1,topk_gate.release.cub_pair.e32_t512,topk_gate,cuda_vector_pair_top2_v3,L1_kernel_body,warm,5,5,150,8.75519990921,8.739839792255,9.636864066122499,8.791244792937933,0.4745099001579321,0.05397528010357636,False
20260802T192733Z-1ce3398155a9-rtx3080_topk_gate_release_v1,topk_gate.release.cub_pair.e32_t64,topk_gate,cub_block_radix_top2,L1_kernel_body,warm,5,5,150,13.0304002762,13.08159947395,14.1219842434,13.105288497605335,0.5468765839966453,0.041729457851811,False
20260802T192733Z-1ce3398155a9-rtx3080_topk_gate_release_v1,topk_gate.release.cub_pair.e32_t64,topk_gate,cuda_naive,L1_kernel_body,warm,5,5,150,9.78431999683,9.67679977417,10.324991941444999,9.4835370620094,0.7076566382965529,0.07461948360294723,True
20260802T192733Z-1ce3398155a9-rtx3080_topk_gate_release_v1,topk_gate.release.cub_pair.e32_t64,topk_gate,cuda_subwarp_pair_top2_v2,L1_kernel_body,warm,5,5,150,8.5811200738,8.719360232355,9.720320045949498,8.804078952471,0.5726961095506371,0.0650489520417012,False
20260802T192733Z-1ce3398155a9-rtx3080_topk_gate_release_v1,topk_gate.release.cub_pair.e32_t64,topk_gate,cuda_vector_pair_top2_v3,L1_kernel_body,warm,5,5,150,8.7603199482,8.75519990921,9.36959981918,8.767214945952068,0.4117545221568018,0.04696525917240275,False
20260802T192733Z-1ce3398155a9-rtx3080_topk_gate_release_v1,topk_gate.release.cub_pair.e32_t8,topk_gate,cub_block_radix_top2,L1_kernel_body,warm,5,5,150,12.8665602207,12.96895980835,14.162943899645,13.020842703179333,0.6556953252325625,0.050357364740491,False
20260802T192733Z-1ce3398155a9-rtx3080_topk_gate_release_v1,topk_gate.release.cub_pair.e32_t8,topk_gate,cuda_naive,L1_kernel_body,warm,5,5,150,8.3353599906,8.38656008244,9.121279984710998,8.398233600457466,0.41567172514906614,0.04949513730201834,True
20260802T192733Z-1ce3398155a9-rtx3080_topk_gate_release_v1,topk_gate.release.cub_pair.e32_t8,topk_gate,cuda_subwarp_pair_top2_v2,L1_kernel_body,warm,5,5,150,8.61184000969,8.64256024361,9.398784041405499,8.6853631695112,0.4116803575122153,0.04739932567901868,False
20260802T192733Z-1ce3398155a9-rtx3080_topk_gate_release_v1,topk_gate.release.cub_pair.e32_t8,topk_gate,cuda_vector_pair_top2_v3,L1_kernel_body,warm,5,5,150,8.81664007902,8.893439769745001,9.5697921514535,8.869068769613733,0.4521427420333352,0.0509797312185039,False
20260802T192733Z-1ce3398155a9-rtx3080_topk_gate_release_v1,topk_gate.release.cub_pair.e33_t1,topk_gate,cub_block_radix_top2,L1_kernel_body,warm,5,5,150,13.0559998751,13.0611205101,14.1163522005,13.139080500604,0.5717448833497778,0.04351483220789269,False
20260802T192733Z-1ce3398155a9-rtx3080_topk_gate_release_v1,topk_gate.release.cub_pair.e33_t1,topk_gate,cuda_naive,L1_kernel_body,warm,5,5,150,8.4838399291,8.401920199395,9.589759975674,8.485410126050667,0.5382539748325073,0.06343287676573682,True
20260802T192733Z-1ce3398155a9-rtx3080_topk_gate_release_v1,topk_gate.release.cub_pair.e33_t1,topk_gate,cuda_subwarp_pair_top2_v2,L1_kernel_body,warm,5,5,150,8.4838399291,8.555520176885,9.4648322165045,8.607470925649533,0.4853952200643547,0.05639231596100059,False
20260802T192733Z-1ce3398155a9-rtx3080_topk_gate_release_v1,topk_gate.release.cub_pair.e33_t1,topk_gate,cuda_vector_pair_top2_v3,L1_kernel_body,warm,5,5,150,8.20223987103,8.20223987103,8.931328058239501,8.266615442435333,0.3745122153475802,0.04530417774426549,False
20260802T192733Z-1ce3398155a9-rtx3080_topk_gate_release_v1,topk_gate.release.cub_pair.e33_t1024,topk_gate,cub_block_radix_top2,L1_kernel_body,warm,5,5,150,21.4374399185,21.3657605648,22.825983762744997,21.554858541486002,0.49540638407581816,0.022983513583367948,False
20260802T192733Z-1ce3398155a9-rtx3080_topk_gate_release_v1,topk_gate.release.cub_pair.e33_t1024,topk_gate,cuda_naive,L1_kernel_body,warm,5,5,150,10.3167998791,10.2092802525,10.9260797501,10.013354710738733,0.6937821808487757,0.06928568905131616,True
20260802T192733Z-1ce3398155a9-rtx3080_topk_gate_release_v1,topk_gate.release.cub_pair.e33_t1024,topk_gate,cuda_subwarp_pair_top2_v2,L1_kernel_body,warm,5,5,150,9.29791986942,9.14431989193,10.1637119055,9.091754686833067,0.7494175258104103,0.08242826072900292,False
20260802T192733Z-1ce3398155a9-rtx3080_topk_gate_release_v1,topk_gate.release.cub_pair.e33_t1024,topk_gate,cuda_vector_pair_top2_v3,L1_kernel_body,warm,5,5,150,9.67168003321,9.6460801363,11.358208000689999,9.7361237565678,0.7422253890572823,0.07623417775031788,False
20260802T192733Z-1ce3398155a9-rtx3080_topk_gate_release_v1,topk_gate.release.cub_pair.e33_t128,topk_gate,cub_block_radix_top2,L1_kernel_body,warm,5,5,150,13.2095998526,13.14815998075,14.245887994744999,13.133482694621334,0.6462810367312917,0.049208656360126675,False
20260802T192733Z-1ce3398155a9-rtx3080_topk_gate_release_v1,topk_gate.release.cub_pair.e33_t128,topk_gate,cuda_naive,L1_kernel_body,warm,5,5,150,8.36096018553,8.5504001379,10.6552320719,8.944571737447,1.0085762225604422,0.11275846984802815,True
20260802T192733Z-1ce3398155a9-rtx3080_topk_gate_release_v1,topk_gate.release.cub_pair.e33_t128,topk_gate,cuda_subwarp_pair_top2_v2,L1_kernel_body,warm,5,5,150,8.29952001572,8.314880132675,9.242112040519,8.4320938626928,0.498454958549849,0.05911401920645446,False
20260802T192733Z-1ce3398155a9-rtx3080_topk_gate_release_v1,topk_gate.release.cub_pair.e33_t128,topk_gate,cuda_vector_pair_top2_v3,L1_kernel_body,warm,5,5,150,8.22784006596,8.32512021065,9.44127976894,8.428885308902267,0.5019057887160361,0.05954592693128027,False
20260802T192733Z-1ce3398155a9-rtx3080_topk_gate_release_v1,topk_gate.release.cub_pair.e33_t16,topk_gate,cub_block_radix_top2,L1_kernel_body,warm,5,5,150,12.9535996914,12.9535996914,13.723647594445,12.969233043991334,0.5319792296029019,0.041018557365608346,False
20260802T192733Z-1ce3398155a9-rtx3080_topk_gate_release_v1,topk_gate.release.cub_pair.e33_t16,topk_gate,cuda_naive,L1_kernel_body,warm,5,5,150,9.83040004969,9.71776008606,10.3116798401,9.533644779521467,0.6652390902179115,0.06977804455719427,True
20260802T192733Z-1ce3398155a9-rtx3080_topk_gate_release_v1,topk_gate.release.cub_pair.e33_t16,topk_gate,cuda_subwarp_pair_top2_v2,L1_kernel_body,warm,5,5,150,8.3609598875,8.39680016041,9.16480004787,8.446976013978533,0.42759856524710604,0.05062149632477845,False
20260802T192733Z-1ce3398155a9-rtx3080_topk_gate_release_v1,topk_gate.release.cub_pair.e33_t16,topk_gate,cuda_vector_pair_top2_v3,L1_kernel_body,warm,5,5,150,8.37119996548,8.40704023838,8.997375965116,8.391816560427532,0.382162418745367,0.045539891868882465,False
20260802T192733Z-1ce3398155a9-rtx3080_topk_gate_release_v1,topk_gate.release.cub_pair.e33_t2,topk_gate,cub_block_radix_top2,L1_kernel_body,warm,5,5,150,13.0559998751,13.1737601757,14.1209602356,13.151573379835332,0.5897797302675494,0.044844803981539574,False
20260802T192733Z-1ce3398155a9-rtx3080_topk_gate_release_v1,topk_gate.release.cub_pair.e33_t2,topk_gate,cuda_naive,L1_kernel_body,warm,5,5,150,8.52479994297,8.76543998718,9.6639999449255,8.807014381885534,0.49981303368732816,0.05675169949936211,True
20260802T192733Z-1ce3398155a9-rtx3080_topk_gate_release_v1,topk_gate.release.cub_pair.e33_t2,topk_gate,cuda_subwarp_pair_top2_v2,L1_kernel_body,warm,5,5,150,8.5504001379,8.70400011539,9.487872123719,8.709051736195267,0.4540786730371916,0.0521387042805151,False
20260802T192733Z-1ce3398155a9-rtx3080_topk_gate_release_v1,topk_gate.release.cub_pair.e33_t2,topk_gate,cuda_vector_pair_top2_v3,L1_kernel_body,warm,5,5,150,8.55551987886,8.729600012305,9.4673919677735,8.701747171084333,0.4586329288176797,0.052705843987481536,False
20260802T192733Z-1ce3398155a9-rtx3080_topk_gate_release_v1,topk_gate.release.cub_pair.e33_t2048,topk_gate,cub_block_radix_top2,L1_kernel_body,warm,5,5,150,35.7222402096,35.732480287550004,44.762111902215,37.271278969448666,3.573764014896552,0.09588519937365103,False
20260802T192733Z-1ce3398155a9-rtx3080_topk_gate_release_v1,topk_gate.release.cub_pair.e33_t2048,topk_gate,cuda_naive,L1_kernel_body,warm,5,5,150,10.4908800125,10.39872050285,11.009024381644998,10.315502945582999,0.5521535355341028,0.05352657436548257,True
20260802T192733Z-1ce3398155a9-rtx3080_topk_gate_release_v1,topk_gate.release.cub_pair.e33_t2048,topk_gate,cuda_subwarp_pair_top2_v2,L1_kernel_body,warm,5,5,150,9.91744011641,9.99423980713,10.697216391545,9.950139764941934,0.520204021026726,0.0522810767804086,False
20260802T192733Z-1ce3398155a9-rtx3080_topk_gate_release_v1,topk_gate.release.cub_pair.e33_t2048,topk_gate,cuda_vector_pair_top2_v3,L1_kernel_body,warm,5,5,150,9.72799986601,9.855999946595,10.934783816345,9.896482169627333,0.6746770156751241,0.06817341799955266,False
20260802T192733Z-1ce3398155a9-rtx3080_topk_gate_release_v1,topk_gate.release.cub_pair.e33_t256,topk_gate,cub_block_radix_top2,L1_kernel_body,warm,5,5,150,12.0012795925,12.0115196705,12.964863777145,12.099379197755333,0.47348720596825966,0.0391331818128405,False
20260802T192733Z-1ce3398155a9-rtx3080_topk_gate_release_v1,topk_gate.release.cub_pair.e33_t256,topk_gate,cuda_naive,L1_kernel_body,warm,5,5,150,10.4652798176,10.373120307899999,11.2445437908,10.286557845272734,0.7708769097217625,0.07494022017054275,True
20260802T192733Z-1ce3398155a9-rtx3080_topk_gate_release_v1,topk_gate.release.cub_pair.e33_t256,topk_gate,cuda_subwarp_pair_top2_v2,L1_kernel_body,warm,5,5,150,8.35584014654,8.39680016041,9.397760033608499,8.429158425331401,0.4910220649760163,0.058252798227209884,False
20260802T192733Z-1ce3398155a9-rtx3080_topk_gate_release_v1,topk_gate.release.cub_pair.e33_t256,topk_gate,cuda_vector_pair_top2_v3,L1_kernel_body,warm,5,5,150,8.23808014393,8.458240032195,9.534463882447,8.5360640048982,0.5593415051372608,0.06552686399918008,False
20260802T192733Z-1ce3398155a9-rtx3080_topk_gate_release_v1,topk_gate.release.cub_pair.e33_t32,topk_gate,cub_block_radix_top2,L1_kernel_body,warm,5,5,150,12.9587197304,13.1686401367,15.631360352035,13.441433580716666,1.1290148740789547,0.08399512353344965,False
20260802T192733Z-1ce3398155a9-rtx3080_topk_gate_release_v1,topk_gate.release.cub_pair.e33_t32,topk_gate,cuda_naive,L1_kernel_body,warm,5,5,150,9.0623998642,9.21599984169,10.548224449145,9.2033024152122,0.9591207009377252,0.10421484133264905,True
20260802T192733Z-1ce3398155a9-rtx3080_topk_gate_release_v1,topk_gate.release.cub_pair.e33_t32,topk_gate,cuda_subwarp_pair_top2_v2,L1_kernel_body,warm,5,5,150,8.52479994297,8.494080007075,9.453568130731998,8.525073059399066,0.5068137081482451,0.05944977886019085,False
20260802T192733Z-1ce3398155a9-rtx3080_topk_gate_release_v1,topk_gate.release.cub_pair.e33_t32,topk_gate,cuda_vector_pair_top2_v3,L1_kernel_body,warm,5,5,150,8.27391982079,8.27391982079,9.623039960863,8.431479477882068,0.5392877611571413,0.06396122561548437,False
20260802T192733Z-1ce3398155a9-rtx3080_topk_gate_release_v1,topk_gate.release.cub_pair.e33_t4,topk_gate,cub_block_radix_top2,L1_kernel_body,warm,5,5,150,13.0304002762,13.0252802372,13.887487649945,12.995037865633334,0.5610776742541541,0.04317630160493642,False
20260802T192733Z-1ce3398155a9-rtx3080_topk_gate_release_v1,topk_gate.release.cub_pair.e33_t4,topk_gate,cuda_naive,L1_kernel_body,warm,5,5,150,9.73823994398,9.78944003582,10.430975556345,9.798792521156933,0.3566675633448343,0.036399134135633573,True
20260802T192733Z-1ce3398155a9-rtx3080_topk_gate_release_v1,topk_gate.release.cub_pair.e33_t4,topk_gate,cuda_subwarp_pair_top2_v2,L1_kernel_body,warm,5,5,150,8.4275200963,8.51967990398,9.242112040519,8.537975474198467,0.41029164372352633,0.04805491008534947,False
20260802T192733Z-1ce3398155a9-rtx3080_topk_gate_release_v1,topk_gate.release.cub_pair.e33_t4,topk_gate,cuda_vector_pair_top2_v3,L1_kernel_body,warm,5,5,150,9.05215978622,8.87808024883,9.667583972214999,8.8967167894044,0.49899395679785236,0.056087427374571744,False
20260802T192733Z-1ce3398155a9-rtx3080_topk_gate_release_v1,topk_gate.release.cub_pair.e33_t4096,topk_gate,cub_block_radix_top2,L1_kernel_body,warm,5,5,150,66.61632061,66.6214418411,68.86502552031497,66.96830317179533,1.713140779561162,0.02558136757872456,False
20260802T192733Z-1ce3398155a9-rtx3080_topk_gate_release_v1,topk_gate.release.cub_pair.e33_t4096,topk_gate,cuda_naive,L1_kernel_body,warm,5,5,150,10.4191994667,10.3731203079,10.998784303645,10.330999433992,0.48600430525145993,0.047043299959185374,True
20260802T192733Z-1ce3398155a9-rtx3080_topk_gate_release_v1,topk_gate.release.cub_pair.e33_t4096,topk_gate,cuda_subwarp_pair_top2_v2,L1_kernel_body,warm,5,5,150,13.1840002537,13.0969595909,14.022656023535,12.918237876888,0.9321726628804747,0.07215942853539054,False
20260802T192733Z-1ce3398155a9-rtx3080_topk_gate_release_v1,topk_gate.release.cub_pair.e33_t4096,topk_gate,cuda_vector_pair_top2_v3,L1_kernel_body,warm,5,5,150,13.4348797798,13.5475194454,14.290432333944999,13.418632547058666,0.5751844311320938,0.04286460852959067,False
20260802T192733Z-1ce3398155a9-rtx3080_topk_gate_release_v1,topk_gate.release.cub_pair.e33_t512,topk_gate,cub_block_radix_top2,L1_kernel_body,warm,5,5,150,14.1312003136,14.0185600519,18.6572802067,14.742528009413332,2.214063429578322,0.15018207380475102,False
20260802T192733Z-1ce3398155a9-rtx3080_topk_gate_release_v1,topk_gate.release.cub_pair.e33_t512,topk_gate,cuda_naive,L1_kernel_body,warm,5,5,150,10.5113601685,10.4960000515,11.1411201954,10.507195762794465,0.39894729358385583,0.03796895980528994,True
20260802T192733Z-1ce3398155a9-rtx3080_topk_gate_release_v1,topk_gate.release.cub_pair.e33_t512,topk_gate,cuda_subwarp_pair_top2_v2,L1_kernel_body,warm,5,5,150,8.44799995422,8.473600149155,9.135103821752498,8.466978144645733,0.3929196903512188,0.0464061302201057,False
20260802T192733Z-1ce3398155a9-rtx3080_topk_gate_release_v1,topk_gate.release.cub_pair.e33_t512,topk_gate,cuda_vector_pair_top2_v3,L1_kernel_body,warm,5,5,150,8.37632000446,8.35583984852,9.089536070826,8.397277879715,0.38245789051095475,0.045545460801630064,False
20260802T192733Z-1ce3398155a9-rtx3080_topk_gate_release_v1,topk_gate.release.cub_pair.e33_t64,topk_gate,cub_block_radix_top2,L1_kernel_body,warm,5,5,150,13.388800025,13.22495996955,13.8193923235,13.199291745817334,0.4725727338382594,0.0358028857107436,False
20260802T192733Z-1ce3398155a9-rtx3080_topk_gate_release_v1,topk_gate.release.cub_pair.e33_t64,topk_gate,cuda_naive,L1_kernel_body,warm,5,5,150,9.72288012505,9.533439874645,10.307071805,9.270886433124065,0.8648925763752717,0.09329124918250388,True
20260802T192733Z-1ce3398155a9-rtx3080_topk_gate_release_v1,topk_gate.release.cub_pair.e33_t64,topk_gate,cuda_subwarp_pair_top2_v2,L1_kernel_body,warm,5,5,150,8.51967990398,8.6630398035,9.425919920203999,8.6934869209922,0.42699849200971923,0.04911705692898027,False
20260802T192733Z-1ce3398155a9-rtx3080_topk_gate_release_v1,topk_gate.release.cub_pair.e33_t64,topk_gate,cuda_vector_pair_top2_v3,L1_kernel_body,warm,5,5,150,8.63232016563,8.483840227125,9.391103982927,8.563507187366268,0.49185852368745603,0.05743657510010552,False
20260802T192733Z-1ce3398155a9-rtx3080_topk_gate_release_v1,topk_gate.release.cub_pair.e33_t8,topk_gate,cub_block_radix_top2,L1_kernel_body,warm,5,5,150,12.9484796524,12.8921604156,13.798912167545,12.922333844498667,0.5096143767440331,0.03943671343555232,False
20260802T192733Z-1ce3398155a9-rtx3080_topk_gate_release_v1,topk_gate.release.cub_pair.e33_t8,topk_gate,cuda_naive,L1_kernel_body,warm,5,5,150,9.6102398634,9.282559752465,10.2195203304,9.0974208037048,0.8295464055727021,0.09118479000497379,True
20260802T192733Z-1ce3398155a9-rtx3080_topk_gate_release_v1,topk_gate.release.cub_pair.e33_t8,topk_gate,cuda_subwarp_pair_top2_v2,L1_kernel_body,warm,5,5,150,8.68863999844,8.73471975327,9.330688118933999,8.7214762568478,0.4494252352081463,0.05153086724913952,False
20260802T192733Z-1ce3398155a9-rtx3080_topk_gate_release_v1,topk_gate.release.cub_pair.e33_t8,topk_gate,cuda_vector_pair_top2_v3,L1_kernel_body,warm,5,5,150,8.80127996206,8.74495983124,9.4991358816585,8.771720512707601,0.39654728861360666,0.04520746962230821,False
20260802T192733Z-1ce3398155a9-rtx3080_topk_gate_release_v1,topk_gate.release.cub_pair.e3_t1,topk_gate,cub_block_radix_top2,L1_kernel_body,warm,5,5,150,13.1071996689,13.0969595909,14.249472022045,13.129864509896,0.6491154293862655,0.04943809046140774,False
20260802T192733Z-1ce3398155a9-rtx3080_topk_gate_release_v1,topk_gate.release.cub_pair.e3_t1,topk_gate,cuda_naive,L1_kernel_body,warm,5,5,150,8.15104007721,8.43775987625,9.20575976372,8.416460784276401,0.514865346849463,0.061173616802365716,True
20260802T192733Z-1ce3398155a9-rtx3080_topk_gate_release_v1,topk_gate.release.cub_pair.e3_t1,topk_gate,cuda_subwarp_pair_top2_v2,L1_kernel_body,warm,5,5,150,8.71936023235,8.71424019337,9.370623826982499,8.709529602527867,0.38130331704938863,0.043780012750484085,False
20260802T192733Z-1ce3398155a9-rtx3080_topk_gate_release_v1,topk_gate.release.cub_pair.e3_t1,topk_gate,cuda_vector_pair_top2_v3,L1_kernel_body,warm,5,5,150,8.69376003742,8.709120154379999,10.678783655154474,8.884155706563734,0.7834718340352702,0.08818753969568889,False
20260802T192733Z-1ce3398155a9-rtx3080_topk_gate_release_v1,topk_gate.release.cub_pair.e3_t1024,topk_gate,cub_block_radix_top2,L1_kernel_body,warm,5,5,150,21.3760006428,21.478399038299997,22.938624620445,21.644356203078665,0.63082236846099,0.02914488943640942,False
20260802T192733Z-1ce3398155a9-rtx3080_topk_gate_release_v1,topk_gate.release.cub_pair.e3_t1024,topk_gate,cuda_naive,L1_kernel_body,warm,5,5,150,8.27904015779,8.217599987985,10.35008013249,8.431342967351068,0.8181886698966138,0.09704132225019305,True
20260802T192733Z-1ce3398155a9-rtx3080_topk_gate_release_v1,topk_gate.release.cub_pair.e3_t1024,topk_gate,cuda_subwarp_pair_top2_v2,L1_kernel_body,warm,5,5,150,8.89343976974,8.9087998867,9.5093759596385,8.937813337644068,0.37998988915966125,0.04251486071646059,False
20260802T192733Z-1ce3398155a9-rtx3080_topk_gate_release_v1,topk_gate.release.cub_pair.e3_t1024,topk_gate,cuda_vector_pair_top2_v3,L1_kernel_body,warm,5,5,150,8.92928004265,8.862720131875,9.50272023678,8.790289068222267,0.4827843878472828,0.05492247002349381,False
20260802T192733Z-1ce3398155a9-rtx3080_topk_gate_release_v1,topk_gate.release.cub_pair.e3_t128,topk_gate,cub_block_radix_top2,L1_kernel_body,warm,5,5,150,13.1174397469,13.1071996689,14.167551934745,13.114845871925333,0.5656747557331853,0.043132398295592095,False
20260802T192733Z-1ce3398155a9-rtx3080_topk_gate_release_v1,topk_gate.release.cub_pair.e3_t128,topk_gate,cuda_naive,L1_kernel_body,warm,5,5,150,8.79104018211,8.78592014313,9.4003200531,8.6582613110548,0.5065791407238432,0.05850818340133105,True
20260802T192733Z-1ce3398155a9-rtx3080_topk_gate_release_v1,topk_gate.release.cub_pair.e3_t128,topk_gate,cuda_subwarp_pair_top2_v2,L1_kernel_body,warm,5,5,150,8.816639781,8.78592014313,9.3649917840935,8.668228272597,0.5139864533937816,0.05929544507020594,False
20260802T192733Z-1ce3398155a9-rtx3080_topk_gate_release_v1,topk_gate.release.cub_pair.e3_t128,topk_gate,cuda_vector_pair_top2_v3,L1_kernel_body,warm,5,5,150,8.71424019337,8.714240193365,9.401344060897,8.711441047986666,0.42534665949042927,0.04882621108808775,False
20260802T192733Z-1ce3398155a9-rtx3080_topk_gate_release_v1,topk_gate.release.cub_pair.e3_t16,topk_gate,cub_block_radix_top2,L1_kernel_body,warm,5,5,150,13.0611199141,13.15328001975,14.230015873945,13.166455427804667,0.6880148229641555,0.052255128704664054,False
20260802T192733Z-1ce3398155a9-rtx3080_topk_gate_release_v1,topk_gate.release.cub_pair.e3_t16,topk_gate,cuda_naive,L1_kernel_body,warm,5,5,150,8.78592014313,8.734720051290001,9.37983989716,8.5671935876214,0.5329658919846291,0.06221009091643533,True
20260802T192733Z-1ce3398155a9-rtx3080_topk_gate_release_v1,topk_gate.release.cub_pair.e3_t16,topk_gate,cuda_subwarp_pair_top2_v2,L1_kernel_body,warm,5,5,150,8.89343976974,8.85760009289,9.4673919677735,8.8479744315146,0.38338140632857054,0.043329850159042914,False
20260802T192733Z-1ce3398155a9-rtx3080_topk_gate_release_v1,topk_gate.release.cub_pair.e3_t16,topk_gate,cuda_vector_pair_top2_v3,L1_kernel_body,warm,5,5,150,8.8831999898,8.647679984565,9.473024010657,8.618393596013068,0.6586809514752263,0.07642734624929835,False
20260802T192733Z-1ce3398155a9-rtx3080_topk_gate_release_v1,topk_gate.release.cub_pair.e3_t2,topk_gate,cub_block_radix_top2,L1_kernel_body,warm,5,5,150,12.9843199253,13.03552031515,14.136832356445,13.038591996828,0.717000658447394,0.054990650725310244,False
20260802T192733Z-1ce3398155a9-rtx3080_topk_gate_release_v1,topk_gate.release.cub_pair.e3_t2,topk_gate,cuda_naive,L1_kernel_body,warm,5,5,150,8.23808014393,8.463360071185,11.519488036635,8.794385063647267,1.2500154773251695,0.1421379059796086,True
20260802T192733Z-1ce3398155a9-rtx3080_topk_gate_release_v1,topk_gate.release.cub_pair.e3_t2,topk_gate,cuda_subwarp_pair_top2_v2,L1_kernel_body,warm,5,5,150,8.54016005993,8.565760254859999,9.187327891587499,8.586649604638467,0.3377164358995823,0.039330408418802774,False
20260802T192733Z-1ce3398155a9-rtx3080_topk_gate_release_v1,topk_gate.release.cub_pair.e3_t2,topk_gate,cuda_vector_pair_top2_v3,L1_kernel_body,warm,5,5,150,8.52480024099,8.49919974804,9.191423922776497,8.510395741463267,0.4636543229970403,0.054480935679416496,False
20260802T192733Z-1ce3398155a9-rtx3080_topk_gate_release_v1,topk_gate.release.cub_pair.e3_t2048,topk_gate,cub_block_radix_top2,L1_kernel_body,warm,5,5,150,41.4054393768,35.353599786749996,46.401534080489995,38.80864432652933,5.1240941214504145,0.1320348651794471,False
20260802T192733Z-1ce3398155a9-rtx3080_topk_gate_release_v1,topk_gate.release.cub_pair.e3_t2048,topk_gate,cuda_naive,L1_kernel_body,warm,5,5,150,8.17151993513,8.176639974115,8.9758718013735,8.218897080421334,0.5355921898173048,0.06516594435683677,True
20260802T192733Z-1ce3398155a9-rtx3080_topk_gate_release_v1,topk_gate.release.cub_pair.e3_t2048,topk_gate,cuda_subwarp_pair_top2_v2,L1_kernel_body,warm,5,5,150,8.98560017347,8.94976019859,9.736703902483498,9.002052247524533,0.46286785463302726,0.05141803689934269,False
20260802T192733Z-1ce3398155a9-rtx3080_topk_gate_release_v1,topk_gate.release.cub_pair.e3_t2048,topk_gate,cuda_vector_pair_top2_v3,L1_kernel_body,warm,5,5,150,8.9753600955,8.965120017530001,10.41151994469,9.089297044277801,0.5778089177954646,0.06357025356094245,False
20260802T192733Z-1ce3398155a9-rtx3080_topk_gate_release_v1,topk_gate.release.cub_pair.e3_t256,topk_gate,cub_block_radix_top2,L1_kernel_body,warm,5,5,150,12.4006402493,12.25216031075,13.3529603481,12.339882691701334,0.5971406019789545,0.04839110848116377,False
20260802T192733Z-1ce3398155a9-rtx3080_topk_gate_release_v1,topk_gate.release.cub_pair.e3_t256,topk_gate,cuda_naive,L1_kernel_body,warm,5,5,150,8.6374399066,8.616960048675,9.32864010334,8.516061878204466,0.5356542949096221,0.06289929577432332,True
20260802T192733Z-1ce3398155a9-rtx3080_topk_gate_release_v1,topk_gate.release.cub_pair.e3_t256,topk_gate,cuda_subwarp_pair_top2_v2,L1_kernel_body,warm,5,5,150,8.81664007902,8.77568006516,9.3957120180135,8.699972267946267,0.48744823747942734,0.056028711640306796,False
20260802T192733Z-1ce3398155a9-rtx3080_topk_gate_release_v1,topk_gate.release.cub_pair.e3_t256,topk_gate,cuda_vector_pair_top2_v3,L1_kernel_body,warm,5,5,150,8.82175981998,8.84736001492,11.856384217734998,9.164731748897001,1.130824654101523,0.12338873467165262,False
20260802T192733Z-1ce3398155a9-rtx3080_topk_gate_release_v1,topk_gate.release.cub_pair.e3_t32,topk_gate,cub_block_radix_top2,L1_kernel_body,warm,5,5,150,12.9228800535,12.9075205326,14.148607790479998,12.954897109664,0.7864900166702639,0.0607098620708893,False
20260802T192733Z-1ce3398155a9-rtx3080_topk_gate_release_v1,topk_gate.release.cub_pair.e3_t32,topk_gate,cuda_naive,L1_kernel_body,warm,5,5,150,8.15615981817,8.25344026089,8.900608092547499,8.287709875901534,0.45140784356842406,0.054467138730446944,True
20260802T192733Z-1ce3398155a9-rtx3080_topk_gate_release_v1,topk_gate.release.cub_pair.e3_t32,topk_gate,cuda_subwarp_pair_top2_v2,L1_kernel_body,warm,5,5,150,8.78080010414,8.73471975327,9.5129597187,8.792678376040067,0.7811125459494654,0.08883670169012287,False
20260802T192733Z-1ce3398155a9-rtx3080_topk_gate_release_v1,topk_gate.release.cub_pair.e3_t32,topk_gate,cuda_vector_pair_top2_v3,L1_kernel_body,warm,5,5,150,8.78592014313,8.760319948195,9.43104028702,8.703931732972732,0.47421187225353484,0.05448248984503156,False
20260802T192733Z-1ce3398155a9-rtx3080_topk_gate_release_v1,topk_gate.release.cub_pair.e3_t4,topk_gate,cub_block_radix_top2,L1_kernel_body,warm,5,5,150,12.8972804546,13.0150401592,14.127616286244999,13.062963143985334,0.5730330995699282,0.04386700729794018,False
20260802T192733Z-1ce3398155a9-rtx3080_topk_gate_release_v1,topk_gate.release.cub_pair.e3_t4,topk_gate,cuda_naive,L1_kernel_body,warm,5,5,150,8.48896026611,8.494080007075,9.242112040519,8.461994651953134,0.4973892132011871,0.05877919257327627,True
20260802T192733Z-1ce3398155a9-rtx3080_topk_gate_release_v1,topk_gate.release.cub_pair.e3_t4,topk_gate,cuda_subwarp_pair_top2_v2,L1_kernel_body,warm,5,5,150,8.69376003742,8.555520176885,9.2830717563635,8.494011720021401,0.5354371280968184,0.06303701310356437,False
20260802T192733Z-1ce3398155a9-rtx3080_topk_gate_release_v1,topk_gate.release.cub_pair.e3_t4,topk_gate,cuda_vector_pair_top2_v3,L1_kernel_body,warm,5,5,150,8.3916798234,8.386560082435,9.339904189107,8.385262926419733,0.5526227251615875,0.06590404260555985,False
20260802T192733Z-1ce3398155a9-rtx3080_topk_gate_release_v1,topk_gate.release.cub_pair.e3_t4096,topk_gate,cub_block_radix_top2,L1_kernel_body,warm,5,5,150,66.3807988167,66.3859176636,73.544192791025,66.92549962998001,1.9942283692071827,0.029797735993499348,False
20260802T192733Z-1ce3398155a9-rtx3080_topk_gate_release_v1,topk_gate.release.cub_pair.e3_t4096,topk_gate,cuda_naive,L1_kernel_body,warm,5,5,150,8.30976009369,8.40703994036,9.474048018459499,8.4013738751408,0.7728258929490955,0.09198803724660375,True
20260802T192733Z-1ce3398155a9-rtx3080_topk_gate_release_v1,topk_gate.release.cub_pair.e3_t4096,topk_gate,cuda_subwarp_pair_top2_v2,L1_kernel_body,warm,5,5,150,8.514559865,8.750079870225001,9.50272023678,8.728507721423666,0.48885450518264684,0.05600665323154598,False
20260802T192733Z-1ce3398155a9-rtx3080_topk_gate_release_v1,topk_gate.release.cub_pair.e3_t4096,topk_gate,cuda_vector_pair_top2_v3,L1_kernel_body,warm,5,5,150,9.16480004787,9.13407981396,25.26515233517499,10.497706655662267,4.828727343917628,0.4599792604523868,False
20260802T192733Z-1ce3398155a9-rtx3080_topk_gate_release_v1,topk_gate.release.cub_pair.e3_t512,topk_gate,cub_block_radix_top2,L1_kernel_body,warm,5,5,150,14.5100802183,14.330880045899999,18.6777603626,15.151786653200666,1.8273756619956991,0.12060463256388869,False
20260802T192733Z-1ce3398155a9-rtx3080_topk_gate_release_v1,topk_gate.release.cub_pair.e3_t512,topk_gate,cuda_naive,L1_kernel_body,warm,5,5,150,8.25856000185,8.320000171665,9.337343841787998,8.406835202376067,0.4672859178429756,0.055584046385363205,True
20260802T192733Z-1ce3398155a9-rtx3080_topk_gate_release_v1,topk_gate.release.cub_pair.e3_t512,topk_gate,cuda_subwarp_pair_top2_v2,L1_kernel_body,warm,5,5,150,8.89855980873,8.94976019859,9.694720178841,9.026423462231268,0.3832565437945299,0.04245940215392815,False
20260802T192733Z-1ce3398155a9-rtx3080_topk_gate_release_v1,topk_gate.release.cub_pair.e3_t512,topk_gate,cuda_vector_pair_top2_v3,L1_kernel_body,warm,5,5,150,8.78592014313,8.76543998718,9.475072026251999,8.692940799395066,0.5093217318628198,0.05859026808261056,False
20260802T192733Z-1ce3398155a9-rtx3080_topk_gate_release_v1,topk_gate.release.cub_pair.e3_t64,topk_gate,cub_block_radix_top2,L1_kernel_body,warm,5,5,150,12.9126399755,12.8972804546,13.543935954590001,12.891682179769333,0.4222711228462006,0.032755315943862044,False
20260802T192733Z-1ce3398155a9-rtx3080_topk_gate_release_v1,topk_gate.release.cub_pair.e3_t64,topk_gate,cuda_naive,L1_kernel_body,warm,5,5,150,8.53504002094,8.4582400322,9.560576081276,8.5836458722756,0.6712879585780746,0.078205458212841,True
20260802T192733Z-1ce3398155a9-rtx3080_topk_gate_release_v1,topk_gate.release.cub_pair.e3_t64,topk_gate,cuda_subwarp_pair_top2_v2,L1_kernel_body,warm,5,5,150,8.83200019598,8.78592014313,9.642496109006,8.764552541573734,0.5139132843841374,0.05863542741588276,False
20260802T192733Z-1ce3398155a9-rtx3080_topk_gate_release_v1,topk_gate.release.cub_pair.e3_t64,topk_gate,cuda_vector_pair_top2_v3,L1_kernel_body,warm,5,5,150,8.7859198451,8.79615992308,9.416192173959,8.815820781390533,0.5110057684549819,0.05796462758563249,False
20260802T192733Z-1ce3398155a9-rtx3080_topk_gate_release_v1,topk_gate.release.cub_pair.e3_t8,topk_gate,cub_block_radix_top2,L1_kernel_body,warm,5,5,150,13.0611205101,13.15328001975,14.204927682845,13.176763757069333,0.6174058427292305,0.0468556509103377,False
20260802T192733Z-1ce3398155a9-rtx3080_topk_gate_release_v1,topk_gate.release.cub_pair.e3_t8,topk_gate,cuda_naive,L1_kernel_body,warm,5,5,150,8.14079999924,8.360959887505,9.3445122241935,8.472302929560266,1.739394962895833,0.20530367921890535,True
20260802T192733Z-1ce3398155a9-rtx3080_topk_gate_release_v1,topk_gate.release.cub_pair.e3_t8,topk_gate,cuda_subwarp_pair_top2_v2,L1_kernel_body,warm,5,5,150,8.6374399066,8.581120073794999,9.402368068699499,8.597503976027532,0.5093827818846166,0.059247751824823974,False
20260802T192733Z-1ce3398155a9-rtx3080_topk_gate_release_v1,topk_gate.release.cub_pair.e3_t8,topk_gate,cuda_vector_pair_top2_v3,L1_kernel_body,warm,5,5,150,8.62719982862,8.57600003481,9.083904027937,8.527052803834534,0.44031065599321734,0.05163690974157142,False
20260802T192733Z-1ce3398155a9-rtx3080_topk_gate_release_v1,topk_gate.release.cub_pair.e48_t1,topk_gate,cub_block_radix_top2,L1_kernel_body,warm,5,5,150,12.9996800423,13.122559785850001,14.1414403915,13.130274128913333,0.6432895557799767,0.04899285037495372,False
20260802T192733Z-1ce3398155a9-rtx3080_topk_gate_release_v1,topk_gate.release.cub_pair.e48_t1,topk_gate,cuda_naive,L1_kernel_body,warm,5,5,150,10.1478397846,10.024960041,10.741248071179998,9.819750408328266,1.915920537558095,0.1951088834124721,True
20260802T192733Z-1ce3398155a9-rtx3080_topk_gate_release_v1,topk_gate.release.cub_pair.e48_t1,topk_gate,cuda_subwarp_pair_top2_v2,L1_kernel_body,warm,5,5,150,8.38144004345,8.31488013268,9.044480264189497,8.343825074037333,0.4189878948009578,0.050215325834751925,False
20260802T192733Z-1ce3398155a9-rtx3080_topk_gate_release_v1,topk_gate.release.cub_pair.e48_t1,topk_gate,cuda_vector_pair_top2_v3,L1_kernel_body,warm,5,5,150,8.44799995422,8.545280098915,9.430527955294998,8.5469866752626,0.4916858973387725,0.05752739720091652,False
20260802T192733Z-1ce3398155a9-rtx3080_topk_gate_release_v1,topk_gate.release.cub_pair.e48_t1024,topk_gate,cub_block_radix_top2,L1_kernel_body,warm,5,5,150,21.294080019,21.452800035499997,22.9376006126,21.66927342415,0.5973728721343953,0.027567738910370405,False
20260802T192733Z-1ce3398155a9-rtx3080_topk_gate_release_v1,topk_gate.release.cub_pair.e48_t1024,topk_gate,cuda_naive,L1_kernel_body,warm,5,5,150,9.93279993534,9.794560074805,10.778111815445,9.838114146389,0.5545908458150486,0.05637166204445866,True
20260802T192733Z-1ce3398155a9-rtx3080_topk_gate_release_v1,topk_gate.release.cub_pair.e48_t1024,topk_gate,cuda_subwarp_pair_top2_v2,L1_kernel_body,warm,5,5,150,8.40703994036,8.627200126645,10.486783981344999,8.974062927564734,0.9125699830187199,0.10168972408424613,False
20260802T192733Z-1ce3398155a9-rtx3080_topk_gate_release_v1,topk_gate.release.cub_pair.e48_t1024,topk_gate,cuda_vector_pair_top2_v3,L1_kernel_body,warm,5,5,150,9.82015997171,9.896960258485,10.660864114745,9.939012245336734,0.41914658512935743,0.04217185518873025,False
20260802T192733Z-1ce3398155a9-rtx3080_topk_gate_release_v1,topk_gate.release.cub_pair.e48_t128,topk_gate,cub_block_radix_top2,L1_kernel_body,warm,5,5,150,12.9587197304,12.9740798473,13.879808127869996,12.951893353463333,0.5659604017640479,0.0436971171950478,False
20260802T192733Z-1ce3398155a9-rtx3080_topk_gate_release_v1,topk_gate.release.cub_pair.e48_t128,topk_gate,cuda_naive,L1_kernel_body,warm,5,5,150,9.99935984612,10.0147199631,10.913279652589999,10.024277349313,0.5993548760042474,0.059790332521607994,True
20260802T192733Z-1ce3398155a9-rtx3080_topk_gate_release_v1,topk_gate.release.cub_pair.e48_t128,topk_gate,cuda_subwarp_pair_top2_v2,L1_kernel_body,warm,5,5,150,8.24831992388,8.38656008244,11.054080069079998,8.774519463379534,1.0432106539435189,0.11889091571308943,False
20260802T192733Z-1ce3398155a9-rtx3080_topk_gate_release_v1,topk_gate.release.cub_pair.e48_t128,topk_gate,cuda_vector_pair_top2_v3,L1_kernel_body,warm,5,5,150,8.42751979828,8.38656008244,9.2933118343335,8.4104533076284,0.471224956202884,0.056028484906452826,False
20260802T192733Z-1ce3398155a9-rtx3080_topk_gate_release_v1,topk_gate.release.cub_pair.e48_t16,topk_gate,cub_block_radix_top2,L1_kernel_body,warm,5,5,150,13.1942403316,13.0969595909,14.1219842434,13.046988789239334,0.7130177128686717,0.05464998279578057,False
20260802T192733Z-1ce3398155a9-rtx3080_topk_gate_release_v1,topk_gate.release.cub_pair.e48_t16,topk_gate,cuda_naive,L1_kernel_body,warm,5,5,150,10.5574399233,10.43967962265,11.031551897535,10.3615828673042,0.5532826050706607,0.053397498447513715,True
20260802T192733Z-1ce3398155a9-rtx3080_topk_gate_release_v1,topk_gate.release.cub_pair.e48_t16,topk_gate,cuda_subwarp_pair_top2_v2,L1_kernel_body,warm,5,5,150,8.37119996548,8.473600149155,9.500159889460999,8.530534394582133,0.5700277885302855,0.06682204914293745,False
20260802T192733Z-1ce3398155a9-rtx3080_topk_gate_release_v1,topk_gate.release.cub_pair.e48_t16,topk_gate,cuda_vector_pair_top2_v3,L1_kernel_body,warm,5,5,150,8.6067199707,8.483840227125,9.5308801233755,8.560639993349467,0.5763473416907947,0.06732526331425497,False
20260802T192733Z-1ce3398155a9-rtx3080_topk_gate_release_v1,topk_gate.release.cub_pair.e48_t2,topk_gate,cub_block_radix_top2,L1_kernel_body,warm,5,5,150,13.0150401592,13.0150401592,14.193663597099999,13.082828799883334,0.5952822402141652,0.045501034166209806,False
20260802T192733Z-1ce3398155a9-rtx3080_topk_gate_release_v1,topk_gate.release.cub_pair.e48_t2,topk_gate,cuda_naive,L1_kernel_body,warm,5,5,150,10.3116798401,10.24512052535,11.207680046579998,10.032196263475067,0.8430636542333051,0.08403580154255028,True
20260802T192733Z-1ce3398155a9-rtx3080_topk_gate_release_v1,topk_gate.release.cub_pair.e48_t2,topk_gate,cuda_subwarp_pair_top2_v2,L1_kernel_body,warm,5,5,150,8.35072010756,8.27391982079,8.881151944398999,8.286412803331933,0.3567007587564887,0.04304646259151617,False
20260802T192733Z-1ce3398155a9-rtx3080_topk_gate_release_v1,topk_gate.release.cub_pair.e48_t2,topk_gate,cuda_vector_pair_top2_v3,L1_kernel_body,warm,5,5,150,8.19711983204,8.18175971508,8.962047964332,8.230161046981467,0.354700159406512,0.04309759643605073,False
20260802T192733Z-1ce3398155a9-rtx3080_topk_gate_release_v1,topk_gate.release.cub_pair.e48_t2048,topk_gate,cub_block_radix_top2,L1_kernel_body,warm,5,5,150,43.7811207771,43.06432008745,46.680574893935,40.64535902341933,5.090104390448405,0.12523211782962854,False
20260802T192733Z-1ce3398155a9-rtx3080_topk_gate_release_v1,topk_gate.release.cub_pair.e48_t2048,topk_gate,cuda_naive,L1_kernel_body,warm,5,5,150,10.1017600298,10.081280469900001,10.798079967535,10.071176509060733,0.4080657733817972,0.04051818305583988,True
20260802T192733Z-1ce3398155a9-rtx3080_topk_gate_release_v1,topk_gate.release.cub_pair.e48_t2048,topk_gate,cuda_subwarp_pair_top2_v2,L1_kernel_body,warm,5,5,150,9.46175992489,9.548799991605,10.778111815445,9.637137071287533,0.64247527702103,0.0666666119064751,False
20260802T192733Z-1ce3398155a9-rtx3080_topk_gate_release_v1,topk_gate.release.cub_pair.e48_t2048,topk_gate,cuda_vector_pair_top2_v3,L1_kernel_body,warm,5,5,150,9.5232000947,9.64095979929,10.686976313599999,9.649152016641333,0.62841214289386,0.06512615220592173,False
20260802T192733Z-1ce3398155a9-rtx3080_topk_gate_release_v1,topk_gate.release.cub_pair.e48_t256,topk_gate,cub_block_radix_top2,L1_kernel_body,warm,5,5,150,11.9910401106,12.006399631499999,13.051392436,12.095829367636668,0.5227222192049273,0.04321507879430833,False
20260802T192733Z-1ce3398155a9-rtx3080_topk_gate_release_v1,topk_gate.release.cub_pair.e48_t256,topk_gate,cuda_naive,L1_kernel_body,warm,5,5,150,9.84575986862,9.794560074805,10.814464092245,9.777902956805733,0.586517931502414,0.05998402050965119,True
20260802T192733Z-1ce3398155a9-rtx3080_topk_gate_release_v1,topk_gate.release.cub_pair.e48_t256,topk_gate,cuda_subwarp_pair_top2_v2,L1_kernel_body,warm,5,5,150,8.33023995161,8.3046400547,9.396223962308998,8.416324261823934,0.5829901343903423,0.06926897256499005,False
20260802T192733Z-1ce3398155a9-rtx3080_topk_gate_release_v1,topk_gate.release.cub_pair.e48_t256,topk_gate,cuda_vector_pair_top2_v3,L1_kernel_body,warm,5,5,150,8.39680016041,8.422399759295,9.3644800484185,8.5125802755352,0.5086273868306123,0.059750084036491985,False
20260802T192733Z-1ce3398155a9-rtx3080_topk_gate_release_v1,topk_gate.release.cub_pair.e48_t32,topk_gate,cub_block_radix_top2,L1_kernel_body,warm,5,5,150,13.2403200865,13.1584000587,14.133248329145,13.193011196450666,0.5766052969574126,0.043705359479459666,False
20260802T192733Z-1ce3398155a9-rtx3080_topk_gate_release_v1,topk_gate.release.cub_pair.e48_t32,topk_gate,cuda_naive,L1_kernel_body,warm,5,5,150,10.3782403469,10.373120307899999,11.106815934144999,10.2819840470936,0.5072356903346125,0.049332472022069744,True
20260802T192733Z-1ce3398155a9-rtx3080_topk_gate_release_v1,topk_gate.release.cub_pair.e48_t32,topk_gate,cuda_subwarp_pair_top2_v2,L1_kernel_body,warm,5,5,150,8.51967990398,8.391680121425,9.5390719175335,8.516607987881265,0.527186287195092,0.06190096901785939,False
20260802T192733Z-1ce3398155a9-rtx3080_topk_gate_release_v1,topk_gate.release.cub_pair.e48_t32,topk_gate,cuda_vector_pair_top2_v3,L1_kernel_body,warm,5,5,150,8.41727972031,8.360959887505,9.230336219071498,8.391748253504266,0.5024154271219438,0.059870173883271906,False
20260802T192733Z-1ce3398155a9-rtx3080_topk_gate_release_v1,topk_gate.release.cub_pair.e48_t4,topk_gate,cub_block_radix_top2,L1_kernel_body,warm,5,5,150,13.388800025,13.3683204651,14.4337922335,13.418632594744667,0.704994251137279,0.05253845696717161,False
20260802T192733Z-1ce3398155a9-rtx3080_topk_gate_release_v1,topk_gate.release.cub_pair.e48_t4,topk_gate,cuda_naive,L1_kernel_body,warm,5,5,150,10.1017600298,9.9481600523,10.743808090689999,9.667993581293468,0.9270792290782549,0.09589158508256086,True
20260802T192733Z-1ce3398155a9-rtx3080_topk_gate_release_v1,topk_gate.release.cub_pair.e48_t4,topk_gate,cuda_subwarp_pair_top2_v2,L1_kernel_body,warm,5,5,150,8.29952001572,8.30976009369,9.380352169277499,8.383488031228733,0.5195435381543851,0.06197224069731722,False
20260802T192733Z-1ce3398155a9-rtx3080_topk_gate_release_v1,topk_gate.release.cub_pair.e48_t4,topk_gate,cuda_vector_pair_top2_v3,L1_kernel_body,warm,5,5,150,8.20223987103,8.23296010494,9.135103821752498,8.284364787738067,0.44846130363855413,0.05413345683453425,False
20260802T192733Z-1ce3398155a9-rtx3080_topk_gate_release_v1,topk_gate.release.cub_pair.e48_t4096,topk_gate,cub_block_radix_top2,L1_kernel_body,warm,5,5,150,66.7801594734,66.8057584763,74.36851215361,67.44330234527666,2.1501728471013424,0.031881191642922684,False
20260802T192733Z-1ce3398155a9-rtx3080_topk_gate_release_v1,topk_gate.release.cub_pair.e48_t4096,topk_gate,cuda_naive,L1_kernel_body,warm,5,5,150,10.1478397846,10.1375997066,11.034623920924997,10.163473041847533,0.5076309691096276,0.049946604573012136,True
20260802T192733Z-1ce3398155a9-rtx3080_topk_gate_release_v1,topk_gate.release.cub_pair.e48_t4096,topk_gate,cuda_subwarp_pair_top2_v2,L1_kernel_body,warm,5,5,150,13.3376002312,12.96895980835,14.219264328479998,12.677802681926,1.0969984196369715,0.08652906557702604,False
20260802T192733Z-1ce3398155a9-rtx3080_topk_gate_release_v1,topk_gate.release.cub_pair.e48_t4096,topk_gate,cuda_vector_pair_top2_v3,L1_kernel_body,warm,5,5,150,13.2659196854,13.2607996464,14.291456341744999,13.35534932613,0.610772757174544,0.04573244340225196,False
20260802T192733Z-1ce3398155a9-rtx3080_topk_gate_release_v1,topk_gate.release.cub_pair.e48_t512,topk_gate,cub_block_radix_top2,L1_kernel_body,warm,5,5,150,12.8665602207,12.9126405716,17.867264032349997,13.795942409828667,1.732358820394949,0.12557016903468382,False
20260802T192733Z-1ce3398155a9-rtx3080_topk_gate_release_v1,topk_gate.release.cub_pair.e48_t512,topk_gate,cuda_naive,L1_kernel_body,warm,5,5,150,9.85087990761,9.79968011379,10.969088077544999,9.885354650019801,0.6575073232501073,0.06651327610676976,True
20260802T192733Z-1ce3398155a9-rtx3080_topk_gate_release_v1,topk_gate.release.cub_pair.e48_t512,topk_gate,cuda_subwarp_pair_top2_v2,L1_kernel_body,warm,5,5,150,8.89856010675,8.87808024883,22.756351232544997,10.726058642069868,4.91575800500188,0.458300496859232,False
20260802T192733Z-1ce3398155a9-rtx3080_topk_gate_release_v1,topk_gate.release.cub_pair.e48_t512,topk_gate,cuda_vector_pair_top2_v3,L1_kernel_body,warm,5,5,150,8.66815984249,8.688639998435,9.6926718950235,8.733695995807867,0.45853365929067347,0.052501673920270116,False
20260802T192733Z-1ce3398155a9-rtx3080_topk_gate_release_v1,topk_gate.release.cub_pair.e48_t64,topk_gate,cub_block_radix_top2,L1_kernel_body,warm,5,5,150,12.8819203377,12.81023979185,13.8240003586,12.736511961618,0.6615864514242207,0.05194408433156099,False
20260802T192733Z-1ce3398155a9-rtx3080_topk_gate_release_v1,topk_gate.release.cub_pair.e48_t64,topk_gate,cuda_naive,L1_kernel_body,warm,5,5,150,10.0915205479,10.06080031395,11.007487714279998,10.2921557704588,2.086846873655204,0.2027609103668062,True
20260802T192733Z-1ce3398155a9-rtx3080_topk_gate_release_v1,topk_gate.release.cub_pair.e48_t64,topk_gate,cuda_subwarp_pair_top2_v2,L1_kernel_body,warm,5,5,150,8.4582400322,8.442879915235,9.4182398617255,8.514150408903266,0.5032674395466431,0.059109531236419696,False
20260802T192733Z-1ce3398155a9-rtx3080_topk_gate_release_v1,topk_gate.release.cub_pair.e48_t64,topk_gate,cuda_vector_pair_top2_v3,L1_kernel_body,warm,5,5,150,8.3046400547,8.39680016041,9.303551912309,8.425540268421267,0.5004035408377244,0.059391270458136136,False
20260802T192733Z-1ce3398155a9-rtx3080_topk_gate_release_v1,topk_gate.release.cub_pair.e48_t8,topk_gate,cub_block_radix_top2,L1_kernel_body,warm,5,5,150,12.5951999426,12.549120187749999,13.639168143289996,12.609945615131334,0.6440891399812072,0.051077868187498834,False
20260802T192733Z-1ce3398155a9-rtx3080_topk_gate_release_v1,topk_gate.release.cub_pair.e48_t8,topk_gate,cuda_naive,L1_kernel_body,warm,5,5,150,10.4396796227,10.3628802299,10.956799984,10.189619247118667,0.7061537803852883,0.06930129215426459,True
20260802T192733Z-1ce3398155a9-rtx3080_topk_gate_release_v1,topk_gate.release.cub_pair.e48_t8,topk_gate,cuda_subwarp_pair_top2_v2,L1_kernel_body,warm,5,5,150,8.23808014393,8.273919820785,9.4059520959835,8.372087462743067,0.46771465241049853,0.05586595392032066,False
20260802T192733Z-1ce3398155a9-rtx3080_topk_gate_release_v1,topk_gate.release.cub_pair.e48_t8,topk_gate,cuda_vector_pair_top2_v3,L1_kernel_body,warm,5,5,150,8.35583984852,8.30976009369,9.305599927903,8.3666943987214,0.49360515211043815,0.0589964361774551,False
20260802T192733Z-1ce3398155a9-rtx3080_topk_gate_release_v1,topk_gate.release.cub_pair.e4_t1,topk_gate,cub_block_radix_top2,L1_kernel_body,warm,5,5,150,12.8870397806,12.93823957445,13.902335762945,12.941516820585333,0.5907158439441086,0.04564502385102885,False
20260802T192733Z-1ce3398155a9-rtx3080_topk_gate_release_v1,topk_gate.release.cub_pair.e4_t1,topk_gate,cuda_naive,L1_kernel_body,warm,5,5,150,8.31488013268,8.44799995422,9.165824055672498,8.394956803322067,0.5192492234671974,0.061852518795775004,True
20260802T192733Z-1ce3398155a9-rtx3080_topk_gate_release_v1,topk_gate.release.cub_pair.e4_t1,topk_gate,cuda_subwarp_pair_top2_v2,L1_kernel_body,warm,5,5,150,8.76543998718,8.780800104145,9.55392003059,8.813158388932667,0.41905807636047854,0.0475491370819706,False
20260802T192733Z-1ce3398155a9-rtx3080_topk_gate_release_v1,topk_gate.release.cub_pair.e4_t1,topk_gate,cuda_vector_pair_top2_v3,L1_kernel_body,warm,5,5,150,8.53504002094,8.61184000969,9.0792959928505,8.607470933596,0.3341303196452558,0.038818640483711045,False
20260802T192733Z-1ce3398155a9-rtx3080_topk_gate_release_v1,topk_gate.release.cub_pair.e4_t1024,topk_gate,cub_block_radix_top2,L1_kernel_body,warm,5,5,150,21.278719902,21.3811206818,23.543808460245,21.701700337724667,0.7968413257890458,0.036717921332821764,False
20260802T192733Z-1ce3398155a9-rtx3080_topk_gate_release_v1,topk_gate.release.cub_pair.e4_t1024,topk_gate,cuda_naive,L1_kernel_body,warm,5,5,150,8.24831992388,8.16128015518,8.9815038442625,8.185582939783867,0.4784108688393694,0.058445546561403654,True
20260802T192733Z-1ce3398155a9-rtx3080_topk_gate_release_v1,topk_gate.release.cub_pair.e4_t1024,topk_gate,cuda_subwarp_pair_top2_v2,L1_kernel_body,warm,5,5,150,8.45311999321,8.4582400322,9.16480004787,8.454621867339133,0.4270806391225429,0.050514457751491985,False
20260802T192733Z-1ce3398155a9-rtx3080_topk_gate_release_v1,topk_gate.release.cub_pair.e4_t1024,topk_gate,cuda_vector_pair_top2_v3,L1_kernel_body,warm,5,5,150,8.7859198451,8.73471975327,9.3649917840935,8.738474655151734,0.3594272297856806,0.04113157547167361,False
20260802T192733Z-1ce3398155a9-rtx3080_topk_gate_release_v1,topk_gate.release.cub_pair.e4_t128,topk_gate,cub_block_radix_top2,L1_kernel_body,warm,5,5,150,12.9740798473,13.1123197079,14.2335999012,13.156761614483333,0.627367017913504,0.04768399977870548,False
20260802T192733Z-1ce3398155a9-rtx3080_topk_gate_release_v1,topk_gate.release.cub_pair.e4_t128,topk_gate,cuda_naive,L1_kernel_body,warm,5,5,150,8.55551987886,8.48896026611,9.650688111778997,8.556134418647,0.6450826258072123,0.07539416683325326,True
20260802T192733Z-1ce3398155a9-rtx3080_topk_gate_release_v1,topk_gate.release.cub_pair.e4_t128,topk_gate,cuda_subwarp_pair_top2_v2,L1_kernel_body,warm,5,5,150,8.55552017689,8.545280098915,9.299967885019498,8.6011904239652,1.7003066738853991,0.19768271484234246,False
20260802T192733Z-1ce3398155a9-rtx3080_topk_gate_release_v1,topk_gate.release.cub_pair.e4_t128,topk_gate,cuda_vector_pair_top2_v3,L1_kernel_body,warm,5,5,150,8.78592014313,8.719360232355,9.4776320457435,8.673962664605,0.5071349713800104,0.05846635395946849,False
20260802T192733Z-1ce3398155a9-rtx3080_topk_gate_release_v1,topk_gate.release.cub_pair.e4_t16,topk_gate,cub_block_radix_top2,L1_kernel_body,warm,5,5,150,13.0508804321,13.050880432100001,14.1470724344,13.022139716146,0.6727900454123028,0.05166509191865898,False
20260802T192733Z-1ce3398155a9-rtx3080_topk_gate_release_v1,topk_gate.release.cub_pair.e4_t16,topk_gate,cuda_naive,L1_kernel_body,warm,5,5,150,8.68863999844,8.77568006516,9.96044823529649,8.754244256019733,0.6250353456471678,0.07139797878239129,True
20260802T192733Z-1ce3398155a9-rtx3080_topk_gate_release_v1,topk_gate.release.cub_pair.e4_t16,topk_gate,cuda_subwarp_pair_top2_v2,L1_kernel_body,warm,5,5,150,8.80127996206,8.84223997593,55.69228744506,18.343048532803934,18.587575855641262,1.0133307897212411,False
20260802T192733Z-1ce3398155a9-rtx3080_topk_gate_release_v1,topk_gate.release.cub_pair.e4_t16,topk_gate,cuda_vector_pair_top2_v3,L1_kernel_body,warm,5,5,150,8.70400011539,8.58111977577,9.680896013973996,8.615048547586133,0.8949823779210462,0.10388593552056222,False
20260802T192733Z-1ce3398155a9-rtx3080_topk_gate_release_v1,topk_gate.release.cub_pair.e4_t2,topk_gate,cub_block_radix_top2,L1_kernel_body,warm,5,5,150,12.9280000925,13.08160007,13.88288015129,13.061529588700667,0.6726711960248313,0.051500185445872204,False
20260802T192733Z-1ce3398155a9-rtx3080_topk_gate_release_v1,topk_gate.release.cub_pair.e4_t2,topk_gate,cuda_naive,L1_kernel_body,warm,5,5,150,8.53504002094,8.596479892729999,9.406976103786,8.566579190890401,0.5562739917916423,0.06493537027979353,True
20260802T192733Z-1ce3398155a9-rtx3080_topk_gate_release_v1,topk_gate.release.cub_pair.e4_t2,topk_gate,cuda_subwarp_pair_top2_v2,L1_kernel_body,warm,5,5,150,8.64256024361,8.61184000969,9.4776320457435,8.650137599309666,0.49613399853465634,0.0573556192417391,False
20260802T192733Z-1ce3398155a9-rtx3080_topk_gate_release_v1,topk_gate.release.cub_pair.e4_t2,topk_gate,cuda_vector_pair_top2_v3,L1_kernel_body,warm,5,5,150,8.68351995945,8.60159993172,9.28767979145,8.568285878499466,0.4909382522197004,0.05729713727825298,False
20260802T192733Z-1ce3398155a9-rtx3080_topk_gate_release_v1,topk_gate.release.cub_pair.e4_t2048,topk_gate,cub_block_radix_top2,L1_kernel_body,warm,5,5,150,35.5993592739,35.7529604435,45.697023868535,38.842777538298,4.506914578378712,0.11602966790763115,False
20260802T192733Z-1ce3398155a9-rtx3080_topk_gate_release_v1,topk_gate.release.cub_pair.e4_t2048,topk_gate,cuda_naive,L1_kernel_body,warm,5,5,150,8.77568006516,8.41727972031,9.350143939255,8.352426656087534,0.6308412476937707,0.07552790029398128,True
20260802T192733Z-1ce3398155a9-rtx3080_topk_gate_release_v1,topk_gate.release.cub_pair.e4_t2048,topk_gate,cuda_subwarp_pair_top2_v2,L1_kernel_body,warm,5,5,150,8.89855980873,8.724479973314999,9.475072026251999,8.743935986359334,0.4322731306580236,0.0494369047683304,False
20260802T192733Z-1ce3398155a9-rtx3080_topk_gate_release_v1,topk_gate.release.cub_pair.e4_t2048,topk_gate,cuda_vector_pair_top2_v3,L1_kernel_body,warm,5,5,150,8.80127996206,8.74495983124,9.3224957287315,8.7677610596024,0.3880733048623677,0.04426139150283437,False
20260802T192733Z-1ce3398155a9-rtx3080_topk_gate_release_v1,topk_gate.release.cub_pair.e4_t256,topk_gate,cub_block_radix_top2,L1_kernel_body,warm,5,5,150,11.9244801998,11.98591947555,12.88499236109,12.072072561583333,0.45839973615415147,0.037971916902894205,False
20260802T192733Z-1ce3398155a9-rtx3080_topk_gate_release_v1,topk_gate.release.cub_pair.e4_t256,topk_gate,cuda_naive,L1_kernel_body,warm,5,5,150,8.38655978441,8.35583984852,9.380863904952498,8.340684803327333,0.5595997991544361,0.06709278822419906,True
20260802T192733Z-1ce3398155a9-rtx3080_topk_gate_release_v1,topk_gate.release.cub_pair.e4_t256,topk_gate,cuda_subwarp_pair_top2_v2,L1_kernel_body,warm,5,5,150,8.62208008766,8.63232016563,52.383231401435,12.9197397510204,12.735802038527599,0.9857630481698926,False
20260802T192733Z-1ce3398155a9-rtx3080_topk_gate_release_v1,topk_gate.release.cub_pair.e4_t256,topk_gate,cuda_vector_pair_top2_v3,L1_kernel_body,warm,5,5,150,8.7296000123,8.739839792255,9.339904189107,8.7699456016228,0.4853695364856905,0.055344646196651116,False
20260802T192733Z-1ce3398155a9-rtx3080_topk_gate_release_v1,topk_gate.release.cub_pair.e4_t32,topk_gate,cub_block_radix_top2,L1_kernel_body,warm,5,5,150,13.1840002537,13.204480409599999,14.235647916789999,13.194444807369333,0.7696228163482056,0.05832930658199104,False
20260802T192733Z-1ce3398155a9-rtx3080_topk_gate_release_v1,topk_gate.release.cub_pair.e4_t32,topk_gate,cuda_naive,L1_kernel_body,warm,5,5,150,8.70912015438,8.4582400322,9.3649917840935,8.42895359993,0.5785518716562248,0.06863863524661347,True
20260802T192733Z-1ce3398155a9-rtx3080_topk_gate_release_v1,topk_gate.release.cub_pair.e4_t32,topk_gate,cuda_subwarp_pair_top2_v2,L1_kernel_body,warm,5,5,150,8.65791976452,8.67327988148,10.200063824659985,8.818483181794733,0.8249340044202591,0.09354602003701605,False
20260802T192733Z-1ce3398155a9-rtx3080_topk_gate_release_v1,topk_gate.release.cub_pair.e4_t32,topk_gate,cuda_vector_pair_top2_v3,L1_kernel_body,warm,5,5,150,8.39680016041,8.386560082435,9.207808047531998,8.3425280014674,0.5721276997090257,0.06857965590386893,False
20260802T192733Z-1ce3398155a9-rtx3080_topk_gate_release_v1,topk_gate.release.cub_pair.e4_t4,topk_gate,cub_block_radix_top2,L1_kernel_body,warm,5,5,150,13.1020796299,13.10719966885,14.17318397759,13.108565354346,0.6626112353029273,0.05054795985612917,False
20260802T192733Z-1ce3398155a9-rtx3080_topk_gate_release_v1,topk_gate.release.cub_pair.e4_t4,topk_gate,cuda_naive,L1_kernel_body,warm,5,5,150,8.67839992046,8.616960048675,9.39007997513,8.615253357092934,0.480554172534652,0.055779459130939194,True
20260802T192733Z-1ce3398155a9-rtx3080_topk_gate_release_v1,topk_gate.release.cub_pair.e4_t4,topk_gate,cuda_subwarp_pair_top2_v2,L1_kernel_body,warm,5,5,150,8.67327988148,8.688639998435,9.446400076154,8.722978146871133,0.4015793061490308,0.04603694969625417,False
20260802T192733Z-1ce3398155a9-rtx3080_topk_gate_release_v1,topk_gate.release.cub_pair.e4_t4,topk_gate,cuda_vector_pair_top2_v3,L1_kernel_body,warm,5,5,150,8.64255994558,8.657919764515,9.310207962989498,8.644539733728267,0.38813733470627043,0.0448997108766683,False
20260802T192733Z-1ce3398155a9-rtx3080_topk_gate_release_v1,topk_gate.release.cub_pair.e4_t4096,topk_gate,cub_block_radix_top2,L1_kernel_body,warm,5,5,150,66.3859176636,66.3961601257,74.36851215361,67.33011620840067,2.5648351522029462,0.03809343124054992,False
20260802T192733Z-1ce3398155a9-rtx3080_topk_gate_release_v1,topk_gate.release.cub_pair.e4_t4096,topk_gate,cuda_naive,L1_kernel_body,warm,5,5,150,8.43263983727,8.25856000185,11.319295704334998,8.606037346521866,1.2130382023158883,0.14095200305006092,True
20260802T192733Z-1ce3398155a9-rtx3080_topk_gate_release_v1,topk_gate.release.cub_pair.e4_t4096,topk_gate,cuda_subwarp_pair_top2_v2,L1_kernel_body,warm,5,5,150,9.00608003139,8.9087998867,9.487872123719,8.907571184635467,0.5168065282023441,0.05801879294479013,False
20260802T192733Z-1ce3398155a9-rtx3080_topk_gate_release_v1,topk_gate.release.cub_pair.e4_t4096,topk_gate,cuda_vector_pair_top2_v3,L1_kernel_body,warm,5,5,150,8.99071991444,8.995839953425,9.524223804472499,9.0611029346782,0.31111474912655057,0.034335196429108844,False
20260802T192733Z-1ce3398155a9-rtx3080_topk_gate_release_v1,topk_gate.release.cub_pair.e4_t512,topk_gate,cub_block_radix_top2,L1_kernel_body,warm,5,5,150,14.3513596058,14.40255999565,18.25075203179,15.164893881476667,1.6157836294245873,0.10654763838461176,False
20260802T192733Z-1ce3398155a9-rtx3080_topk_gate_release_v1,topk_gate.release.cub_pair.e4_t512,topk_gate,cuda_naive,L1_kernel_body,warm,5,5,150,8.37632000446,8.40704023838,9.42080020905,8.381986117362867,0.6068609599078567,0.0724006162036912,True
20260802T192733Z-1ce3398155a9-rtx3080_topk_gate_release_v1,topk_gate.release.cub_pair.e4_t512,topk_gate,cuda_subwarp_pair_top2_v2,L1_kernel_body,warm,5,5,150,8.77568006516,8.74495983124,9.2625921964635,8.740113071600401,0.37001546809670577,0.042335318212187875,False
20260802T192733Z-1ce3398155a9-rtx3080_topk_gate_release_v1,topk_gate.release.cub_pair.e4_t512,topk_gate,cuda_vector_pair_top2_v3,L1_kernel_body,warm,5,5,150,8.70912015438,8.64256024361,9.1909122467035,8.654438416162934,0.3500803879503938,0.04045096528696623,False
20260802T192733Z-1ce3398155a9-rtx3080_topk_gate_release_v1,topk_gate.release.cub_pair.e4_t64,topk_gate,cub_block_radix_top2,L1_kernel_body,warm,5,5,150,12.9023998976,12.9023998976,14.211583614349994,13.002615467707999,0.6056571931085517,0.04657964350423971,False
20260802T192733Z-1ce3398155a9-rtx3080_topk_gate_release_v1,topk_gate.release.cub_pair.e4_t64,topk_gate,cuda_naive,L1_kernel_body,warm,5,5,150,8.56064021587,8.56064021587,10.700799763214995,8.708778699238866,0.8490153896765994,0.09748960434036542,True
20260802T192733Z-1ce3398155a9-rtx3080_topk_gate_release_v1,topk_gate.release.cub_pair.e4_t64,topk_gate,cuda_subwarp_pair_top2_v2,L1_kernel_body,warm,5,5,150,8.78080010414,8.67839992046,9.294335842136,8.6093141635262,0.5117158335780154,0.05943746782361895,False
20260802T192733Z-1ce3398155a9-rtx3080_topk_gate_release_v1,topk_gate.release.cub_pair.e4_t64,topk_gate,cuda_vector_pair_top2_v3,L1_kernel_body,warm,5,5,150,8.56064021587,8.616960048675,9.259520113469497,8.642628292242867,0.369406264906726,0.04274235248995773,False
20260802T192733Z-1ce3398155a9-rtx3080_topk_gate_release_v1,topk_gate.release.cub_pair.e4_t8,topk_gate,cub_block_radix_top2,L1_kernel_body,warm,5,5,150,12.9228800535,12.86144018175,13.852159917389997,12.826487445831333,0.7046570141569204,0.05493764502033931,False
20260802T192733Z-1ce3398155a9-rtx3080_topk_gate_release_v1,topk_gate.release.cub_pair.e4_t8,topk_gate,cuda_naive,L1_kernel_body,warm,5,5,150,8.37632000446,8.50943982601,9.3445122241935,8.460902396837467,0.5528012015016386,0.06533596247467241,True
20260802T192733Z-1ce3398155a9-rtx3080_topk_gate_release_v1,topk_gate.release.cub_pair.e4_t8,topk_gate,cuda_subwarp_pair_top2_v2,L1_kernel_body,warm,5,5,150,8.48384022713,8.52991998196,9.160192012783499,8.472166395187468,0.4632967811058177,0.054684570568513495,False
20260802T192733Z-1ce3398155a9-rtx3080_topk_gate_release_v1,topk_gate.release.cub_pair.e4_t8,topk_gate,cuda_vector_pair_top2_v3,L1_kernel_body,warm,5,5,150,8.51967990398,8.50943982601,9.217023849487,8.555997880300266,0.3684799008780023,0.043066852754417795,False
20260802T192733Z-1ce3398155a9-rtx3080_topk_gate_release_v1,topk_gate.release.cub_pair.e63_t1,topk_gate,cub_block_radix_top2,L1_kernel_body,warm,5,5,150,12.9894405603,12.8358399868,13.8250243664,12.847240527472,0.7248018305998963,0.056416926969648507,False
20260802T192733Z-1ce3398155a9-rtx3080_topk_gate_release_v1,topk_gate.release.cub_pair.e63_t1,topk_gate,cuda_naive,L1_kernel_body,warm,5,5,150,9.85088020563,9.83039975166,10.7632637024,9.8312874754278,0.6245906488991008,0.06353091092699659,True
20260802T192733Z-1ce3398155a9-rtx3080_topk_gate_release_v1,topk_gate.release.cub_pair.e63_t1,topk_gate,cuda_subwarp_pair_top2_v2,L1_kernel_body,warm,5,5,150,8.32000017166,8.350719809535,9.880063802008,8.475033617020868,0.6405901447713214,0.07558555797168634,False
20260802T192733Z-1ce3398155a9-rtx3080_topk_gate_release_v1,topk_gate.release.cub_pair.e63_t1,topk_gate,cuda_vector_pair_top2_v3,L1_kernel_body,warm,5,5,150,8.7859198451,8.581120073794999,9.6527361869805,8.639078414439867,0.6021686947085382,0.06970288563442575,False
20260802T192733Z-1ce3398155a9-rtx3080_topk_gate_release_v1,topk_gate.release.cub_pair.e63_t1024,topk_gate,cub_block_radix_top2,L1_kernel_body,warm,5,5,150,21.4681589603,21.53983950615,23.13062369819,21.81290659904067,0.6599513352680956,0.03025508463402673,False
20260802T192733Z-1ce3398155a9-rtx3080_topk_gate_release_v1,topk_gate.release.cub_pair.e63_t1024,topk_gate,cuda_naive,L1_kernel_body,warm,5,5,150,11.545599699,11.586560010900001,13.502976298345,11.855735468868,0.8744853057155915,0.07376052780630137,True
20260802T192733Z-1ce3398155a9-rtx3080_topk_gate_release_v1,topk_gate.release.cub_pair.e63_t1024,topk_gate,cuda_subwarp_pair_top2_v2,L1_kernel_body,warm,5,5,150,9.85599994659,9.82015997171,10.587648093679999,9.602457610763,0.8175381224808141,0.08513842555935569,False
20260802T192733Z-1ce3398155a9-rtx3080_topk_gate_release_v1,topk_gate.release.cub_pair.e63_t1024,topk_gate,cuda_vector_pair_top2_v3,L1_kernel_body,warm,5,5,150,9.92256015539,9.886720180515,10.822144150689999,9.932185590267332,0.504392099659774,0.05078359592414724,False
20260802T192733Z-1ce3398155a9-rtx3080_topk_gate_release_v1,topk_gate.release.cub_pair.e63_t128,topk_gate,cub_block_radix_top2,L1_kernel_body,warm,5,5,150,12.9075199366,12.999680042249999,15.684096217145,13.31718827089,1.1918355975043575,0.08949603874787797,False
20260802T192733Z-1ce3398155a9-rtx3080_topk_gate_release_v1,topk_gate.release.cub_pair.e63_t128,topk_gate,cuda_naive,L1_kernel_body,warm,5,5,150,9.57952022552,9.497600197795,10.883071959024997,9.555899739265733,0.6679271788575093,0.06989683829696942,True
20260802T192733Z-1ce3398155a9-rtx3080_topk_gate_release_v1,topk_gate.release.cub_pair.e63_t128,topk_gate,cuda_subwarp_pair_top2_v2,L1_kernel_body,warm,5,5,150,8.22784006596,8.25344026089,9.187327891587499,8.346965340773266,0.46507288370364414,0.05571760091441324,False
20260802T192733Z-1ce3398155a9-rtx3080_topk_gate_release_v1,topk_gate.release.cub_pair.e63_t128,topk_gate,cuda_vector_pair_top2_v3,L1_kernel_body,warm,5,5,150,8.35583984852,8.5504001379,9.53343987465,8.599620266755334,0.5067971788793573,0.058932506687364876,False
20260802T192733Z-1ce3398155a9-rtx3080_topk_gate_release_v1,topk_gate.release.cub_pair.e63_t16,topk_gate,cub_block_radix_top2,L1_kernel_body,warm,5,5,150,13.1635200977,13.2863998413,14.203903675100001,13.251993616422,0.5864568336412805,0.044254234541324974,False
20260802T192733Z-1ce3398155a9-rtx3080_topk_gate_release_v1,topk_gate.release.cub_pair.e63_t16,topk_gate,cuda_naive,L1_kernel_body,warm,5,5,150,9.51807975769,9.466879963875,10.440191626545,9.538355219364266,0.5287407284879139,0.05543311360584394,True
20260802T192733Z-1ce3398155a9-rtx3080_topk_gate_release_v1,topk_gate.release.cub_pair.e63_t16,topk_gate,cuda_subwarp_pair_top2_v2,L1_kernel_body,warm,5,5,150,8.40191990137,8.401920199395,9.668607980011998,8.505139195919334,0.5612794007830911,0.06599297058564149,False
20260802T192733Z-1ce3398155a9-rtx3080_topk_gate_release_v1,topk_gate.release.cub_pair.e63_t16,topk_gate,cuda_vector_pair_top2_v3,L1_kernel_body,warm,5,5,150,8.37632000446,8.780800104139999,12.321280181424997,9.146436262130866,1.388763674894333,0.1518365880538908,False
20260802T192733Z-1ce3398155a9-rtx3080_topk_gate_release_v1,topk_gate.release.cub_pair.e63_t2,topk_gate,cub_block_radix_top2,L1_kernel_body,warm,5,5,150,13.0406397581,13.122559785850001,14.1470724344,13.094024570783999,0.6521664778944106,0.04980641928453037,False
20260802T192733Z-1ce3398155a9-rtx3080_topk_gate_release_v1,topk_gate.release.cub_pair.e63_t2,topk_gate,cuda_naive,L1_kernel_body,warm,5,5,150,9.95839983225,10.055680275,10.829312205299999,9.9547819018378,0.6690207423204266,0.06720596683257475,True
20260802T192733Z-1ce3398155a9-rtx3080_topk_gate_release_v1,topk_gate.release.cub_pair.e63_t2,topk_gate,cuda_subwarp_pair_top2_v2,L1_kernel_body,warm,5,5,150,8.80640000105,8.64767998457,9.487872123719,8.637098666031934,0.5656753190728002,0.06549367339028946,False
20260802T192733Z-1ce3398155a9-rtx3080_topk_gate_release_v1,topk_gate.release.cub_pair.e63_t2,topk_gate,cuda_vector_pair_top2_v3,L1_kernel_body,warm,5,5,150,8.25343996286,8.40704023838,9.4776320457435,8.471415479977866,0.5163686353144754,0.06095423327245715,False
20260802T192733Z-1ce3398155a9-rtx3080_topk_gate_release_v1,topk_gate.release.cub_pair.e63_t2048,topk_gate,cub_block_radix_top2,L1_kernel_body,warm,5,5,150,43.8784003258,43.31520080565,46.02572798728,41.087248881656,4.432398493865303,0.10787771424248879,False
20260802T192733Z-1ce3398155a9-rtx3080_topk_gate_release_v1,topk_gate.release.cub_pair.e63_t2048,topk_gate,cuda_naive,L1_kernel_body,warm,5,5,150,11.4790397882,11.38175964355,13.26387166979,11.282158966862067,1.2671528106566903,0.1123147452875437,True
20260802T192733Z-1ce3398155a9-rtx3080_topk_gate_release_v1,topk_gate.release.cub_pair.e63_t2048,topk_gate,cuda_subwarp_pair_top2_v2,L1_kernel_body,warm,5,5,150,9.81503993273,9.74848002195,10.993152260799999,9.811968004705266,0.710771110898928,0.07243919981782271,False
20260802T192733Z-1ce3398155a9-rtx3080_topk_gate_release_v1,topk_gate.release.cub_pair.e63_t2048,topk_gate,cuda_vector_pair_top2_v3,L1_kernel_body,warm,5,5,150,9.59487974644,9.7587198019,11.567104399179998,9.862826701006133,0.8009028097722326,0.08120418558003563,False
20260802T192733Z-1ce3398155a9-rtx3080_topk_gate_release_v1,topk_gate.release.cub_pair.e63_t256,topk_gate,cub_block_radix_top2,L1_kernel_body,warm,5,5,150,12.0985603333,12.0832002163,13.227519929389999,12.154333845771333,0.49148414494137677,0.0404369462924018,False
20260802T192733Z-1ce3398155a9-rtx3080_topk_gate_release_v1,topk_gate.release.cub_pair.e63_t256,topk_gate,cuda_naive,L1_kernel_body,warm,5,5,150,11.3305598497,11.289600133899999,12.432895839224997,11.383398413656,0.5814983918942596,0.05108302202588902,True
20260802T192733Z-1ce3398155a9-rtx3080_topk_gate_release_v1,topk_gate.release.cub_pair.e63_t256,topk_gate,cuda_subwarp_pair_top2_v2,L1_kernel_body,warm,5,5,150,8.28416019678,8.320000171665,8.9574399292455,8.370585580666933,0.3902169703921811,0.046617643010955306,False
20260802T192733Z-1ce3398155a9-rtx3080_topk_gate_release_v1,topk_gate.release.cub_pair.e63_t256,topk_gate,cuda_vector_pair_top2_v3,L1_kernel_body,warm,5,5,150,8.27391982079,8.320000171665,9.0168321132635,8.344098134835933,0.42182899895318304,0.05055417519504968,False
20260802T192733Z-1ce3398155a9-rtx3080_topk_gate_release_v1,topk_gate.release.cub_pair.e63_t32,topk_gate,cub_block_radix_top2,L1_kernel_body,warm,5,5,150,13.2659202814,13.18400025365,14.214143753044999,13.092932264010667,0.8093703502825194,0.06181734801357557,False
20260802T192733Z-1ce3398155a9-rtx3080_topk_gate_release_v1,topk_gate.release.cub_pair.e63_t32,topk_gate,cuda_naive,L1_kernel_body,warm,5,5,150,9.31327998638,9.313279986385,10.232831776134999,9.3854378620772,0.5267549921970427,0.056124711487936955,True
20260802T192733Z-1ce3398155a9-rtx3080_topk_gate_release_v1,topk_gate.release.cub_pair.e63_t32,topk_gate,cuda_subwarp_pair_top2_v2,L1_kernel_body,warm,5,5,150,8.31488013268,8.28415989876,8.99071991444,8.335837880769933,0.3996895306609894,0.04794833301437388,False
20260802T192733Z-1ce3398155a9-rtx3080_topk_gate_release_v1,topk_gate.release.cub_pair.e63_t32,topk_gate,cuda_vector_pair_top2_v3,L1_kernel_body,warm,5,5,150,8.27391982079,8.33536028862,9.42080020905,8.427042134602601,0.5091595492684023,0.060419722737319985,False
20260802T192733Z-1ce3398155a9-rtx3080_topk_gate_release_v1,topk_gate.release.cub_pair.e63_t4,topk_gate,cub_block_radix_top2,L1_kernel_body,warm,5,5,150,12.9177600145,12.9791998863,13.758975863444999,12.982476798692,0.5423283811077205,0.04177387639640232,False
20260802T192733Z-1ce3398155a9-rtx3080_topk_gate_release_v1,topk_gate.release.cub_pair.e63_t4,topk_gate,cuda_naive,L1_kernel_body,warm,5,5,150,9.84575986862,10.0761604309,10.968064069745,10.1029887755726,0.5594372604983106,0.055373441753289857,True
20260802T192733Z-1ce3398155a9-rtx3080_topk_gate_release_v1,topk_gate.release.cub_pair.e63_t4,topk_gate,cuda_subwarp_pair_top2_v2,L1_kernel_body,warm,5,5,150,8.38656008244,8.4582400322,9.370624035597498,8.5022037188214,0.5725732721733094,0.06734410173044891,False
20260802T192733Z-1ce3398155a9-rtx3080_topk_gate_release_v1,topk_gate.release.cub_pair.e63_t4,topk_gate,cuda_vector_pair_top2_v3,L1_kernel_body,warm,5,5,150,8.23808014393,8.25856000185,9.4489600956455,8.330035201709,0.5483335540831327,0.06582607885866268,False
20260802T192733Z-1ce3398155a9-rtx3080_topk_gate_release_v1,topk_gate.release.cub_pair.e63_t4096,topk_gate,cub_block_radix_top2,L1_kernel_body,warm,5,5,150,66.9644808769,66.95936203,74.9670410156,68.52293996810734,2.904691949637074,0.0423900660273626,False
20260802T192733Z-1ce3398155a9-rtx3080_topk_gate_release_v1,topk_gate.release.cub_pair.e63_t4096,topk_gate,cuda_naive,L1_kernel_body,warm,5,5,150,11.1974400282,11.028479933749999,12.393472194689998,10.6196309606238,1.2017875959719992,0.11316660629998068,True
20260802T192733Z-1ce3398155a9-rtx3080_topk_gate_release_v1,topk_gate.release.cub_pair.e63_t4096,topk_gate,cuda_subwarp_pair_top2_v2,L1_kernel_body,warm,5,5,150,12.0985603333,12.4159997702,13.86700803039,12.444945073126668,0.9764425912578352,0.07846098038362123,False
20260802T192733Z-1ce3398155a9-rtx3080_topk_gate_release_v1,topk_gate.release.cub_pair.e63_t4096,topk_gate,cuda_vector_pair_top2_v3,L1_kernel_body,warm,5,5,150,13.393920064,13.3273601532,14.296064376844999,13.166182406743333,0.773175074372642,0.058724317382739914,False
20260802T192733Z-1ce3398155a9-rtx3080_topk_gate_release_v1,topk_gate.release.cub_pair.e63_t512,topk_gate,cub_block_radix_top2,L1_kernel_body,warm,5,5,150,15.6620800495,14.59712028505,18.689024448399998,14.960025572772665,2.0831503335507717,0.13924777891704396,False
20260802T192733Z-1ce3398155a9-rtx3080_topk_gate_release_v1,topk_gate.release.cub_pair.e63_t512,topk_gate,cuda_naive,L1_kernel_body,warm,5,5,150,11.3152003288,11.1923205853,12.434431850934999,10.997555228074066,0.9991668899586125,0.09085354601429815,True
20260802T192733Z-1ce3398155a9-rtx3080_topk_gate_release_v1,topk_gate.release.cub_pair.e63_t512,topk_gate,cuda_subwarp_pair_top2_v2,L1_kernel_body,warm,5,5,150,8.55552017689,8.59135985374,9.5047679245475,8.612522649764799,0.49619911670648964,0.057613679160546584,False
20260802T192733Z-1ce3398155a9-rtx3080_topk_gate_release_v1,topk_gate.release.cub_pair.e63_t512,topk_gate,cuda_vector_pair_top2_v3,L1_kernel_body,warm,5,5,150,8.54016005993,8.52991998196,9.5047679245475,8.654028801123532,0.5166983107668934,0.05970610020385091,False
20260802T192733Z-1ce3398155a9-rtx3080_topk_gate_release_v1,topk_gate.release.cub_pair.e63_t64,topk_gate,cub_block_radix_top2,L1_kernel_body,warm,5,5,150,13.0355197191,13.050880432100001,13.995519816889999,13.058730649950666,0.6264377130135995,0.04797079668811196,False
20260802T192733Z-1ce3398155a9-rtx3080_topk_gate_release_v1,topk_gate.release.cub_pair.e63_t64,topk_gate,cuda_naive,L1_kernel_body,warm,5,5,150,9.35935974121,9.35935974121,11.577855944645,9.539788794518199,0.7289505707895512,0.07641160475255222,True
20260802T192733Z-1ce3398155a9-rtx3080_topk_gate_release_v1,topk_gate.release.cub_pair.e63_t64,topk_gate,cuda_subwarp_pair_top2_v2,L1_kernel_body,warm,5,5,150,8.08448016644,8.23296010494,9.034751921894498,8.304366946220599,0.5144679522411156,0.06195149558934835,False
20260802T192733Z-1ce3398155a9-rtx3080_topk_gate_release_v1,topk_gate.release.cub_pair.e63_t64,topk_gate,cuda_vector_pair_top2_v3,L1_kernel_body,warm,5,5,150,8.29952001572,8.3046400547,9.111039906740999,8.354747740427333,0.4267597082070434,0.05107990348314397,False
20260802T192733Z-1ce3398155a9-rtx3080_topk_gate_release_v1,topk_gate.release.cub_pair.e63_t8,topk_gate,cub_block_radix_top2,L1_kernel_body,warm,5,5,150,13.1276798248,13.1071996689,14.199295639999999,13.12276477814,0.6115851554341751,0.04660490116023098,False
20260802T192733Z-1ce3398155a9-rtx3080_topk_gate_release_v1,topk_gate.release.cub_pair.e63_t8,topk_gate,cuda_naive,L1_kernel_body,warm,5,5,150,9.33376014233,9.37983989716,10.369536280644999,9.460531210898266,0.6143851364339432,0.06494192796765882,True
20260802T192733Z-1ce3398155a9-rtx3080_topk_gate_release_v1,topk_gate.release.cub_pair.e63_t8,topk_gate,cuda_subwarp_pair_top2_v2,L1_kernel_body,warm,5,5,150,8.14079999924,8.217599987985,9.037311941386,8.2779477397602,0.42260632301746,0.051052064630417955,False
20260802T192733Z-1ce3398155a9-rtx3080_topk_gate_release_v1,topk_gate.release.cub_pair.e63_t8,topk_gate,cuda_vector_pair_top2_v3,L1_kernel_body,warm,5,5,150,8.38656008244,8.412159979345,9.299967885019498,8.505548803012001,0.45621036511370955,0.05363679354260544,False
20260802T192733Z-1ce3398155a9-rtx3080_topk_gate_release_v1,topk_gate.release.cub_pair.e64_t1,topk_gate,cub_block_radix_top2,L1_kernel_body,warm,5,5,150,13.1481599808,13.076480031,13.727231621745,12.936669826502001,0.685395910493124,0.052980861356531274,False
20260802T192733Z-1ce3398155a9-rtx3080_topk_gate_release_v1,topk_gate.release.cub_pair.e64_t1,topk_gate,cuda_naive,L1_kernel_body,warm,5,5,150,9.99424010515,10.055680275,11.025919854635,10.041821904979066,0.6588495144004544,0.06561055559786168,True
20260802T192733Z-1ce3398155a9-rtx3080_topk_gate_release_v1,topk_gate.release.cub_pair.e64_t1,topk_gate,cuda_subwarp_pair_top2_v2,L1_kernel_body,warm,5,5,150,8.28416019678,8.320000171665,9.526272028686996,8.559001616636866,1.768468764695018,0.20662091724080217,False
20260802T192733Z-1ce3398155a9-rtx3080_topk_gate_release_v1,topk_gate.release.cub_pair.e64_t1,topk_gate,cuda_vector_pair_top2_v3,L1_kernel_body,warm,5,5,150,8.11008006334,8.25344026089,9.259007841347499,8.3325610677408,0.5517132264274065,0.06621172313556077,False
20260802T192733Z-1ce3398155a9-rtx3080_topk_gate_release_v1,topk_gate.release.cub_pair.e64_t1024,topk_gate,cub_block_radix_top2,L1_kernel_body,warm,5,5,150,21.4323198795,21.6268801689,23.5576325655,21.913668203355336,0.7834080511411569,0.03574974503908955,False
20260802T192733Z-1ce3398155a9-rtx3080_topk_gate_release_v1,topk_gate.release.cub_pair.e64_t1024,topk_gate,cuda_naive,L1_kernel_body,warm,5,5,150,16.5222400427,16.189439892750002,18.700287878490002,16.284125844641334,1.7362631584455441,0.10662304965033793,True
20260802T192733Z-1ce3398155a9-rtx3080_topk_gate_release_v1,topk_gate.release.cub_pair.e64_t1024,topk_gate,cuda_subwarp_pair_top2_v2,L1_kernel_body,warm,5,5,150,10.040320158,9.96352016926,10.5881595612,9.952392562231,0.4147674826147558,0.041675152986708416,False
20260802T192733Z-1ce3398155a9-rtx3080_topk_gate_release_v1,topk_gate.release.cub_pair.e64_t1024,topk_gate,cuda_vector_pair_top2_v3,L1_kernel_body,warm,5,5,150,8.46847981215,8.43775987625,9.2933118343335,8.503773856162933,0.44488217626224597,0.05231585220717351,False
20260802T192733Z-1ce3398155a9-rtx3080_topk_gate_release_v1,topk_gate.release.cub_pair.e64_t128,topk_gate,cub_block_radix_top2,L1_kernel_body,warm,5,5,150,12.8870403767,12.805119752900001,13.690880537,12.811332273480001,0.5872085899949108,0.0458350917344059,False
20260802T192733Z-1ce3398155a9-rtx3080_topk_gate_release_v1,topk_gate.release.cub_pair.e64_t128,topk_gate,cuda_naive,L1_kernel_body,warm,5,5,150,12.5286400318,12.40064024925,14.993920266624997,12.454980266095866,1.4441188102666216,0.11594709741915107,True
20260802T192733Z-1ce3398155a9-rtx3080_topk_gate_release_v1,topk_gate.release.cub_pair.e64_t128,topk_gate,cuda_subwarp_pair_top2_v2,L1_kernel_body,warm,5,5,150,8.34048002958,8.31488013268,9.00095999241,8.339524261156933,0.416912780718232,0.049992393770000754,False
20260802T192733Z-1ce3398155a9-rtx3080_topk_gate_release_v1,topk_gate.release.cub_pair.e64_t128,topk_gate,cuda_vector_pair_top2_v3,L1_kernel_body,warm,5,5,150,8.24319988489,8.227840065955,9.397760033608499,8.335428277651735,0.4986946316211305,0.05982831535581556,False
20260802T192733Z-1ce3398155a9-rtx3080_topk_gate_release_v1,topk_gate.release.cub_pair.e64_t16,topk_gate,cub_block_radix_top2,L1_kernel_body,warm,5,5,150,13.0457603931,13.071359992049999,14.184448063389999,13.069858105974665,0.6208719247478892,0.04750410599056681,False
20260802T192733Z-1ce3398155a9-rtx3080_topk_gate_release_v1,topk_gate.release.cub_pair.e64_t16,topk_gate,cuda_naive,L1_kernel_body,warm,5,5,150,9.37472015619,9.41056013107,57.403903722799996,17.978436239558665,17.533973374715313,0.9752780019952245,True
20260802T192733Z-1ce3398155a9-rtx3080_topk_gate_release_v1,topk_gate.release.cub_pair.e64_t16,topk_gate,cuda_subwarp_pair_top2_v2,L1_kernel_body,warm,5,5,150,8.19712013006,8.16128015518,8.84736001492,8.191453878085001,0.349318187424517,0.04264422318961779,False
20260802T192733Z-1ce3398155a9-rtx3080_topk_gate_release_v1,topk_gate.release.cub_pair.e64_t16,topk_gate,cuda_vector_pair_top2_v3,L1_kernel_body,warm,5,5,150,8.45311999321,8.437759876255,9.4489600956455,8.508689030010999,0.5183801814992777,0.06092362521075795,False
20260802T192733Z-1ce3398155a9-rtx3080_topk_gate_release_v1,topk_gate.release.cub_pair.e64_t2,topk_gate,cub_block_radix_top2,L1_kernel_body,warm,5,5,150,13.1481599808,13.3632004261,14.209535717944998,13.238681610424665,0.7079715077195995,0.05347749334511637,False
20260802T192733Z-1ce3398155a9-rtx3080_topk_gate_release_v1,topk_gate.release.cub_pair.e64_t2,topk_gate,cuda_naive,L1_kernel_body,warm,5,5,150,9.85599994659,9.92255985737,10.8851194382,9.9283626278244,0.6296108811223258,0.06341537922454916,True
20260802T192733Z-1ce3398155a9-rtx3080_topk_gate_release_v1,topk_gate.release.cub_pair.e64_t2,topk_gate,cuda_subwarp_pair_top2_v2,L1_kernel_body,warm,5,5,150,8.74495983124,8.63232016563,9.4981122016935,8.660923719405934,0.4911419202716068,0.056707798865742114,False
20260802T192733Z-1ce3398155a9-rtx3080_topk_gate_release_v1,topk_gate.release.cub_pair.e64_t2,topk_gate,cuda_vector_pair_top2_v3,L1_kernel_body,warm,5,5,150,8.68863999844,8.63232016563,9.309183955192498,8.627814408143001,0.4482133877498459,0.05194981794309559,False
20260802T192733Z-1ce3398155a9-rtx3080_topk_gate_release_v1,topk_gate.release.cub_pair.e64_t2048,topk_gate,cub_block_radix_top2,L1_kernel_body,warm,5,5,150,34.5139205456,34.5292806625,46.860287189445,37.795157321296664,5.150189310011748,0.1362658518981674,False
20260802T192733Z-1ce3398155a9-rtx3080_topk_gate_release_v1,topk_gate.release.cub_pair.e64_t2048,topk_gate,cuda_naive,L1_kernel_body,warm,5,5,150,14.7609597445,14.720000028600001,18.560511469845,15.497420771915333,1.7865863361796255,0.11528281786200868,True
20260802T192733Z-1ce3398155a9-rtx3080_topk_gate_release_v1,topk_gate.release.cub_pair.e64_t2048,topk_gate,cuda_subwarp_pair_top2_v2,L1_kernel_body,warm,5,5,150,9.4003200531,9.53343987465,72.17664051055498,20.849322660763267,23.120403999042395,1.1089283031027726,False
20260802T192733Z-1ce3398155a9-rtx3080_topk_gate_release_v1,topk_gate.release.cub_pair.e64_t2048,topk_gate,cuda_vector_pair_top2_v3,L1_kernel_body,warm,5,5,150,9.79456007481,9.8918402195,10.619903802845,9.886173876125799,0.4364042790499011,0.04414288930359371,False
20260802T192733Z-1ce3398155a9-rtx3080_topk_gate_release_v1,topk_gate.release.cub_pair.e64_t256,topk_gate,cub_block_radix_top2,L1_kernel_body,warm,5,5,150,12.1292799711,12.3801600933,13.4097915888,12.411494406066666,0.58428478783616,0.04707610290269035,False
20260802T192733Z-1ce3398155a9-rtx3080_topk_gate_release_v1,topk_gate.release.cub_pair.e64_t256,topk_gate,cuda_naive,L1_kernel_body,warm,5,5,150,14.3155199289,14.1516804695,18.249216020124997,14.735769605638668,2.0313664492877894,0.13785275582148648,True
20260802T192733Z-1ce3398155a9-rtx3080_topk_gate_release_v1,topk_gate.release.cub_pair.e64_t256,topk_gate,cuda_subwarp_pair_top2_v2,L1_kernel_body,warm,5,5,150,8.22784006596,8.17152023315,9.001984000206999,8.240947178999534,0.5270074431680282,0.06394986300980124,False
20260802T192733Z-1ce3398155a9-rtx3080_topk_gate_release_v1,topk_gate.release.cub_pair.e64_t256,topk_gate,cuda_vector_pair_top2_v3,L1_kernel_body,warm,5,5,150,8.1817600131,8.27391982079,9.10336017609,8.3410943945248,0.4752882402798768,0.056981520385605756,False
20260802T192733Z-1ce3398155a9-rtx3080_topk_gate_release_v1,topk_gate.release.cub_pair.e64_t32,topk_gate,cub_block_radix_top2,L1_kernel_body,warm,5,5,150,13.3017599583,13.163520097700001,14.2289918661,13.146862943966667,0.6536696074469036,0.04972057670585852,False
20260802T192733Z-1ce3398155a9-rtx3080_topk_gate_release_v1,topk_gate.release.cub_pair.e64_t32,topk_gate,cuda_naive,L1_kernel_body,warm,5,5,150,9.35424000025,9.456639885905,12.907007753829994,9.888768017289934,1.3389961874170042,0.13540576390060396,True
20260802T192733Z-1ce3398155a9-rtx3080_topk_gate_release_v1,topk_gate.release.cub_pair.e64_t32,topk_gate,cuda_subwarp_pair_top2_v2,L1_kernel_body,warm,5,5,150,8.4275200963,8.39680016041,9.419263869527999,8.4927146553996,0.5039972423334556,0.059344657483931605,False
20260802T192733Z-1ce3398155a9-rtx3080_topk_gate_release_v1,topk_gate.release.cub_pair.e64_t32,topk_gate,cuda_vector_pair_top2_v3,L1_kernel_body,warm,5,5,150,8.36607992649,8.320000171665,9.054208070041998,8.3479893525442,0.394747971926893,0.04728659264599881,False
20260802T192733Z-1ce3398155a9-rtx3080_topk_gate_release_v1,topk_gate.release.cub_pair.e64_t4,topk_gate,cub_block_radix_top2,L1_kernel_body,warm,5,5,150,13.0508798361,13.0201601982,14.037504136534999,13.054225047428666,0.6167470301677108,0.04724501285422481,False
20260802T192733Z-1ce3398155a9-rtx3080_topk_gate_release_v1,topk_gate.release.cub_pair.e64_t4,topk_gate,cuda_naive,L1_kernel_body,warm,5,5,150,9.88672018051,10.0147199631,10.958847999545,9.966250681878535,0.6965715936602801,0.06989304362239698,True
20260802T192733Z-1ce3398155a9-rtx3080_topk_gate_release_v1,topk_gate.release.cub_pair.e64_t4,topk_gate,cuda_subwarp_pair_top2_v2,L1_kernel_body,warm,5,5,150,8.30976009369,8.299520015715,9.253376126286,8.334677342574201,0.5004929287825258,0.06004946660933924,False
20260802T192733Z-1ce3398155a9-rtx3080_topk_gate_release_v1,topk_gate.release.cub_pair.e64_t4,topk_gate,cuda_vector_pair_top2_v3,L1_kernel_body,warm,5,5,150,8.56064021587,8.52991998196,9.1417601406555,8.5486933350562,0.3826754774066961,0.04476420692709061,False
20260802T192733Z-1ce3398155a9-rtx3080_topk_gate_release_v1,topk_gate.release.cub_pair.e64_t4096,topk_gate,cub_block_radix_top2,L1_kernel_body,warm,5,5,150,66.954240799,66.979842186,70.11225557330499,67.65424642562999,1.896296605330837,0.028029232539237153,False
20260802T192733Z-1ce3398155a9-rtx3080_topk_gate_release_v1,topk_gate.release.cub_pair.e64_t4096,topk_gate,cuda_naive,L1_kernel_body,warm,5,5,150,13.2351994514,13.2505595684,18.340864181499995,13.96142076651,1.9478982496942807,0.13952005904490805,True
20260802T192733Z-1ce3398155a9-rtx3080_topk_gate_release_v1,topk_gate.release.cub_pair.e64_t4096,topk_gate,cuda_subwarp_pair_top2_v2,L1_kernel_body,warm,5,5,150,13.2505595684,13.383680582,14.235647916789999,13.383748284977333,0.5420517562068053,0.040500743488670846,False
20260802T192733Z-1ce3398155a9-rtx3080_topk_gate_release_v1,topk_gate.release.cub_pair.e64_t4096,topk_gate,cuda_vector_pair_top2_v3,L1_kernel_body,warm,5,5,150,9.49248015881,9.54879999161,10.6188797951,9.630173865955133,0.60036509575195,0.06234208271923084,False
20260802T192733Z-1ce3398155a9-rtx3080_topk_gate_release_v1,topk_gate.release.cub_pair.e64_t512,topk_gate,cub_block_radix_top2,L1_kernel_body,warm,5,5,150,13.6601603031,13.6550402641,15.194111943239994,13.974596293764668,0.8255502082148345,0.059075066703943864,False
20260802T192733Z-1ce3398155a9-rtx3080_topk_gate_release_v1,topk_gate.release.cub_pair.e64_t512,topk_gate,cuda_naive,L1_kernel_body,warm,5,5,150,13.8854396343,13.8291203976,15.824895739549984,13.492906634013334,1.2902983673098045,0.095627903038859,True
20260802T192733Z-1ce3398155a9-rtx3080_topk_gate_release_v1,topk_gate.release.cub_pair.e64_t512,topk_gate,cuda_subwarp_pair_top2_v2,L1_kernel_body,warm,5,5,150,8.62720012665,8.58111977577,9.421824216842499,8.621602125962532,0.46484839748858214,0.05391670720790605,False
20260802T192733Z-1ce3398155a9-rtx3080_topk_gate_release_v1,topk_gate.release.cub_pair.e64_t512,topk_gate,cuda_vector_pair_top2_v3,L1_kernel_body,warm,5,5,150,8.43776017427,8.49920004606,9.3342721462235,8.495172262191733,0.475456471652579,0.05596784349725622,False
20260802T192733Z-1ce3398155a9-rtx3080_topk_gate_release_v1,topk_gate.release.cub_pair.e64_t64,topk_gate,cub_block_radix_top2,L1_kernel_body,warm,5,5,150,12.9740798473,13.009920120250001,13.87264007329,13.043575469653334,0.5294170227283794,0.04058833591756341,False
20260802T192733Z-1ce3398155a9-rtx3080_topk_gate_release_v1,topk_gate.release.cub_pair.e64_t64,topk_gate,cuda_naive,L1_kernel_body,warm,5,5,150,9.63072001934,9.55904006958,10.1181435585,9.559586143493267,0.3644471933143799,0.03812374174403365,True
20260802T192733Z-1ce3398155a9-rtx3080_topk_gate_release_v1,topk_gate.release.cub_pair.e64_t64,topk_gate,cuda_subwarp_pair_top2_v2,L1_kernel_body,warm,5,5,150,8.3609598875,8.37632000446,9.135103821752498,8.410658117134867,0.432618098060871,0.051436890197629925,False
20260802T192733Z-1ce3398155a9-rtx3080_topk_gate_release_v1,topk_gate.release.cub_pair.e64_t64,topk_gate,cuda_vector_pair_top2_v3,L1_kernel_body,warm,5,5,150,8.32000017166,8.401920199395,9.34912025928,8.5391359965,1.4042012747635166,0.1644430157031188,False
20260802T192733Z-1ce3398155a9-rtx3080_topk_gate_release_v1,topk_gate.release.cub_pair.e64_t8,topk_gate,cub_block_radix_top2,L1_kernel_body,warm,5,5,150,12.8870397806,12.8819203377,13.676032423999999,12.874683745700667,0.4796177768262183,0.037252781217742954,False
20260802T192733Z-1ce3398155a9-rtx3080_topk_gate_release_v1,topk_gate.release.cub_pair.e64_t8,topk_gate,cuda_naive,L1_kernel_body,warm,5,5,150,9.67680007219,9.91232007742,11.2230396271,9.931502946217133,0.751521390760856,0.07567045942901394,True
20260802T192733Z-1ce3398155a9-rtx3080_topk_gate_release_v1,topk_gate.release.cub_pair.e64_t8,topk_gate,cuda_subwarp_pair_top2_v2,L1_kernel_body,warm,5,5,150,8.3046400547,8.437759876255,9.58464026451,8.517154125373066,0.5564846670369978,0.0653369257906464,False
20260802T192733Z-1ce3398155a9-rtx3080_topk_gate_release_v1,topk_gate.release.cub_pair.e64_t8,topk_gate,cuda_vector_pair_top2_v3,L1_kernel_body,warm,5,5,150,8.55552017689,8.6630398035,9.412608146669498,8.667204268773533,0.4640352122040429,0.05353920339409596,False
20260802T192733Z-1ce3398155a9-rtx3080_topk_gate_release_v1,topk_gate.release.cub_pair.e7_t1,topk_gate,cub_block_radix_top2,L1_kernel_body,warm,5,5,150,13.0406397581,13.0560004711,13.979648351645,13.06583038171,0.6692593884867434,0.05122210903821281,False
20260802T192733Z-1ce3398155a9-rtx3080_topk_gate_release_v1,topk_gate.release.cub_pair.e7_t1,topk_gate,cuda_naive,L1_kernel_body,warm,5,5,150,8.13568025827,8.156160116195,9.4376960098785,8.283409070968867,0.5954505911438555,0.07188472596756697,True
20260802T192733Z-1ce3398155a9-rtx3080_topk_gate_release_v1,topk_gate.release.cub_pair.e7_t1,topk_gate,cuda_subwarp_pair_top2_v2,L1_kernel_body,warm,5,5,150,8.98048013449,8.98559987545,9.67679977417,9.036322124798934,0.38216942345428734,0.04229258521068835,False
20260802T192733Z-1ce3398155a9-rtx3080_topk_gate_release_v1,topk_gate.release.cub_pair.e7_t1,topk_gate,cuda_vector_pair_top2_v3,L1_kernel_body,warm,5,5,150,9.00095999241,8.995839953425,9.5288318395635,8.967441026370068,0.36995537238963283,0.041255400654626566,False
20260802T192733Z-1ce3398155a9-rtx3080_topk_gate_release_v1,topk_gate.release.cub_pair.e7_t1024,topk_gate,cub_block_radix_top2,L1_kernel_body,warm,5,5,150,21.309440136,21.3760006428,22.993919730179996,21.63056661287933,0.6915159093922167,0.03196938488797942,False
20260802T192733Z-1ce3398155a9-rtx3080_topk_gate_release_v1,topk_gate.release.cub_pair.e7_t1024,topk_gate,cuda_naive,L1_kernel_body,warm,5,5,150,8.41215997934,8.43775987625,9.349631935357499,8.516881060600268,0.4658617086505489,0.05469862797610973,True
20260802T192733Z-1ce3398155a9-rtx3080_topk_gate_release_v1,topk_gate.release.cub_pair.e7_t1024,topk_gate,cuda_subwarp_pair_top2_v2,L1_kernel_body,warm,5,5,150,9.04703974724,9.04191970825,9.6209919452635,9.062604780992066,0.3892806686357046,0.04295461162029078,False
20260802T192733Z-1ce3398155a9-rtx3080_topk_gate_release_v1,topk_gate.release.cub_pair.e7_t1024,topk_gate,cuda_vector_pair_top2_v3,L1_kernel_body,warm,5,5,150,9.02656018734,9.006080031395,9.550336003306,9.002734927336666,0.34234439269411215,0.03802671026718655,False
20260802T192733Z-1ce3398155a9-rtx3080_topk_gate_release_v1,topk_gate.release.cub_pair.e7_t128,topk_gate,cub_block_radix_top2,L1_kernel_body,warm,5,5,150,12.9433596134,12.9177600145,14.1414403915,12.916394639014,0.653899606074355,0.050625551816081076,False
20260802T192733Z-1ce3398155a9-rtx3080_topk_gate_release_v1,topk_gate.release.cub_pair.e7_t128,topk_gate,cuda_naive,L1_kernel_body,warm,5,5,150,8.14592003822,8.156160116195,9.10336017609,8.223470922311533,0.5289130923970116,0.06431750016431499,True
20260802T192733Z-1ce3398155a9-rtx3080_topk_gate_release_v1,topk_gate.release.cub_pair.e7_t128,topk_gate,cuda_subwarp_pair_top2_v2,L1_kernel_body,warm,5,5,150,8.93440008163,8.91391992569,9.5390719175335,8.940748794873999,0.48160947776380586,0.053866794472508514,False
20260802T192733Z-1ce3398155a9-rtx3080_topk_gate_release_v1,topk_gate.release.cub_pair.e7_t128,topk_gate,cuda_vector_pair_top2_v3,L1_kernel_body,warm,5,5,150,8.99583995342,8.872960209845001,9.4776320457435,8.809745077292668,0.42749517199302806,0.04852526017976471,False
20260802T192733Z-1ce3398155a9-rtx3080_topk_gate_release_v1,topk_gate.release.cub_pair.e7_t16,topk_gate,cub_block_radix_top2,L1_kernel_body,warm,5,5,150,13.0508804321,13.0355203152,13.923839926745,12.936874699593334,0.6382670656320816,0.049337036993343165,False
20260802T192733Z-1ce3398155a9-rtx3080_topk_gate_release_v1,topk_gate.release.cub_pair.e7_t16,topk_gate,cuda_naive,L1_kernel_body,warm,5,5,150,8.23296010494,8.38656008244,9.3649917840935,8.3606186588598,0.5568258964783078,0.06660103985106844,True
20260802T192733Z-1ce3398155a9-rtx3080_topk_gate_release_v1,topk_gate.release.cub_pair.e7_t16,topk_gate,cuda_subwarp_pair_top2_v2,L1_kernel_body,warm,5,5,150,8.97023975849,8.924160003665,9.5129597187,8.884497066338799,0.40741227291804305,0.04585653750302076,False
20260802T192733Z-1ce3398155a9-rtx3080_topk_gate_release_v1,topk_gate.release.cub_pair.e7_t16,topk_gate,cuda_vector_pair_top2_v3,L1_kernel_body,warm,5,5,150,9.0316799283,8.99071991444,9.606143832207,8.943752527236933,0.44352355131126847,0.04959032016601312,False
20260802T192733Z-1ce3398155a9-rtx3080_topk_gate_release_v1,topk_gate.release.cub_pair.e7_t2,topk_gate,cub_block_radix_top2,L1_kernel_body,warm,5,5,150,13.1071996689,13.1020796299,14.102528095244999,13.12228689988,0.566122565934288,0.04314206588025941,False
20260802T192733Z-1ce3398155a9-rtx3080_topk_gate_release_v1,topk_gate.release.cub_pair.e7_t2,topk_gate,cuda_naive,L1_kernel_body,warm,5,5,150,8.1817600131,8.26367974281,9.290239751339499,8.304298663139134,0.5616381298894727,0.06763221708083005,True
20260802T192733Z-1ce3398155a9-rtx3080_topk_gate_release_v1,topk_gate.release.cub_pair.e7_t2,topk_gate,cuda_subwarp_pair_top2_v2,L1_kernel_body,warm,5,5,150,9.04704004526,9.05215978622,9.790464043617,9.137425045172067,0.4092097891738795,0.044783928420851264,False
20260802T192733Z-1ce3398155a9-rtx3080_topk_gate_release_v1,topk_gate.release.cub_pair.e7_t2,topk_gate,cuda_vector_pair_top2_v3,L1_kernel_body,warm,5,5,150,9.02143985033,8.883199989795,10.896383523945,9.077282122771534,0.8023244108198971,0.08838817610473544,False
20260802T192733Z-1ce3398155a9-rtx3080_topk_gate_release_v1,topk_gate.release.cub_pair.e7_t2048,topk_gate,cub_block_radix_top2,L1_kernel_body,warm,5,5,150,35.6812798977,35.7990407944,45.661183595645,38.27657381693533,4.27414984270707,0.11166490143942788,False
20260802T192733Z-1ce3398155a9-rtx3080_topk_gate_release_v1,topk_gate.release.cub_pair.e7_t2048,topk_gate,cuda_naive,L1_kernel_body,warm,5,5,150,8.38144004345,8.340480029585,9.021952092649997,8.362598395347334,0.3653232966738426,0.04368538095493096,True
20260802T192733Z-1ce3398155a9-rtx3080_topk_gate_release_v1,topk_gate.release.cub_pair.e7_t2048,topk_gate,cuda_subwarp_pair_top2_v2,L1_kernel_body,warm,5,5,150,8.7603199482,8.780800104145,9.50272023678,8.8222378651298,0.41411418228190194,0.046939811486913376,False
20260802T192733Z-1ce3398155a9-rtx3080_topk_gate_release_v1,topk_gate.release.cub_pair.e7_t2048,topk_gate,cuda_vector_pair_top2_v3,L1_kernel_body,warm,5,5,150,8.88831973076,8.872960209845001,9.5288318395635,8.848315699895533,0.4100389585886891,0.04634090515029094,False
20260802T192733Z-1ce3398155a9-rtx3080_topk_gate_release_v1,topk_gate.release.cub_pair.e7_t256,topk_gate,cub_block_radix_top2,L1_kernel_body,warm,5,5,150,12.0166403055,12.0627200603,13.359616398844999,12.200072550774667,0.5492448648724398,0.045019803168102016,False
20260802T192733Z-1ce3398155a9-rtx3080_topk_gate_release_v1,topk_gate.release.cub_pair.e7_t256,topk_gate,cuda_naive,L1_kernel_body,warm,5,5,150,8.09472024441,8.12031984329,8.8837119638915,8.168994152546,0.3755887767260979,0.04597735898844285,True
20260802T192733Z-1ce3398155a9-rtx3080_topk_gate_release_v1,topk_gate.release.cub_pair.e7_t256,topk_gate,cuda_subwarp_pair_top2_v2,L1_kernel_body,warm,5,5,150,9.04703974724,9.03168022633,9.5493119955035,9.072571730613532,0.3260321123595621,0.03593601925013539,False
20260802T192733Z-1ce3398155a9-rtx3080_topk_gate_release_v1,topk_gate.release.cub_pair.e7_t256,topk_gate,cuda_vector_pair_top2_v3,L1_kernel_body,warm,5,5,150,8.91903996468,8.88831973076,9.5493119955035,8.966212268670134,0.41626809759317795,0.04642630412038179,False
20260802T192733Z-1ce3398155a9-rtx3080_topk_gate_release_v1,topk_gate.release.cub_pair.e7_t32,topk_gate,cub_block_radix_top2,L1_kernel_body,warm,5,5,150,13.5782402754,13.383679986,14.1265922785,13.284829862914,0.561586579655869,0.042272771684009065,False
20260802T192733Z-1ce3398155a9-rtx3080_topk_gate_release_v1,topk_gate.release.cub_pair.e7_t32,topk_gate,cuda_naive,L1_kernel_body,warm,5,5,150,8.43263983727,8.43775987625,9.24672007561,8.400008539358401,0.48154450529485354,0.057326668543081535,True
20260802T192733Z-1ce3398155a9-rtx3080_topk_gate_release_v1,topk_gate.release.cub_pair.e7_t32,topk_gate,cuda_subwarp_pair_top2_v2,L1_kernel_body,warm,5,5,150,9.04703974724,9.05215978622,10.034688115117,9.124795707066866,0.48419698364851954,0.053063871147660244,False
20260802T192733Z-1ce3398155a9-rtx3080_topk_gate_release_v1,topk_gate.release.cub_pair.e7_t32,topk_gate,cuda_vector_pair_top2_v3,L1_kernel_body,warm,5,5,150,9.10336017609,9.077759981155,9.9200001060955,9.117081598440134,0.41016082085383937,0.044988170438664814,False
20260802T192733Z-1ce3398155a9-rtx3080_topk_gate_release_v1,topk_gate.release.cub_pair.e7_t4,topk_gate,cub_block_radix_top2,L1_kernel_body,warm,5,5,150,13.1788802147,13.1584000587,14.167551934745,13.180381838478667,0.5851313886614793,0.0443941151198862,False
20260802T192733Z-1ce3398155a9-rtx3080_topk_gate_release_v1,topk_gate.release.cub_pair.e7_t4,topk_gate,cuda_naive,L1_kernel_body,warm,5,5,150,8.30976009369,8.14079999924,9.112063914537998,8.187630919615334,0.5713838490087592,0.06978622444251598,True
20260802T192733Z-1ce3398155a9-rtx3080_topk_gate_release_v1,topk_gate.release.cub_pair.e7_t4,topk_gate,cuda_subwarp_pair_top2_v2,L1_kernel_body,warm,5,5,150,8.99071991444,8.975359797475,9.545727968219499,9.0059434930482,0.3296023536503676,0.036598314646854244,False
20260802T192733Z-1ce3398155a9-rtx3080_topk_gate_release_v1,topk_gate.release.cub_pair.e7_t4,topk_gate,cuda_vector_pair_top2_v3,L1_kernel_body,warm,5,5,150,9.01120007038,9.01120007038,9.58464026451,9.082675210635266,0.2782730830900801,0.030637788607065796,False
20260802T192733Z-1ce3398155a9-rtx3080_topk_gate_release_v1,topk_gate.release.cub_pair.e7_t4096,topk_gate,cub_block_radix_top2,L1_kernel_body,warm,5,5,150,66.5036797523,66.49343967440001,74.47091293335501,68.68418544133533,3.5486663134683463,0.05166642496618585,False
20260802T192733Z-1ce3398155a9-rtx3080_topk_gate_release_v1,topk_gate.release.cub_pair.e7_t4096,topk_gate,cuda_naive,L1_kernel_body,warm,5,5,150,8.36607992649,8.41727972031,9.3716481029975,8.511624534924733,0.47347731588757147,0.055627138385252836,True
20260802T192733Z-1ce3398155a9-rtx3080_topk_gate_release_v1,topk_gate.release.cub_pair.e7_t4096,topk_gate,cuda_subwarp_pair_top2_v2,L1_kernel_body,warm,5,5,150,8.71935993433,8.84736001492,55.14905500413499,16.357034611703998,17.2008781677482,1.0515890304126645,False
20260802T192733Z-1ce3398155a9-rtx3080_topk_gate_release_v1,topk_gate.release.cub_pair.e7_t4096,topk_gate,cuda_vector_pair_top2_v3,L1_kernel_body,warm,5,5,150,8.43775987625,8.596479892729999,9.1397118568435,8.539135980606133,0.43006821223118663,0.05036437096305136,False
20260802T192733Z-1ce3398155a9-rtx3080_topk_gate_release_v1,topk_gate.release.cub_pair.e7_t512,topk_gate,cub_block_radix_top2,L1_kernel_body,warm,5,5,150,13.6038398743,14.02879953385,18.213376402845,14.88520532449,1.740894944035857,0.11695471483833925,False
20260802T192733Z-1ce3398155a9-rtx3080_topk_gate_release_v1,topk_gate.release.cub_pair.e7_t512,topk_gate,cuda_naive,L1_kernel_body,warm,5,5,150,8.2483202219,8.22272002697,8.745983839036999,8.2143231948218,0.3570341667055407,0.04346483066682966,True
20260802T192733Z-1ce3398155a9-rtx3080_topk_gate_release_v1,topk_gate.release.cub_pair.e7_t512,topk_gate,cuda_subwarp_pair_top2_v2,L1_kernel_body,warm,5,5,150,9.07263994217,9.0623998642,9.71776008606,9.171968007087733,0.4427877231175942,0.04827619577122657,False
20260802T192733Z-1ce3398155a9-rtx3080_topk_gate_release_v1,topk_gate.release.cub_pair.e7_t512,topk_gate,cuda_vector_pair_top2_v3,L1_kernel_body,warm,5,5,150,8.97535979748,9.00095999241,9.508351951836,9.033045303821067,0.3039990728641213,0.033654106963852674,False
20260802T192733Z-1ce3398155a9-rtx3080_topk_gate_release_v1,topk_gate.release.cub_pair.e7_t64,topk_gate,cub_block_radix_top2,L1_kernel_body,warm,5,5,150,12.9791998863,12.9894399643,14.004735887045001,13.05101656119,0.5599032563515691,0.04290112220197174,False
20260802T192733Z-1ce3398155a9-rtx3080_topk_gate_release_v1,topk_gate.release.cub_pair.e7_t64,topk_gate,cuda_naive,L1_kernel_body,warm,5,5,150,8.02303999662,8.01792025566,9.101823836567998,8.1041407863298,0.5271366167414798,0.06504534294747971,True
20260802T192733Z-1ce3398155a9-rtx3080_topk_gate_release_v1,topk_gate.release.cub_pair.e7_t64,topk_gate,cuda_subwarp_pair_top2_v2,L1_kernel_body,warm,5,5,150,9.04192000628,9.016320109365001,9.632256031036,9.132100268205466,0.5027713937868339,0.05505539569438309,False
20260802T192733Z-1ce3398155a9-rtx3080_topk_gate_release_v1,topk_gate.release.cub_pair.e7_t64,topk_gate,cuda_vector_pair_top2_v3,L1_kernel_body,warm,5,5,150,8.99583995342,8.903679847715,9.391103982927,8.8373930692674,0.3742351314842703,0.04234677902759547,False
20260802T192733Z-1ce3398155a9-rtx3080_topk_gate_release_v1,topk_gate.release.cub_pair.e7_t8,topk_gate,cub_block_radix_top2,L1_kernel_body,warm,5,5,150,12.9331201315,12.9024004936,14.0390396118,12.954146122936667,0.6699608000856122,0.05171786652146657,False
20260802T192733Z-1ce3398155a9-rtx3080_topk_gate_release_v1,topk_gate.release.cub_pair.e7_t8,topk_gate,cuda_naive,L1_kernel_body,warm,5,5,150,8.02303999662,8.033279776575,9.032703906295,8.111650129159335,0.5180302905937514,0.0638625042186624,True
20260802T192733Z-1ce3398155a9-rtx3080_topk_gate_release_v1,topk_gate.release.cub_pair.e7_t8,topk_gate,cuda_subwarp_pair_top2_v2,L1_kernel_body,warm,5,5,150,9.10848021507,9.05215978622,9.927168101087997,9.168008530139934,0.41111811158676,0.04484268423564446,False
20260802T192733Z-1ce3398155a9-rtx3080_topk_gate_release_v1,topk_gate.release.cub_pair.e7_t8,topk_gate,cuda_vector_pair_top2_v3,L1_kernel_body,warm,5,5,150,9.01120007038,8.893439769745001,9.518591761589,8.9105066458386,0.4156219133557966,0.04664402708794354,False
20260802T192733Z-1ce3398155a9-rtx3080_topk_gate_release_v1,topk_gate.release.cub_pair.e8_t1,topk_gate,cub_block_radix_top2,L1_kernel_body,warm,5,5,150,13.2607996464,13.3222401142,14.261760115645,13.297937067348666,0.5907779973704664,0.04442628915886841,False
20260802T192733Z-1ce3398155a9-rtx3080_topk_gate_release_v1,topk_gate.release.cub_pair.e8_t1,topk_gate,cuda_naive,L1_kernel_body,warm,5,5,150,8.27903985977,8.350719809535,9.380863904952498,8.448409609,0.5772670772450661,0.06832849068185681,True
20260802T192733Z-1ce3398155a9-rtx3080_topk_gate_release_v1,topk_gate.release.cub_pair.e8_t1,topk_gate,cuda_subwarp_pair_top2_v2,L1_kernel_body,warm,5,5,150,9.10848021507,9.11360025406,40.73983871938488,12.111325828234266,9.798285025970191,0.8090183655308943,False
20260802T192733Z-1ce3398155a9-rtx3080_topk_gate_release_v1,topk_gate.release.cub_pair.e8_t1,topk_gate,cuda_vector_pair_top2_v3,L1_kernel_body,warm,5,5,150,8.71936023235,8.64767998457,9.2216318845735,8.644676280021534,0.41807346679542606,0.048361957493032307,False
20260802T192733Z-1ce3398155a9-rtx3080_topk_gate_release_v1,topk_gate.release.cub_pair.e8_t1024,topk_gate,cub_block_radix_top2,L1_kernel_body,warm,5,5,150,21.606400013,21.6320002079,22.877184152599998,21.775291856128,0.5990632895865677,0.027511148578152327,False
20260802T192733Z-1ce3398155a9-rtx3080_topk_gate_release_v1,topk_gate.release.cub_pair.e8_t1024,topk_gate,cuda_naive,L1_kernel_body,warm,5,5,150,8.46847981215,8.50943982601,9.2113918066035,8.552311468124534,0.44265610622715773,0.05175865119938497,True
20260802T192733Z-1ce3398155a9-rtx3080_topk_gate_release_v1,topk_gate.release.cub_pair.e8_t1024,topk_gate,cuda_subwarp_pair_top2_v2,L1_kernel_body,warm,5,5,150,8.98047983646,9.00095999241,9.5923199951655,9.022941831747467,0.37124271479571913,0.041144309884553566,False
20260802T192733Z-1ce3398155a9-rtx3080_topk_gate_release_v1,topk_gate.release.cub_pair.e8_t1024,topk_gate,cuda_vector_pair_top2_v3,L1_kernel_body,warm,5,5,150,8.47360014915,8.43775987625,9.172480106353,8.380074632167599,0.5653647406418174,0.06746535865821754,False
20260802T192733Z-1ce3398155a9-rtx3080_topk_gate_release_v1,topk_gate.release.cub_pair.e8_t128,topk_gate,cub_block_radix_top2,L1_kernel_body,warm,5,5,150,12.8819197416,12.887040376649999,13.8342404366,12.938649630548,0.5197183038062283,0.04016789376374946,False
20260802T192733Z-1ce3398155a9-rtx3080_topk_gate_release_v1,topk_gate.release.cub_pair.e8_t128,topk_gate,cuda_naive,L1_kernel_body,warm,5,5,150,8.04863989353,8.0588799715,9.280512094495489,8.177390944957333,0.7426472536347495,0.0908171394315824,True
20260802T192733Z-1ce3398155a9-rtx3080_topk_gate_release_v1,topk_gate.release.cub_pair.e8_t128,topk_gate,cuda_subwarp_pair_top2_v2,L1_kernel_body,warm,5,5,150,9.04192000628,9.016320109365001,9.5902719795715,9.038779735565067,0.3343762784428352,0.0369935199468528,False
20260802T192733Z-1ce3398155a9-rtx3080_topk_gate_release_v1,topk_gate.release.cub_pair.e8_t128,topk_gate,cuda_vector_pair_top2_v3,L1_kernel_body,warm,5,5,150,8.60159993172,8.6630398035,20.602367520335,10.452241082985067,4.405124588592634,0.4214526390673884,False
20260802T192733Z-1ce3398155a9-rtx3080_topk_gate_release_v1,topk_gate.release.cub_pair.e8_t16,topk_gate,cub_block_radix_top2,L1_kernel_body,warm,5,5,150,13.1020796299,12.9843199253,13.9422720671,13.018453343705334,0.5424554803331206,0.041668197136137376,False
20260802T192733Z-1ce3398155a9-rtx3080_topk_gate_release_v1,topk_gate.release.cub_pair.e8_t16,topk_gate,cuda_naive,L1_kernel_body,warm,5,5,150,8.38144004345,8.30976009369,9.017856121066,8.3184298674266,0.49975813957489607,0.060078421954587194,True
20260802T192733Z-1ce3398155a9-rtx3080_topk_gate_release_v1,topk_gate.release.cub_pair.e8_t16,topk_gate,cuda_subwarp_pair_top2_v2,L1_kernel_body,warm,5,5,150,8.98559987545,8.99071991444,9.5288318395635,9.0114047884944,0.31165392313605716,0.03458438838903023,False
20260802T192733Z-1ce3398155a9-rtx3080_topk_gate_release_v1,topk_gate.release.cub_pair.e8_t16,topk_gate,cuda_vector_pair_top2_v3,L1_kernel_body,warm,5,5,150,8.46848011017,8.545280098915,9.129471778869,8.5514922618866,0.382058846209301,0.044677447456990683,False
20260802T192733Z-1ce3398155a9-rtx3080_topk_gate_release_v1,topk_gate.release.cub_pair.e8_t2,topk_gate,cub_block_radix_top2,L1_kernel_body,warm,5,5,150,13.0867195129,13.0867195129,14.013951957245,13.08508158525,0.5150113718740998,0.0393586672363312,False
20260802T192733Z-1ce3398155a9-rtx3080_topk_gate_release_v1,topk_gate.release.cub_pair.e8_t2,topk_gate,cuda_naive,L1_kernel_body,warm,5,5,150,8.16639989614,8.248319923875,9.228287935259498,8.327850651741468,0.5199254003056505,0.0624321234911828,True
20260802T192733Z-1ce3398155a9-rtx3080_topk_gate_release_v1,topk_gate.release.cub_pair.e8_t2,topk_gate,cuda_subwarp_pair_top2_v2,L1_kernel_body,warm,5,5,150,9.13919985294,9.08288002014,11.346943914889998,9.317785604796667,0.9315835798871274,0.09997907436371589,False
20260802T192733Z-1ce3398155a9-rtx3080_topk_gate_release_v1,topk_gate.release.cub_pair.e8_t2,topk_gate,cuda_vector_pair_top2_v3,L1_kernel_body,warm,5,5,150,8.5504001379,8.57088029385,9.3716481029975,8.605218136311201,0.4212912924570265,0.04895765404008938,False
20260802T192733Z-1ce3398155a9-rtx3080_topk_gate_release_v1,topk_gate.release.cub_pair.e8_t2048,topk_gate,cub_block_radix_top2,L1_kernel_body,warm,5,5,150,38.620159626,40.775680541949995,46.224385499945,39.551385609305996,5.102678507627061,0.1290138999940993,False
20260802T192733Z-1ce3398155a9-rtx3080_topk_gate_release_v1,topk_gate.release.cub_pair.e8_t2048,topk_gate,cuda_naive,L1_kernel_body,warm,5,5,150,8.52991998196,8.51967990398,9.12383973598,8.505139215787134,0.35577336871393134,0.04183039920775773,True
20260802T192733Z-1ce3398155a9-rtx3080_topk_gate_release_v1,topk_gate.release.cub_pair.e8_t2048,topk_gate,cuda_subwarp_pair_top2_v2,L1_kernel_body,warm,5,5,150,9.03679996729,9.02144014835,9.5390719175335,9.0004138390226,0.34566087444671534,0.03840499788443643,False
20260802T192733Z-1ce3398155a9-rtx3080_topk_gate_release_v1,topk_gate.release.cub_pair.e8_t2048,topk_gate,cuda_vector_pair_top2_v3,L1_kernel_body,warm,5,5,150,8.79104018211,8.750079870225001,9.751552164557491,11.219831502437067,13.695163427310016,1.2206211318178246,False
20260802T192733Z-1ce3398155a9-rtx3080_topk_gate_release_v1,topk_gate.release.cub_pair.e8_t256,topk_gate,cub_block_radix_top2,L1_kernel_body,warm,5,5,150,12.0985603333,12.3033595085,13.710848033435,12.450269905726,0.6791158331178748,0.05454627395712465,False
20260802T192733Z-1ce3398155a9-rtx3080_topk_gate_release_v1,topk_gate.release.cub_pair.e8_t256,topk_gate,cuda_naive,L1_kernel_body,warm,5,5,150,8.2687997818,8.32512021065,8.940544128416999,8.301021877924933,0.4249771018854168,0.05119575735796656,True
20260802T192733Z-1ce3398155a9-rtx3080_topk_gate_release_v1,topk_gate.release.cub_pair.e8_t256,topk_gate,cuda_subwarp_pair_top2_v2,L1_kernel_body,warm,5,5,150,9.02144014835,9.016320109365001,9.6307199597365,9.082675206660667,0.37425108646612837,0.04120493994893443,False
20260802T192733Z-1ce3398155a9-rtx3080_topk_gate_release_v1,topk_gate.release.cub_pair.e8_t256,topk_gate,cuda_vector_pair_top2_v3,L1_kernel_body,warm,5,5,150,8.35584014654,8.350720107555,9.012224078176999,8.326894930998733,0.45821188315250333,0.055027941021173074,False
20260802T192733Z-1ce3398155a9-rtx3080_topk_gate_release_v1,topk_gate.release.cub_pair.e8_t32,topk_gate,cub_block_radix_top2,L1_kernel_body,warm,5,5,150,12.8409600258,12.8102397919,13.839872479445,12.836181394260667,0.6348543409762083,0.04945819332687721,False
20260802T192733Z-1ce3398155a9-rtx3080_topk_gate_release_v1,topk_gate.release.cub_pair.e8_t32,topk_gate,cuda_naive,L1_kernel_body,warm,5,5,150,8.17151993513,8.28415989876,9.341951876879,8.3223210533458,0.6004947670092672,0.07215472260203804,True
20260802T192733Z-1ce3398155a9-rtx3080_topk_gate_release_v1,topk_gate.release.cub_pair.e8_t32,topk_gate,cuda_subwarp_pair_top2_v2,L1_kernel_body,warm,5,5,150,8.96512001753,8.85760009289,9.4776320457435,8.835959482193266,0.420541274983246,0.04759429644632764,False
20260802T192733Z-1ce3398155a9-rtx3080_topk_gate_release_v1,topk_gate.release.cub_pair.e8_t32,topk_gate,cuda_vector_pair_top2_v3,L1_kernel_body,warm,5,5,150,8.44287991524,8.44287991524,9.366016060114,8.431957336266867,0.5816829728775893,0.06898552135406337,False
20260802T192733Z-1ce3398155a9-rtx3080_topk_gate_release_v1,topk_gate.release.cub_pair.e8_t4,topk_gate,cub_block_radix_top2,L1_kernel_body,warm,5,5,150,12.9126399755,12.92799949645,13.815808296244999,12.947319451966667,0.5131562248332207,0.03963416726813467,False
20260802T192733Z-1ce3398155a9-rtx3080_topk_gate_release_v1,topk_gate.release.cub_pair.e8_t4,topk_gate,cuda_naive,L1_kernel_body,warm,5,5,150,8.50943982601,8.49919974804,9.411584138872499,8.512034122149466,0.5852160004683451,0.06875160414894647,True
20260802T192733Z-1ce3398155a9-rtx3080_topk_gate_release_v1,topk_gate.release.cub_pair.e8_t4,topk_gate,cuda_subwarp_pair_top2_v2,L1_kernel_body,warm,5,5,150,9.00608003139,8.7961602211,9.6798720657845,8.820667731762068,0.638890549624148,0.07243108674455415,False
20260802T192733Z-1ce3398155a9-rtx3080_topk_gate_release_v1,topk_gate.release.cub_pair.e8_t4,topk_gate,cuda_vector_pair_top2_v3,L1_kernel_body,warm,5,5,150,8.66815984249,8.760319948195,9.49248015881,8.790766938527467,0.40082715403231817,0.045596380479114414,False
20260802T192733Z-1ce3398155a9-rtx3080_topk_gate_release_v1,topk_gate.release.cub_pair.e8_t4096,topk_gate,cub_block_radix_top2,L1_kernel_body,warm,5,5,150,66.4831995964,66.4678382874,74.37977623935498,67.11924047470266,2.1691409279600307,0.03231772160439722,False
20260802T192733Z-1ce3398155a9-rtx3080_topk_gate_release_v1,topk_gate.release.cub_pair.e8_t4096,topk_gate,cuda_naive,L1_kernel_body,warm,5,5,150,8.48896026611,8.40704023838,9.157631993291998,8.4236970861758,0.44620171344288984,0.05296981941280334,True
20260802T192733Z-1ce3398155a9-rtx3080_topk_gate_release_v1,topk_gate.release.cub_pair.e8_t4096,topk_gate,cuda_subwarp_pair_top2_v2,L1_kernel_body,warm,5,5,150,8.79615992308,8.73471975327,9.559552073479,8.7704234798754,0.4779111715476774,0.054491230970122664,False
20260802T192733Z-1ce3398155a9-rtx3080_topk_gate_release_v1,topk_gate.release.cub_pair.e8_t4096,topk_gate,cuda_vector_pair_top2_v3,L1_kernel_body,warm,5,5,150,8.9753600955,8.872960209845001,9.52319979668,8.886476794878465,0.46421894904112904,0.05223880731997994,False
20260802T192733Z-1ce3398155a9-rtx3080_topk_gate_release_v1,topk_gate.release.cub_pair.e8_t512,topk_gate,cub_block_radix_top2,L1_kernel_body,warm,5,5,150,14.1977596283,14.1158401966,17.992703914645,14.462634698548667,1.2039299349261614,0.0832441640143878,False
20260802T192733Z-1ce3398155a9-rtx3080_topk_gate_release_v1,topk_gate.release.cub_pair.e8_t512,topk_gate,cuda_naive,L1_kernel_body,warm,5,5,150,8.37119996548,8.41727972031,9.022464156152498,8.431206393242201,0.3660085493488305,0.043411171815482354,True
20260802T192733Z-1ce3398155a9-rtx3080_topk_gate_release_v1,topk_gate.release.cub_pair.e8_t512,topk_gate,cuda_subwarp_pair_top2_v2,L1_kernel_body,warm,5,5,150,9.09823983908,9.04191970825,9.72800016403,9.119197857379932,0.3409014530370952,0.03738283326764452,False
20260802T192733Z-1ce3398155a9-rtx3080_topk_gate_release_v1,topk_gate.release.cub_pair.e8_t512,topk_gate,cuda_vector_pair_top2_v3,L1_kernel_body,warm,5,5,150,8.65791976452,8.668159842489999,9.303551912309,8.701610640684732,0.37616246122892155,0.043229061464800406,False
20260802T192733Z-1ce3398155a9-rtx3080_topk_gate_release_v1,topk_gate.release.cub_pair.e8_t64,topk_gate,cub_block_radix_top2,L1_kernel_body,warm,5,5,150,13.1379199028,13.1276798248,14.230015873945,13.164134414989332,0.7680159340925548,0.058341544524040556,False
20260802T192733Z-1ce3398155a9-rtx3080_topk_gate_release_v1,topk_gate.release.cub_pair.e8_t64,topk_gate,cuda_naive,L1_kernel_body,warm,5,5,150,8.0588799715,8.04863989353,9.0117120146755,8.109943473339733,0.5273431005263979,0.06502426339467865,True
20260802T192733Z-1ce3398155a9-rtx3080_topk_gate_release_v1,topk_gate.release.cub_pair.e8_t64,topk_gate,cuda_subwarp_pair_top2_v2,L1_kernel_body,warm,5,5,150,8.98559987545,8.98047983646,9.4981122016935,9.028061870734,0.29466807152491575,0.032639128502223995,False
20260802T192733Z-1ce3398155a9-rtx3080_topk_gate_release_v1,topk_gate.release.cub_pair.e8_t64,topk_gate,cuda_vector_pair_top2_v3,L1_kernel_body,warm,5,5,150,8.66304010153,8.70400011539,9.478656053546,8.7208618958796,0.39611398145433646,0.045421425792958714,False
20260802T192733Z-1ce3398155a9-rtx3080_topk_gate_release_v1,topk_gate.release.cub_pair.e8_t8,topk_gate,cub_block_radix_top2,L1_kernel_body,warm,5,5,150,13.091840148,12.9945600033,14.143488407145,13.056273078916666,0.6263041109906368,0.047969593405793244,False
20260802T192733Z-1ce3398155a9-rtx3080_topk_gate_release_v1,topk_gate.release.cub_pair.e8_t8,topk_gate,cuda_naive,L1_kernel_body,warm,5,5,150,8.58111977577,8.64255994558,9.155583977696999,8.529715192317667,0.48963260512803264,0.05740315990491955,True
20260802T192733Z-1ce3398155a9-rtx3080_topk_gate_release_v1,topk_gate.release.cub_pair.e8_t8,topk_gate,cuda_subwarp_pair_top2_v2,L1_kernel_body,warm,5,5,150,9.04703974724,8.99071991444,9.565184116362499,8.943889073530267,0.49114060931132586,0.054913539878851204,False
20260802T192733Z-1ce3398155a9-rtx3080_topk_gate_release_v1,topk_gate.release.cub_pair.e8_t8,topk_gate,cuda_vector_pair_top2_v3,L1_kernel_body,warm,5,5,150,8.61695975065,8.60159993172,9.3854719400435,8.581393063068468,0.5263186793591328,0.06133254536774893,False
20260802T192733Z-1ce3398155a9-rtx3080_topk_gate_release_v1,topk_gate.release.cub_pair.e9_t1,topk_gate,cub_block_radix_top2,L1_kernel_body,warm,5,5,150,12.9228800535,12.9894399643,13.871616065489999,13.017907198268,0.5366373986006379,0.04122301614441038,False
20260802T192733Z-1ce3398155a9-rtx3080_topk_gate_release_v1,topk_gate.release.cub_pair.e9_t1,topk_gate,cuda_naive,L1_kernel_body,warm,5,5,150,8.06911975145,8.22272002697,9.142784148457999,8.273578639825066,0.4990658567904777,0.060320434302541394,True
20260802T192733Z-1ce3398155a9-rtx3080_topk_gate_release_v1,topk_gate.release.cub_pair.e9_t1,topk_gate,cuda_subwarp_pair_top2_v2,L1_kernel_body,warm,5,5,150,8.70399981737,8.811519742015,9.544703960417,8.766737063725667,0.4368761841665029,0.049833385099933666,False
20260802T192733Z-1ce3398155a9-rtx3080_topk_gate_release_v1,topk_gate.release.cub_pair.e9_t1,topk_gate,cuda_vector_pair_top2_v3,L1_kernel_body,warm,5,5,150,8.84736001492,8.816639781,9.386495947836,8.765781323114867,0.4079675761165927,0.04654092556938483,False
20260802T192733Z-1ce3398155a9-rtx3080_topk_gate_release_v1,topk_gate.release.cub_pair.e9_t1024,topk_gate,cub_block_radix_top2,L1_kernel_body,warm,5,5,150,21.5091192722,21.5449595451,22.758911252,21.678694311773334,0.5581882999923484,0.025748243504185846,False
20260802T192733Z-1ce3398155a9-rtx3080_topk_gate_release_v1,topk_gate.release.cub_pair.e9_t1024,topk_gate,cuda_naive,L1_kernel_body,warm,5,5,150,8.56575995684,8.514559864995,9.182719856500999,8.444245342413666,0.5018859455329109,0.05943526332803756,True
20260802T192733Z-1ce3398155a9-rtx3080_topk_gate_release_v1,topk_gate.release.cub_pair.e9_t1024,topk_gate,cuda_subwarp_pair_top2_v2,L1_kernel_body,warm,5,5,150,8.45311999321,8.57600003481,9.249791771174499,8.5677397449812,0.45888140692387047,0.05355921404973505,False
20260802T192733Z-1ce3398155a9-rtx3080_topk_gate_release_v1,topk_gate.release.cub_pair.e9_t1024,topk_gate,cuda_vector_pair_top2_v3,L1_kernel_body,warm,5,5,150,8.39168012142,8.422400057315,9.3240320682535,8.501179734866334,0.45504436593294123,0.05352720212074143,False
20260802T192733Z-1ce3398155a9-rtx3080_topk_gate_release_v1,topk_gate.release.cub_pair.e9_t128,topk_gate,cub_block_radix_top2,L1_kernel_body,warm,5,5,150,12.9177600145,12.92799949645,13.9263999462,12.999953150748,0.5849358746775363,0.04499522943618299,False
20260802T192733Z-1ce3398155a9-rtx3080_topk_gate_release_v1,topk_gate.release.cub_pair.e9_t128,topk_gate,cuda_naive,L1_kernel_body,warm,5,5,150,7.94111996889,7.982079982755,8.94976019859,8.1078271985058,0.46414638488019033,0.05724670414358712,True
20260802T192733Z-1ce3398155a9-rtx3080_topk_gate_release_v1,topk_gate.release.cub_pair.e9_t128,topk_gate,cuda_subwarp_pair_top2_v2,L1_kernel_body,warm,5,5,150,8.53504002094,8.483840227125,9.508351951836,8.5987327893574,0.48387168912767464,0.056272441647048234,False
20260802T192733Z-1ce3398155a9-rtx3080_topk_gate_release_v1,topk_gate.release.cub_pair.e9_t128,topk_gate,cuda_vector_pair_top2_v3,L1_kernel_body,warm,5,5,150,8.73984009027,8.77568006516,9.421824216842499,8.681881590684133,0.48855866949194365,0.05627336244900861,False
20260802T192733Z-1ce3398155a9-rtx3080_topk_gate_release_v1,topk_gate.release.cub_pair.e9_t16,topk_gate,cub_block_radix_top2,L1_kernel_body,warm,5,5,150,12.9894399643,13.0918395519,14.0799999237,13.12938668728,0.5227931079912304,0.03981854754096947,False
20260802T192733Z-1ce3398155a9-rtx3080_topk_gate_release_v1,topk_gate.release.cub_pair.e9_t16,topk_gate,cuda_naive,L1_kernel_body,warm,5,5,150,7.81823992729,7.87456005812,8.542208075519499,7.904802147547466,0.3824231412917806,0.048378584834084776,True
20260802T192733Z-1ce3398155a9-rtx3080_topk_gate_release_v1,topk_gate.release.cub_pair.e9_t16,topk_gate,cuda_subwarp_pair_top2_v2,L1_kernel_body,warm,5,5,150,8.71424019337,8.719360232355,9.449984103437998,8.692736021677801,0.40585512840520716,0.04668899727233087,False
20260802T192733Z-1ce3398155a9-rtx3080_topk_gate_release_v1,topk_gate.release.cub_pair.e9_t16,topk_gate,cuda_vector_pair_top2_v3,L1_kernel_body,warm,5,5,150,8.85760009289,8.96000027657,9.8370560705685,8.9774762789408,0.5015113031806547,0.05586328357748945,False
20260802T192733Z-1ce3398155a9-rtx3080_topk_gate_release_v1,topk_gate.release.cub_pair.e9_t2,topk_gate,cub_block_radix_top2,L1_kernel_body,warm,5,5,150,12.9535996914,12.92799949645,13.789696097344999,12.903901910782,0.6101143036192295,0.047281381076637104,False
20260802T192733Z-1ce3398155a9-rtx3080_topk_gate_release_v1,topk_gate.release.cub_pair.e9_t2,topk_gate,cuda_naive,L1_kernel_body,warm,5,5,150,8.11008006334,8.16128015518,8.9210879802695,8.1758890469872,0.4735064742747374,0.05791498289097058,True
20260802T192733Z-1ce3398155a9-rtx3080_topk_gate_release_v1,topk_gate.release.cub_pair.e9_t2,topk_gate,cuda_subwarp_pair_top2_v2,L1_kernel_body,warm,5,5,150,8.91391992569,8.9087998867,9.52319979668,8.9041578729948,0.3392343557227391,0.03809842104794599,False
20260802T192733Z-1ce3398155a9-rtx3080_topk_gate_release_v1,topk_gate.release.cub_pair.e9_t2,topk_gate,cuda_vector_pair_top2_v3,L1_kernel_body,warm,5,5,150,8.92928004265,8.87808024883,9.524223804472499,8.905386678377933,0.489665683243589,0.05498533650790095,False
20260802T192733Z-1ce3398155a9-rtx3080_topk_gate_release_v1,topk_gate.release.cub_pair.e9_t2048,topk_gate,cub_block_radix_top2,L1_kernel_body,warm,5,5,150,39.5980811119,39.93088006975,46.116353750215,39.49137918154667,4.149856450214166,0.10508259109252102,False
20260802T192733Z-1ce3398155a9-rtx3080_topk_gate_release_v1,topk_gate.release.cub_pair.e9_t2048,topk_gate,cuda_naive,L1_kernel_body,warm,5,5,150,8.37632000446,8.565760254859999,9.1909122467035,8.5488298813502,0.3712132625632916,0.04342269851142041,True
20260802T192733Z-1ce3398155a9-rtx3080_topk_gate_release_v1,topk_gate.release.cub_pair.e9_t2048,topk_gate,cuda_subwarp_pair_top2_v2,L1_kernel_body,warm,5,5,150,8.7859198451,8.616960048675,9.6209919452635,8.645973328749733,0.564228861140086,0.06525914893397865,False
20260802T192733Z-1ce3398155a9-rtx3080_topk_gate_release_v1,topk_gate.release.cub_pair.e9_t2048,topk_gate,cuda_vector_pair_top2_v3,L1_kernel_body,warm,5,5,150,8.35584014654,8.35583984852,9.072128206490499,8.371950948238467,0.40380818235892685,0.04823346252929153,False
20260802T192733Z-1ce3398155a9-rtx3080_topk_gate_release_v1,topk_gate.release.cub_pair.e9_t256,topk_gate,cub_block_radix_top2,L1_kernel_body,warm,5,5,150,12.1292799711,12.2265601158,13.730304181534999,12.345207452773334,0.6701803838746846,0.0542866846457189,False
20260802T192733Z-1ce3398155a9-rtx3080_topk_gate_release_v1,topk_gate.release.cub_pair.e9_t256,topk_gate,cuda_naive,L1_kernel_body,warm,5,5,150,8.34559977055,8.38144004345,9.170432090759,8.420283722877533,0.46889294245997326,0.05568612150039697,True
20260802T192733Z-1ce3398155a9-rtx3080_topk_gate_release_v1,topk_gate.release.cub_pair.e9_t256,topk_gate,cuda_subwarp_pair_top2_v2,L1_kernel_body,warm,5,5,150,8.80640000105,8.698880076405,9.248768091199498,8.652799979845268,0.44230479017354657,0.05111695534437351,False
20260802T192733Z-1ce3398155a9-rtx3080_topk_gate_release_v1,topk_gate.release.cub_pair.e9_t256,topk_gate,cuda_vector_pair_top2_v3,L1_kernel_body,warm,5,5,150,8.87295991182,8.801279962065,10.007040172811497,8.849203221002535,0.6702198486792614,0.07573787514434906,False
20260802T192733Z-1ce3398155a9-rtx3080_topk_gate_release_v1,topk_gate.release.cub_pair.e9_t32,topk_gate,cub_block_radix_top2,L1_kernel_body,warm,5,5,150,13.2044798136,13.12255978585,14.194687604944999,13.183726970353334,0.7312055219822539,0.05546273247515964,False
20260802T192733Z-1ce3398155a9-rtx3080_topk_gate_release_v1,topk_gate.release.cub_pair.e9_t32,topk_gate,cuda_naive,L1_kernel_body,warm,5,5,150,8.09983998537,8.12031984329,8.88831973076,8.120729605356734,0.4608635394365941,0.05675149424167397,True
20260802T192733Z-1ce3398155a9-rtx3080_topk_gate_release_v1,topk_gate.release.cub_pair.e9_t32,topk_gate,cuda_subwarp_pair_top2_v2,L1_kernel_body,warm,5,5,150,8.98047983646,8.872960209845001,9.57440018654,8.839168000221132,0.47686603369908764,0.05394919902949664,False
20260802T192733Z-1ce3398155a9-rtx3080_topk_gate_release_v1,topk_gate.release.cub_pair.e9_t32,topk_gate,cuda_vector_pair_top2_v3,L1_kernel_body,warm,5,5,150,8.62208008766,8.64255994558,9.58464026451,8.676351992289199,0.4919745457162932,0.05670292608616135,False
20260802T192733Z-1ce3398155a9-rtx3080_topk_gate_release_v1,topk_gate.release.cub_pair.e9_t4,topk_gate,cub_block_radix_top2,L1_kernel_body,warm,5,5,150,12.9740798473,12.9791998863,13.71904009579,12.980838394165334,0.5006174398232832,0.0385658787685318,False
20260802T192733Z-1ce3398155a9-rtx3080_topk_gate_release_v1,topk_gate.release.cub_pair.e9_t4,topk_gate,cuda_naive,L1_kernel_body,warm,5,5,150,7.98720002174,8.03839981556,8.784896075725497,8.082909850279535,0.38852850707782954,0.048067900579689495,True
20260802T192733Z-1ce3398155a9-rtx3080_topk_gate_release_v1,topk_gate.release.cub_pair.e9_t4,topk_gate,cuda_subwarp_pair_top2_v2,L1_kernel_body,warm,5,5,150,8.87295991182,8.74495983124,9.647104144097,8.808106664816467,0.6127233566694281,0.06956357137645941,False
20260802T192733Z-1ce3398155a9-rtx3080_topk_gate_release_v1,topk_gate.release.cub_pair.e9_t4,topk_gate,cuda_vector_pair_top2_v3,L1_kernel_body,warm,5,5,150,8.84736001492,8.85760009289,9.5697921514535,8.8001194675764,0.43919737093105105,0.049908114605631416,False
20260802T192733Z-1ce3398155a9-rtx3080_topk_gate_release_v1,topk_gate.release.cub_pair.e9_t4096,topk_gate,cub_block_radix_top2,L1_kernel_body,warm,5,5,150,66.5497589111,66.5087985992,74.44019246099,68.293836784364,3.199059266553208,0.04684257639022616,False
20260802T192733Z-1ce3398155a9-rtx3080_topk_gate_release_v1,topk_gate.release.cub_pair.e9_t4096,topk_gate,cuda_naive,L1_kernel_body,warm,5,5,150,8.45311999321,8.47872018814,9.129471778869,8.517154141267266,0.36395853598690714,0.042732411548530906,True
20260802T192733Z-1ce3398155a9-rtx3080_topk_gate_release_v1,topk_gate.release.cub_pair.e9_t4096,topk_gate,cuda_subwarp_pair_top2_v2,L1_kernel_body,warm,5,5,150,10.4089599848,10.3014397621,10.942975878744999,10.2267562985418,0.5256496290719943,0.05139944804854155,False
20260802T192733Z-1ce3398155a9-rtx3080_topk_gate_release_v1,topk_gate.release.cub_pair.e9_t4096,topk_gate,cuda_vector_pair_top2_v3,L1_kernel_body,warm,5,5,150,10.327039957,10.0761604309,10.921471715,9.758242102463134,0.9125154055062061,0.09351227361697378,False
20260802T192733Z-1ce3398155a9-rtx3080_topk_gate_release_v1,topk_gate.release.cub_pair.e9_t512,topk_gate,cub_block_radix_top2,L1_kernel_body,warm,5,5,150,13.9468801022,14.1004800797,18.240511953835004,14.772701867424667,1.5965414354845529,0.10807375995349176,False
20260802T192733Z-1ce3398155a9-rtx3080_topk_gate_release_v1,topk_gate.release.cub_pair.e9_t512,topk_gate,cuda_naive,L1_kernel_body,warm,5,5,150,8.46336007118,8.48896026611,9.20575976372,8.5281450510022,0.34876733160261736,0.040896036537468525,True
20260802T192733Z-1ce3398155a9-rtx3080_topk_gate_release_v1,topk_gate.release.cub_pair.e9_t512,topk_gate,cuda_subwarp_pair_top2_v2,L1_kernel_body,warm,5,5,150,8.91391992569,8.87808024883,10.471935868245,8.972970668474066,0.7000123308979354,0.07801344245528206,False
20260802T192733Z-1ce3398155a9-rtx3080_topk_gate_release_v1,topk_gate.release.cub_pair.e9_t512,topk_gate,cuda_vector_pair_top2_v3,L1_kernel_body,warm,5,5,150,8.49920004606,8.40704023838,9.147392183544499,8.439944545427533,0.43038643696142465,0.05099398872171417,False
20260802T192733Z-1ce3398155a9-rtx3080_topk_gate_release_v1,topk_gate.release.cub_pair.e9_t64,topk_gate,cub_block_radix_top2,L1_kernel_body,warm,5,5,150,13.1174397469,13.15840005875,14.467583835134999,13.252471439044665,0.6541902475934847,0.04936364138586995,False
20260802T192733Z-1ce3398155a9-rtx3080_topk_gate_release_v1,topk_gate.release.cub_pair.e9_t64,topk_gate,cuda_naive,L1_kernel_body,warm,5,5,150,8.17663997412,8.22272002697,9.089536070826,8.2485248009366,0.5206241410604332,0.06311724261304488,True
20260802T192733Z-1ce3398155a9-rtx3080_topk_gate_release_v1,topk_gate.release.cub_pair.e9_t64,topk_gate,cuda_subwarp_pair_top2_v2,L1_kernel_body,warm,5,5,150,8.89855980873,8.847360014915001,9.59487974644,8.868522699673267,0.5085280381238247,0.05734078327865811,False
20260802T192733Z-1ce3398155a9-rtx3080_topk_gate_release_v1,topk_gate.release.cub_pair.e9_t64,topk_gate,cuda_vector_pair_top2_v3,L1_kernel_body,warm,5,5,150,8.91391992569,8.92928004265,9.6209919452635,8.894327453772332,0.4718291226975169,0.053048319296744695,False
20260802T192733Z-1ce3398155a9-rtx3080_topk_gate_release_v1,topk_gate.release.cub_pair.e9_t8,topk_gate,cub_block_radix_top2,L1_kernel_body,warm,5,5,150,12.7948796749,12.958719730399999,14.1516804695,13.046442627904666,0.6347353679206504,0.048651987827167,False
20260802T192733Z-1ce3398155a9-rtx3080_topk_gate_release_v1,topk_gate.release.cub_pair.e9_t8,topk_gate,cuda_naive,L1_kernel_body,warm,5,5,150,7.92064011097,8.03839981556,8.85760009289,8.064409609635467,0.4786315830602338,0.059351100232850056,True
20260802T192733Z-1ce3398155a9-rtx3080_topk_gate_release_v1,topk_gate.release.cub_pair.e9_t8,topk_gate,cuda_subwarp_pair_top2_v2,L1_kernel_body,warm,5,5,150,8.62208008766,8.632320165635,9.327103763817998,8.6719829161964,0.40674897015922856,0.04690380205887581,False
20260802T192733Z-1ce3398155a9-rtx3080_topk_gate_release_v1,topk_gate.release.cub_pair.e9_t8,topk_gate,cuda_vector_pair_top2_v3,L1_kernel_body,warm,5,5,150,8.63744020462,8.78592014313,9.5288318395635,8.789401582877334,0.4143592605208015,0.04714305708001969,False
20260802T192733Z-1ce3398155a9-rtx3080_topk_gate_release_v1,topk_gate.release.main.e15_t1,topk_gate,cuda_naive,L1_kernel_body,warm,5,5,150,8.73471975327,8.73471975327,9.339904189107,8.724616515636534,0.3838146980772076,0.0439921568345523,True
20260802T192733Z-1ce3398155a9-rtx3080_topk_gate_release_v1,topk_gate.release.main.e15_t1,topk_gate,cuda_naive,L2_operator_steady,warm,5,5,150,8.54528009892,8.49919974804,9.248768091199498,8.5697877446804,0.5160596166155869,0.06021848288318751,True
20260802T192733Z-1ce3398155a9-rtx3080_topk_gate_release_v1,topk_gate.release.main.e15_t1,topk_gate,cuda_subwarp_pair_top2_v2,L1_kernel_body,warm,5,5,150,8.52991998196,8.59135985374,9.26720023155,8.588902409871599,0.41876081326493014,0.04875603345820185,False
20260802T192733Z-1ce3398155a9-rtx3080_topk_gate_release_v1,topk_gate.release.main.e15_t1,topk_gate,cuda_subwarp_pair_top2_v2,L2_operator_steady,warm,5,5,150,8.40192019939,8.535040020945,9.416192173959,8.578116273879868,0.4444388658388372,0.05181077659114292,False
20260802T192733Z-1ce3398155a9-rtx3080_topk_gate_release_v1,topk_gate.release.main.e15_t1,topk_gate,cuda_vector_pair_top2_v3,L1_kernel_body,warm,5,5,150,8.62208008766,8.84223997593,9.4673919677735,8.770286945502267,0.404514460339521,0.04612328682666093,False
20260802T192733Z-1ce3398155a9-rtx3080_topk_gate_release_v1,topk_gate.release.main.e15_t1,topk_gate,cuda_vector_pair_top2_v3,L2_operator_steady,warm,5,5,150,8.60159993172,8.63232016563,9.632767975325997,8.724275195598468,0.5268675875254528,0.06039098672532312,False
20260802T192733Z-1ce3398155a9-rtx3080_topk_gate_release_v1,topk_gate.release.main.e15_t1,topk_gate,cuda_warp_pair_top2_v1,L1_kernel_body,warm,5,5,150,8.65792006254,8.678399920465,9.436672002076,8.675669304529666,0.5020210344257322,0.057865395372276494,False
20260802T192733Z-1ce3398155a9-rtx3080_topk_gate_release_v1,topk_gate.release.main.e15_t1,topk_gate,cuda_warp_pair_top2_v1,L2_operator_steady,warm,5,5,150,8.68863999844,8.77568006516,9.704959988593,8.831795167923133,0.5268652861760964,0.05965551466701339,False
20260802T192733Z-1ce3398155a9-rtx3080_topk_gate_release_v1,topk_gate.release.main.e15_t1024,topk_gate,cuda_naive,L1_kernel_body,warm,5,5,150,9.00095999241,8.98559987545,9.585663944484999,9.0105855981512,0.33206083072693676,0.03685230300626291,True
20260802T192733Z-1ce3398155a9-rtx3080_topk_gate_release_v1,topk_gate.release.main.e15_t1024,topk_gate,cuda_naive,L2_operator_steady,warm,5,5,150,9.01632010937,9.016320109365001,9.544703960417,9.048814944426066,0.3564883106384706,0.03939613229222485,True
20260802T192733Z-1ce3398155a9-rtx3080_topk_gate_release_v1,topk_gate.release.main.e15_t1024,topk_gate,cuda_subwarp_pair_top2_v2,L1_kernel_body,warm,5,5,150,8.56063991785,8.780800104145,9.411584138872499,8.672255988915735,0.43279357405797436,0.049905534916305574,False
20260802T192733Z-1ce3398155a9-rtx3080_topk_gate_release_v1,topk_gate.release.main.e15_t1024,topk_gate,cuda_subwarp_pair_top2_v2,L2_operator_steady,warm,5,5,150,8.52479994297,8.565760254859999,9.304575920106,8.612454410394266,0.42368399762106196,0.04919433850468026,False
20260802T192733Z-1ce3398155a9-rtx3080_topk_gate_release_v1,topk_gate.release.main.e15_t1024,topk_gate,cuda_vector_pair_top2_v3,L1_kernel_body,warm,5,5,150,8.41215997934,8.514559864995,9.513983994724999,8.599210671583535,0.47055357136067266,0.05472055393591384,False
20260802T192733Z-1ce3398155a9-rtx3080_topk_gate_release_v1,topk_gate.release.main.e15_t1024,topk_gate,cuda_vector_pair_top2_v3,L2_operator_steady,warm,5,5,150,8.41215997934,8.412159979345,9.3557759821385,8.420966402689734,0.49148626379445887,0.05836459146036655,False
20260802T192733Z-1ce3398155a9-rtx3080_topk_gate_release_v1,topk_gate.release.main.e15_t1024,topk_gate,cuda_warp_pair_top2_v1,L1_kernel_body,warm,5,5,150,8.41215997934,8.33536028862,9.249791771174499,8.360482152303332,0.47711014704120824,0.05706730046780416,False
20260802T192733Z-1ce3398155a9-rtx3080_topk_gate_release_v1,topk_gate.release.main.e15_t1024,topk_gate,cuda_warp_pair_top2_v1,L2_operator_steady,warm,5,5,150,8.3916798234,8.41727972031,9.76895987988,8.502067184448867,0.5376602705631394,0.06323876992486885,False
20260802T192733Z-1ce3398155a9-rtx3080_topk_gate_release_v1,topk_gate.release.main.e15_t128,topk_gate,cuda_naive,L1_kernel_body,warm,5,5,150,8.74495983124,8.780800104145,9.370623826982499,8.794385071595933,0.39195307717468025,0.04456855982354112,True
20260802T192733Z-1ce3398155a9-rtx3080_topk_gate_release_v1,topk_gate.release.main.e15_t128,topk_gate,cuda_naive,L2_operator_steady,warm,5,5,150,8.94463986158,8.872960209845001,11.169280409844998,9.0077866832418,0.9129867248210122,0.10135527815279465,True
20260802T192733Z-1ce3398155a9-rtx3080_topk_gate_release_v1,topk_gate.release.main.e15_t128,topk_gate,cuda_subwarp_pair_top2_v2,L1_kernel_body,warm,5,5,150,8.62719982862,8.64256024361,9.3137919902835,8.652731728554066,0.3945639052847414,0.045599923545841387,False
20260802T192733Z-1ce3398155a9-rtx3080_topk_gate_release_v1,topk_gate.release.main.e15_t128,topk_gate,cuda_subwarp_pair_top2_v2,L2_operator_steady,warm,5,5,150,8.62719982862,8.750079870225001,9.565184116362499,8.758886388937334,0.46125230311304777,0.052661067015964444,False
20260802T192733Z-1ce3398155a9-rtx3080_topk_gate_release_v1,topk_gate.release.main.e15_t128,topk_gate,cuda_vector_pair_top2_v3,L1_kernel_body,warm,5,5,150,8.49408000708,8.47872018814,9.438720017670999,8.570333866277734,0.5230449426359225,0.061029704419565546,False
20260802T192733Z-1ce3398155a9-rtx3080_topk_gate_release_v1,topk_gate.release.main.e15_t128,topk_gate,cuda_vector_pair_top2_v3,L2_operator_steady,warm,5,5,150,8.54528009892,8.56064021587,9.387519955633,8.599347190061867,0.43565291423735075,0.05066116120312343,False
20260802T192733Z-1ce3398155a9-rtx3080_topk_gate_release_v1,topk_gate.release.main.e15_t128,topk_gate,cuda_warp_pair_top2_v1,L1_kernel_body,warm,5,5,150,8.816639781,8.831999897955,9.5129597187,8.826811718940533,0.42711887073360827,0.04838880496534196,False
20260802T192733Z-1ce3398155a9-rtx3080_topk_gate_release_v1,topk_gate.release.main.e15_t128,topk_gate,cuda_warp_pair_top2_v1,L2_operator_steady,warm,5,5,150,8.94464015961,8.92928004265,9.5902719795715,8.953514663378535,0.4761095850173827,0.05317571958247363,False
20260802T192733Z-1ce3398155a9-rtx3080_topk_gate_release_v1,topk_gate.release.main.e15_t16,topk_gate,cuda_naive,L1_kernel_body,warm,5,5,150,8.56063991785,8.698880076405,11.604479491724998,9.205486933389,2.0181779491370158,0.21923641451457945,True
20260802T192733Z-1ce3398155a9-rtx3080_topk_gate_release_v1,topk_gate.release.main.e15_t16,topk_gate,cuda_naive,L2_operator_steady,warm,5,5,150,8.49919974804,8.535040020945,9.1806721687335,8.575795185565866,0.36801504702485394,0.042913227177378166,True
20260802T192733Z-1ce3398155a9-rtx3080_topk_gate_release_v1,topk_gate.release.main.e15_t16,topk_gate,cuda_subwarp_pair_top2_v2,L1_kernel_body,warm,5,5,150,8.67839992046,8.80640000105,9.821183949704999,8.8638805627824,0.49755130060637354,0.056132446402255065,False
20260802T192733Z-1ce3398155a9-rtx3080_topk_gate_release_v1,topk_gate.release.main.e15_t16,topk_gate,cuda_subwarp_pair_top2_v2,L2_operator_steady,warm,5,5,150,8.84223997593,8.821759819985001,9.5390719175335,8.8090624054274,0.4046263156512419,0.04593296051597334,False
20260802T192733Z-1ce3398155a9-rtx3080_topk_gate_release_v1,topk_gate.release.main.e15_t16,topk_gate,cuda_vector_pair_top2_v3,L1_kernel_body,warm,5,5,150,8.50944012403,8.61184000969,9.493504166602499,8.670754150549866,0.4545821015161376,0.0524270546279195,False
20260802T192733Z-1ce3398155a9-rtx3080_topk_gate_release_v1,topk_gate.release.main.e15_t16,topk_gate,cuda_vector_pair_top2_v3,L2_operator_steady,warm,5,5,150,8.7296000123,8.73471975327,9.442304044964999,8.768648533025933,0.4158232255045392,0.04742158656928682,False
20260802T192733Z-1ce3398155a9-rtx3080_topk_gate_release_v1,topk_gate.release.main.e15_t16,topk_gate,cuda_warp_pair_top2_v1,L1_kernel_body,warm,5,5,150,8.84223997593,8.852480053905,9.513983994724999,8.788718950748667,0.45207622435722944,0.05143823882532042,False
20260802T192733Z-1ce3398155a9-rtx3080_topk_gate_release_v1,topk_gate.release.main.e15_t16,topk_gate,cuda_warp_pair_top2_v1,L2_operator_steady,warm,5,5,150,8.68863999844,8.72447997332,9.554944038392499,8.750626130898134,0.47937424866213,0.0547817083590713,False
20260802T192733Z-1ce3398155a9-rtx3080_topk_gate_release_v1,topk_gate.release.main.e15_t2,topk_gate,cuda_naive,L1_kernel_body,warm,5,5,150,8.47359985113,8.51967990398,9.12383973598,8.449706669648734,0.4910125878478815,0.05811001577268878,True
20260802T192733Z-1ce3398155a9-rtx3080_topk_gate_release_v1,topk_gate.release.main.e15_t2,topk_gate,cuda_naive,L2_operator_steady,warm,5,5,150,8.46848011017,8.463360071185,9.080320000648499,8.437077355384734,0.40740903706017356,0.048287934304662494,True
20260802T192733Z-1ce3398155a9-rtx3080_topk_gate_release_v1,topk_gate.release.main.e15_t2,topk_gate,cuda_subwarp_pair_top2_v2,L1_kernel_body,warm,5,5,150,8.71424019337,8.791040182115,9.326080083843,8.7789568225542,0.40077243996357126,0.04565148776377832,False
20260802T192733Z-1ce3398155a9-rtx3080_topk_gate_release_v1,topk_gate.release.main.e15_t2,topk_gate,cuda_subwarp_pair_top2_v2,L2_operator_steady,warm,5,5,150,8.6630398035,8.811519742015,9.57440018654,8.796364788214467,0.4701717269953871,0.05345068540419469,False
20260802T192733Z-1ce3398155a9-rtx3080_topk_gate_release_v1,topk_gate.release.main.e15_t2,topk_gate,cuda_vector_pair_top2_v3,L1_kernel_body,warm,5,5,150,8.64256024361,8.69376003742,9.420799821614997,8.679287437597866,0.4332172441767817,0.049913918313169915,False
20260802T192733Z-1ce3398155a9-rtx3080_topk_gate_release_v1,topk_gate.release.main.e15_t2,topk_gate,cuda_vector_pair_top2_v3,L2_operator_steady,warm,5,5,150,8.73984009027,8.719360232355,9.4981122016935,8.739225594202933,0.4299637391523475,0.04919929512262037,False
20260802T192733Z-1ce3398155a9-rtx3080_topk_gate_release_v1,topk_gate.release.main.e15_t2,topk_gate,cuda_warp_pair_top2_v1,L1_kernel_body,warm,5,5,150,8.79103988409,8.71424019337,9.516032010314499,8.815411210060534,0.5493756909327225,0.06231991654634907,False
20260802T192733Z-1ce3398155a9-rtx3080_topk_gate_release_v1,topk_gate.release.main.e15_t2,topk_gate,cuda_warp_pair_top2_v1,L2_operator_steady,warm,5,5,150,8.70912015438,8.69376003742,9.544703960417,8.7446869333582,0.44399101459295914,0.05077265978491175,False
20260802T192733Z-1ce3398155a9-rtx3080_topk_gate_release_v1,topk_gate.release.main.e15_t2048,topk_gate,cuda_naive,L1_kernel_body,warm,5,5,150,8.94976019859,8.944640159605001,9.609216123821499,8.941431462764534,0.40040783517056466,0.0447811781411078,True
20260802T192733Z-1ce3398155a9-rtx3080_topk_gate_release_v1,topk_gate.release.main.e15_t2048,topk_gate,cuda_naive,L2_operator_steady,warm,5,5,150,8.98559987545,8.954879939555,9.55392003059,8.984507707754066,0.3971376193224034,0.04420249080310258,True
20260802T192733Z-1ce3398155a9-rtx3080_topk_gate_release_v1,topk_gate.release.main.e15_t2048,topk_gate,cuda_subwarp_pair_top2_v2,L1_kernel_body,warm,5,5,150,8.27904015779,8.360959887505,55.15673637389,15.978632541497266,17.09029954140171,1.0695720986772423,False
20260802T192733Z-1ce3398155a9-rtx3080_topk_gate_release_v1,topk_gate.release.main.e15_t2048,topk_gate,cuda_subwarp_pair_top2_v2,L2_operator_steady,warm,5,5,150,8.43263983727,8.4582400322,9.17504012585,8.488686943054534,0.3867539264970521,0.04556110139195264,False
20260802T192733Z-1ce3398155a9-rtx3080_topk_gate_release_v1,topk_gate.release.main.e15_t2048,topk_gate,cuda_vector_pair_top2_v3,L1_kernel_body,warm,5,5,150,8.44800025225,8.4582400322,9.252864062788998,8.474077868461666,0.44076048189812045,0.052012795815638814,False
20260802T192733Z-1ce3398155a9-rtx3080_topk_gate_release_v1,topk_gate.release.main.e15_t2048,topk_gate,cuda_vector_pair_top2_v3,L2_operator_steady,warm,5,5,150,8.37119996548,8.34559977055,10.325504481769997,8.534835179646533,0.7418112630653959,0.08691571043274883,False
20260802T192733Z-1ce3398155a9-rtx3080_topk_gate_release_v1,topk_gate.release.main.e15_t2048,topk_gate,cuda_warp_pair_top2_v1,L1_kernel_body,warm,5,5,150,10.5011200905,10.4755198956,11.0136324167,10.516275203225801,0.31106343073298137,0.029579240246353066,False
20260802T192733Z-1ce3398155a9-rtx3080_topk_gate_release_v1,topk_gate.release.main.e15_t2048,topk_gate,cuda_warp_pair_top2_v1,L2_operator_steady,warm,5,5,150,10.5164802074,10.460159778600001,10.9578239918,10.475588234263467,0.335727289948349,0.03204853822435049,False
20260802T192733Z-1ce3398155a9-rtx3080_topk_gate_release_v1,topk_gate.release.main.e15_t256,topk_gate,cuda_naive,L1_kernel_body,warm,5,5,150,9.00095999241,9.02144014835,9.5288318395635,9.030109870433733,0.3165043318748423,0.03504988714601764,True
20260802T192733Z-1ce3398155a9-rtx3080_topk_gate_release_v1,topk_gate.release.main.e15_t256,topk_gate,cuda_naive,L2_operator_steady,warm,5,5,150,8.95488023758,8.89855980873,9.6460801363,8.973312008380601,0.5184956773506849,0.057781973575245935,True
20260802T192733Z-1ce3398155a9-rtx3080_topk_gate_release_v1,topk_gate.release.main.e15_t256,topk_gate,cuda_subwarp_pair_top2_v2,L1_kernel_body,warm,5,5,150,8.77568006516,8.86784017086,9.6209919452635,8.879923200607333,0.5194847598916282,0.058501041974788545,False
20260802T192733Z-1ce3398155a9-rtx3080_topk_gate_release_v1,topk_gate.release.main.e15_t256,topk_gate,cuda_subwarp_pair_top2_v2,L2_operator_steady,warm,5,5,150,8.63232016563,8.69376003742,9.575424194337,8.753493320942265,0.4921260995903772,0.056220537509635356,False
20260802T192733Z-1ce3398155a9-rtx3080_topk_gate_release_v1,topk_gate.release.main.e15_t256,topk_gate,cuda_vector_pair_top2_v3,L1_kernel_body,warm,5,5,150,8.75519990921,8.791040182115,9.513983994724999,8.760115178426133,0.49140295689911434,0.05609549040054987,False
20260802T192733Z-1ce3398155a9-rtx3080_topk_gate_release_v1,topk_gate.release.main.e15_t256,topk_gate,cuda_vector_pair_top2_v3,L2_operator_steady,warm,5,5,150,8.60159993172,8.82687985897,9.5037439167495,8.806809572378667,0.4184288073284598,0.047511962634096634,False
20260802T192733Z-1ce3398155a9-rtx3080_topk_gate_release_v1,topk_gate.release.main.e15_t256,topk_gate,cuda_warp_pair_top2_v1,L1_kernel_body,warm,5,5,150,8.77056002617,8.72448027134,9.513983994724999,8.673416527112867,0.43217489667971776,0.04982752705681212,False
20260802T192733Z-1ce3398155a9-rtx3080_topk_gate_release_v1,topk_gate.release.main.e15_t256,topk_gate,cuda_warp_pair_top2_v1,L2_operator_steady,warm,5,5,150,8.816639781,8.82687985897,10.569727957289999,8.893235202630867,0.6939565248296601,0.0780319545157614,False
20260802T192733Z-1ce3398155a9-rtx3080_topk_gate_release_v1,topk_gate.release.main.e15_t32,topk_gate,cuda_naive,L1_kernel_body,warm,5,5,150,8.6067199707,8.60159993172,9.2113918066035,8.663995742798134,0.3607588596186158,0.041638854672625306,True
20260802T192733Z-1ce3398155a9-rtx3080_topk_gate_release_v1,topk_gate.release.main.e15_t32,topk_gate,cuda_naive,L2_operator_steady,warm,5,5,150,8.6067199707,8.565760254859999,9.312256246801498,8.5722453514732,0.48255315172993773,0.05629250353257885,True
20260802T192733Z-1ce3398155a9-rtx3080_topk_gate_release_v1,topk_gate.release.main.e15_t32,topk_gate,cuda_subwarp_pair_top2_v2,L1_kernel_body,warm,5,5,150,8.57600003481,8.647679984565,9.575424194337,8.678604825337533,0.5321184736811023,0.06131382686391725,False
20260802T192733Z-1ce3398155a9-rtx3080_topk_gate_release_v1,topk_gate.release.main.e15_t32,topk_gate,cuda_subwarp_pair_top2_v2,L2_operator_steady,warm,5,5,150,8.51967990398,8.504319787025,9.3291520476355,8.544460797309867,0.44104062235546093,0.051617139199037335,False
20260802T192733Z-1ce3398155a9-rtx3080_topk_gate_release_v1,topk_gate.release.main.e15_t32,topk_gate,cuda_vector_pair_top2_v3,L1_kernel_body,warm,5,5,150,8.75520020723,8.698880076405,9.595904022454999,8.7379967927934,0.4891010277837176,0.055974045239648086,False
20260802T192733Z-1ce3398155a9-rtx3080_topk_gate_release_v1,topk_gate.release.main.e15_t32,topk_gate,cuda_vector_pair_top2_v3,L2_operator_steady,warm,5,5,150,8.67327988148,8.739839792255,9.6005117893235,8.804215478897532,0.5103351193241558,0.05796486019082079,False
20260802T192733Z-1ce3398155a9-rtx3080_topk_gate_release_v1,topk_gate.release.main.e15_t32,topk_gate,cuda_warp_pair_top2_v1,L1_kernel_body,warm,5,5,150,8.8831999898,8.86784017086,9.529855847356,8.849612788359867,0.4133830364824395,0.04671199140217449,False
20260802T192733Z-1ce3398155a9-rtx3080_topk_gate_release_v1,topk_gate.release.main.e15_t32,topk_gate,cuda_warp_pair_top2_v1,L2_operator_steady,warm,5,5,150,8.88832002878,8.75519990921,9.5493119955035,8.756633591652133,0.4459878161417445,0.05093142375706039,False
20260802T192733Z-1ce3398155a9-rtx3080_topk_gate_release_v1,topk_gate.release.main.e15_t4,topk_gate,cuda_naive,L1_kernel_body,warm,5,5,150,8.53504002094,8.5504001379,9.16480004787,8.580983467896667,0.34906431212204003,0.04067882352040018,True
20260802T192733Z-1ce3398155a9-rtx3080_topk_gate_release_v1,topk_gate.release.main.e15_t4,topk_gate,cuda_naive,L2_operator_steady,warm,5,5,150,8.69888007641,8.50943982601,9.222655892370499,8.456874692440133,0.49272266442907686,0.058262973302600454,True
20260802T192733Z-1ce3398155a9-rtx3080_topk_gate_release_v1,topk_gate.release.main.e15_t4,topk_gate,cuda_subwarp_pair_top2_v2,L1_kernel_body,warm,5,5,150,8.77567976713,8.78592014313,9.52319979668,8.764893869558534,0.4645858434282139,0.05300530164338589,False
20260802T192733Z-1ce3398155a9-rtx3080_topk_gate_release_v1,topk_gate.release.main.e15_t4,topk_gate,cuda_subwarp_pair_top2_v2,L2_operator_steady,warm,5,5,150,8.72447997332,8.86784017086,11.756544113144999,9.299285348256,1.1857387452720585,0.12750858811902502,False
20260802T192733Z-1ce3398155a9-rtx3080_topk_gate_release_v1,topk_gate.release.main.e15_t4,topk_gate,cuda_vector_pair_top2_v3,L1_kernel_body,warm,5,5,150,8.7961602211,8.7961602211,9.58464026451,8.771720524629666,0.47244744375739167,0.05386029370530338,False
20260802T192733Z-1ce3398155a9-rtx3080_topk_gate_release_v1,topk_gate.release.main.e15_t4,topk_gate,cuda_vector_pair_top2_v3,L2_operator_steady,warm,5,5,150,8.70912015438,8.72448027134,9.343999892473999,8.710212250550734,0.41347101326956476,0.04746968287063517,False
20260802T192733Z-1ce3398155a9-rtx3080_topk_gate_release_v1,topk_gate.release.main.e15_t4,topk_gate,cuda_warp_pair_top2_v1,L1_kernel_body,warm,5,5,150,8.95488023758,8.97023975849,9.5288318395635,8.980002125104601,0.40528900229005765,0.045132394919710196,False
20260802T192733Z-1ce3398155a9-rtx3080_topk_gate_release_v1,topk_gate.release.main.e15_t4,topk_gate,cuda_warp_pair_top2_v1,L2_operator_steady,warm,5,5,150,8.77568006516,8.83711993694,9.669631987808998,8.8485887805618,0.4591113533801295,0.051885262697333796,False
20260802T192733Z-1ce3398155a9-rtx3080_topk_gate_release_v1,topk_gate.release.main.e15_t4096,topk_gate,cuda_naive,L1_kernel_body,warm,5,5,150,8.99071991444,8.934400081635,9.4981122016935,8.911530661583267,0.35339260298440783,0.039655656968992835,True
20260802T192733Z-1ce3398155a9-rtx3080_topk_gate_release_v1,topk_gate.release.main.e15_t4096,topk_gate,cuda_naive,L2_operator_steady,warm,5,5,150,8.88832002878,8.883199989795,9.488896131516,8.847564768791466,0.3719953330418905,0.04204494036077039,True
20260802T192733Z-1ce3398155a9-rtx3080_topk_gate_release_v1,topk_gate.release.main.e15_t4096,topk_gate,cuda_subwarp_pair_top2_v2,L1_kernel_body,warm,5,5,150,10.4499197006,10.48063993455,11.019264459599999,10.526446930567001,0.30950768961761976,0.02940286420091687,False
20260802T192733Z-1ce3398155a9-rtx3080_topk_gate_release_v1,topk_gate.release.main.e15_t4096,topk_gate,cuda_subwarp_pair_top2_v2,L2_operator_steady,warm,5,5,150,10.4550397396,10.5574405193,12.3960322142,10.8541269103666,0.7519590756066397,0.06927863307812034,False
20260802T192733Z-1ce3398155a9-rtx3080_topk_gate_release_v1,topk_gate.release.main.e15_t4096,topk_gate,cuda_vector_pair_top2_v3,L1_kernel_body,warm,5,5,150,10.3987199068,10.07104039195,10.941951870899999,9.990007440249267,0.6914845564001816,0.06921762176214434,False
20260802T192733Z-1ce3398155a9-rtx3080_topk_gate_release_v1,topk_gate.release.main.e15_t4096,topk_gate,cuda_vector_pair_top2_v3,L2_operator_steady,warm,5,5,150,9.61535990238,9.78944003582,10.890751481045,9.908292233944467,0.6297357182054888,0.06355643367563378,False
20260802T192733Z-1ce3398155a9-rtx3080_topk_gate_release_v1,topk_gate.release.main.e15_t4096,topk_gate,cuda_warp_pair_top2_v1,L1_kernel_body,warm,5,5,150,10.7878398895,10.7827198505,11.635712385189999,10.5097898642236,0.9227651077395749,0.08780052880797946,False
20260802T192733Z-1ce3398155a9-rtx3080_topk_gate_release_v1,topk_gate.release.main.e15_t4096,topk_gate,cuda_warp_pair_top2_v1,L2_operator_steady,warm,5,5,150,10.956799984,10.967040062,11.819007933134998,10.8452522873898,0.6804561227769329,0.06274230462744752,False
20260802T192733Z-1ce3398155a9-rtx3080_topk_gate_release_v1,topk_gate.release.main.e15_t512,topk_gate,cuda_naive,L1_kernel_body,warm,5,5,150,9.02144014835,8.99071991444,9.668607980011998,9.0465621272728,0.5609645715210477,0.06200859106797043,True
20260802T192733Z-1ce3398155a9-rtx3080_topk_gate_release_v1,topk_gate.release.main.e15_t512,topk_gate,cuda_naive,L2_operator_steady,warm,5,5,150,9.0623998642,8.98559987545,9.9281919002535,9.0968064308168,0.5899250721680476,0.06484968946569948,True
20260802T192733Z-1ce3398155a9-rtx3080_topk_gate_release_v1,topk_gate.release.main.e15_t512,topk_gate,cuda_subwarp_pair_top2_v2,L1_kernel_body,warm,5,5,150,8.56576025486,8.586239814755,9.426943928000998,8.635118933518333,0.42333517463219045,0.04902482269108768,False
20260802T192733Z-1ce3398155a9-rtx3080_topk_gate_release_v1,topk_gate.release.main.e15_t512,topk_gate,cuda_subwarp_pair_top2_v2,L2_operator_steady,warm,5,5,150,8.98559987545,8.698880076405,9.595904022454999,8.686455452441534,0.5845145789485131,0.06729034439291592,False
20260802T192733Z-1ce3398155a9-rtx3080_topk_gate_release_v1,topk_gate.release.main.e15_t512,topk_gate,cuda_vector_pair_top2_v3,L1_kernel_body,warm,5,5,150,8.97535979748,8.7603199482,12.578816294649997,9.216136535007266,2.1957880783943375,0.23825472529119887,False
20260802T192733Z-1ce3398155a9-rtx3080_topk_gate_release_v1,topk_gate.release.main.e15_t512,topk_gate,cuda_vector_pair_top2_v3,L2_operator_steady,warm,5,5,150,8.80127996206,8.77568006516,9.462783932687,8.759500801563133,0.40715948762725923,0.046482042396137645,False
20260802T192733Z-1ce3398155a9-rtx3080_topk_gate_release_v1,topk_gate.release.main.e15_t512,topk_gate,cuda_warp_pair_top2_v1,L1_kernel_body,warm,5,5,150,8.65791976452,8.77568006516,9.473024010657,8.7336959958076,0.47198255224024055,0.05404155954899327,False
20260802T192733Z-1ce3398155a9-rtx3080_topk_gate_release_v1,topk_gate.release.main.e15_t512,topk_gate,cuda_warp_pair_top2_v1,L2_operator_steady,warm,5,5,150,8.59647989273,8.70400011539,9.524223804472499,8.698129045963134,0.49547116736348046,0.05696295890130905,False
20260802T192733Z-1ce3398155a9-rtx3080_topk_gate_release_v1,topk_gate.release.main.e15_t64,topk_gate,cuda_naive,L1_kernel_body,warm,5,5,150,8.78080010414,8.729600012305,9.366016060114,8.6579882780712,0.48232137584715595,0.05570825004103679,True
20260802T192733Z-1ce3398155a9-rtx3080_topk_gate_release_v1,topk_gate.release.main.e15_t64,topk_gate,cuda_naive,L2_operator_steady,warm,5,5,150,8.86272013187,8.80639970303,9.4059520959835,8.8219647884374,0.34358158992172955,0.038946152944528675,True
20260802T192733Z-1ce3398155a9-rtx3080_topk_gate_release_v1,topk_gate.release.main.e15_t64,topk_gate,cuda_subwarp_pair_top2_v2,L1_kernel_body,warm,5,5,150,8.98559987545,8.96000027657,9.60511982441,8.9179477453236,0.47682370912500294,0.053467874307184644,False
20260802T192733Z-1ce3398155a9-rtx3080_topk_gate_release_v1,topk_gate.release.main.e15_t64,topk_gate,cuda_subwarp_pair_top2_v2,L2_operator_steady,warm,5,5,150,9.01631981134,8.98047983646,9.747967988250497,8.967714134852134,0.5690946053251166,0.0634603865341098,False
20260802T192733Z-1ce3398155a9-rtx3080_topk_gate_release_v1,topk_gate.release.main.e15_t64,topk_gate,cuda_vector_pair_top2_v3,L1_kernel_body,warm,5,5,150,8.7296000123,8.78592014313,9.478656053546,8.7780010779698,0.4146363663954088,0.04723585275422489,False
20260802T192733Z-1ce3398155a9-rtx3080_topk_gate_release_v1,topk_gate.release.main.e15_t64,topk_gate,cuda_vector_pair_top2_v3,L2_operator_steady,warm,5,5,150,8.55552017689,8.57600003481,9.3291520476355,8.624332817395933,0.4274369188639371,0.049561737460057716,False
20260802T192733Z-1ce3398155a9-rtx3080_topk_gate_release_v1,topk_gate.release.main.e15_t64,topk_gate,cuda_warp_pair_top2_v1,L1_kernel_body,warm,5,5,150,8.87295991182,8.92928004265,9.56416010857,8.878762658437001,0.40887345409789666,0.046050724614129276,False
20260802T192733Z-1ce3398155a9-rtx3080_topk_gate_release_v1,topk_gate.release.main.e15_t64,topk_gate,cuda_warp_pair_top2_v1,L2_operator_steady,warm,5,5,150,8.73983979225,8.73471975327,10.0674557089935,8.902109837531667,1.7367974528884937,0.19509953085122397,False
20260802T192733Z-1ce3398155a9-rtx3080_topk_gate_release_v1,topk_gate.release.main.e15_t8,topk_gate,cuda_naive,L1_kernel_body,warm,5,5,150,8.67839992046,8.6630398035,9.2216318845735,8.643788774808467,0.49830818477497363,0.057649278314996236,True
20260802T192733Z-1ce3398155a9-rtx3080_topk_gate_release_v1,topk_gate.release.main.e15_t8,topk_gate,cuda_naive,L2_operator_steady,warm,5,5,150,8.61184000969,8.5504001379,9.2113918066035,8.507050653298867,0.4832201212032619,0.056802309154686724,True
20260802T192733Z-1ce3398155a9-rtx3080_topk_gate_release_v1,topk_gate.release.main.e15_t8,topk_gate,cuda_subwarp_pair_top2_v2,L1_kernel_body,warm,5,5,150,8.79104018211,8.75519990921,9.56416010857,8.746461852391667,0.4689374234885973,0.05361452795456591,False
20260802T192733Z-1ce3398155a9-rtx3080_topk_gate_release_v1,topk_gate.release.main.e15_t8,topk_gate,cuda_subwarp_pair_top2_v2,L2_operator_steady,warm,5,5,150,8.65279972553,8.704000115395,9.2216318845735,8.684066148599133,0.397960299164538,0.045826493298733666,False
20260802T192733Z-1ce3398155a9-rtx3080_topk_gate_release_v1,topk_gate.release.main.e15_t8,topk_gate,cuda_vector_pair_top2_v3,L1_kernel_body,warm,5,5,150,8.71936023235,8.84223997593,9.417216181756,8.7810048103334,0.4036408513695258,0.045967501452057656,False
20260802T192733Z-1ce3398155a9-rtx3080_topk_gate_release_v1,topk_gate.release.main.e15_t8,topk_gate,cuda_vector_pair_top2_v3,L2_operator_steady,warm,5,5,150,8.57600003481,8.606719970705,9.32864010334,8.627609606584134,0.3834350276865122,0.04444278834706371,False
20260802T192733Z-1ce3398155a9-rtx3080_topk_gate_release_v1,topk_gate.release.main.e15_t8,topk_gate,cuda_warp_pair_top2_v1,L1_kernel_body,warm,5,5,150,8.71936023235,8.637439906595,9.588736176491995,8.6838613033294,0.48281779527170016,0.05559943651870481,False
20260802T192733Z-1ce3398155a9-rtx3080_topk_gate_release_v1,topk_gate.release.main.e15_t8,topk_gate,cuda_warp_pair_top2_v1,L2_operator_steady,warm,5,5,150,8.82687985897,8.84223997593,9.3957120180135,8.859921069939668,0.48758193280938184,0.05503231111885086,False
20260802T192733Z-1ce3398155a9-rtx3080_topk_gate_release_v1,topk_gate.release.main.e16_t1,topk_gate,cuda_naive,L1_kernel_body,warm,5,5,150,8.46848011017,8.42751979828,8.94976019859,8.383283233642732,0.42014180151989733,0.05011661777498312,True
20260802T192733Z-1ce3398155a9-rtx3080_topk_gate_release_v1,topk_gate.release.main.e16_t1,topk_gate,cuda_naive,L2_operator_steady,warm,5,5,150,8.60159993172,8.64256024361,9.246208012102997,8.617847458521599,0.3835308209185909,0.04450424804622685,True
20260802T192733Z-1ce3398155a9-rtx3080_topk_gate_release_v1,topk_gate.release.main.e16_t1,topk_gate,cuda_subwarp_pair_top2_v2,L1_kernel_body,warm,5,5,150,8.67839992046,8.68351995945,9.36959981918,8.675327984492867,0.43404718767351597,0.050032366320832425,False
20260802T192733Z-1ce3398155a9-rtx3080_topk_gate_release_v1,topk_gate.release.main.e16_t1,topk_gate,cuda_subwarp_pair_top2_v2,L2_operator_steady,warm,5,5,150,8.53504002094,8.57087999582,9.339904189107,8.638737082481068,0.43836537008995713,0.050744149972909866,False
20260802T192733Z-1ce3398155a9-rtx3080_topk_gate_release_v1,topk_gate.release.main.e16_t1,topk_gate,cuda_vector_pair_top2_v3,L1_kernel_body,warm,5,5,150,9.0623998642,8.97023975849,9.5697921514535,8.9744042793912,0.4268415679647585,0.047562106038052734,False
20260802T192733Z-1ce3398155a9-rtx3080_topk_gate_release_v1,topk_gate.release.main.e16_t1,topk_gate,cuda_vector_pair_top2_v3,L2_operator_steady,warm,5,5,150,8.98047983646,8.93952012062,9.4981122016935,8.921975461642134,0.37075274582751955,0.04155500622272286,False
20260802T192733Z-1ce3398155a9-rtx3080_topk_gate_release_v1,topk_gate.release.main.e16_t1,topk_gate,cuda_warp_pair_top2_v1,L1_kernel_body,warm,5,5,150,9.05215978622,9.02144014835,9.559552073479,9.045265062649932,0.3443412100451718,0.0380686699240069,False
20260802T192733Z-1ce3398155a9-rtx3080_topk_gate_release_v1,topk_gate.release.main.e16_t1,topk_gate,cuda_warp_pair_top2_v1,L2_operator_steady,warm,5,5,150,9.07263994217,9.077759981155,9.6209919452635,9.129096519947733,0.3368669390212134,0.036900359009802874,False
20260802T192733Z-1ce3398155a9-rtx3080_topk_gate_release_v1,topk_gate.release.main.e16_t1024,topk_gate,cuda_naive,L1_kernel_body,warm,5,5,150,8.41728001833,8.371199965475,9.303551912309,8.4377599795662,0.47548310102604324,0.0563518163798834,True
20260802T192733Z-1ce3398155a9-rtx3080_topk_gate_release_v1,topk_gate.release.main.e16_t1024,topk_gate,cuda_naive,L2_operator_steady,warm,5,5,150,8.38144004345,8.66815984249,9.622527897355997,8.712123731771667,0.6466647446509609,0.07422584487553616,True
20260802T192733Z-1ce3398155a9-rtx3080_topk_gate_release_v1,topk_gate.release.main.e16_t1024,topk_gate,cuda_subwarp_pair_top2_v2,L1_kernel_body,warm,5,5,150,8.65279972553,8.616960048675,9.395199954506499,8.635869856675468,0.4476492283725449,0.05183603224711812,False
20260802T192733Z-1ce3398155a9-rtx3080_topk_gate_release_v1,topk_gate.release.main.e16_t1024,topk_gate,cuda_subwarp_pair_top2_v2,L2_operator_steady,warm,5,5,150,8.514559865,8.49919974804,9.1919359266785,8.541252275308,0.40273309845828714,0.04715152830956096,False
20260802T192733Z-1ce3398155a9-rtx3080_topk_gate_release_v1,topk_gate.release.main.e16_t1024,topk_gate,cuda_vector_pair_top2_v3,L1_kernel_body,warm,5,5,150,8.99071991444,8.975359797475,9.57440018654,9.016729605198467,0.3443414964661944,0.03818917850965268,False
20260802T192733Z-1ce3398155a9-rtx3080_topk_gate_release_v1,topk_gate.release.main.e16_t1024,topk_gate,cuda_vector_pair_top2_v3,L2_operator_steady,warm,5,5,150,8.99583995342,8.96000027657,9.6209919452635,8.9612287720042,0.41250455158535887,0.04603214158242065,False
20260802T192733Z-1ce3398155a9-rtx3080_topk_gate_release_v1,topk_gate.release.main.e16_t1024,topk_gate,cuda_warp_pair_top2_v1,L1_kernel_body,warm,5,5,150,8.32512021065,8.30976009369,9.6629759371285,8.399940264224933,0.5386473047577442,0.06412513515742788,False
20260802T192733Z-1ce3398155a9-rtx3080_topk_gate_release_v1,topk_gate.release.main.e16_t1024,topk_gate,cuda_warp_pair_top2_v1,L2_operator_steady,warm,5,5,150,8.29439997673,8.320000171665,9.059327781196,8.366489605109466,0.4601014539336585,0.0549933694595965,False
20260802T192733Z-1ce3398155a9-rtx3080_topk_gate_release_v1,topk_gate.release.main.e16_t128,topk_gate,cuda_naive,L1_kernel_body,warm,5,5,150,9.05215978622,9.05727982521,9.729024171827,9.158860802650667,0.3659779723102072,0.03995889665713551,True
20260802T192733Z-1ce3398155a9-rtx3080_topk_gate_release_v1,topk_gate.release.main.e16_t128,topk_gate,cuda_naive,L2_operator_steady,warm,5,5,150,9.01120007038,8.995839953425,9.5129597187,9.0217813293138,0.30458656930242706,0.033761244945358704,True
20260802T192733Z-1ce3398155a9-rtx3080_topk_gate_release_v1,topk_gate.release.main.e16_t128,topk_gate,cuda_subwarp_pair_top2_v2,L1_kernel_body,warm,5,5,150,8.83199989796,8.86784017086,9.47200000286,8.846335995197334,0.4256733289088669,0.04811860290406836,False
20260802T192733Z-1ce3398155a9-rtx3080_topk_gate_release_v1,topk_gate.release.main.e16_t128,topk_gate,cuda_subwarp_pair_top2_v2,L2_operator_steady,warm,5,5,150,8.86272013187,8.87808024883,9.565184116362499,8.877465605735866,0.3983701717776094,0.044874313173369706,False
20260802T192733Z-1ce3398155a9-rtx3080_topk_gate_release_v1,topk_gate.release.main.e16_t128,topk_gate,cuda_vector_pair_top2_v3,L1_kernel_body,warm,5,5,150,8.98047983646,8.87807995081,9.7413119375745,8.985122144222201,0.7852698678121367,0.08739668256119336,False
20260802T192733Z-1ce3398155a9-rtx3080_topk_gate_release_v1,topk_gate.release.main.e16_t128,topk_gate,cuda_vector_pair_top2_v3,L2_operator_steady,warm,5,5,150,9.01632010937,8.98559987545,9.559552073479,8.965461313724399,0.40905977180353614,0.04562618224422476,False
20260802T192733Z-1ce3398155a9-rtx3080_topk_gate_release_v1,topk_gate.release.main.e16_t128,topk_gate,cuda_warp_pair_top2_v1,L1_kernel_body,warm,5,5,150,8.89856010675,8.88831973076,9.524223804472499,8.915490134557201,0.5313220961873873,0.05959538827012298,False
20260802T192733Z-1ce3398155a9-rtx3080_topk_gate_release_v1,topk_gate.release.main.e16_t128,topk_gate,cuda_warp_pair_top2_v1,L2_operator_steady,warm,5,5,150,9.04191970825,9.00095999241,10.011648207897998,9.053388798236467,0.5123793225109403,0.05659530745114448,False
20260802T192733Z-1ce3398155a9-rtx3080_topk_gate_release_v1,topk_gate.release.main.e16_t16,topk_gate,cuda_naive,L1_kernel_body,warm,5,5,150,8.45311999321,8.25344026089,9.027072191239,8.258082135518134,0.4930700162001047,0.059707569882285774,True
20260802T192733Z-1ce3398155a9-rtx3080_topk_gate_release_v1,topk_gate.release.main.e16_t16,topk_gate,cuda_naive,L2_operator_steady,warm,5,5,150,8.53504002094,8.53504002094,9.135103821752498,8.418030921617799,0.5666253661576506,0.06731091527622413,True
20260802T192733Z-1ce3398155a9-rtx3080_topk_gate_release_v1,topk_gate.release.main.e16_t16,topk_gate,cuda_subwarp_pair_top2_v2,L1_kernel_body,warm,5,5,150,8.94463986158,8.89855980873,9.5493119955035,8.884155750274601,0.39777286587518346,0.04477328820612906,False
20260802T192733Z-1ce3398155a9-rtx3080_topk_gate_release_v1,topk_gate.release.main.e16_t16,topk_gate,cuda_subwarp_pair_top2_v2,L2_operator_steady,warm,5,5,150,8.97023975849,8.93952012062,9.5800322294235,8.892142951488665,0.43604856673245196,0.049037512004848224,False
20260802T192733Z-1ce3398155a9-rtx3080_topk_gate_release_v1,topk_gate.release.main.e16_t16,topk_gate,cuda_vector_pair_top2_v3,L1_kernel_body,warm,5,5,150,9.03679996729,9.006080031395,9.69727993011,9.0124287962916,0.3624225528059366,0.04021363840955558,False
20260802T192733Z-1ce3398155a9-rtx3080_topk_gate_release_v1,topk_gate.release.main.e16_t16,topk_gate,cuda_vector_pair_top2_v3,L2_operator_steady,warm,5,5,150,8.98559987545,8.88831973076,9.518591761589,8.836778632799799,0.45781298915114105,0.0518076788131661,False
20260802T192733Z-1ce3398155a9-rtx3080_topk_gate_release_v1,topk_gate.release.main.e16_t16,topk_gate,cuda_warp_pair_top2_v1,L1_kernel_body,warm,5,5,150,8.7603199482,8.821759819985001,9.4899198114855,8.801484787464465,0.4093878370632375,0.04651349709157131,False
20260802T192733Z-1ce3398155a9-rtx3080_topk_gate_release_v1,topk_gate.release.main.e16_t16,topk_gate,cuda_warp_pair_top2_v1,L2_operator_steady,warm,5,5,150,8.9395198226,8.91391992569,9.5390719175335,8.935492257277,0.4026388972845588,0.045060628524036,False
20260802T192733Z-1ce3398155a9-rtx3080_topk_gate_release_v1,topk_gate.release.main.e16_t2,topk_gate,cuda_naive,L1_kernel_body,warm,5,5,150,8.52991998196,8.565760254859999,9.197567969561998,8.581461314360334,0.3898494251807523,0.045429258595895895,True
20260802T192733Z-1ce3398155a9-rtx3080_topk_gate_release_v1,topk_gate.release.main.e16_t2,topk_gate,cuda_naive,L2_operator_steady,warm,5,5,150,8.49408000708,8.37632000446,9.135103821752498,8.415914646784135,0.44837429042749494,0.0532769531590754,True
20260802T192733Z-1ce3398155a9-rtx3080_topk_gate_release_v1,topk_gate.release.main.e16_t2,topk_gate,cuda_subwarp_pair_top2_v2,L1_kernel_body,warm,5,5,150,8.92416000366,8.95488023758,9.4899198114855,8.943479486306199,0.33809327931093186,0.03780332697454085,False
20260802T192733Z-1ce3398155a9-rtx3080_topk_gate_release_v1,topk_gate.release.main.e16_t2,topk_gate,cuda_subwarp_pair_top2_v2,L2_operator_steady,warm,5,5,150,9.00608003139,9.016320109365001,9.6926718950235,9.0324991822242,0.4030130811750997,0.044618114327452406,False
20260802T192733Z-1ce3398155a9-rtx3080_topk_gate_release_v1,topk_gate.release.main.e16_t2,topk_gate,cuda_vector_pair_top2_v3,L1_kernel_body,warm,5,5,150,9.00095999241,9.00095999241,9.544703960417,9.052637855211934,0.3359934238231737,0.03711552689912698,False
20260802T192733Z-1ce3398155a9-rtx3080_topk_gate_release_v1,topk_gate.release.main.e16_t2,topk_gate,cuda_vector_pair_top2_v3,L2_operator_steady,warm,5,5,150,9.02655988932,8.995839953425,9.56416010857,9.003144550323267,0.409348345399714,0.0454672634779607,False
20260802T192733Z-1ce3398155a9-rtx3080_topk_gate_release_v1,topk_gate.release.main.e16_t2,topk_gate,cuda_warp_pair_top2_v1,L1_kernel_body,warm,5,5,150,9.05215978622,9.04191970825,9.725439816710999,9.1284138361612,0.4520679001516614,0.049523160131154924,False
20260802T192733Z-1ce3398155a9-rtx3080_topk_gate_release_v1,topk_gate.release.main.e16_t2,topk_gate,cuda_warp_pair_top2_v1,L2_operator_steady,warm,5,5,150,9.04192000628,9.03168022633,9.585663944484999,9.100561046599534,0.5329181366620985,0.05855882224549505,False
20260802T192733Z-1ce3398155a9-rtx3080_topk_gate_release_v1,topk_gate.release.main.e16_t2048,topk_gate,cuda_naive,L1_kernel_body,warm,5,5,150,8.29952001572,8.386560082435,9.47200000286,8.479812256495,0.5955574788075829,0.07023238967955021,True
20260802T192733Z-1ce3398155a9-rtx3080_topk_gate_release_v1,topk_gate.release.main.e16_t2048,topk_gate,cuda_naive,L2_operator_steady,warm,5,5,150,8.36607992649,8.524799942969999,9.31686401367,8.5632341146468,0.4892908602719349,0.05713855930144872,True
20260802T192733Z-1ce3398155a9-rtx3080_topk_gate_release_v1,topk_gate.release.main.e16_t2048,topk_gate,cuda_subwarp_pair_top2_v2,L1_kernel_body,warm,5,5,150,8.23296010494,8.26368004084,9.380863904952498,8.382259186108932,0.5024550833958804,0.059942680396777547,False
20260802T192733Z-1ce3398155a9-rtx3080_topk_gate_release_v1,topk_gate.release.main.e16_t2048,topk_gate,cuda_subwarp_pair_top2_v2,L2_operator_steady,warm,5,5,150,8.30976009369,8.3353599906,9.483264088632499,8.424925855795333,0.5208395797242186,0.061821265686978565,False
20260802T192733Z-1ce3398155a9-rtx3080_topk_gate_release_v1,topk_gate.release.main.e16_t2048,topk_gate,cuda_vector_pair_top2_v3,L1_kernel_body,warm,5,5,150,8.98559987545,8.883199989795,9.58464026451,8.9048405210178,0.3913159073646302,0.04394417917322834,False
20260802T192733Z-1ce3398155a9-rtx3080_topk_gate_release_v1,topk_gate.release.main.e16_t2048,topk_gate,cuda_vector_pair_top2_v3,L2_operator_steady,warm,5,5,150,8.93952012062,8.89855980873,9.473024010657,8.905045334497267,0.35174643928124605,0.039499679795970834,False
20260802T192733Z-1ce3398155a9-rtx3080_topk_gate_release_v1,topk_gate.release.main.e16_t2048,topk_gate,cuda_warp_pair_top2_v1,L1_kernel_body,warm,5,5,150,10.4499197006,10.460159778600001,11.0136324167,10.4940885702706,0.3186870558876126,0.030368245298638158,False
20260802T192733Z-1ce3398155a9-rtx3080_topk_gate_release_v1,topk_gate.release.main.e16_t2048,topk_gate,cuda_warp_pair_top2_v1,L2_operator_steady,warm,5,5,150,10.4703998566,10.4550397396,11.133952140789999,10.507332273324467,0.42386706117315626,0.04034012155961323,False
20260802T192733Z-1ce3398155a9-rtx3080_topk_gate_release_v1,topk_gate.release.main.e16_t256,topk_gate,cuda_naive,L1_kernel_body,warm,5,5,150,8.46848011017,8.47872018814,9.227263927456999,8.536951442559666,0.47256185387343586,0.05535487194146976,True
20260802T192733Z-1ce3398155a9-rtx3080_topk_gate_release_v1,topk_gate.release.main.e16_t256,topk_gate,cuda_naive,L2_operator_steady,warm,5,5,150,8.5504001379,8.657919764515,9.4776320457435,8.697241608302534,0.5431717122725939,0.06245333138199507,True
20260802T192733Z-1ce3398155a9-rtx3080_topk_gate_release_v1,topk_gate.release.main.e16_t256,topk_gate,cuda_subwarp_pair_top2_v2,L1_kernel_body,warm,5,5,150,8.93952012062,8.93952012062,9.550336003306,8.946210126082066,0.4311773213706075,0.048196645875054886,False
20260802T192733Z-1ce3398155a9-rtx3080_topk_gate_release_v1,topk_gate.release.main.e16_t256,topk_gate,cuda_subwarp_pair_top2_v2,L2_operator_steady,warm,5,5,150,8.75519990921,8.821759819985001,9.518591761589,8.784554660320467,0.4117985317188416,0.046877564958292255,False
20260802T192733Z-1ce3398155a9-rtx3080_topk_gate_release_v1,topk_gate.release.main.e16_t256,topk_gate,cuda_vector_pair_top2_v3,L1_kernel_body,warm,5,5,150,9.03679996729,9.02144014835,10.544127762324997,9.150395743052332,0.7133472284254528,0.07795807399555146,False
20260802T192733Z-1ce3398155a9-rtx3080_topk_gate_release_v1,topk_gate.release.main.e16_t256,topk_gate,cuda_vector_pair_top2_v3,L2_operator_steady,warm,5,5,150,8.99071991444,9.016320109365001,9.55392003059,9.049770645300468,0.29148448771534546,0.03220904696261147,False
20260802T192733Z-1ce3398155a9-rtx3080_topk_gate_release_v1,topk_gate.release.main.e16_t256,topk_gate,cuda_warp_pair_top2_v1,L1_kernel_body,warm,5,5,150,8.95488023758,8.883199989795,9.49248015881,8.849681039651333,0.40622764608262857,0.04590308331594214,False
20260802T192733Z-1ce3398155a9-rtx3080_topk_gate_release_v1,topk_gate.release.main.e16_t256,topk_gate,cuda_warp_pair_top2_v1,L2_operator_steady,warm,5,5,150,8.69376003742,8.709120154379999,9.4059520959835,8.7718570709228,0.3934586970991781,0.0448546634900637,False
20260802T192733Z-1ce3398155a9-rtx3080_topk_gate_release_v1,topk_gate.release.main.e16_t32,topk_gate,cuda_naive,L1_kernel_body,warm,5,5,150,8.78592014313,8.7961602211,9.3957120180135,8.8250368078546,0.36068077507972124,0.04087017232140067,True
20260802T192733Z-1ce3398155a9-rtx3080_topk_gate_release_v1,topk_gate.release.main.e16_t32,topk_gate,cuda_naive,L2_operator_steady,warm,5,5,150,8.77568006516,8.739839792255,9.34912025928,8.706798942883667,0.4371843133689845,0.05021183057480713,True
20260802T192733Z-1ce3398155a9-rtx3080_topk_gate_release_v1,topk_gate.release.main.e16_t32,topk_gate,cuda_subwarp_pair_top2_v2,L1_kernel_body,warm,5,5,150,8.71424019337,8.77568006516,9.4571518898035,8.769809075196799,0.430070759873488,0.04903992278347713,False
20260802T192733Z-1ce3398155a9-rtx3080_topk_gate_release_v1,topk_gate.release.main.e16_t32,topk_gate,cuda_subwarp_pair_top2_v2,L2_operator_steady,warm,5,5,150,9.00095999241,8.98559987545,9.5697921514535,8.988262422879933,0.43270783991311534,0.04814143374492968,False
20260802T192733Z-1ce3398155a9-rtx3080_topk_gate_release_v1,topk_gate.release.main.e16_t32,topk_gate,cuda_vector_pair_top2_v3,L1_kernel_body,warm,5,5,150,8.99071991444,9.00095999241,9.5697921514535,9.030860817432133,0.3707964798401022,0.041058819013616,False
20260802T192733Z-1ce3398155a9-rtx3080_topk_gate_release_v1,topk_gate.release.main.e16_t32,topk_gate,cuda_vector_pair_top2_v3,L2_operator_steady,warm,5,5,150,9.07775998116,9.10336017609,9.6117758750905,9.153536001841,0.4095688416233927,0.04474433066533178,False
20260802T192733Z-1ce3398155a9-rtx3080_topk_gate_release_v1,topk_gate.release.main.e16_t32,topk_gate,cuda_warp_pair_top2_v1,L1_kernel_body,warm,5,5,150,8.99071991444,8.89855980873,9.508351951836,8.907366398970266,0.3804395501379906,0.04271066588009349,False
20260802T192733Z-1ce3398155a9-rtx3080_topk_gate_release_v1,topk_gate.release.main.e16_t32,topk_gate,cuda_warp_pair_top2_v1,L2_operator_steady,warm,5,5,150,9.04703974724,9.04191970825,10.725375950335,9.178589844703334,0.7724526388481386,0.08415809529760129,False
20260802T192733Z-1ce3398155a9-rtx3080_topk_gate_release_v1,topk_gate.release.main.e16_t4,topk_gate,cuda_naive,L1_kernel_body,warm,5,5,150,8.54016005993,8.63232016563,9.135103821752498,8.580573880672468,0.3634296730414584,0.0423549378043437,True
20260802T192733Z-1ce3398155a9-rtx3080_topk_gate_release_v1,topk_gate.release.main.e16_t4,topk_gate,cuda_naive,L2_operator_steady,warm,5,5,150,8.62719982862,8.58111977577,9.228287935259498,8.572996254762067,0.3825948545505999,0.04462790408173558,True
20260802T192733Z-1ce3398155a9-rtx3080_topk_gate_release_v1,topk_gate.release.main.e16_t4,topk_gate,cuda_subwarp_pair_top2_v2,L1_kernel_body,warm,5,5,150,9.00607973337,8.95488023758,9.58464026451,8.925183999538268,0.4519557422265067,0.05063825488078319,False
20260802T192733Z-1ce3398155a9-rtx3080_topk_gate_release_v1,topk_gate.release.main.e16_t4,topk_gate,cuda_subwarp_pair_top2_v2,L2_operator_steady,warm,5,5,150,8.83200019598,8.84223997593,9.483264088632499,8.790562125047199,0.35502653809974444,0.040387239524552955,False
20260802T192733Z-1ce3398155a9-rtx3080_topk_gate_release_v1,topk_gate.release.main.e16_t4,topk_gate,cuda_vector_pair_top2_v3,L1_kernel_body,warm,5,5,150,9.04703974724,9.03679996729,9.70752000809,9.0919594844184,0.38564359773884543,0.04241589487939899,False
20260802T192733Z-1ce3398155a9-rtx3080_topk_gate_release_v1,topk_gate.release.main.e16_t4,topk_gate,cuda_vector_pair_top2_v3,L2_operator_steady,warm,5,5,150,9.01120007038,8.95488023758,9.7438719570615,8.992563188075533,0.5667400497031713,0.06302319348221976,False
20260802T192733Z-1ce3398155a9-rtx3080_topk_gate_release_v1,topk_gate.release.main.e16_t4,topk_gate,cuda_warp_pair_top2_v1,L1_kernel_body,warm,5,5,150,8.87808024883,8.89855980873,9.5129597187,8.8853845079742,0.39233383355911894,0.0441549640543995,False
20260802T192733Z-1ce3398155a9-rtx3080_topk_gate_release_v1,topk_gate.release.main.e16_t4,topk_gate,cuda_warp_pair_top2_v1,L2_operator_steady,warm,5,5,150,9.03679996729,8.975359797475,9.4981122016935,8.935560524463734,0.3606356404133966,0.04035959909018019,False
20260802T192733Z-1ce3398155a9-rtx3080_topk_gate_release_v1,topk_gate.release.main.e16_t4096,topk_gate,cuda_naive,L1_kernel_body,warm,5,5,150,8.3353599906,8.59135985374,9.529855847356,8.5916330297788,0.5432619316934568,0.06323151021586913,True
20260802T192733Z-1ce3398155a9-rtx3080_topk_gate_release_v1,topk_gate.release.main.e16_t4096,topk_gate,cuda_naive,L2_operator_steady,warm,5,5,150,8.3046400547,8.23296010494,8.965631991626001,8.298222927251933,0.4094797491973867,0.04934547466212641,True
20260802T192733Z-1ce3398155a9-rtx3080_topk_gate_release_v1,topk_gate.release.main.e16_t4096,topk_gate,cuda_subwarp_pair_top2_v2,L1_kernel_body,warm,5,5,150,10.4447996616,10.4447996616,10.941951870899999,10.482688001790466,0.3274532405231742,0.031237526144748798,False
20260802T192733Z-1ce3398155a9-rtx3080_topk_gate_release_v1,topk_gate.release.main.e16_t4096,topk_gate,cuda_subwarp_pair_top2_v2,L2_operator_steady,warm,5,5,150,10.4447996616,10.3116798401,10.946559906,10.1274965643896,0.7137154964447924,0.07047304256358532,False
20260802T192733Z-1ce3398155a9-rtx3080_topk_gate_release_v1,topk_gate.release.main.e16_t4096,topk_gate,cuda_vector_pair_top2_v3,L1_kernel_body,warm,5,5,150,8.76543998718,8.76543998718,9.27743971348,8.734173846245,0.387387541280161,0.044353083428343584,False
20260802T192733Z-1ce3398155a9-rtx3080_topk_gate_release_v1,topk_gate.release.main.e16_t4096,topk_gate,cuda_vector_pair_top2_v3,L2_operator_steady,warm,5,5,150,8.5811200738,8.59135985374,9.281536012886999,8.617028272151867,0.42548278216697577,0.04937697414107742,False
20260802T192733Z-1ce3398155a9-rtx3080_topk_gate_release_v1,topk_gate.release.main.e16_t4096,topk_gate,cuda_warp_pair_top2_v1,L1_kernel_body,warm,5,5,150,10.0915199518,10.0966405869,11.191295921769996,10.1666816075632,0.6291617560372229,0.061884671943417284,False
20260802T192733Z-1ce3398155a9-rtx3080_topk_gate_release_v1,topk_gate.release.main.e16_t4096,topk_gate,cuda_warp_pair_top2_v1,L2_operator_steady,warm,5,5,150,9.83551979065,9.978879988195,10.8851194382,10.031240550677133,0.5072922298773035,0.050571235662677835,False
20260802T192733Z-1ce3398155a9-rtx3080_topk_gate_release_v1,topk_gate.release.main.e16_t512,topk_gate,cuda_naive,L1_kernel_body,warm,5,5,150,8.46848011017,8.519679903985,9.3547519743415,8.568422416846467,0.5160576576615464,0.06022784972026122,True
20260802T192733Z-1ce3398155a9-rtx3080_topk_gate_release_v1,topk_gate.release.main.e16_t512,topk_gate,cuda_naive,L2_operator_steady,warm,5,5,150,8.37632000446,8.45311999321,9.412608146669498,8.551560525099466,0.49680293002062476,0.05809500249252417,True
20260802T192733Z-1ce3398155a9-rtx3080_topk_gate_release_v1,topk_gate.release.main.e16_t512,topk_gate,cuda_subwarp_pair_top2_v2,L1_kernel_body,warm,5,5,150,8.67839992046,8.74495983124,9.5800322294235,8.830429859955467,0.5242439375235356,0.05936788421828645,False
20260802T192733Z-1ce3398155a9-rtx3080_topk_gate_release_v1,topk_gate.release.main.e16_t512,topk_gate,cuda_subwarp_pair_top2_v2,L2_operator_steady,warm,5,5,150,8.88832002878,8.82687985897,9.585663944484999,8.8670207977296,0.5599916618783799,0.06315443198484047,False
20260802T192733Z-1ce3398155a9-rtx3080_topk_gate_release_v1,topk_gate.release.main.e16_t512,topk_gate,cuda_vector_pair_top2_v3,L1_kernel_body,warm,5,5,150,8.90367984772,8.816639781,9.485311776398998,8.774860779444198,0.43695656630641444,0.04979641014134601,False
20260802T192733Z-1ce3398155a9-rtx3080_topk_gate_release_v1,topk_gate.release.main.e16_t512,topk_gate,cuda_vector_pair_top2_v3,L2_operator_steady,warm,5,5,150,9.07263994217,9.077759981155,9.66656029224,9.141521068413933,0.32778640316911384,0.035856877724834174,False
20260802T192733Z-1ce3398155a9-rtx3080_topk_gate_release_v1,topk_gate.release.main.e16_t512,topk_gate,cuda_warp_pair_top2_v1,L1_kernel_body,warm,5,5,150,8.92416000366,8.80639970303,9.518591761589,8.761207461357067,0.4739740311899017,0.054099167641041744,False
20260802T192733Z-1ce3398155a9-rtx3080_topk_gate_release_v1,topk_gate.release.main.e16_t512,topk_gate,cuda_warp_pair_top2_v1,L2_operator_steady,warm,5,5,150,8.47872018814,8.52991998196,9.446911811829,8.621124275525801,0.4063140147998104,0.04713004961003527,False
20260802T192733Z-1ce3398155a9-rtx3080_topk_gate_release_v1,topk_gate.release.main.e16_t64,topk_gate,cuda_naive,L1_kernel_body,warm,5,5,150,8.95999997854,8.93952012062,9.566208124159498,8.983893311023733,0.4311038369564491,0.047986304159184624,True
20260802T192733Z-1ce3398155a9-rtx3080_topk_gate_release_v1,topk_gate.release.main.e16_t64,topk_gate,cuda_naive,L2_operator_steady,warm,5,5,150,8.81152004004,8.683519959449999,9.3967360258105,8.618120531241066,0.49471219411428086,0.05740372188123006,True
20260802T192733Z-1ce3398155a9-rtx3080_topk_gate_release_v1,topk_gate.release.main.e16_t64,topk_gate,cuda_subwarp_pair_top2_v2,L1_kernel_body,warm,5,5,150,8.89855980873,8.9087998867,9.6307199597365,8.9227946678792,0.42160190340239934,0.04724998378816298,False
20260802T192733Z-1ce3398155a9-rtx3080_topk_gate_release_v1,topk_gate.release.main.e16_t64,topk_gate,cuda_subwarp_pair_top2_v2,L2_operator_steady,warm,5,5,150,8.86784017086,8.9087998867,9.508351951836,8.865928538640265,0.38849498463609317,0.04381887164360962,False
20260802T192733Z-1ce3398155a9-rtx3080_topk_gate_release_v1,topk_gate.release.main.e16_t64,topk_gate,cuda_vector_pair_top2_v3,L1_kernel_body,warm,5,5,150,9.02144014835,9.006080031395,10.830336213145,9.1201535781222,0.7767630332680625,0.08516995098979405,False
20260802T192733Z-1ce3398155a9-rtx3080_topk_gate_release_v1,topk_gate.release.main.e16_t64,topk_gate,cuda_vector_pair_top2_v3,L2_operator_steady,warm,5,5,150,9.04703974724,9.05215978622,9.72800016403,9.119470942020733,0.35312878390080915,0.03872250771408909,False
20260802T192733Z-1ce3398155a9-rtx3080_topk_gate_release_v1,topk_gate.release.main.e16_t64,topk_gate,cuda_warp_pair_top2_v1,L1_kernel_body,warm,5,5,150,9.04191970825,9.00095999241,9.5288318395635,8.9675093173976,0.37347731875229345,0.04164783169254379,False
20260802T192733Z-1ce3398155a9-rtx3080_topk_gate_release_v1,topk_gate.release.main.e16_t64,topk_gate,cuda_warp_pair_top2_v1,L2_operator_steady,warm,5,5,150,8.91903996468,8.92928004265,9.695744186637999,9.084518396854268,1.7155171818652135,0.18883963980514942,False
20260802T192733Z-1ce3398155a9-rtx3080_topk_gate_release_v1,topk_gate.release.main.e16_t8,topk_gate,cuda_naive,L1_kernel_body,warm,5,5,150,8.56576025486,8.46336007118,9.214464098217999,8.435643748442466,0.49557975478776967,0.05874830298271808,True
20260802T192733Z-1ce3398155a9-rtx3080_topk_gate_release_v1,topk_gate.release.main.e16_t8,topk_gate,cuda_naive,L2_operator_steady,warm,5,5,150,8.1817600131,8.376320004465,9.398784041405499,8.350788247585534,0.6526340873986366,0.0781523932890207,True
20260802T192733Z-1ce3398155a9-rtx3080_topk_gate_release_v1,topk_gate.release.main.e16_t8,topk_gate,cuda_subwarp_pair_top2_v2,L1_kernel_body,warm,5,5,150,8.92928004265,8.97023975849,9.4981122016935,8.949896554152266,0.3764793372254922,0.04206521661424413,False
20260802T192733Z-1ce3398155a9-rtx3080_topk_gate_release_v1,topk_gate.release.main.e16_t8,topk_gate,cuda_subwarp_pair_top2_v2,L2_operator_steady,warm,5,5,150,8.84736001492,8.85760009289,10.517504215245,8.969352507592667,0.6432110428685327,0.07171209318889481,False
20260802T192733Z-1ce3398155a9-rtx3080_topk_gate_release_v1,topk_gate.release.main.e16_t8,topk_gate,cuda_vector_pair_top2_v3,L1_kernel_body,warm,5,5,150,9.0316799283,9.02144014835,9.667583972214999,9.034888521830267,0.37362790978433413,0.0413539036902965,False
20260802T192733Z-1ce3398155a9-rtx3080_topk_gate_release_v1,topk_gate.release.main.e16_t8,topk_gate,cuda_vector_pair_top2_v3,L2_operator_steady,warm,5,5,150,9.11359995604,9.0982401371,9.95328009129,9.158724248409467,0.4072673173208917,0.04446769072577101,False
20260802T192733Z-1ce3398155a9-rtx3080_topk_gate_release_v1,topk_gate.release.main.e16_t8,topk_gate,cuda_warp_pair_top2_v1,L1_kernel_body,warm,5,5,150,8.93440008163,8.92928004265,9.4981122016935,8.926412800948134,0.32731738826376094,0.03666841267177274,False
20260802T192733Z-1ce3398155a9-rtx3080_topk_gate_release_v1,topk_gate.release.main.e16_t8,topk_gate,cuda_warp_pair_top2_v1,L2_operator_steady,warm,5,5,150,8.9753600955,8.98047983646,9.5800322294235,8.956450132528866,0.4875687828008963,0.05443772650841864,False
20260802T192733Z-1ce3398155a9-rtx3080_topk_gate_release_v1,topk_gate.release.main.e17_t1,topk_gate,cuda_naive,L1_kernel_body,warm,5,5,150,8.93952012062,8.9087998867,9.483264088632499,8.822920552889734,0.5096088943233678,0.057759660337920384,True
20260802T192733Z-1ce3398155a9-rtx3080_topk_gate_release_v1,topk_gate.release.main.e17_t1,topk_gate,cuda_naive,L2_operator_steady,warm,5,5,150,9.00095999241,9.00095999241,11.269631981844999,9.207671451569533,0.7227238389590728,0.07849148862016332,True
20260802T192733Z-1ce3398155a9-rtx3080_topk_gate_release_v1,topk_gate.release.main.e17_t1,topk_gate,cuda_subwarp_pair_top2_v2,L1_kernel_body,warm,5,5,150,8.68863999844,8.883199989795,9.534463882447,8.8038741032284,0.48625364882458877,0.055231781273005535,False
20260802T192733Z-1ce3398155a9-rtx3080_topk_gate_release_v1,topk_gate.release.main.e17_t1,topk_gate,cuda_subwarp_pair_top2_v2,L2_operator_steady,warm,5,5,150,8.44799995422,8.49919974804,9.269247919321998,8.5564074794456,0.4064995300700679,0.047508201432268214,False
20260802T192733Z-1ce3398155a9-rtx3080_topk_gate_release_v1,topk_gate.release.main.e17_t1,topk_gate,cuda_vector_pair_top2_v3,L1_kernel_body,warm,5,5,150,8.91392022371,8.637440204619999,9.575424194337,8.698743462562,0.5084538912646489,0.058451418121818755,False
20260802T192733Z-1ce3398155a9-rtx3080_topk_gate_release_v1,topk_gate.release.main.e17_t1,topk_gate,cuda_vector_pair_top2_v3,L2_operator_steady,warm,5,5,150,9.01631981134,8.995839953425,9.585663944484999,8.887432527541934,0.5125511792975128,0.057671456599994356,False
20260802T192733Z-1ce3398155a9-rtx3080_topk_gate_release_v1,topk_gate.release.main.e17_t1,topk_gate,cuda_warp_pair_top2_v1,L1_kernel_body,warm,5,5,150,8.6067199707,8.6630398035,11.158015966404985,9.0434901277228,1.664275573903973,0.1840302306298914,False
20260802T192733Z-1ce3398155a9-rtx3080_topk_gate_release_v1,topk_gate.release.main.e17_t1,topk_gate,cuda_warp_pair_top2_v1,L2_operator_steady,warm,5,5,150,8.55552017689,8.596479892729999,9.196543961764998,8.581256516774866,0.359404997215012,0.04188256073133785,False
20260802T192733Z-1ce3398155a9-rtx3080_topk_gate_release_v1,topk_gate.release.main.e17_t1024,topk_gate,cuda_naive,L1_kernel_body,warm,5,5,150,8.83711993694,8.831999897955,9.55392003059,8.808174928029333,0.4284690502974093,0.0486444755920931,True
20260802T192733Z-1ce3398155a9-rtx3080_topk_gate_release_v1,topk_gate.release.main.e17_t1024,topk_gate,cuda_naive,L2_operator_steady,warm,5,5,150,8.72447997332,8.68351995945,9.309183955192498,8.654847999414,0.4088740133176165,0.0472421945879697,True
20260802T192733Z-1ce3398155a9-rtx3080_topk_gate_release_v1,topk_gate.release.main.e17_t1024,topk_gate,cuda_subwarp_pair_top2_v2,L1_kernel_body,warm,5,5,150,8.3609598875,8.35583984852,9.1499519348135,8.381576565901668,0.4166706847826594,0.04971268609270708,False
20260802T192733Z-1ce3398155a9-rtx3080_topk_gate_release_v1,topk_gate.release.main.e17_t1024,topk_gate,cuda_subwarp_pair_top2_v2,L2_operator_steady,warm,5,5,150,8.5504001379,8.606719970705,9.603584080937999,8.677034660180668,0.5050073511769864,0.058200453375447436,False
20260802T192733Z-1ce3398155a9-rtx3080_topk_gate_release_v1,topk_gate.release.main.e17_t1024,topk_gate,cuda_vector_pair_top2_v3,L1_kernel_body,warm,5,5,150,8.25856000185,8.35583984852,9.434623926874497,8.4221269130708,0.5165342836109563,0.06133062217446712,False
20260802T192733Z-1ce3398155a9-rtx3080_topk_gate_release_v1,topk_gate.release.main.e17_t1024,topk_gate,cuda_vector_pair_top2_v3,L2_operator_steady,warm,5,5,150,8.31488013268,8.3353599906,9.1007998287655,8.394342382749201,0.4277079744881362,0.05095193345545421,False
20260802T192733Z-1ce3398155a9-rtx3080_topk_gate_release_v1,topk_gate.release.main.e17_t1024,topk_gate,cuda_warp_pair_top2_v1,L1_kernel_body,warm,5,5,150,8.26367974281,8.35583984852,9.2738559544085,8.390314666430067,0.5473902579802005,0.06524073050207847,False
20260802T192733Z-1ce3398155a9-rtx3080_topk_gate_release_v1,topk_gate.release.main.e17_t1024,topk_gate,cuda_warp_pair_top2_v1,L2_operator_steady,warm,5,5,150,8.45311999321,8.50943982601,9.682944089170999,8.6148437539736,0.5873138404176882,0.06817463638232434,False
20260802T192733Z-1ce3398155a9-rtx3080_topk_gate_release_v1,topk_gate.release.main.e17_t128,topk_gate,cuda_naive,L1_kernel_body,warm,5,5,150,8.99583995342,8.9087998867,9.446911811829,8.881834646066066,0.3602586961738352,0.040561292855570176,True
20260802T192733Z-1ce3398155a9-rtx3080_topk_gate_release_v1,topk_gate.release.main.e17_t128,topk_gate,cuda_naive,L2_operator_steady,warm,5,5,150,9.01120007038,9.1545599699,74.08332705498,21.958109863598533,25.759985722453262,1.1731422186368308,True
20260802T192733Z-1ce3398155a9-rtx3080_topk_gate_release_v1,topk_gate.release.main.e17_t128,topk_gate,cuda_subwarp_pair_top2_v2,L1_kernel_body,warm,5,5,150,8.69376003742,8.729600012305,9.4479360878485,8.7134207963944,0.4436359311764589,0.05091409465270342,False
20260802T192733Z-1ce3398155a9-rtx3080_topk_gate_release_v1,topk_gate.release.main.e17_t128,topk_gate,cuda_subwarp_pair_top2_v2,L2_operator_steady,warm,5,5,150,8.51967990398,8.627200126645,9.560576081276,8.690892775853667,0.4879903673836854,0.056149624666811324,False
20260802T192733Z-1ce3398155a9-rtx3080_topk_gate_release_v1,topk_gate.release.main.e17_t128,topk_gate,cuda_vector_pair_top2_v3,L1_kernel_body,warm,5,5,150,8.55552017689,8.63232016563,9.360384017225,8.688162144025068,0.41022858838857,0.04721695815388162,False
20260802T192733Z-1ce3398155a9-rtx3080_topk_gate_release_v1,topk_gate.release.main.e17_t128,topk_gate,cuda_vector_pair_top2_v3,L2_operator_steady,warm,5,5,150,8.68863999844,8.72448027134,9.562623769047999,8.718745573362133,0.5213940119020058,0.059801494092795886,False
20260802T192733Z-1ce3398155a9-rtx3080_topk_gate_release_v1,topk_gate.release.main.e17_t128,topk_gate,cuda_warp_pair_top2_v1,L1_kernel_body,warm,5,5,150,8.64255994558,8.826879858969999,10.6803202629,9.030041607220534,0.8909067490890231,0.09866031496207536,False
20260802T192733Z-1ce3398155a9-rtx3080_topk_gate_release_v1,topk_gate.release.main.e17_t128,topk_gate,cuda_warp_pair_top2_v1,L2_operator_steady,warm,5,5,150,8.42751979828,8.514559864995,10.292223691944999,8.793429315090068,0.7853171616081568,0.08930726949274546,False
20260802T192733Z-1ce3398155a9-rtx3080_topk_gate_release_v1,topk_gate.release.main.e17_t16,topk_gate,cuda_naive,L1_kernel_body,warm,5,5,150,8.90367984772,8.862720131875,9.462783932687,8.920541866619866,0.37408460003368393,0.041935187977031545,True
20260802T192733Z-1ce3398155a9-rtx3080_topk_gate_release_v1,topk_gate.release.main.e17_t16,topk_gate,cuda_naive,L2_operator_steady,warm,5,5,150,8.92416000366,8.87807995081,9.6527361869805,8.9599317232774,0.6387762439462699,0.0712925347730904,True
20260802T192733Z-1ce3398155a9-rtx3080_topk_gate_release_v1,topk_gate.release.main.e17_t16,topk_gate,cuda_subwarp_pair_top2_v2,L1_kernel_body,warm,5,5,150,8.68863999844,8.70400011539,10.8088320494,8.928187739848866,0.8650637682801919,0.09689130577073142,False
20260802T192733Z-1ce3398155a9-rtx3080_topk_gate_release_v1,topk_gate.release.main.e17_t16,topk_gate,cuda_subwarp_pair_top2_v2,L2_operator_steady,warm,5,5,150,8.61184000969,8.581120073794999,9.442304044964999,8.605559480190067,0.46516326795413754,0.05405380893885399,False
20260802T192733Z-1ce3398155a9-rtx3080_topk_gate_release_v1,topk_gate.release.main.e17_t16,topk_gate,cuda_vector_pair_top2_v3,L1_kernel_body,warm,5,5,150,8.4582400322,8.60159993172,9.233919978143,8.581529609362265,0.36968504128772367,0.043079154663104025,False
20260802T192733Z-1ce3398155a9-rtx3080_topk_gate_release_v1,topk_gate.release.main.e17_t16,topk_gate,cuda_vector_pair_top2_v3,L2_operator_steady,warm,5,5,150,8.65792006254,8.69376003742,9.53343987465,8.707618109384999,0.4813949133365743,0.05528433921760198,False
20260802T192733Z-1ce3398155a9-rtx3080_topk_gate_release_v1,topk_gate.release.main.e17_t16,topk_gate,cuda_warp_pair_top2_v1,L1_kernel_body,warm,5,5,150,8.83200019598,8.67327988148,9.5390719175335,8.6914389451348,0.45132758636306625,0.05192783257319037,False
20260802T192733Z-1ce3398155a9-rtx3080_topk_gate_release_v1,topk_gate.release.main.e17_t16,topk_gate,cuda_warp_pair_top2_v1,L2_operator_steady,warm,5,5,150,8.50432008505,8.72448027134,9.596928030251998,8.743253346284668,0.6179446783089196,0.07067674398014638,False
20260802T192733Z-1ce3398155a9-rtx3080_topk_gate_release_v1,topk_gate.release.main.e17_t2,topk_gate,cuda_naive,L1_kernel_body,warm,5,5,150,8.93952012062,8.9087998867,9.518591761589,8.847360006968,0.4542129632605805,0.051338813262131494,True
20260802T192733Z-1ce3398155a9-rtx3080_topk_gate_release_v1,topk_gate.release.main.e17_t2,topk_gate,cuda_naive,L2_operator_steady,warm,5,5,150,8.89856010675,8.85760009289,9.417216181756,8.8041472117106,0.4163419652716512,0.047289300742025885,True
20260802T192733Z-1ce3398155a9-rtx3080_topk_gate_release_v1,topk_gate.release.main.e17_t2,topk_gate,cuda_subwarp_pair_top2_v2,L1_kernel_body,warm,5,5,150,8.69888007641,8.7961602211,9.488896131516,8.753971203167866,0.4121111862828513,0.047077055283631444,False
20260802T192733Z-1ce3398155a9-rtx3080_topk_gate_release_v1,topk_gate.release.main.e17_t2,topk_gate,cuda_subwarp_pair_top2_v2,L2_operator_steady,warm,5,5,150,8.52991998196,8.565760254859999,9.436672002076,8.647475179036467,0.5040226162231725,0.058285523321887404,False
20260802T192733Z-1ce3398155a9-rtx3080_topk_gate_release_v1,topk_gate.release.main.e17_t2,topk_gate,cuda_vector_pair_top2_v3,L1_kernel_body,warm,5,5,150,8.68863999844,8.73471975327,9.518591761589,8.750557851791667,0.4262589329634702,0.04871220100284168,False
20260802T192733Z-1ce3398155a9-rtx3080_topk_gate_release_v1,topk_gate.release.main.e17_t2,topk_gate,cuda_vector_pair_top2_v3,L2_operator_steady,warm,5,5,150,8.50944012403,8.5504001379,9.3137919902835,8.624947222073933,0.42778551278654675,0.04959862382597659,False
20260802T192733Z-1ce3398155a9-rtx3080_topk_gate_release_v1,topk_gate.release.main.e17_t2,topk_gate,cuda_warp_pair_top2_v1,L1_kernel_body,warm,5,5,150,8.46336007118,8.637440204619999,9.487872123719,8.6867967923484,0.5670696257581155,0.06527948555877444,False
20260802T192733Z-1ce3398155a9-rtx3080_topk_gate_release_v1,topk_gate.release.main.e17_t2,topk_gate,cuda_warp_pair_top2_v1,L2_operator_steady,warm,5,5,150,8.63744020462,8.68351995945,9.436672002076,8.712123719851267,0.4281680160331771,0.04914622769389308,False
20260802T192733Z-1ce3398155a9-rtx3080_topk_gate_release_v1,topk_gate.release.main.e17_t2048,topk_gate,cuda_naive,L1_kernel_body,warm,5,5,150,8.84736001492,8.84736001492,9.478656053546,8.795818678537934,0.4169703314231115,0.047405516946424996,True
20260802T192733Z-1ce3398155a9-rtx3080_topk_gate_release_v1,topk_gate.release.main.e17_t2048,topk_gate,cuda_naive,L2_operator_steady,warm,5,5,150,8.56575995684,8.657920062545,9.3793281614805,8.655394132932066,0.4611505811012482,0.05327898117853019,True
20260802T192733Z-1ce3398155a9-rtx3080_topk_gate_release_v1,topk_gate.release.main.e17_t2048,topk_gate,cuda_subwarp_pair_top2_v2,L1_kernel_body,warm,5,5,150,10.3014397621,10.1529598236,11.070463657400001,10.219520012540134,0.5663328024938551,0.05541677121811214,False
20260802T192733Z-1ce3398155a9-rtx3080_topk_gate_release_v1,topk_gate.release.main.e17_t2048,topk_gate,cuda_subwarp_pair_top2_v2,L2_operator_steady,warm,5,5,150,10.1529598236,10.1580798626,10.8349442482,10.158967479069533,0.4440854664071692,0.04371364189541074,False
20260802T192733Z-1ce3398155a9-rtx3080_topk_gate_release_v1,topk_gate.release.main.e17_t2048,topk_gate,cuda_vector_pair_top2_v3,L1_kernel_body,warm,5,5,150,10.5113601685,10.5164802074,11.0694396496,10.433877360820734,0.4347740198062433,0.04166945851202182,False
20260802T192733Z-1ce3398155a9-rtx3080_topk_gate_release_v1,topk_gate.release.main.e17_t2048,topk_gate,cuda_vector_pair_top2_v3,L2_operator_steady,warm,5,5,150,10.5369603634,10.5369603634,12.791296184079997,10.680251793067933,0.8135729794881941,0.07617544934813684,False
20260802T192733Z-1ce3398155a9-rtx3080_topk_gate_release_v1,topk_gate.release.main.e17_t2048,topk_gate,cuda_warp_pair_top2_v1,L1_kernel_body,warm,5,5,150,10.3936004639,10.4243195057,11.03974395989,10.347724870841667,0.497840590321728,0.048111115876743875,False
20260802T192733Z-1ce3398155a9-rtx3080_topk_gate_release_v1,topk_gate.release.main.e17_t2048,topk_gate,cuda_warp_pair_top2_v1,L2_operator_steady,warm,5,5,150,10.5267202854,10.4703998566,64.484862566015,20.7127211133672,21.010302802331495,1.0143670977528998,False
20260802T192733Z-1ce3398155a9-rtx3080_topk_gate_release_v1,topk_gate.release.main.e17_t256,topk_gate,cuda_naive,L1_kernel_body,warm,5,5,150,8.60159993172,8.62208008766,9.198591977354498,8.591291729609134,0.43043336670054705,0.0501011233522773,True
20260802T192733Z-1ce3398155a9-rtx3080_topk_gate_release_v1,topk_gate.release.main.e17_t256,topk_gate,cuda_naive,L2_operator_steady,warm,5,5,150,8.49408000708,8.70400011539,9.5037439167495,8.692189864317267,0.4751650496695586,0.054665746732038355,True
20260802T192733Z-1ce3398155a9-rtx3080_topk_gate_release_v1,topk_gate.release.main.e17_t256,topk_gate,cuda_subwarp_pair_top2_v2,L1_kernel_body,warm,5,5,150,8.54528009892,8.668159842489999,24.3768316507,10.850645343464066,5.471174854318952,0.504225756269376,False
20260802T192733Z-1ce3398155a9-rtx3080_topk_gate_release_v1,topk_gate.release.main.e17_t256,topk_gate,cuda_subwarp_pair_top2_v2,L2_operator_steady,warm,5,5,150,8.8524800539,8.780800104145,9.5308801233755,8.7654399752616,0.461993902676468,0.05270629928221943,False
20260802T192733Z-1ce3398155a9-rtx3080_topk_gate_release_v1,topk_gate.release.main.e17_t256,topk_gate,cuda_vector_pair_top2_v3,L1_kernel_body,warm,5,5,150,8.50431978703,8.504319787025,9.23647999763,8.539955234527532,0.4740924417275579,0.05551462843865677,False
20260802T192733Z-1ce3398155a9-rtx3080_topk_gate_release_v1,topk_gate.release.main.e17_t256,topk_gate,cuda_vector_pair_top2_v3,L2_operator_steady,warm,5,5,150,8.37119996548,8.39680016041,9.155583977696999,8.453939211368933,0.4585725706658394,0.05424365602832191,False
20260802T192733Z-1ce3398155a9-rtx3080_topk_gate_release_v1,topk_gate.release.main.e17_t256,topk_gate,cuda_warp_pair_top2_v1,L1_kernel_body,warm,5,5,150,8.66304010153,8.50943982601,9.261055856941498,8.5460991859436,0.45888189827829123,0.053694894980045184,False
20260802T192733Z-1ce3398155a9-rtx3080_topk_gate_release_v1,topk_gate.release.main.e17_t256,topk_gate,cuda_warp_pair_top2_v1,L2_operator_steady,warm,5,5,150,8.55551987886,8.64767998457,9.3557759821385,8.693213848273068,0.5319385448948369,0.06119009082015256,False
20260802T192733Z-1ce3398155a9-rtx3080_topk_gate_release_v1,topk_gate.release.main.e17_t32,topk_gate,cuda_naive,L1_kernel_body,warm,5,5,150,9.02656018734,9.02144014835,9.60511982441,9.055095446109467,0.3447101636137747,0.038068087262611884,True
20260802T192733Z-1ce3398155a9-rtx3080_topk_gate_release_v1,topk_gate.release.main.e17_t32,topk_gate,cuda_naive,L2_operator_steady,warm,5,5,150,8.90368014574,8.83711993694,10.028543680887996,8.876919488112733,0.7197552598061494,0.08108164783627796,True
20260802T192733Z-1ce3398155a9-rtx3080_topk_gate_release_v1,topk_gate.release.main.e17_t32,topk_gate,cuda_subwarp_pair_top2_v2,L1_kernel_body,warm,5,5,150,8.62208008766,8.77056002617,11.617792248699999,9.160977045694066,1.1090025915284651,0.12105723941855412,False
20260802T192733Z-1ce3398155a9-rtx3080_topk_gate_release_v1,topk_gate.release.main.e17_t32,topk_gate,cuda_subwarp_pair_top2_v2,L2_operator_steady,warm,5,5,150,8.49920004606,8.58111977577,9.428479939700999,8.624196243286333,0.46689951090024506,0.05413832173215118,False
20260802T192733Z-1ce3398155a9-rtx3080_topk_gate_release_v1,topk_gate.release.main.e17_t32,topk_gate,cuda_vector_pair_top2_v3,L1_kernel_body,warm,5,5,150,8.62719982862,8.59135985374,9.5493119955035,8.678468259175467,0.5074231074392745,0.05846920127901514,False
20260802T192733Z-1ce3398155a9-rtx3080_topk_gate_release_v1,topk_gate.release.main.e17_t32,topk_gate,cuda_vector_pair_top2_v3,L2_operator_steady,warm,5,5,150,8.40704023838,8.45311999321,9.394176274537,8.560298657417468,0.4709292929334218,0.05501318491094505,False
20260802T192733Z-1ce3398155a9-rtx3080_topk_gate_release_v1,topk_gate.release.main.e17_t32,topk_gate,cuda_warp_pair_top2_v1,L1_kernel_body,warm,5,5,150,8.78080010414,8.663039803505,9.5288318395635,8.703249088922933,0.4531483930260631,0.052066577481139555,False
20260802T192733Z-1ce3398155a9-rtx3080_topk_gate_release_v1,topk_gate.release.main.e17_t32,topk_gate,cuda_warp_pair_top2_v1,L2_operator_steady,warm,5,5,150,8.57600003481,8.801279962065,9.4571518898035,8.702293308575934,0.44863573830301756,0.05155373674441611,False
20260802T192733Z-1ce3398155a9-rtx3080_topk_gate_release_v1,topk_gate.release.main.e17_t4,topk_gate,cuda_naive,L1_kernel_body,warm,5,5,150,9.05727982521,8.826879858969999,9.712639987466499,8.877260812123733,0.5660259996921466,0.06376133490627213,True
20260802T192733Z-1ce3398155a9-rtx3080_topk_gate_release_v1,topk_gate.release.main.e17_t4,topk_gate,cuda_naive,L2_operator_steady,warm,5,5,150,9.03679996729,9.03168022633,9.559552073479,9.063833562533066,0.2874821775006987,0.03171750402490359,True
20260802T192733Z-1ce3398155a9-rtx3080_topk_gate_release_v1,topk_gate.release.main.e17_t4,topk_gate,cuda_subwarp_pair_top2_v2,L1_kernel_body,warm,5,5,150,8.80640000105,8.791040182115,9.585663944484999,8.780322122574132,0.5162267927034078,0.058793605234162556,False
20260802T192733Z-1ce3398155a9-rtx3080_topk_gate_release_v1,topk_gate.release.main.e17_t4,topk_gate,cuda_subwarp_pair_top2_v2,L2_operator_steady,warm,5,5,150,8.4838399291,8.58111977577,9.4479360878485,8.666112021605667,0.5703974188776959,0.06581929906463545,False
20260802T192733Z-1ce3398155a9-rtx3080_topk_gate_release_v1,topk_gate.release.main.e17_t4,topk_gate,cuda_vector_pair_top2_v3,L1_kernel_body,warm,5,5,150,8.89343976974,8.816639781,9.442304044964999,8.8077653368314,0.4077074825663119,0.046289548707820705,False
20260802T192733Z-1ce3398155a9-rtx3080_topk_gate_release_v1,topk_gate.release.main.e17_t4,topk_gate,cuda_vector_pair_top2_v3,L2_operator_steady,warm,5,5,150,8.90367984772,8.84736001492,9.616383910177,8.852480014165133,0.4527342554866496,0.051142081627093786,False
20260802T192733Z-1ce3398155a9-rtx3080_topk_gate_release_v1,topk_gate.release.main.e17_t4,topk_gate,cuda_warp_pair_top2_v1,L1_kernel_body,warm,5,5,150,8.57087999582,8.71424019337,9.765375852586,8.854323176544,0.7348576033328912,0.0829942152190247,False
20260802T192733Z-1ce3398155a9-rtx3080_topk_gate_release_v1,topk_gate.release.main.e17_t4,topk_gate,cuda_warp_pair_top2_v1,L2_operator_steady,warm,5,5,150,8.71936023235,8.739839792255,9.5093759596385,8.729190377394401,0.4458507806719384,0.05107584568513232,False
20260802T192733Z-1ce3398155a9-rtx3080_topk_gate_release_v1,topk_gate.release.main.e17_t4096,topk_gate,cuda_naive,L1_kernel_body,warm,5,5,150,8.61696004868,8.540160059929999,9.3137919902835,8.5820757230124,0.45615931233276763,0.053152562043888706,True
20260802T192733Z-1ce3398155a9-rtx3080_topk_gate_release_v1,topk_gate.release.main.e17_t4096,topk_gate,cuda_naive,L2_operator_steady,warm,5,5,150,8.52991998196,8.663039803505,9.3634560406215,8.6715050856276,0.4453599314917799,0.05135901173948824,True
20260802T192733Z-1ce3398155a9-rtx3080_topk_gate_release_v1,topk_gate.release.main.e17_t4096,topk_gate,cuda_subwarp_pair_top2_v2,L1_kernel_body,warm,5,5,150,9.56928014755,9.7023999691,13.338112235099999,10.477568014462467,1.4786740053224916,0.141127597862542,False
20260802T192733Z-1ce3398155a9-rtx3080_topk_gate_release_v1,topk_gate.release.main.e17_t4096,topk_gate,cuda_subwarp_pair_top2_v2,L2_operator_steady,warm,5,5,150,12.2009599209,11.816959977149999,13.555200040334999,11.691690643629666,1.375004092363124,0.11760524070249058,False
20260802T192733Z-1ce3398155a9-rtx3080_topk_gate_release_v1,topk_gate.release.main.e17_t4096,topk_gate,cuda_vector_pair_top2_v3,L1_kernel_body,warm,5,5,150,11.9859194756,11.9961595535,13.985280394545,12.291754682854666,0.9495363786632424,0.07724986408878767,False
20260802T192733Z-1ce3398155a9-rtx3080_topk_gate_release_v1,topk_gate.release.main.e17_t4096,topk_gate,cuda_vector_pair_top2_v3,L2_operator_steady,warm,5,5,150,11.550719738,11.6019201279,13.456383943545,11.800098172829333,0.8073139565510166,0.0684158677942122,False
20260802T192733Z-1ce3398155a9-rtx3080_topk_gate_release_v1,topk_gate.release.main.e17_t4096,topk_gate,cuda_warp_pair_top2_v1,L1_kernel_body,warm,5,5,150,11.7196798325,11.760640144349999,13.369856476745,11.904887445766667,0.6620703785381421,0.05561332532997377,False
20260802T192733Z-1ce3398155a9-rtx3080_topk_gate_release_v1,topk_gate.release.main.e17_t4096,topk_gate,cuda_warp_pair_top2_v1,L2_operator_steady,warm,5,5,150,12.139519453,12.16511964795,14.034431576700001,12.334080068266,0.9925715779689217,0.08047390421298468,False
20260802T192733Z-1ce3398155a9-rtx3080_topk_gate_release_v1,topk_gate.release.main.e17_t512,topk_gate,cuda_naive,L1_kernel_body,warm,5,5,150,8.4838399291,8.60159993172,9.461248189210497,8.630681602159667,0.44051534182597923,0.051040620211936505,True
20260802T192733Z-1ce3398155a9-rtx3080_topk_gate_release_v1,topk_gate.release.main.e17_t512,topk_gate,cuda_naive,L2_operator_steady,warm,5,5,150,8.61696004868,8.637440204619999,9.541119933128499,8.714990937709802,0.6006172005065018,0.06891770798149986,True
20260802T192733Z-1ce3398155a9-rtx3080_topk_gate_release_v1,topk_gate.release.main.e17_t512,topk_gate,cuda_subwarp_pair_top2_v2,L1_kernel_body,warm,5,5,150,8.34560006857,8.37632000446,9.04191970825,8.391884783903933,0.4103156910957795,0.04889434276824035,False
20260802T192733Z-1ce3398155a9-rtx3080_topk_gate_release_v1,topk_gate.release.main.e17_t512,topk_gate,cuda_subwarp_pair_top2_v2,L2_operator_steady,warm,5,5,150,8.32512021065,8.432639837265,9.3895682394505,8.493602128823467,0.5661841798909516,0.06666007793908513,False
20260802T192733Z-1ce3398155a9-rtx3080_topk_gate_release_v1,topk_gate.release.main.e17_t512,topk_gate,cuda_vector_pair_top2_v3,L1_kernel_body,warm,5,5,150,8.34048002958,8.320000171665,9.10336017609,8.357888011137668,0.4556987951636688,0.054523199468144046,False
20260802T192733Z-1ce3398155a9-rtx3080_topk_gate_release_v1,topk_gate.release.main.e17_t512,topk_gate,cuda_vector_pair_top2_v3,L2_operator_steady,warm,5,5,150,8.51456016302,8.59135985374,9.668607980011998,8.6817450682322,0.6578116586292734,0.0757695202357766,False
20260802T192733Z-1ce3398155a9-rtx3080_topk_gate_release_v1,topk_gate.release.main.e17_t512,topk_gate,cuda_warp_pair_top2_v1,L1_kernel_body,warm,5,5,150,8.22784006596,8.2687997818,9.459711849688496,8.374954684575334,0.5182069848249742,0.061875795671991835,False
20260802T192733Z-1ce3398155a9-rtx3080_topk_gate_release_v1,topk_gate.release.main.e17_t512,topk_gate,cuda_warp_pair_top2_v1,L2_operator_steady,warm,5,5,150,8.38144004345,8.524799942969999,9.606143832207,8.608699715138266,0.5437905119097972,0.06316755490420346,False
20260802T192733Z-1ce3398155a9-rtx3080_topk_gate_release_v1,topk_gate.release.main.e17_t64,topk_gate,cuda_naive,L1_kernel_body,warm,5,5,150,8.97535979748,8.98047983646,9.49248015881,9.028676243623066,0.26887504106018983,0.02978011768337531,True
20260802T192733Z-1ce3398155a9-rtx3080_topk_gate_release_v1,topk_gate.release.main.e17_t64,topk_gate,cuda_naive,L2_operator_steady,warm,5,5,150,8.98559987545,8.87808024883,9.462783932687,8.866338137785332,0.40485251173962217,0.045661749580052424,True
20260802T192733Z-1ce3398155a9-rtx3080_topk_gate_release_v1,topk_gate.release.main.e17_t64,topk_gate,cuda_subwarp_pair_top2_v2,L1_kernel_body,warm,5,5,150,8.59135985374,8.709120154379999,9.361408025027501,8.673689619699667,0.40820308682920214,0.04706221973888622,False
20260802T192733Z-1ce3398155a9-rtx3080_topk_gate_release_v1,topk_gate.release.main.e17_t64,topk_gate,cuda_subwarp_pair_top2_v2,L2_operator_steady,warm,5,5,150,8.72448027134,8.780800104145,9.5400959253305,8.784964275359666,0.4271677217926781,0.04862486726221654,False
20260802T192733Z-1ce3398155a9-rtx3080_topk_gate_release_v1,topk_gate.release.main.e17_t64,topk_gate,cuda_vector_pair_top2_v3,L1_kernel_body,warm,5,5,150,8.47360014915,8.524799942969999,9.5923199951655,8.6052181124688,0.4928935312796225,0.057278447197686835,False
20260802T192733Z-1ce3398155a9-rtx3080_topk_gate_release_v1,topk_gate.release.main.e17_t64,topk_gate,cuda_vector_pair_top2_v3,L2_operator_steady,warm,5,5,150,8.52991998196,8.51967990398,9.8324480354775,8.643788798650332,0.5637085538124442,0.06521544740894912,False
20260802T192733Z-1ce3398155a9-rtx3080_topk_gate_release_v1,topk_gate.release.main.e17_t64,topk_gate,cuda_warp_pair_top2_v1,L1_kernel_body,warm,5,5,150,8.46336007118,8.555520176885,9.335296154020499,8.608426674207067,0.3978371205371227,0.0462148468696538,False
20260802T192733Z-1ce3398155a9-rtx3080_topk_gate_release_v1,topk_gate.release.main.e17_t64,topk_gate,cuda_warp_pair_top2_v1,L2_operator_steady,warm,5,5,150,8.64767998457,8.678399920465,9.197567969561998,8.667204225063466,0.35576515341354753,0.041047279396597164,False
20260802T192733Z-1ce3398155a9-rtx3080_topk_gate_release_v1,topk_gate.release.main.e17_t8,topk_gate,cuda_naive,L1_kernel_body,warm,5,5,150,8.86272013187,8.831999897955,9.442304044964999,8.7603200038276,0.4349895438587573,0.04965452673745933,True
20260802T192733Z-1ce3398155a9-rtx3080_topk_gate_release_v1,topk_gate.release.main.e17_t8,topk_gate,cuda_naive,L2_operator_steady,warm,5,5,150,8.87296020985,8.862720131875,9.5037439167495,8.8856576124826,0.5599790799215398,0.0630205556350584,True
20260802T192733Z-1ce3398155a9-rtx3080_topk_gate_release_v1,topk_gate.release.main.e17_t8,topk_gate,cuda_subwarp_pair_top2_v2,L1_kernel_body,warm,5,5,150,8.44287991524,8.555520176889999,9.583103924987999,8.656281598409134,0.4733196916864451,0.054679331570432345,False
20260802T192733Z-1ce3398155a9-rtx3080_topk_gate_release_v1,topk_gate.release.main.e17_t8,topk_gate,cuda_subwarp_pair_top2_v2,L2_operator_steady,warm,5,5,150,8.58624011278,8.704000115395,9.37983989716,8.694852272669467,0.4224015889159899,0.048580651593555534,False
20260802T192733Z-1ce3398155a9-rtx3080_topk_gate_release_v1,topk_gate.release.main.e17_t8,topk_gate,cuda_vector_pair_top2_v3,L1_kernel_body,warm,5,5,150,8.48895996809,8.51967990398,9.18528020382,8.570265611012799,0.3803444173304741,0.04437953671374329,False
20260802T192733Z-1ce3398155a9-rtx3080_topk_gate_release_v1,topk_gate.release.main.e17_t8,topk_gate,cuda_vector_pair_top2_v3,L2_operator_steady,warm,5,5,150,8.62720012665,8.74495983124,9.50272023678,8.733218141396867,0.45230116193933606,0.05179089249990853,False
20260802T192733Z-1ce3398155a9-rtx3080_topk_gate_release_v1,topk_gate.release.main.e17_t8,topk_gate,cuda_warp_pair_top2_v1,L1_kernel_body,warm,5,5,150,8.40703994036,8.611840009685,9.525248080491998,8.6578517357506,0.45842237928052826,0.052948744477521924,False
20260802T192733Z-1ce3398155a9-rtx3080_topk_gate_release_v1,topk_gate.release.main.e17_t8,topk_gate,cuda_warp_pair_top2_v1,L2_operator_steady,warm,5,5,150,8.9087998867,8.78592014313,9.5037439167495,8.777045333385933,0.4999786465664459,0.056964345924549124,False
20260802T192733Z-1ce3398155a9-rtx3080_topk_gate_release_v1,topk_gate.release.main.e2_t1,topk_gate,cuda_naive,L1_kernel_body,warm,5,5,150,8.34048002958,8.340480029585,9.2636158764385,8.413730104764866,0.6387702600128373,0.07591998460362887,True
20260802T192733Z-1ce3398155a9-rtx3080_topk_gate_release_v1,topk_gate.release.main.e2_t1,topk_gate,cuda_naive,L2_operator_steady,warm,5,5,150,8.25856000185,8.391680121425,9.397247970105997,8.418508787950266,0.5845009185118826,0.06943045772530416,True
20260802T192733Z-1ce3398155a9-rtx3080_topk_gate_release_v1,topk_gate.release.main.e2_t1,topk_gate,cuda_subwarp_pair_top2_v2,L1_kernel_body,warm,5,5,150,8.62208008766,8.46848011017,9.247744083402498,8.444245322545067,0.574227477802321,0.0680022258791092,False
20260802T192733Z-1ce3398155a9-rtx3080_topk_gate_release_v1,topk_gate.release.main.e2_t1,topk_gate,cuda_subwarp_pair_top2_v2,L2_operator_steady,warm,5,5,150,8.4838399291,8.606719970705,9.093632042409997,8.434278376897668,0.4982000716101152,0.059068488061140484,False
20260802T192733Z-1ce3398155a9-rtx3080_topk_gate_release_v1,topk_gate.release.main.e2_t1,topk_gate,cuda_vector_pair_top2_v3,L1_kernel_body,warm,5,5,150,8.32512021065,8.25856000185,9.25696015358,8.278016002973134,0.5475263347272509,0.06614221747464624,False
20260802T192733Z-1ce3398155a9-rtx3080_topk_gate_release_v1,topk_gate.release.main.e2_t1,topk_gate,cuda_vector_pair_top2_v3,L2_operator_steady,warm,5,5,150,8.5504001379,8.447999954225,9.2636158764385,8.403490146001399,0.5022139601914799,0.059762545259893766,False
20260802T192733Z-1ce3398155a9-rtx3080_topk_gate_release_v1,topk_gate.release.main.e2_t1,topk_gate,cuda_warp_pair_top2_v1,L1_kernel_body,warm,5,5,150,8.94976019859,8.91391992569,9.524223804472499,8.9243647893268,0.33542363809368264,0.03758515547177504,False
20260802T192733Z-1ce3398155a9-rtx3080_topk_gate_release_v1,topk_gate.release.main.e2_t1,topk_gate,cuda_warp_pair_top2_v1,L2_operator_steady,warm,5,5,150,8.88831973076,8.87807995081,9.524223804472499,8.897809040546601,0.409702585880841,0.046045333633691087,False
20260802T192733Z-1ce3398155a9-rtx3080_topk_gate_release_v1,topk_gate.release.main.e2_t1024,topk_gate,cuda_naive,L1_kernel_body,warm,5,5,150,8.68351995945,8.678399920465,9.41056013107,8.564462935924599,0.5742653651050268,0.06705211633250305,True
20260802T192733Z-1ce3398155a9-rtx3080_topk_gate_release_v1,topk_gate.release.main.e2_t1024,topk_gate,cuda_naive,L2_operator_steady,warm,5,5,150,8.34559977055,8.371199965475,9.340927869082,8.432913060982933,0.6373675929420957,0.07558095148532275,True
20260802T192733Z-1ce3398155a9-rtx3080_topk_gate_release_v1,topk_gate.release.main.e2_t1024,topk_gate,cuda_subwarp_pair_top2_v2,L1_kernel_body,warm,5,5,150,8.38656008244,8.35583984852,9.057280093433999,8.315903993447801,0.4663144135701414,0.05607501168093764,False
20260802T192733Z-1ce3398155a9-rtx3080_topk_gate_release_v1,topk_gate.release.main.e2_t1024,topk_gate,cuda_subwarp_pair_top2_v2,L2_operator_steady,warm,5,5,150,8.29439997673,8.32512021065,9.217023849487,8.3204778353378,0.46842910851059355,0.05629834220832054,False
20260802T192733Z-1ce3398155a9-rtx3080_topk_gate_release_v1,topk_gate.release.main.e2_t1024,topk_gate,cuda_vector_pair_top2_v3,L1_kernel_body,warm,5,5,150,8.56576025486,8.34559977055,9.360384017225,8.3965269645054,0.5337715331279305,0.0635705137831797,False
20260802T192733Z-1ce3398155a9-rtx3080_topk_gate_release_v1,topk_gate.release.main.e2_t1024,topk_gate,cuda_vector_pair_top2_v3,L2_operator_steady,warm,5,5,150,8.20735991001,8.22272002697,9.124864012004998,8.276991995175468,0.4931779899945828,0.059584205262255746,False
20260802T192733Z-1ce3398155a9-rtx3080_topk_gate_release_v1,topk_gate.release.main.e2_t1024,topk_gate,cuda_warp_pair_top2_v1,L1_kernel_body,warm,5,5,150,8.60160022974,8.657919764515,9.3521919548545,8.629998922348067,0.44136679459842526,0.051143319781358366,False
20260802T192733Z-1ce3398155a9-rtx3080_topk_gate_release_v1,topk_gate.release.main.e2_t1024,topk_gate,cuda_warp_pair_top2_v1,L2_operator_steady,warm,5,5,150,8.67327988148,8.811519742015,9.462783932687,8.812270939350533,0.3962502400648653,0.04496573502925786,False
20260802T192733Z-1ce3398155a9-rtx3080_topk_gate_release_v1,topk_gate.release.main.e2_t128,topk_gate,cuda_naive,L1_kernel_body,warm,5,5,150,8.67327988148,8.606719970705,10.318847775494994,8.6419455846156,0.7519881453061825,0.08701607039100924,True
20260802T192733Z-1ce3398155a9-rtx3080_topk_gate_release_v1,topk_gate.release.main.e2_t128,topk_gate,cuda_naive,L2_operator_steady,warm,5,5,150,8.7603199482,8.719360232355,9.2933118343335,8.546030950546667,0.49333332361013565,0.05772660156099463,True
20260802T192733Z-1ce3398155a9-rtx3080_topk_gate_release_v1,topk_gate.release.main.e2_t128,topk_gate,cuda_subwarp_pair_top2_v2,L1_kernel_body,warm,5,5,150,8.30975979567,8.27391982079,9.103871852157496,8.324505591392533,0.47292279174938934,0.05681091646312154,False
20260802T192733Z-1ce3398155a9-rtx3080_topk_gate_release_v1,topk_gate.release.main.e2_t128,topk_gate,cuda_subwarp_pair_top2_v2,L2_operator_steady,warm,5,5,150,8.15104007721,8.217599987985,9.136128097771998,8.345053863524866,1.025433830991623,0.1228792345455863,False
20260802T192733Z-1ce3398155a9-rtx3080_topk_gate_release_v1,topk_gate.release.main.e2_t128,topk_gate,cuda_vector_pair_top2_v3,L1_kernel_body,warm,5,5,150,8.59648019075,8.606719970705,9.219072133304499,8.459878416856533,0.5282226641298445,0.06243856449252826,False
20260802T192733Z-1ce3398155a9-rtx3080_topk_gate_release_v1,topk_gate.release.main.e2_t128,topk_gate,cuda_vector_pair_top2_v3,L2_operator_steady,warm,5,5,150,8.69888007641,8.514559864995,9.439744025467999,8.591155207157133,0.5230511464095023,0.0608825162387659,False
20260802T192733Z-1ce3398155a9-rtx3080_topk_gate_release_v1,topk_gate.release.main.e2_t128,topk_gate,cuda_warp_pair_top2_v1,L1_kernel_body,warm,5,5,150,8.88831973076,8.811519742015,9.5288318395635,8.801621301969734,0.5255553310443916,0.059711195586974006,False
20260802T192733Z-1ce3398155a9-rtx3080_topk_gate_release_v1,topk_gate.release.main.e2_t128,topk_gate,cuda_warp_pair_top2_v1,L2_operator_steady,warm,5,5,150,8.92928004265,8.9087998867,9.66656029224,8.966348787149066,0.4012541347044801,0.04475111823438921,False
20260802T192733Z-1ce3398155a9-rtx3080_topk_gate_release_v1,topk_gate.release.main.e2_t16,topk_gate,cuda_naive,L1_kernel_body,warm,5,5,150,8.54016005993,8.64255994558,9.4320639669895,8.6339583714814,0.7059949392610868,0.08176955561808591,True
20260802T192733Z-1ce3398155a9-rtx3080_topk_gate_release_v1,topk_gate.release.main.e2_t16,topk_gate,cuda_naive,L2_operator_steady,warm,5,5,150,8.44287991524,8.44799995422,9.195007950064998,8.412091712157666,0.5779253041127902,0.0687017360114533,True
20260802T192733Z-1ce3398155a9-rtx3080_topk_gate_release_v1,topk_gate.release.main.e2_t16,topk_gate,cuda_subwarp_pair_top2_v2,L1_kernel_body,warm,5,5,150,8.20735991001,8.33536028862,9.350143939255,8.400554680824467,0.5307303196451018,0.0631780090493993,False
20260802T192733Z-1ce3398155a9-rtx3080_topk_gate_release_v1,topk_gate.release.main.e2_t16,topk_gate,cuda_subwarp_pair_top2_v2,L2_operator_steady,warm,5,5,150,8.58623981476,8.43775987625,9.232895970346,8.4345514456434,0.4542593477123245,0.05385696567740514,False
20260802T192733Z-1ce3398155a9-rtx3080_topk_gate_release_v1,topk_gate.release.main.e2_t16,topk_gate,cuda_vector_pair_top2_v3,L1_kernel_body,warm,5,5,150,8.24319988489,8.289279937745,9.28767979145,8.280951491991466,0.5862816729618785,0.07079882952205109,False
20260802T192733Z-1ce3398155a9-rtx3080_topk_gate_release_v1,topk_gate.release.main.e2_t16,topk_gate,cuda_vector_pair_top2_v3,L2_operator_steady,warm,5,5,150,8.59647989273,8.50943982601,10.875903904445,8.671709855396466,0.8661593533642141,0.09988334109508945,False
20260802T192733Z-1ce3398155a9-rtx3080_topk_gate_release_v1,topk_gate.release.main.e2_t16,topk_gate,cuda_warp_pair_top2_v1,L1_kernel_body,warm,5,5,150,8.99583995342,8.944640159605001,11.060223579399999,9.026355171202267,0.8398894808718522,0.09304857441810402,False
20260802T192733Z-1ce3398155a9-rtx3080_topk_gate_release_v1,topk_gate.release.main.e2_t16,topk_gate,cuda_warp_pair_top2_v1,L2_operator_steady,warm,5,5,150,8.93952012062,8.94976019859,9.529855847356,8.995976523558134,0.33127783341746553,0.036825110931529736,False
20260802T192733Z-1ce3398155a9-rtx3080_topk_gate_release_v1,topk_gate.release.main.e2_t2,topk_gate,cuda_naive,L1_kernel_body,warm,5,5,150,8.80127996206,8.678399920465,10.544640302659996,8.754244263967399,0.8052923937891314,0.09198879646341684,True
20260802T192733Z-1ce3398155a9-rtx3080_topk_gate_release_v1,topk_gate.release.main.e2_t2,topk_gate,cuda_naive,L2_operator_steady,warm,5,5,150,8.23807984591,8.238080143925,9.098239809273998,8.295560522874466,0.4969548861758384,0.05990612506599377,True
20260802T192733Z-1ce3398155a9-rtx3080_topk_gate_release_v1,topk_gate.release.main.e2_t2,topk_gate,cuda_subwarp_pair_top2_v2,L1_kernel_body,warm,5,5,150,8.67839992046,8.59135985374,9.1806721687335,8.462336019674801,0.4978957180467856,0.05883667546280197,False
20260802T192733Z-1ce3398155a9-rtx3080_topk_gate_release_v1,topk_gate.release.main.e2_t2,topk_gate,cuda_subwarp_pair_top2_v2,L2_operator_steady,warm,5,5,150,8.2483202219,8.207359910015,9.546752184626996,8.351675709089132,0.7114071823200623,0.08518137043394028,False
20260802T192733Z-1ce3398155a9-rtx3080_topk_gate_release_v1,topk_gate.release.main.e2_t2,topk_gate,cuda_vector_pair_top2_v3,L1_kernel_body,warm,5,5,150,8.73983979225,8.739839792255,9.335296154020499,8.712123711903933,0.3881456139803002,0.044552353342957235,False
20260802T192733Z-1ce3398155a9-rtx3080_topk_gate_release_v1,topk_gate.release.main.e2_t2,topk_gate,cuda_vector_pair_top2_v3,L2_operator_steady,warm,5,5,150,8.53504002094,8.47872018814,9.163264036175498,8.427246924241533,0.4659337896924023,0.05528896849481328,False
20260802T192733Z-1ce3398155a9-rtx3080_topk_gate_release_v1,topk_gate.release.main.e2_t2,topk_gate,cuda_warp_pair_top2_v1,L1_kernel_body,warm,5,5,150,8.84736001492,8.84736001492,9.493504166602499,8.889480523268332,0.39706652333240355,0.04466701088922763,False
20260802T192733Z-1ce3398155a9-rtx3080_topk_gate_release_v1,topk_gate.release.main.e2_t2,topk_gate,cuda_warp_pair_top2_v1,L2_operator_steady,warm,5,5,150,8.80640000105,8.74495983124,9.356799989940999,8.754585603872666,0.36030492487985727,0.04115613704439343,False
20260802T192733Z-1ce3398155a9-rtx3080_topk_gate_release_v1,topk_gate.release.main.e2_t2048,topk_gate,cuda_naive,L1_kernel_body,warm,5,5,150,8.65791976452,8.5504001379,9.4003200531,8.480085321267401,0.5726014928359401,0.06752308156616062,True
20260802T192733Z-1ce3398155a9-rtx3080_topk_gate_release_v1,topk_gate.release.main.e2_t2048,topk_gate,cuda_naive,L2_operator_steady,warm,5,5,150,8.82687985897,8.816639781,9.43104028702,8.793770651022866,0.4387971041517702,0.04989862956008872,True
20260802T192733Z-1ce3398155a9-rtx3080_topk_gate_release_v1,topk_gate.release.main.e2_t2048,topk_gate,cuda_subwarp_pair_top2_v2,L1_kernel_body,warm,5,5,150,8.46848011017,8.401920199395,9.2933118343335,8.444245334466734,0.48010264357422777,0.05685560101085658,False
20260802T192733Z-1ce3398155a9-rtx3080_topk_gate_release_v1,topk_gate.release.main.e2_t2048,topk_gate,cuda_subwarp_pair_top2_v2,L2_operator_steady,warm,5,5,150,8.30976009369,8.30976009369,9.319424033167,8.416187751292666,0.6902551477180466,0.08201517933247489,False
20260802T192733Z-1ce3398155a9-rtx3080_topk_gate_release_v1,topk_gate.release.main.e2_t2048,topk_gate,cuda_vector_pair_top2_v3,L1_kernel_body,warm,5,5,150,8.48896026611,8.61184000969,9.278463989494998,8.5140138546628,0.4425410662279737,0.051977959371725814,False
20260802T192733Z-1ce3398155a9-rtx3080_topk_gate_release_v1,topk_gate.release.main.e2_t2048,topk_gate,cuda_vector_pair_top2_v3,L2_operator_steady,warm,5,5,150,8.67839992046,8.565760254859999,9.243136048316,8.5397503972056,0.4748297026907126,0.05560229287803162,False
20260802T192733Z-1ce3398155a9-rtx3080_topk_gate_release_v1,topk_gate.release.main.e2_t2048,topk_gate,cuda_warp_pair_top2_v1,L1_kernel_body,warm,5,5,150,8.72447997332,8.72447997332,9.3240320682535,8.746325333913335,0.4085998225280667,0.04671674182341997,False
20260802T192733Z-1ce3398155a9-rtx3080_topk_gate_release_v1,topk_gate.release.main.e2_t2048,topk_gate,cuda_warp_pair_top2_v1,L2_operator_steady,warm,5,5,150,8.72447997332,8.75519990921,9.998848140210486,8.827630925177534,0.6394987929344966,0.07244285566023882,False
20260802T192733Z-1ce3398155a9-rtx3080_topk_gate_release_v1,topk_gate.release.main.e2_t256,topk_gate,cuda_naive,L1_kernel_body,warm,5,5,150,8.68863999844,8.632320165635,9.3342721462235,8.542822400729067,0.49677185497913123,0.05815078807406033,True
20260802T192733Z-1ce3398155a9-rtx3080_topk_gate_release_v1,topk_gate.release.main.e2_t256,topk_gate,cuda_naive,L2_operator_steady,warm,5,5,150,8.73983979225,8.678399920465,9.436672002076,8.559274665514533,0.5991495682756175,0.07000003992039204,True
20260802T192733Z-1ce3398155a9-rtx3080_topk_gate_release_v1,topk_gate.release.main.e2_t256,topk_gate,cuda_subwarp_pair_top2_v2,L1_kernel_body,warm,5,5,150,8.7296000123,8.627200126645,9.39007997513,8.597981858253734,0.518920695693283,0.0603537788574349,False
20260802T192733Z-1ce3398155a9-rtx3080_topk_gate_release_v1,topk_gate.release.main.e2_t256,topk_gate,cuda_subwarp_pair_top2_v2,L2_operator_steady,warm,5,5,150,8.22272002697,8.145920038225,9.218048125501998,8.214801053206267,0.5545873367376748,0.06751074470893209,False
20260802T192733Z-1ce3398155a9-rtx3080_topk_gate_release_v1,topk_gate.release.main.e2_t256,topk_gate,cuda_vector_pair_top2_v3,L1_kernel_body,warm,5,5,150,8.3916798234,8.36607992649,9.269247919321998,8.3863552014036,0.4672619616504346,0.055716929515724586,False
20260802T192733Z-1ce3398155a9-rtx3080_topk_gate_release_v1,topk_gate.release.main.e2_t256,topk_gate,cuda_vector_pair_top2_v3,L2_operator_steady,warm,5,5,150,8.48384022713,8.360959887505,9.2830717563635,8.379596777757133,0.49760826342051784,0.05938331838846627,False
20260802T192733Z-1ce3398155a9-rtx3080_topk_gate_release_v1,topk_gate.release.main.e2_t256,topk_gate,cuda_warp_pair_top2_v1,L1_kernel_body,warm,5,5,150,8.92416000366,8.893439769745001,9.518591761589,8.8965119918184,0.3994790045491839,0.044902879343787915,False
20260802T192733Z-1ce3398155a9-rtx3080_topk_gate_release_v1,topk_gate.release.main.e2_t256,topk_gate,cuda_warp_pair_top2_v1,L2_operator_steady,warm,5,5,150,8.96512001753,8.816639781,9.49248015881,8.734651732445066,0.4889840469300528,0.055982088571855736,False
20260802T192733Z-1ce3398155a9-rtx3080_topk_gate_release_v1,topk_gate.release.main.e2_t32,topk_gate,cuda_naive,L1_kernel_body,warm,5,5,150,8.29952001572,8.38656008244,9.304575920106,8.4494335730874,0.5006986812182137,0.059258254045928875,True
20260802T192733Z-1ce3398155a9-rtx3080_topk_gate_release_v1,topk_gate.release.main.e2_t32,topk_gate,cuda_naive,L2_operator_steady,warm,5,5,150,8.00767987967,8.18175971508,9.2830717563635,8.246067170302,0.6067602468799193,0.07358177351078958,True
20260802T192733Z-1ce3398155a9-rtx3080_topk_gate_release_v1,topk_gate.release.main.e2_t32,topk_gate,cuda_subwarp_pair_top2_v2,L1_kernel_body,warm,5,5,150,8.64767998457,8.504320085045,9.350143939255,8.506845875581066,0.47217715428878493,0.055505549435681124,False
20260802T192733Z-1ce3398155a9-rtx3080_topk_gate_release_v1,topk_gate.release.main.e2_t32,topk_gate,cuda_subwarp_pair_top2_v2,L2_operator_steady,warm,5,5,150,8.25343996286,8.29952001572,9.102847844360499,8.3181567907336,0.45132165603577595,0.054257411514356986,False
20260802T192733Z-1ce3398155a9-rtx3080_topk_gate_release_v1,topk_gate.release.main.e2_t32,topk_gate,cuda_vector_pair_top2_v3,L1_kernel_body,warm,5,5,150,8.73472005129,8.535040020945,9.3137919902835,8.398438390096134,0.5900468563509699,0.07025673451945343,False
20260802T192733Z-1ce3398155a9-rtx3080_topk_gate_release_v1,topk_gate.release.main.e2_t32,topk_gate,cuda_vector_pair_top2_v3,L2_operator_steady,warm,5,5,150,8.54016005993,8.36607992649,9.2738559544085,8.379733328024399,0.5311098419942138,0.0633802796824118,False
20260802T192733Z-1ce3398155a9-rtx3080_topk_gate_release_v1,topk_gate.release.main.e2_t32,topk_gate,cuda_warp_pair_top2_v1,L1_kernel_body,warm,5,5,150,8.81151974201,8.801279962065,9.552384018895498,8.7987541119252,0.5002729055757356,0.05685724356107435,False
20260802T192733Z-1ce3398155a9-rtx3080_topk_gate_release_v1,topk_gate.release.main.e2_t32,topk_gate,cuda_warp_pair_top2_v1,L2_operator_steady,warm,5,5,150,8.93440008163,8.893439769745001,9.4981122016935,8.904908792178,0.3371945048805643,0.037866137963900676,False
20260802T192733Z-1ce3398155a9-rtx3080_topk_gate_release_v1,topk_gate.release.main.e2_t4,topk_gate,cuda_naive,L1_kernel_body,warm,5,5,150,8.43775987625,8.360959887505,9.335296154020499,8.3662847956024,0.517392613740413,0.06184257724675735,True
20260802T192733Z-1ce3398155a9-rtx3080_topk_gate_release_v1,topk_gate.release.main.e2_t4,topk_gate,cuda_naive,L2_operator_steady,warm,5,5,150,8.38656008244,8.386560082435,9.314815998076,8.380006388823,0.5063356928695015,0.06042187432516004,True
20260802T192733Z-1ce3398155a9-rtx3080_topk_gate_release_v1,topk_gate.release.main.e2_t4,topk_gate,cuda_subwarp_pair_top2_v2,L1_kernel_body,warm,5,5,150,8.38143974543,8.33536028862,8.999424248937999,8.2726912180586,0.5362292372293379,0.06481920128467915,False
20260802T192733Z-1ce3398155a9-rtx3080_topk_gate_release_v1,topk_gate.release.main.e2_t4,topk_gate,cuda_subwarp_pair_top2_v2,L2_operator_steady,warm,5,5,150,8.29439997673,8.514559864995,9.278463989494998,8.457011191050134,0.45391729092707944,0.0536734882658604,False
20260802T192733Z-1ce3398155a9-rtx3080_topk_gate_release_v1,topk_gate.release.main.e2_t4,topk_gate,cuda_vector_pair_top2_v3,L1_kernel_body,warm,5,5,150,8.54016005993,8.50943982601,9.3240320682535,8.456055478254866,0.5238005380032166,0.061943838867920584,False
20260802T192733Z-1ce3398155a9-rtx3080_topk_gate_release_v1,topk_gate.release.main.e2_t4,topk_gate,cuda_vector_pair_top2_v3,L2_operator_steady,warm,5,5,150,8.50944012403,8.47872018814,9.436672002076,8.500087459882801,0.5678956955682991,0.0668105708616002,False
20260802T192733Z-1ce3398155a9-rtx3080_topk_gate_release_v1,topk_gate.release.main.e2_t4,topk_gate,cuda_warp_pair_top2_v1,L1_kernel_body,warm,5,5,150,8.84736001492,8.83711993694,9.606143832207,8.792883193493134,0.5148881578426927,0.058557374926089964,False
20260802T192733Z-1ce3398155a9-rtx3080_topk_gate_release_v1,topk_gate.release.main.e2_t4,topk_gate,cuda_warp_pair_top2_v1,L2_operator_steady,warm,5,5,150,8.95487993956,8.96000027657,9.446911811829,8.955426124731932,0.33762102120935494,0.03770016261727145,False
20260802T192733Z-1ce3398155a9-rtx3080_topk_gate_release_v1,topk_gate.release.main.e2_t4096,topk_gate,cuda_naive,L1_kernel_body,warm,5,5,150,8.4582400322,8.52991998196,9.770495831962497,8.561322665214401,0.662261966478612,0.0773550994835711,True
20260802T192733Z-1ce3398155a9-rtx3080_topk_gate_release_v1,topk_gate.release.main.e2_t4096,topk_gate,cuda_naive,L2_operator_steady,warm,5,5,150,8.51967990398,8.44799995422,9.305087864395997,8.477081604798533,0.5033333609685063,0.059375783369077124,True
20260802T192733Z-1ce3398155a9-rtx3080_topk_gate_release_v1,topk_gate.release.main.e2_t4096,topk_gate,cuda_subwarp_pair_top2_v2,L1_kernel_body,warm,5,5,150,8.69376003742,8.63232016563,9.2625921964635,8.537156256040399,0.46033183544652884,0.05392098043430148,False
20260802T192733Z-1ce3398155a9-rtx3080_topk_gate_release_v1,topk_gate.release.main.e2_t4096,topk_gate,cuda_subwarp_pair_top2_v2,L2_operator_steady,warm,5,5,150,8.35072010756,8.52991998196,9.31840002537,8.478105608622332,0.46353804664864995,0.0546747195714602,False
20260802T192733Z-1ce3398155a9-rtx3080_topk_gate_release_v1,topk_gate.release.main.e2_t4096,topk_gate,cuda_vector_pair_top2_v3,L1_kernel_body,warm,5,5,150,8.29439997673,8.4582400322,9.1909122467035,8.426769061883466,0.4769731480630266,0.0566021383237502,False
20260802T192733Z-1ce3398155a9-rtx3080_topk_gate_release_v1,topk_gate.release.main.e2_t4096,topk_gate,cuda_vector_pair_top2_v3,L2_operator_steady,warm,5,5,150,8.56063991785,8.273919820785,9.264639884230998,8.300817044575933,0.5551446783953624,0.06687831756972826,False
20260802T192733Z-1ce3398155a9-rtx3080_topk_gate_release_v1,topk_gate.release.main.e2_t4096,topk_gate,cuda_warp_pair_top2_v1,L1_kernel_body,warm,5,5,150,9.28768008947,9.313279986385,10.230784416199999,9.274777615069667,0.5578716688097246,0.06014933100965076,False
20260802T192733Z-1ce3398155a9-rtx3080_topk_gate_release_v1,topk_gate.release.main.e2_t4096,topk_gate,cuda_warp_pair_top2_v1,L2_operator_steady,warm,5,5,150,9.1545599699,9.292799830435,10.6700801849,9.4347263971972,0.6995064585217198,0.07414167926793552,False
20260802T192733Z-1ce3398155a9-rtx3080_topk_gate_release_v1,topk_gate.release.main.e2_t512,topk_gate,cuda_naive,L1_kernel_body,warm,5,5,150,8.45823973417,8.591360151770001,9.375231862069,8.5663744052258,0.4987689094579713,0.05822403806605793,True
20260802T192733Z-1ce3398155a9-rtx3080_topk_gate_release_v1,topk_gate.release.main.e2_t512,topk_gate,cuda_naive,L2_operator_steady,warm,5,5,150,8.78080010414,8.704000115395,9.375231862069,8.5417301376666,0.5340841191828379,0.06252645665164239,True
20260802T192733Z-1ce3398155a9-rtx3080_topk_gate_release_v1,topk_gate.release.main.e2_t512,topk_gate,cuda_subwarp_pair_top2_v2,L1_kernel_body,warm,5,5,150,8.46336007118,8.483840227125,9.350143939255,8.501998933156266,0.46905742731176153,0.055170252431169096,False
20260802T192733Z-1ce3398155a9-rtx3080_topk_gate_release_v1,topk_gate.release.main.e2_t512,topk_gate,cuda_subwarp_pair_top2_v2,L2_operator_steady,warm,5,5,150,8.72447997332,8.46848011017,10.387967765369996,8.611771690845734,0.7837638934100701,0.09101076079887335,False
20260802T192733Z-1ce3398155a9-rtx3080_topk_gate_release_v1,topk_gate.release.main.e2_t512,topk_gate,cuda_vector_pair_top2_v3,L1_kernel_body,warm,5,5,150,8.21759998798,8.401920199395,9.31840002537,8.461994655926999,0.952776074335922,0.11259473836568464,False
20260802T192733Z-1ce3398155a9-rtx3080_topk_gate_release_v1,topk_gate.release.main.e2_t512,topk_gate,cuda_vector_pair_top2_v3,L2_operator_steady,warm,5,5,150,8.71936023235,8.71424019337,9.554944038392499,8.728780782223133,0.7055662418477578,0.08083216424505706,False
20260802T192733Z-1ce3398155a9-rtx3080_topk_gate_release_v1,topk_gate.release.main.e2_t512,topk_gate,cuda_warp_pair_top2_v1,L1_kernel_body,warm,5,5,150,8.87807995081,8.88831973076,9.5129597187,8.884701852003733,0.3804287651802297,0.04281840533505726,False
20260802T192733Z-1ce3398155a9-rtx3080_topk_gate_release_v1,topk_gate.release.main.e2_t512,topk_gate,cuda_warp_pair_top2_v1,L2_operator_steady,warm,5,5,150,9.00608003139,8.91903996468,10.079744338962493,8.9552896221474,0.6813355294710006,0.07608190892966589,False
20260802T192733Z-1ce3398155a9-rtx3080_topk_gate_release_v1,topk_gate.release.main.e2_t64,topk_gate,cuda_naive,L1_kernel_body,warm,5,5,150,8.75520020723,8.535040020945,9.3557759821385,8.4581034501394,0.5890709001329663,0.06964574311552758,True
20260802T192733Z-1ce3398155a9-rtx3080_topk_gate_release_v1,topk_gate.release.main.e2_t64,topk_gate,cuda_naive,L2_operator_steady,warm,5,5,150,8.28927993774,8.29439997673,9.180159837003998,8.319044264157533,0.5226041017317474,0.06282020928574436,True
20260802T192733Z-1ce3398155a9-rtx3080_topk_gate_release_v1,topk_gate.release.main.e2_t64,topk_gate,cuda_subwarp_pair_top2_v2,L1_kernel_body,warm,5,5,150,8.19200009108,8.22272002697,9.3557759821385,8.2461354851724,0.5945450569048949,0.07209984094658188,False
20260802T192733Z-1ce3398155a9-rtx3080_topk_gate_release_v1,topk_gate.release.main.e2_t64,topk_gate,cuda_subwarp_pair_top2_v2,L2_operator_steady,warm,5,5,150,8.71936023235,8.698880076405,9.237504005432498,8.537087988853667,0.47625541448010666,0.05578663533770802,False
20260802T192733Z-1ce3398155a9-rtx3080_topk_gate_release_v1,topk_gate.release.main.e2_t64,topk_gate,cuda_vector_pair_top2_v3,L1_kernel_body,warm,5,5,150,8.14079999924,8.06400001049,8.9564159214485,8.120661338169999,0.5869600736680022,0.07227983648438593,False
20260802T192733Z-1ce3398155a9-rtx3080_topk_gate_release_v1,topk_gate.release.main.e2_t64,topk_gate,cuda_vector_pair_top2_v3,L2_operator_steady,warm,5,5,150,8.66304010153,8.69376003742,76.01356720924498,21.631726825236402,26.47501457854164,1.2238974166248657,False
20260802T192733Z-1ce3398155a9-rtx3080_topk_gate_release_v1,topk_gate.release.main.e2_t64,topk_gate,cuda_warp_pair_top2_v1,L1_kernel_body,warm,5,5,150,8.86784017086,8.872960209845001,9.493504166602499,8.916036279996666,0.3918938596204388,0.043953820656793624,False
20260802T192733Z-1ce3398155a9-rtx3080_topk_gate_release_v1,topk_gate.release.main.e2_t64,topk_gate,cuda_warp_pair_top2_v1,L2_operator_steady,warm,5,5,150,8.95999997854,8.95488023758,9.52319979668,8.979319445292134,0.32342095700953993,0.03601842644980292,False
20260802T192733Z-1ce3398155a9-rtx3080_topk_gate_release_v1,topk_gate.release.main.e2_t8,topk_gate,cuda_naive,L1_kernel_body,warm,5,5,150,8.79615992308,8.74495983124,9.4264322519335,8.6459050695104,0.5394144433536446,0.0623895866328533,True
20260802T192733Z-1ce3398155a9-rtx3080_topk_gate_release_v1,topk_gate.release.main.e2_t8,topk_gate,cuda_naive,L2_operator_steady,warm,5,5,150,8.30976009369,8.34559977055,9.286144047977999,8.329215971628868,0.5123234769834584,0.06150920791687288,True
20260802T192733Z-1ce3398155a9-rtx3080_topk_gate_release_v1,topk_gate.release.main.e2_t8,topk_gate,cuda_subwarp_pair_top2_v2,L1_kernel_body,warm,5,5,150,8.72447997332,8.65279972553,20.225023031245,10.846139705182265,4.735466515993781,0.43660386503515014,False
20260802T192733Z-1ce3398155a9-rtx3080_topk_gate_release_v1,topk_gate.release.main.e2_t8,topk_gate,cuda_subwarp_pair_top2_v2,L2_operator_steady,warm,5,5,150,7.9667198658,8.19711983204,9.3081599474,8.225996792316467,0.5664084694210424,0.06885590691575506,False
20260802T192733Z-1ce3398155a9-rtx3080_topk_gate_release_v1,topk_gate.release.main.e2_t8,topk_gate,cuda_vector_pair_top2_v3,L1_kernel_body,warm,5,5,150,8.53504002094,8.447999954225,9.436672002076,8.425676818689267,0.721033760071512,0.08557576745314556,False
20260802T192733Z-1ce3398155a9-rtx3080_topk_gate_release_v1,topk_gate.release.main.e2_t8,topk_gate,cuda_vector_pair_top2_v3,L2_operator_steady,warm,5,5,150,8.61696004868,8.442879915235,9.304575920106,8.4450645287834,0.5551922554088139,0.06574162382259442,False
20260802T192733Z-1ce3398155a9-rtx3080_topk_gate_release_v1,topk_gate.release.main.e2_t8,topk_gate,cuda_warp_pair_top2_v1,L1_kernel_body,warm,5,5,150,8.73471975327,8.780800104145,9.309183955192498,8.747485872110065,0.35929596234608785,0.041074197500752134,False
20260802T192733Z-1ce3398155a9-rtx3080_topk_gate_release_v1,topk_gate.release.main.e2_t8,topk_gate,cuda_warp_pair_top2_v1,L2_operator_steady,warm,5,5,150,8.96000027657,8.87807995081,9.5390719175335,8.812202668190134,0.5041165168980708,0.057206641276851974,False
20260802T192733Z-1ce3398155a9-rtx3080_topk_gate_release_v1,topk_gate.release.main.e31_t1,topk_gate,cuda_naive,L1_kernel_body,warm,5,5,150,8.17151993513,8.145920038225,8.913920193913997,8.194867181778266,0.3914165498829953,0.047763623399941287,True
20260802T192733Z-1ce3398155a9-rtx3080_topk_gate_release_v1,topk_gate.release.main.e31_t1,topk_gate,cuda_naive,L2_operator_steady,warm,5,5,150,8.33023995161,8.299520015715,8.955903917550996,8.318020252386534,0.3891917612321799,0.0467889893776727,True
20260802T192733Z-1ce3398155a9-rtx3080_topk_gate_release_v1,topk_gate.release.main.e31_t1,topk_gate,cuda_subwarp_pair_top2_v2,L1_kernel_body,warm,5,5,150,8.69376003742,8.719360232355,9.6005117893235,8.773631985982533,0.5065368373977944,0.05773399638907568,False
20260802T192733Z-1ce3398155a9-rtx3080_topk_gate_release_v1,topk_gate.release.main.e31_t1,topk_gate,cuda_subwarp_pair_top2_v2,L2_operator_steady,warm,5,5,150,8.57087999582,8.668159842489999,9.37983989716,8.6756010611848,0.42949144806894396,0.04950567056275979,False
20260802T192733Z-1ce3398155a9-rtx3080_topk_gate_release_v1,topk_gate.release.main.e31_t1,topk_gate,cuda_vector_pair_top2_v3,L1_kernel_body,warm,5,5,150,8.62720012665,8.688639998435,9.5923199951655,8.875076274077333,1.7215615721075925,0.19397710159810078,False
20260802T192733Z-1ce3398155a9-rtx3080_topk_gate_release_v1,topk_gate.release.main.e31_t1,topk_gate,cuda_vector_pair_top2_v3,L2_operator_steady,warm,5,5,150,8.55552017689,8.616960048675,9.554944038392499,8.682359476884267,0.4566114500737715,0.052590710081682784,False
20260802T192733Z-1ce3398155a9-rtx3080_topk_gate_release_v1,topk_gate.release.main.e31_t1,topk_gate,cuda_warp_pair_top2_v1,L1_kernel_body,warm,5,5,150,8.63231986761,8.729600012305,9.647104144097,8.770628253619535,0.5957823750573574,0.06792927003963314,False
20260802T192733Z-1ce3398155a9-rtx3080_topk_gate_release_v1,topk_gate.release.main.e31_t1,topk_gate,cuda_warp_pair_top2_v1,L2_operator_steady,warm,5,5,150,8.56575995684,8.50943982601,9.314815998076,8.573269311587268,0.41675399713080313,0.04861086033627056,False
20260802T192733Z-1ce3398155a9-rtx3080_topk_gate_release_v1,topk_gate.release.main.e31_t1024,topk_gate,cuda_naive,L1_kernel_body,warm,5,5,150,10.1785600185,10.0761604309,10.773503780345,9.970756284394467,0.5532046471353811,0.05548271679262871,True
20260802T192733Z-1ce3398155a9-rtx3080_topk_gate_release_v1,topk_gate.release.main.e31_t1024,topk_gate,cuda_naive,L2_operator_steady,warm,5,5,150,10.1836800575,9.886720180515,10.89177602529,9.607236289979268,0.9880783133004363,0.10284730004309789,True
20260802T192733Z-1ce3398155a9-rtx3080_topk_gate_release_v1,topk_gate.release.main.e31_t1024,topk_gate,cuda_subwarp_pair_top2_v2,L1_kernel_body,warm,5,5,150,8.62208008766,8.596479892729999,9.487872123719,8.634504520893266,0.5210561522672806,0.06034580803177063,False
20260802T192733Z-1ce3398155a9-rtx3080_topk_gate_release_v1,topk_gate.release.main.e31_t1024,topk_gate,cuda_subwarp_pair_top2_v2,L2_operator_steady,warm,5,5,150,8.47871989012,8.41727972031,9.282560020683999,8.493192521731133,0.45923357029602274,0.05407078305607736,False
20260802T192733Z-1ce3398155a9-rtx3080_topk_gate_release_v1,topk_gate.release.main.e31_t1024,topk_gate,cuda_vector_pair_top2_v3,L1_kernel_body,warm,5,5,150,8.40192019939,8.42751979828,9.222655892370499,8.511214927832933,0.49892344080092166,0.05861953258510347,False
20260802T192733Z-1ce3398155a9-rtx3080_topk_gate_release_v1,topk_gate.release.main.e31_t1024,topk_gate,cuda_vector_pair_top2_v3,L2_operator_steady,warm,5,5,150,8.40703994036,8.360959887505,9.226751863955498,8.417075184981266,0.44983715310853467,0.053443404415727085,False
20260802T192733Z-1ce3398155a9-rtx3080_topk_gate_release_v1,topk_gate.release.main.e31_t1024,topk_gate,cuda_warp_pair_top2_v1,L1_kernel_body,warm,5,5,150,8.55552017689,8.56064021587,9.20575976372,8.5266432245572,0.39405652845777356,0.04621473164525861,False
20260802T192733Z-1ce3398155a9-rtx3080_topk_gate_release_v1,topk_gate.release.main.e31_t1024,topk_gate,cuda_warp_pair_top2_v1,L2_operator_steady,warm,5,5,150,8.44287991524,8.40704023838,9.0475517511335,8.4156415859858,0.3709595846761325,0.044079774653649144,False
20260802T192733Z-1ce3398155a9-rtx3080_topk_gate_release_v1,topk_gate.release.main.e31_t128,topk_gate,cuda_naive,L1_kernel_body,warm,5,5,150,8.24831992388,8.34559977055,10.432000100589999,8.6167551954592,0.8054471895315086,0.09347453551378107,True
20260802T192733Z-1ce3398155a9-rtx3080_topk_gate_release_v1,topk_gate.release.main.e31_t128,topk_gate,cuda_naive,L2_operator_steady,warm,5,5,150,9.90720003843,9.8918402195,10.641920506924997,9.888426681359,0.5104379420188971,0.051619732690250976,True
20260802T192733Z-1ce3398155a9-rtx3080_topk_gate_release_v1,topk_gate.release.main.e31_t128,topk_gate,cuda_subwarp_pair_top2_v2,L1_kernel_body,warm,5,5,150,9.04704004526,8.872960209845001,9.5810559093985,8.836778652667668,0.5161263857052337,0.05840662146147842,False
20260802T192733Z-1ce3398155a9-rtx3080_topk_gate_release_v1,topk_gate.release.main.e31_t128,topk_gate,cuda_subwarp_pair_top2_v2,L2_operator_steady,warm,5,5,150,8.56063991785,8.494080007075,9.310207962989498,8.546645343304267,0.45380404733417345,0.053097329900286434,False
20260802T192733Z-1ce3398155a9-rtx3080_topk_gate_release_v1,topk_gate.release.main.e31_t128,topk_gate,cuda_vector_pair_top2_v3,L1_kernel_body,warm,5,5,150,8.50431978703,8.514559864995,9.312256246801498,8.566442656517333,0.4295098023627009,0.05013864209269301,False
20260802T192733Z-1ce3398155a9-rtx3080_topk_gate_release_v1,topk_gate.release.main.e31_t128,topk_gate,cuda_vector_pair_top2_v3,L2_operator_steady,warm,5,5,150,8.94464015961,8.821759819985001,10.0761604309,8.849817574025066,0.6167446903348622,0.06969010210391885,False
20260802T192733Z-1ce3398155a9-rtx3080_topk_gate_release_v1,topk_gate.release.main.e31_t128,topk_gate,cuda_warp_pair_top2_v1,L1_kernel_body,warm,5,5,150,8.51967990398,8.576000034805,9.28767979145,8.580710403124467,0.44752101758956364,0.05215430850883969,False
20260802T192733Z-1ce3398155a9-rtx3080_topk_gate_release_v1,topk_gate.release.main.e31_t128,topk_gate,cuda_warp_pair_top2_v1,L2_operator_steady,warm,5,5,150,8.55039983988,8.637440204619999,9.2933118343335,8.656076808769868,0.42577278000277574,0.049187731279302635,False
20260802T192733Z-1ce3398155a9-rtx3080_topk_gate_release_v1,topk_gate.release.main.e31_t16,topk_gate,cuda_naive,L1_kernel_body,warm,5,5,150,8.65792006254,8.62208008766,9.473024010657,8.677102947235067,0.4879580131420143,0.056235130101516276,True
20260802T192733Z-1ce3398155a9-rtx3080_topk_gate_release_v1,topk_gate.release.main.e31_t16,topk_gate,cuda_naive,L2_operator_steady,warm,5,5,150,8.78080010414,8.816639781,23.0353909731,11.560891675947401,5.765366199861455,0.4986956336470465,True
20260802T192733Z-1ce3398155a9-rtx3080_topk_gate_release_v1,topk_gate.release.main.e31_t16,topk_gate,cuda_subwarp_pair_top2_v2,L1_kernel_body,warm,5,5,150,8.54528009892,8.494080007075,9.27743971348,8.515583980083868,0.3931839984387353,0.04617228828443342,False
20260802T192733Z-1ce3398155a9-rtx3080_topk_gate_release_v1,topk_gate.release.main.e31_t16,topk_gate,cuda_subwarp_pair_top2_v2,L2_operator_steady,warm,5,5,150,9.05727982521,8.872960209845001,11.138048052794993,9.048814944426868,0.8487475756753453,0.09379654472855431,False
20260802T192733Z-1ce3398155a9-rtx3080_topk_gate_release_v1,topk_gate.release.main.e31_t16,topk_gate,cuda_vector_pair_top2_v3,L1_kernel_body,warm,5,5,150,8.69887977839,8.54016005993,9.46175992489,8.577570128440668,0.48367062631067753,0.05638783700607353,False
20260802T192733Z-1ce3398155a9-rtx3080_topk_gate_release_v1,topk_gate.release.main.e31_t16,topk_gate,cuda_vector_pair_top2_v3,L2_operator_steady,warm,5,5,150,9.08800005913,9.02144014835,10.757120192079999,9.132987717787667,0.7852081013324855,0.08597494331490141,False
20260802T192733Z-1ce3398155a9-rtx3080_topk_gate_release_v1,topk_gate.release.main.e31_t16,topk_gate,cuda_warp_pair_top2_v1,L1_kernel_body,warm,5,5,150,8.51967990398,8.65279972553,10.404863893990001,8.8023723006254,0.7243321001425709,0.08228828268160253,False
20260802T192733Z-1ce3398155a9-rtx3080_topk_gate_release_v1,topk_gate.release.main.e31_t16,topk_gate,cuda_warp_pair_top2_v1,L2_operator_steady,warm,5,5,150,8.43775987625,8.43775987625,9.339904189107,8.520772278309067,0.5310920650220453,0.06232909971951975,False
20260802T192733Z-1ce3398155a9-rtx3080_topk_gate_release_v1,topk_gate.release.main.e31_t2,topk_gate,cuda_naive,L1_kernel_body,warm,5,5,150,8.31488013268,8.35583984852,8.9758718013735,8.3550890405972,0.40070046795273423,0.0479588507083215,True
20260802T192733Z-1ce3398155a9-rtx3080_topk_gate_release_v1,topk_gate.release.main.e31_t2,topk_gate,cuda_naive,L2_operator_steady,warm,5,5,150,8.32000017166,8.227840065955,9.140735864636,8.274261331558467,0.4224053429289272,0.05105051991986898,True
20260802T192733Z-1ce3398155a9-rtx3080_topk_gate_release_v1,topk_gate.release.main.e31_t2,topk_gate,cuda_subwarp_pair_top2_v2,L1_kernel_body,warm,5,5,150,8.62208008766,8.586239814755,9.386495947836,8.674508794148334,0.5244545045724823,0.06045927406590098,False
20260802T192733Z-1ce3398155a9-rtx3080_topk_gate_release_v1,topk_gate.release.main.e31_t2,topk_gate,cuda_subwarp_pair_top2_v2,L2_operator_steady,warm,5,5,150,8.56575995684,8.596479892729999,9.5206400454055,8.5959338823958,0.485571170013188,0.056488471951561,False
20260802T192733Z-1ce3398155a9-rtx3080_topk_gate_release_v1,topk_gate.release.main.e31_t2,topk_gate,cuda_vector_pair_top2_v3,L1_kernel_body,warm,5,5,150,8.68863999844,8.68351995945,9.544703960417,8.682905618350201,0.4821467025134239,0.055528267115384625,False
20260802T192733Z-1ce3398155a9-rtx3080_topk_gate_release_v1,topk_gate.release.main.e31_t2,topk_gate,cuda_vector_pair_top2_v3,L2_operator_steady,warm,5,5,150,8.49920004606,8.565760254859999,9.474048018459499,8.634094921748199,0.43771457767218014,0.05069605808590686,False
20260802T192733Z-1ce3398155a9-rtx3080_topk_gate_release_v1,topk_gate.release.main.e31_t2,topk_gate,cuda_warp_pair_top2_v1,L1_kernel_body,warm,5,5,150,8.83199989796,8.780800104145,9.616383910177,8.774656013648134,0.4893645414882795,0.055770225149238906,False
20260802T192733Z-1ce3398155a9-rtx3080_topk_gate_release_v1,topk_gate.release.main.e31_t2,topk_gate,cuda_warp_pair_top2_v1,L2_operator_steady,warm,5,5,150,8.44799995422,8.432639837265,9.272319942713999,8.522205873330666,0.42332532217825314,0.04967321001983824,False
20260802T192733Z-1ce3398155a9-rtx3080_topk_gate_release_v1,topk_gate.release.main.e31_t2048,topk_gate,cuda_naive,L1_kernel_body,warm,5,5,150,10.3680002689,10.368000268900001,10.994176268544999,10.397081601615934,0.4674479838617929,0.04495953785619431,True
20260802T192733Z-1ce3398155a9-rtx3080_topk_gate_release_v1,topk_gate.release.main.e31_t2048,topk_gate,cuda_naive,L2_operator_steady,warm,5,5,150,10.3731203079,10.352640152,10.9772801399,10.0945237954456,0.8413154160203654,0.08334374489264627,True
20260802T192733Z-1ce3398155a9-rtx3080_topk_gate_release_v1,topk_gate.release.main.e31_t2048,topk_gate,cuda_subwarp_pair_top2_v2,L1_kernel_body,warm,5,5,150,10.1631999016,10.327039957050001,11.1206400394,10.2588415423998,0.6483076747631915,0.0631950178861556,False
20260802T192733Z-1ce3398155a9-rtx3080_topk_gate_release_v1,topk_gate.release.main.e31_t2048,topk_gate,cuda_subwarp_pair_top2_v2,L2_operator_steady,warm,5,5,150,10.1068800688,10.163199901599999,10.9066236019,10.190097085634333,0.4957193544123219,0.04864716697460821,False
20260802T192733Z-1ce3398155a9-rtx3080_topk_gate_release_v1,topk_gate.release.main.e31_t2048,topk_gate,cuda_vector_pair_top2_v3,L1_kernel_body,warm,5,5,150,10.1683199406,10.1683199406,10.7929599285,10.121352509656333,0.49622798365343757,0.0490278333038997,False
20260802T192733Z-1ce3398155a9-rtx3080_topk_gate_release_v1,topk_gate.release.main.e31_t2048,topk_gate,cuda_vector_pair_top2_v3,L2_operator_steady,warm,5,5,150,10.5574399233,10.5062401295,11.080703735344999,10.427938063938267,0.4962926992591585,0.047592601357638493,False
20260802T192733Z-1ce3398155a9-rtx3080_topk_gate_release_v1,topk_gate.release.main.e31_t2048,topk_gate,cuda_warp_pair_top2_v1,L1_kernel_body,warm,5,5,150,10.347520113,10.3065598011,11.03974395989,10.2971391836784,0.46908031188471067,0.04555443055758942,False
20260802T192733Z-1ce3398155a9-rtx3080_topk_gate_release_v1,topk_gate.release.main.e31_t2048,topk_gate,cuda_warp_pair_top2_v1,L2_operator_steady,warm,5,5,150,10.1017600298,10.1580798626,11.021311819534999,10.2096895933178,0.5245850713142074,0.05138109895696988,False
20260802T192733Z-1ce3398155a9-rtx3080_topk_gate_release_v1,topk_gate.release.main.e31_t256,topk_gate,cuda_naive,L1_kernel_body,warm,5,5,150,10.1171201468,10.1017600298,10.939391851444999,10.006323190526533,1.8457718572501864,0.18446054780617793,True
20260802T192733Z-1ce3398155a9-rtx3080_topk_gate_release_v1,topk_gate.release.main.e31_t256,topk_gate,cuda_naive,L2_operator_steady,warm,5,5,150,10.2655994892,10.1990401745,10.8851194382,10.217403741681201,0.4088180993478058,0.040011935486121614,True
20260802T192733Z-1ce3398155a9-rtx3080_topk_gate_release_v1,topk_gate.release.main.e31_t256,topk_gate,cuda_subwarp_pair_top2_v2,L1_kernel_body,warm,5,5,150,8.50944012403,8.627200126645,9.5902719795715,8.6388053218524,0.5494398949332616,0.06360137478077194,False
20260802T192733Z-1ce3398155a9-rtx3080_topk_gate_release_v1,topk_gate.release.main.e31_t256,topk_gate,cuda_subwarp_pair_top2_v2,L2_operator_steady,warm,5,5,150,8.48384022713,8.463360071185,9.224704176187998,8.512989862759866,0.4351987782030599,0.0511217310509014,False
20260802T192733Z-1ce3398155a9-rtx3080_topk_gate_release_v1,topk_gate.release.main.e31_t256,topk_gate,cuda_vector_pair_top2_v3,L1_kernel_body,warm,5,5,150,8.67839992046,8.7961602211,9.5093759596385,8.762094902991933,0.5175196592824981,0.05906346199306563,False
20260802T192733Z-1ce3398155a9-rtx3080_topk_gate_release_v1,topk_gate.release.main.e31_t256,topk_gate,cuda_vector_pair_top2_v3,L2_operator_steady,warm,5,5,150,8.4838399291,8.565760254859999,9.29791986942,8.622489611307733,0.41133690077854285,0.04770511990401311,False
20260802T192733Z-1ce3398155a9-rtx3080_topk_gate_release_v1,topk_gate.release.main.e31_t256,topk_gate,cuda_warp_pair_top2_v1,L1_kernel_body,warm,5,5,150,8.71423989534,8.811519742015,9.52319979668,8.778069349130465,0.48617813053775044,0.05538554221901996,False
20260802T192733Z-1ce3398155a9-rtx3080_topk_gate_release_v1,topk_gate.release.main.e31_t256,topk_gate,cuda_warp_pair_top2_v1,L2_operator_steady,warm,5,5,150,8.63232016563,8.821759819985001,9.515008002521999,8.7258453369146,0.48678059806796187,0.05578606762701162,False
20260802T192733Z-1ce3398155a9-rtx3080_topk_gate_release_v1,topk_gate.release.main.e31_t32,topk_gate,cuda_naive,L1_kernel_body,warm,5,5,150,9.08288002014,9.149439930915,9.999360114339499,9.095304516950867,0.5884862922668728,0.06470220883425225,True
20260802T192733Z-1ce3398155a9-rtx3080_topk_gate_release_v1,topk_gate.release.main.e31_t32,topk_gate,cuda_naive,L2_operator_steady,warm,5,5,150,9.23647999763,9.088000059125001,10.354688048359996,9.191628821690466,0.6847885216965742,0.07450132451830581,True
20260802T192733Z-1ce3398155a9-rtx3080_topk_gate_release_v1,topk_gate.release.main.e31_t32,topk_gate,cuda_subwarp_pair_top2_v2,L1_kernel_body,warm,5,5,150,8.64255994558,8.627200126645,9.670655995607,8.682837343216466,0.5742289933859026,0.06613379598024181,False
20260802T192733Z-1ce3398155a9-rtx3080_topk_gate_release_v1,topk_gate.release.main.e31_t32,topk_gate,cuda_subwarp_pair_top2_v2,L2_operator_steady,warm,5,5,150,8.42240005732,8.535040020945,9.3455359041685,8.551697055498867,0.4666284604013919,0.05456559760864575,False
20260802T192733Z-1ce3398155a9-rtx3080_topk_gate_release_v1,topk_gate.release.main.e31_t32,topk_gate,cuda_vector_pair_top2_v3,L1_kernel_body,warm,5,5,150,8.72447997332,8.606719970705,10.349056005459996,8.798071455955865,0.8538534441548239,0.09705006925998615,False
20260802T192733Z-1ce3398155a9-rtx3080_topk_gate_release_v1,topk_gate.release.main.e31_t32,topk_gate,cuda_vector_pair_top2_v3,L2_operator_steady,warm,5,5,150,8.48896026611,8.432639837265,8.98047983646,8.436872549851467,0.33101437193802064,0.03923425060437214,False
20260802T192733Z-1ce3398155a9-rtx3080_topk_gate_release_v1,topk_gate.release.main.e31_t32,topk_gate,cuda_warp_pair_top2_v1,L1_kernel_body,warm,5,5,150,8.50432008505,8.48896026611,9.2216318845735,8.547942407926065,0.4310244366632815,0.050424349638062,False
20260802T192733Z-1ce3398155a9-rtx3080_topk_gate_release_v1,topk_gate.release.main.e31_t32,topk_gate,cuda_warp_pair_top2_v1,L2_operator_steady,warm,5,5,150,8.67839992046,8.852480053905,9.4981122016935,8.820462910333932,0.40005352992284743,0.04535516264731982,False
20260802T192733Z-1ce3398155a9-rtx3080_topk_gate_release_v1,topk_gate.release.main.e31_t4,topk_gate,cuda_naive,L1_kernel_body,warm,5,5,150,8.36607992649,8.45311999321,9.575424194337,8.547328003247333,0.521729441842981,0.061040063239033715,True
20260802T192733Z-1ce3398155a9-rtx3080_topk_gate_release_v1,topk_gate.release.main.e31_t4,topk_gate,cuda_naive,L2_operator_steady,warm,5,5,150,8.59135985374,8.62208008766,9.556992053986498,8.678877874215333,0.5114639330651246,0.058932034818080285,True
20260802T192733Z-1ce3398155a9-rtx3080_topk_gate_release_v1,topk_gate.release.main.e31_t4,topk_gate,cuda_subwarp_pair_top2_v2,L1_kernel_body,warm,5,5,150,8.89855980873,8.760319948195,9.55392003059,8.7388160228732,0.45715684321047106,0.052313361674384384,False
20260802T192733Z-1ce3398155a9-rtx3080_topk_gate_release_v1,topk_gate.release.main.e31_t4,topk_gate,cuda_subwarp_pair_top2_v2,L2_operator_steady,warm,5,5,150,8.97024005651,8.9087998867,9.57440018654,8.886545062065801,0.4043295897000597,0.04549907606118273,False
20260802T192733Z-1ce3398155a9-rtx3080_topk_gate_release_v1,topk_gate.release.main.e31_t4,topk_gate,cuda_vector_pair_top2_v3,L1_kernel_body,warm,5,5,150,8.64255994558,8.63232016563,9.479680061343,8.651707716783134,0.48447957019411064,0.055998143494178185,False
20260802T192733Z-1ce3398155a9-rtx3080_topk_gate_release_v1,topk_gate.release.main.e31_t4,topk_gate,cuda_vector_pair_top2_v3,L2_operator_steady,warm,5,5,150,8.77056002617,8.84223997593,10.446847677245,8.8658602396644,0.6617276340055925,0.07463772449797167,False
20260802T192733Z-1ce3398155a9-rtx3080_topk_gate_release_v1,topk_gate.release.main.e31_t4,topk_gate,cuda_warp_pair_top2_v1,L1_kernel_body,warm,5,5,150,8.80127996206,8.837119936945001,9.52319979668,8.7952042778336,0.4251270645878341,0.04833623542539819,False
20260802T192733Z-1ce3398155a9-rtx3080_topk_gate_release_v1,topk_gate.release.main.e31_t4,topk_gate,cuda_warp_pair_top2_v1,L2_operator_steady,warm,5,5,150,8.92928004265,8.9087998867,9.6005117893235,8.882995212078534,0.4924801036759966,0.05544077103704315,False
20260802T192733Z-1ce3398155a9-rtx3080_topk_gate_release_v1,topk_gate.release.main.e31_t4096,topk_gate,cuda_naive,L1_kernel_body,warm,5,5,150,10.2451205254,10.17343997955,10.795007944144999,9.910954658188732,0.8278030839642097,0.08352405116496558,True
20260802T192733Z-1ce3398155a9-rtx3080_topk_gate_release_v1,topk_gate.release.main.e31_t4096,topk_gate,cuda_naive,L2_operator_steady,warm,5,5,150,10.3833603859,10.35776019095,10.876927912189998,10.3523669401778,0.327886765840938,0.031672637546144265,True
20260802T192733Z-1ce3398155a9-rtx3080_topk_gate_release_v1,topk_gate.release.main.e31_t4096,topk_gate,cuda_subwarp_pair_top2_v2,L1_kernel_body,warm,5,5,150,12.0371198654,12.1036803722,13.5941118002,12.279398417468666,0.7524675084680874,0.0612788577164845,False
20260802T192733Z-1ce3398155a9-rtx3080_topk_gate_release_v1,topk_gate.release.main.e31_t4096,topk_gate,cuda_subwarp_pair_top2_v2,L2_operator_steady,warm,5,5,150,12.0524799824,11.9040000439,13.570047616945,11.744529128075333,1.1692478494022325,0.09955680952820338,False
20260802T192733Z-1ce3398155a9-rtx3080_topk_gate_release_v1,topk_gate.release.main.e31_t4096,topk_gate,cuda_vector_pair_top2_v3,L1_kernel_body,warm,5,5,150,12.0985597372,11.7811203003,13.742080271269995,11.685273611542799,1.367340299984106,0.11701397377922218,False
20260802T192733Z-1ce3398155a9-rtx3080_topk_gate_release_v1,topk_gate.release.main.e31_t4096,topk_gate,cuda_vector_pair_top2_v3,L2_operator_steady,warm,5,5,150,12.1190398932,12.29312002655,14.0958720446,12.468633627891734,0.941547304942072,0.075513270582903,False
20260802T192733Z-1ce3398155a9-rtx3080_topk_gate_release_v1,topk_gate.release.main.e31_t4096,topk_gate,cuda_warp_pair_top2_v1,L1_kernel_body,warm,5,5,150,12.7846395969,12.3135995865,14.136832356445,12.124842655657533,1.5694013473310144,0.12943684234934968,False
20260802T192733Z-1ce3398155a9-rtx3080_topk_gate_release_v1,topk_gate.release.main.e31_t4096,topk_gate,cuda_warp_pair_top2_v1,L2_operator_steady,warm,5,5,150,11.8988800049,11.5199995041,13.07750397919,11.130606961247533,1.3383325839643538,0.12023895809311298,False
20260802T192733Z-1ce3398155a9-rtx3080_topk_gate_release_v1,topk_gate.release.main.e31_t512,topk_gate,cuda_naive,L1_kernel_body,warm,5,5,150,10.3065598011,10.2092802525,10.842624306689999,9.897301363943734,0.9189867652573203,0.09285225653582964,True
20260802T192733Z-1ce3398155a9-rtx3080_topk_gate_release_v1,topk_gate.release.main.e31_t512,topk_gate,cuda_naive,L2_operator_steady,warm,5,5,150,10.2195203304,10.3116798401,10.871295869345001,10.316117326414465,0.3629727891496268,0.035185019485987554,True
20260802T192733Z-1ce3398155a9-rtx3080_topk_gate_release_v1,topk_gate.release.main.e31_t512,topk_gate,cuda_subwarp_pair_top2_v2,L1_kernel_body,warm,5,5,150,8.20735991001,8.3046400547,10.608128249634998,8.701883725324333,1.0434570325498997,0.11991162666460571,False
20260802T192733Z-1ce3398155a9-rtx3080_topk_gate_release_v1,topk_gate.release.main.e31_t512,topk_gate,cuda_subwarp_pair_top2_v2,L2_operator_steady,warm,5,5,150,8.27904015779,8.39168012142,9.339904189107,8.461653323967933,0.5065211918200074,0.05986078280768939,False
20260802T192733Z-1ce3398155a9-rtx3080_topk_gate_release_v1,topk_gate.release.main.e31_t512,topk_gate,cuda_vector_pair_top2_v3,L1_kernel_body,warm,5,5,150,8.1817600131,8.3046400547,9.164287984372997,8.3709269205732,0.4510495439920291,0.053882867246575296,False
20260802T192733Z-1ce3398155a9-rtx3080_topk_gate_release_v1,topk_gate.release.main.e31_t512,topk_gate,cuda_vector_pair_top2_v3,L2_operator_steady,warm,5,5,150,8.22272002697,8.23296010494,9.397247970105997,8.345395195484533,0.5133627846601814,0.061514496633778115,False
20260802T192733Z-1ce3398155a9-rtx3080_topk_gate_release_v1,topk_gate.release.main.e31_t512,topk_gate,cuda_warp_pair_top2_v1,L1_kernel_body,warm,5,5,150,8.3046400547,8.28415989876,9.458175897596,8.3899050672852,0.5224534504209946,0.06227167604770643,False
20260802T192733Z-1ce3398155a9-rtx3080_topk_gate_release_v1,topk_gate.release.main.e31_t512,topk_gate,cuda_warp_pair_top2_v1,L2_operator_steady,warm,5,5,150,8.212479949,8.340480029585,9.478656053546,8.439671456814,0.4931718148089891,0.05843495417239415,False
20260802T192733Z-1ce3398155a9-rtx3080_topk_gate_release_v1,topk_gate.release.main.e31_t64,topk_gate,cuda_naive,L1_kernel_body,warm,5,5,150,9.49248015881,9.354240000245,10.414591968079998,9.282628277937333,0.6870765283929646,0.07401745581324065,True
20260802T192733Z-1ce3398155a9-rtx3080_topk_gate_release_v1,topk_gate.release.main.e31_t64,topk_gate,cuda_naive,L2_operator_steady,warm,5,5,150,9.50783997774,9.47200000286,10.488320529424996,9.482990940410934,0.6524202316758699,0.06879899345844974,True
20260802T192733Z-1ce3398155a9-rtx3080_topk_gate_release_v1,topk_gate.release.main.e31_t64,topk_gate,cuda_subwarp_pair_top2_v2,L1_kernel_body,warm,5,5,150,8.61184000969,8.65279972553,10.191872119889998,8.784554660319266,0.6727959670326285,0.07658851166032546,False
20260802T192733Z-1ce3398155a9-rtx3080_topk_gate_release_v1,topk_gate.release.main.e31_t64,topk_gate,cuda_subwarp_pair_top2_v2,L2_operator_steady,warm,5,5,150,8.49919974804,8.49919974804,9.361920028926999,8.555519994099267,0.4555618555271036,0.05324771093297709,False
20260802T192733Z-1ce3398155a9-rtx3080_topk_gate_release_v1,topk_gate.release.main.e31_t64,topk_gate,cuda_vector_pair_top2_v3,L1_kernel_body,warm,5,5,150,8.94975990057,8.84736001492,9.524223804472499,8.859443183740067,0.501128565663528,0.05656434103931728,False
20260802T192733Z-1ce3398155a9-rtx3080_topk_gate_release_v1,topk_gate.release.main.e31_t64,topk_gate,cuda_vector_pair_top2_v3,L2_operator_steady,warm,5,5,150,8.59135985374,8.58111977577,9.541119933128499,8.665088005860467,0.44060088213989074,0.05084782541641802,False
20260802T192733Z-1ce3398155a9-rtx3080_topk_gate_release_v1,topk_gate.release.main.e31_t64,topk_gate,cuda_warp_pair_top2_v1,L1_kernel_body,warm,5,5,150,8.46336007118,8.6630398035,11.254783749559996,9.1982506752004,3.743636128289027,0.40699435800138867,False
20260802T192733Z-1ce3398155a9-rtx3080_topk_gate_release_v1,topk_gate.release.main.e31_t64,topk_gate,cuda_warp_pair_top2_v1,L2_operator_steady,warm,5,5,150,8.6374399066,8.67327988148,9.4981122016935,8.697105065982,0.4487979191099627,0.05160313871168445,False
20260802T192733Z-1ce3398155a9-rtx3080_topk_gate_release_v1,topk_gate.release.main.e31_t8,topk_gate,cuda_naive,L1_kernel_body,warm,5,5,150,8.44799995422,8.483840227125,9.43104028702,8.548147229353601,0.4524178177677464,0.05292583359048644,True
20260802T192733Z-1ce3398155a9-rtx3080_topk_gate_release_v1,topk_gate.release.main.e31_t8,topk_gate,cuda_naive,L2_operator_steady,warm,5,5,150,8.61184000969,8.791040182115,9.874432086946499,8.835822943846267,0.5909492338447128,0.06688106332600077,True
20260802T192733Z-1ce3398155a9-rtx3080_topk_gate_release_v1,topk_gate.release.main.e31_t8,topk_gate,cuda_subwarp_pair_top2_v2,L1_kernel_body,warm,5,5,150,8.8831999898,8.71424019337,9.575424194337,8.729122126102334,0.4613391174901745,0.05285057429894939,False
20260802T192733Z-1ce3398155a9-rtx3080_topk_gate_release_v1,topk_gate.release.main.e31_t8,topk_gate,cuda_subwarp_pair_top2_v2,L2_operator_steady,warm,5,5,150,8.86784017086,8.791040182115,9.575424194337,8.7922687848406,0.4758323808485397,0.054119407913115376,False
20260802T192733Z-1ce3398155a9-rtx3080_topk_gate_release_v1,topk_gate.release.main.e31_t8,topk_gate,cuda_vector_pair_top2_v3,L1_kernel_body,warm,5,5,150,9.05215978622,9.02144014835,9.86111998558,9.018845864137,0.4806422201339093,0.05329309618708083,False
20260802T192733Z-1ce3398155a9-rtx3080_topk_gate_release_v1,topk_gate.release.main.e31_t8,topk_gate,cuda_vector_pair_top2_v3,L2_operator_steady,warm,5,5,150,8.65792006254,8.637440204619999,9.361408025027501,8.622011725107466,0.44157162902671343,0.05121445471256415,False
20260802T192733Z-1ce3398155a9-rtx3080_topk_gate_release_v1,topk_gate.release.main.e31_t8,topk_gate,cuda_warp_pair_top2_v1,L1_kernel_body,warm,5,5,150,9.01632010937,8.88831973076,9.54367995262,8.9023829460148,0.41218522179331085,0.04630054944758671,False
20260802T192733Z-1ce3398155a9-rtx3080_topk_gate_release_v1,topk_gate.release.main.e31_t8,topk_gate,cuda_warp_pair_top2_v1,L2_operator_steady,warm,5,5,150,8.82175981998,8.821759819985001,9.493504166602499,8.806536531448268,0.4039217992101714,0.04586613565591432,False
20260802T192733Z-1ce3398155a9-rtx3080_topk_gate_release_v1,topk_gate.release.main.e32_t1,topk_gate,cuda_naive,L1_kernel_body,warm,5,5,150,8.41215997934,8.46848011017,10.600447654745,8.7745877464602,0.9195574584448328,0.10479779620595805,True
20260802T192733Z-1ce3398155a9-rtx3080_topk_gate_release_v1,topk_gate.release.main.e32_t1,topk_gate,cuda_naive,L2_operator_steady,warm,5,5,150,8.44799995422,8.46848011017,9.3317117989045,8.505685313542001,0.44239234758019647,0.0520113701921065,True
20260802T192733Z-1ce3398155a9-rtx3080_topk_gate_release_v1,topk_gate.release.main.e32_t1,topk_gate,cuda_subwarp_pair_top2_v2,L1_kernel_body,warm,5,5,150,8.91391992569,8.85760009289,9.524223804472499,8.801143455504866,0.44478821457585455,0.050537548538383624,False
20260802T192733Z-1ce3398155a9-rtx3080_topk_gate_release_v1,topk_gate.release.main.e32_t1,topk_gate,cuda_subwarp_pair_top2_v2,L2_operator_steady,warm,5,5,150,8.70399981737,8.714239895344999,9.402368068699499,8.701883729298867,0.4164282640598878,0.047854956123786374,False
20260802T192733Z-1ce3398155a9-rtx3080_topk_gate_release_v1,topk_gate.release.main.e32_t1,topk_gate,cuda_vector_pair_top2_v3,L1_kernel_body,warm,5,5,150,9.03168022633,8.9087998867,9.54367995262,8.844492828846,0.4406154039456124,0.04981805203217089,False
20260802T192733Z-1ce3398155a9-rtx3080_topk_gate_release_v1,topk_gate.release.main.e32_t1,topk_gate,cuda_vector_pair_top2_v3,L2_operator_steady,warm,5,5,150,8.78080010414,8.80640000105,9.691136151551499,8.849954144160334,0.5436108529951416,0.061425273412726626,False
20260802T192733Z-1ce3398155a9-rtx3080_topk_gate_release_v1,topk_gate.release.main.e32_t1,topk_gate,cuda_warp_pair_top2_v1,L1_kernel_body,warm,5,5,150,8.90368014574,8.94976019859,9.739776194092498,8.984712517261801,0.4934336985737804,0.05491925285597899,False
20260802T192733Z-1ce3398155a9-rtx3080_topk_gate_release_v1,topk_gate.release.main.e32_t1,topk_gate,cuda_warp_pair_top2_v1,L2_operator_steady,warm,5,5,150,8.9087998867,8.924160003665,9.5800322294235,8.869751465320734,0.45700603363339637,0.05152410813540995,False
20260802T192733Z-1ce3398155a9-rtx3080_topk_gate_release_v1,topk_gate.release.main.e32_t1024,topk_gate,cuda_naive,L1_kernel_body,warm,5,5,150,11.3663995266,11.1206400394,13.501952290545,10.850235720475533,1.371313054773402,0.12638555420372946,True
20260802T192733Z-1ce3398155a9-rtx3080_topk_gate_release_v1,topk_gate.release.main.e32_t1024,topk_gate,cuda_naive,L2_operator_steady,warm,5,5,150,11.243519783,11.0540795326,12.673535943045,10.7012096246082,1.273789026740089,0.11903224695373874,True
20260802T192733Z-1ce3398155a9-rtx3080_topk_gate_release_v1,topk_gate.release.main.e32_t1024,topk_gate,cuda_subwarp_pair_top2_v2,L1_kernel_body,warm,5,5,150,8.31488013268,8.519679903985,10.4652798176,8.670754102865667,0.7730197891591694,0.08915254428720194,False
20260802T192733Z-1ce3398155a9-rtx3080_topk_gate_release_v1,topk_gate.release.main.e32_t1024,topk_gate,cuda_subwarp_pair_top2_v2,L2_operator_steady,warm,5,5,150,8.36607992649,8.36607992649,9.140735864636,8.413252270222,0.429556148450074,0.05105708644568426,False
20260802T192733Z-1ce3398155a9-rtx3080_topk_gate_release_v1,topk_gate.release.main.e32_t1024,topk_gate,cuda_vector_pair_top2_v3,L1_kernel_body,warm,5,5,150,8.46848011017,8.473600149155,9.10336017609,8.477969066301734,0.35295207515468996,0.0416316776334565,False
20260802T192733Z-1ce3398155a9-rtx3080_topk_gate_release_v1,topk_gate.release.main.e32_t1024,topk_gate,cuda_vector_pair_top2_v3,L2_operator_steady,warm,5,5,150,8.89344006777,8.92928004265,9.5800322294235,8.874939719835867,0.45891340609696163,0.05170890401331636,False
20260802T192733Z-1ce3398155a9-rtx3080_topk_gate_release_v1,topk_gate.release.main.e32_t1024,topk_gate,cuda_warp_pair_top2_v1,L1_kernel_body,warm,5,5,150,8.30976009369,8.289279937745,9.083904027937,8.326826683680133,0.4134008900155784,0.04964687097736869,False
20260802T192733Z-1ce3398155a9-rtx3080_topk_gate_release_v1,topk_gate.release.main.e32_t1024,topk_gate,cuda_warp_pair_top2_v1,L2_operator_steady,warm,5,5,150,8.40192019939,8.30976009369,9.098752140999,8.385194683075,0.40489963764701153,0.048287446261000545,False
20260802T192733Z-1ce3398155a9-rtx3080_topk_gate_release_v1,topk_gate.release.main.e32_t128,topk_gate,cuda_naive,L1_kernel_body,warm,5,5,150,10.4447996616,10.4243201017,11.0545915365,10.338645315166334,0.49707566378054274,0.04807938067585652,True
20260802T192733Z-1ce3398155a9-rtx3080_topk_gate_release_v1,topk_gate.release.main.e32_t128,topk_gate,cuda_naive,L2_operator_steady,warm,5,5,150,10.1631999016,10.17343997955,11.082751750945,10.181358965238866,0.5038050514785634,0.04948308503792583,True
20260802T192733Z-1ce3398155a9-rtx3080_topk_gate_release_v1,topk_gate.release.main.e32_t128,topk_gate,cuda_subwarp_pair_top2_v2,L1_kernel_body,warm,5,5,150,8.65792006254,8.73471975327,9.55392003059,8.757657599449,0.43195108216373257,0.049322673016002516,False
20260802T192733Z-1ce3398155a9-rtx3080_topk_gate_release_v1,topk_gate.release.main.e32_t128,topk_gate,cuda_subwarp_pair_top2_v2,L2_operator_steady,warm,5,5,150,8.57088029385,8.688639998435,9.402368068699499,8.6924629489582,0.4106436435828541,0.04724134528891724,False
20260802T192733Z-1ce3398155a9-rtx3080_topk_gate_release_v1,topk_gate.release.main.e32_t128,topk_gate,cuda_vector_pair_top2_v3,L1_kernel_body,warm,5,5,150,8.71423989534,8.72447997332,9.559552073479,8.781004814306733,0.592908946818359,0.06752176537386054,False
20260802T192733Z-1ce3398155a9-rtx3080_topk_gate_release_v1,topk_gate.release.main.e32_t128,topk_gate,cuda_vector_pair_top2_v3,L2_operator_steady,warm,5,5,150,8.92928004265,8.924160003665,9.483264088632499,8.9054549415904,0.3651848828883335,0.04100687559294037,False
20260802T192733Z-1ce3398155a9-rtx3080_topk_gate_release_v1,topk_gate.release.main.e32_t128,topk_gate,cuda_warp_pair_top2_v1,L1_kernel_body,warm,5,5,150,8.94976019859,8.934400081635,9.529855847356,8.861969057718934,0.39836689018418675,0.04495241267370507,False
20260802T192733Z-1ce3398155a9-rtx3080_topk_gate_release_v1,topk_gate.release.main.e32_t128,topk_gate,cuda_warp_pair_top2_v1,L2_operator_steady,warm,5,5,150,8.75519990921,8.76543998718,9.534463882447,8.751445309320868,0.45168716459554475,0.051612864918948655,False
20260802T192733Z-1ce3398155a9-rtx3080_topk_gate_release_v1,topk_gate.release.main.e32_t16,topk_gate,cuda_naive,L1_kernel_body,warm,5,5,150,8.36607992649,8.391680121425,9.224704176187998,8.467114675045266,0.4603046622624661,0.05436381576584768,True
20260802T192733Z-1ce3398155a9-rtx3080_topk_gate_release_v1,topk_gate.release.main.e32_t16,topk_gate,cuda_naive,L2_operator_steady,warm,5,5,150,8.67839992046,8.62208008766,9.745408236975997,8.6635861476256,0.6504421320914444,0.07507770119763961,True
20260802T192733Z-1ce3398155a9-rtx3080_topk_gate_release_v1,topk_gate.release.main.e32_t16,topk_gate,cuda_subwarp_pair_top2_v2,L1_kernel_body,warm,5,5,150,8.80640000105,8.837119936945001,9.56416010857,8.821759998798335,0.44866899593032766,0.05085935187439282,False
20260802T192733Z-1ce3398155a9-rtx3080_topk_gate_release_v1,topk_gate.release.main.e32_t16,topk_gate,cuda_subwarp_pair_top2_v2,L2_operator_steady,warm,5,5,150,8.78080010414,8.77568006516,9.4776320457435,8.7693311929708,0.41917955528160855,0.04780062995198639,False
20260802T192733Z-1ce3398155a9-rtx3080_topk_gate_release_v1,topk_gate.release.main.e32_t16,topk_gate,cuda_vector_pair_top2_v3,L1_kernel_body,warm,5,5,150,8.6630398035,8.709120154379999,9.22623991966,8.690073589483667,0.3688812933373068,0.04244858107803715,False
20260802T192733Z-1ce3398155a9-rtx3080_topk_gate_release_v1,topk_gate.release.main.e32_t16,topk_gate,cuda_vector_pair_top2_v3,L2_operator_steady,warm,5,5,150,8.68351995945,8.729600012305,9.303551912309,8.7160831967994,0.3904060984901205,0.04479146075997531,False
20260802T192733Z-1ce3398155a9-rtx3080_topk_gate_release_v1,topk_gate.release.main.e32_t16,topk_gate,cuda_warp_pair_top2_v1,L1_kernel_body,warm,5,5,150,8.70400011539,8.68351995945,9.483264088632499,8.705638404687868,0.44134925444971296,0.05069694305383192,False
20260802T192733Z-1ce3398155a9-rtx3080_topk_gate_release_v1,topk_gate.release.main.e32_t16,topk_gate,cuda_warp_pair_top2_v1,L2_operator_steady,warm,5,5,150,8.96512001753,8.990719914435001,11.055615544344999,9.163025041421466,0.8269151159445854,0.09024477311875877,False
20260802T192733Z-1ce3398155a9-rtx3080_topk_gate_release_v1,topk_gate.release.main.e32_t2,topk_gate,cuda_naive,L1_kernel_body,warm,5,5,150,8.27903985977,8.227840065955,8.9098238945025,8.269277882576267,0.4147062645875393,0.05015023929251956,True
20260802T192733Z-1ce3398155a9-rtx3080_topk_gate_release_v1,topk_gate.release.main.e32_t2,topk_gate,cuda_naive,L2_operator_steady,warm,5,5,150,8.3353599906,8.401920199395,9.376256078480996,8.5172224005056,0.5951612124809469,0.06987738308273092,True
20260802T192733Z-1ce3398155a9-rtx3080_topk_gate_release_v1,topk_gate.release.main.e32_t2,topk_gate,cuda_subwarp_pair_top2_v2,L1_kernel_body,warm,5,5,150,8.816639781,8.84736001492,57.477632045724995,18.375611722470133,19.338929774485873,1.0524237269792642,False
20260802T192733Z-1ce3398155a9-rtx3080_topk_gate_release_v1,topk_gate.release.main.e32_t2,topk_gate,cuda_subwarp_pair_top2_v2,L2_operator_steady,warm,5,5,150,8.71424019337,8.84223997593,9.518591761589,8.8234666784608,0.4588642283751698,0.052004982292879906,False
20260802T192733Z-1ce3398155a9-rtx3080_topk_gate_release_v1,topk_gate.release.main.e32_t2,topk_gate,cuda_vector_pair_top2_v3,L1_kernel_body,warm,5,5,150,8.58623981476,8.57088029385,9.1909122467035,8.579140273730067,0.37252907997186774,0.04342265869140502,False
20260802T192733Z-1ce3398155a9-rtx3080_topk_gate_release_v1,topk_gate.release.main.e32_t2,topk_gate,cuda_vector_pair_top2_v3,L2_operator_steady,warm,5,5,150,8.67839992046,8.71424019337,9.446911811829,8.705160514514,0.4174012026381613,0.04794870834859779,False
20260802T192733Z-1ce3398155a9-rtx3080_topk_gate_release_v1,topk_gate.release.main.e32_t2,topk_gate,cuda_warp_pair_top2_v1,L1_kernel_body,warm,5,5,150,8.97023975849,8.93952012062,9.55392003059,8.888388260205401,0.4053927960913962,0.04560925830686294,False
20260802T192733Z-1ce3398155a9-rtx3080_topk_gate_release_v1,topk_gate.release.main.e32_t2,topk_gate,cuda_warp_pair_top2_v1,L2_operator_steady,warm,5,5,150,8.78080010414,8.837119936945001,9.575424194337,8.852411711216067,0.6761850973192135,0.07638428028177703,False
20260802T192733Z-1ce3398155a9-rtx3080_topk_gate_release_v1,topk_gate.release.main.e32_t2048,topk_gate,cuda_naive,L1_kernel_body,warm,5,5,150,11.6531205177,11.49440050125,13.548543989645,11.465386668836066,1.3511040815982773,0.11784199875881182,True
20260802T192733Z-1ce3398155a9-rtx3080_topk_gate_release_v1,topk_gate.release.main.e32_t2048,topk_gate,cuda_naive,L2_operator_steady,warm,5,5,150,11.5199995041,11.2179195881,13.17734420299,11.144055410227867,1.1445372194851844,0.10270383422849308,True
20260802T192733Z-1ce3398155a9-rtx3080_topk_gate_release_v1,topk_gate.release.main.e32_t2048,topk_gate,cuda_subwarp_pair_top2_v2,L1_kernel_body,warm,5,5,150,10.4960000515,10.4447996616,11.111423969245,10.3735295772538,0.4717871479488038,0.04547990579631631,False
20260802T192733Z-1ce3398155a9-rtx3080_topk_gate_release_v1,topk_gate.release.main.e32_t2048,topk_gate,cuda_subwarp_pair_top2_v2,L2_operator_steady,warm,5,5,150,10.1273596287,10.26048004625,10.966528058035,10.214058689275467,0.4988700330457423,0.04884150837801086,False
20260802T192733Z-1ce3398155a9-rtx3080_topk_gate_release_v1,topk_gate.release.main.e32_t2048,topk_gate,cuda_vector_pair_top2_v3,L1_kernel_body,warm,5,5,150,8.72448027134,8.85760009289,9.570816159246,8.742024564743334,0.5810804614744052,0.06646978136139174,False
20260802T192733Z-1ce3398155a9-rtx3080_topk_gate_release_v1,topk_gate.release.main.e32_t2048,topk_gate,cuda_vector_pair_top2_v3,L2_operator_steady,warm,5,5,150,8.32511991262,8.28415989876,9.5902719795715,8.373043219247867,0.5448736376951918,0.06507474324778854,False
20260802T192733Z-1ce3398155a9-rtx3080_topk_gate_release_v1,topk_gate.release.main.e32_t2048,topk_gate,cuda_warp_pair_top2_v1,L1_kernel_body,warm,5,5,150,10.2656000853,10.42943954465,11.0750716925,10.409710911911201,0.5620461223578066,0.05399248135841037,False
20260802T192733Z-1ce3398155a9-rtx3080_topk_gate_release_v1,topk_gate.release.main.e32_t2048,topk_gate,cuda_warp_pair_top2_v1,L2_operator_steady,warm,5,5,150,10.3680002689,10.2963197231,11.0489594936,10.255018695195268,0.5001379976555574,0.04877007175909728,False
20260802T192733Z-1ce3398155a9-rtx3080_topk_gate_release_v1,topk_gate.release.main.e32_t256,topk_gate,cuda_naive,L1_kernel_body,warm,5,5,150,11.4073598385,11.3356804848,13.509119689424997,11.225702389079467,1.16992401843398,0.10421833555574213,True
20260802T192733Z-1ce3398155a9-rtx3080_topk_gate_release_v1,topk_gate.release.main.e32_t256,topk_gate,cuda_naive,L2_operator_steady,warm,5,5,150,11.269119978,11.238399743999999,13.4302717447,11.225087964536932,1.254118646410292,0.11172461635689535,True
20260802T192733Z-1ce3398155a9-rtx3080_topk_gate_release_v1,topk_gate.release.main.e32_t256,topk_gate,cuda_subwarp_pair_top2_v2,L1_kernel_body,warm,5,5,150,8.74495983124,8.74495983124,10.120192110535,8.8530943830806,0.6354935067245523,0.07178207745520729,False
20260802T192733Z-1ce3398155a9-rtx3080_topk_gate_release_v1,topk_gate.release.main.e32_t256,topk_gate,cuda_subwarp_pair_top2_v2,L2_operator_steady,warm,5,5,150,8.58623981476,8.70400011539,9.56416010857,8.727893324692934,0.4754282198148987,0.054472276656936026,False
20260802T192733Z-1ce3398155a9-rtx3080_topk_gate_release_v1,topk_gate.release.main.e32_t256,topk_gate,cuda_vector_pair_top2_v3,L1_kernel_body,warm,5,5,150,8.69376003742,8.77056002617,9.417216181756,8.7356757322948,0.42508761884257745,0.04866110325856955,False
20260802T192733Z-1ce3398155a9-rtx3080_topk_gate_release_v1,topk_gate.release.main.e32_t256,topk_gate,cuda_vector_pair_top2_v3,L2_operator_steady,warm,5,5,150,8.5504001379,8.64256024361,9.374208062886996,8.676898141702333,0.488823359627484,0.05633618738453706,False
20260802T192733Z-1ce3398155a9-rtx3080_topk_gate_release_v1,topk_gate.release.main.e32_t256,topk_gate,cuda_warp_pair_top2_v1,L1_kernel_body,warm,5,5,150,8.58111977577,8.657919764515,9.436672002076,8.7211349328364,0.44285995837526576,0.05078008330175361,False
20260802T192733Z-1ce3398155a9-rtx3080_topk_gate_release_v1,topk_gate.release.main.e32_t256,topk_gate,cuda_warp_pair_top2_v1,L2_operator_steady,warm,5,5,150,8.52991998196,8.70400011539,9.524223804472499,8.685431476433934,0.46270508865562837,0.053273702050506064,False
20260802T192733Z-1ce3398155a9-rtx3080_topk_gate_release_v1,topk_gate.release.main.e32_t32,topk_gate,cuda_naive,L1_kernel_body,warm,5,5,150,9.78431999683,9.90208029747,10.9532159567,9.936145099005067,0.5321247773238519,0.053554449137134176,True
20260802T192733Z-1ce3398155a9-rtx3080_topk_gate_release_v1,topk_gate.release.main.e32_t32,topk_gate,cuda_naive,L2_operator_steady,warm,5,5,150,10.1631999016,9.978879988195,10.718719899689999,9.992533357938267,0.4464724621502277,0.04468060762544676,True
20260802T192733Z-1ce3398155a9-rtx3080_topk_gate_release_v1,topk_gate.release.main.e32_t32,topk_gate,cuda_subwarp_pair_top2_v2,L1_kernel_body,warm,5,5,150,8.64256024361,8.64256024361,9.559552073479,8.679219214122066,0.43953865125369307,0.05064264888465016,False
20260802T192733Z-1ce3398155a9-rtx3080_topk_gate_release_v1,topk_gate.release.main.e32_t32,topk_gate,cuda_subwarp_pair_top2_v2,L2_operator_steady,warm,5,5,150,8.85760009289,8.801279962065,9.534463882447,8.778615474701201,0.43036489526851635,0.049024233548988515,False
20260802T192733Z-1ce3398155a9-rtx3080_topk_gate_release_v1,topk_gate.release.main.e32_t32,topk_gate,cuda_vector_pair_top2_v3,L1_kernel_body,warm,5,5,150,8.61696004868,8.760319948195,9.337343841787998,8.714990933736066,0.40354972044456927,0.046305236977632724,False
20260802T192733Z-1ce3398155a9-rtx3080_topk_gate_release_v1,topk_gate.release.main.e32_t32,topk_gate,cuda_vector_pair_top2_v3,L2_operator_steady,warm,5,5,150,8.55552017689,8.51967990398,9.160192012783499,8.543709850310934,0.41469171527178794,0.04853766367741244,False
20260802T192733Z-1ce3398155a9-rtx3080_topk_gate_release_v1,topk_gate.release.main.e32_t32,topk_gate,cuda_warp_pair_top2_v1,L1_kernel_body,warm,5,5,150,8.64255994558,8.698880076405,9.5390719175335,8.761139214039401,0.48844593748126647,0.055751418342782404,False
20260802T192733Z-1ce3398155a9-rtx3080_topk_gate_release_v1,topk_gate.release.main.e32_t32,topk_gate,cuda_warp_pair_top2_v1,L2_operator_steady,warm,5,5,150,8.89856010675,8.872960209845001,9.936896234751499,8.905454957485468,0.6203857130391687,0.06966356194050528,False
20260802T192733Z-1ce3398155a9-rtx3080_topk_gate_release_v1,topk_gate.release.main.e32_t4,topk_gate,cuda_naive,L1_kernel_body,warm,5,5,150,8.4582400322,8.47872018814,9.413631826638998,8.507323718071001,0.4551297387187541,0.05349858002370137,True
20260802T192733Z-1ce3398155a9-rtx3080_topk_gate_release_v1,topk_gate.release.main.e32_t4,topk_gate,cuda_naive,L2_operator_steady,warm,5,5,150,8.22783976793,8.32512021065,9.4776320457435,8.439671460787201,0.6389490677324395,0.07570781288124245,True
20260802T192733Z-1ce3398155a9-rtx3080_topk_gate_release_v1,topk_gate.release.main.e32_t4,topk_gate,cuda_subwarp_pair_top2_v2,L1_kernel_body,warm,5,5,150,8.85760009289,8.893439769745001,9.550336003306,8.8539818644526,0.4580568275577804,0.05173455678702137,False
20260802T192733Z-1ce3398155a9-rtx3080_topk_gate_release_v1,topk_gate.release.main.e32_t4,topk_gate,cuda_subwarp_pair_top2_v2,L2_operator_steady,warm,5,5,150,8.71424019337,8.71424019337,9.242112040519,8.704546133676933,0.3619165927915913,0.041577882089839896,False
20260802T192733Z-1ce3398155a9-rtx3080_topk_gate_release_v1,topk_gate.release.main.e32_t4,topk_gate,cuda_vector_pair_top2_v3,L1_kernel_body,warm,5,5,150,8.97535979748,8.98559987545,9.722368061538997,9.0040319720888,0.5086655902297808,0.05649309018521599,False
20260802T192733Z-1ce3398155a9-rtx3080_topk_gate_release_v1,topk_gate.release.main.e32_t4,topk_gate,cuda_vector_pair_top2_v3,L2_operator_steady,warm,5,5,150,8.8831999898,8.893439769745001,9.5912959873685,8.898628286520866,0.394625895878962,0.044346823260020735,False
20260802T192733Z-1ce3398155a9-rtx3080_topk_gate_release_v1,topk_gate.release.main.e32_t4,topk_gate,cuda_warp_pair_top2_v1,L1_kernel_body,warm,5,5,150,8.8831999898,8.934400081635,9.55392003059,8.889070928096666,0.42141562997673954,0.04740828747858505,False
20260802T192733Z-1ce3398155a9-rtx3080_topk_gate_release_v1,topk_gate.release.main.e32_t4,topk_gate,cuda_warp_pair_top2_v1,L2_operator_steady,warm,5,5,150,8.87807995081,8.91391992569,9.801728129389499,8.899037861824132,0.605126902688151,0.0679991378937803,False
20260802T192733Z-1ce3398155a9-rtx3080_topk_gate_release_v1,topk_gate.release.main.e32_t4096,topk_gate,cuda_naive,L1_kernel_body,warm,5,5,150,11.6121602058,11.7043197155,13.645312190045,11.912328553199332,0.8235440138118546,0.06913375585083847,True
20260802T192733Z-1ce3398155a9-rtx3080_topk_gate_release_v1,topk_gate.release.main.e32_t4096,topk_gate,cuda_naive,L2_operator_steady,warm,5,5,150,11.6377598047,11.64800047875,13.868544042124997,11.745484828951334,1.270908181771341,0.10820397797787722,True
20260802T192733Z-1ce3398155a9-rtx3080_topk_gate_release_v1,topk_gate.release.main.e32_t4096,topk_gate,cuda_subwarp_pair_top2_v2,L1_kernel_body,warm,5,5,150,11.7657601833,11.68383955955,13.452799916244999,11.670459711551866,1.0610510548859315,0.09091767429141312,False
20260802T192733Z-1ce3398155a9-rtx3080_topk_gate_release_v1,topk_gate.release.main.e32_t4096,topk_gate,cuda_subwarp_pair_top2_v2,L2_operator_steady,warm,5,5,150,11.863039732,12.03199982645,13.657600283644998,12.181299213567932,0.8752928032870256,0.07185545547654684,False
20260802T192733Z-1ce3398155a9-rtx3080_topk_gate_release_v1,topk_gate.release.main.e32_t4096,topk_gate,cuda_vector_pair_top2_v3,L1_kernel_body,warm,5,5,150,8.75520020723,8.668159842489999,9.637888073919498,8.7468031724292,0.597108294832016,0.06826588904094255,False
20260802T192733Z-1ce3398155a9-rtx3080_topk_gate_release_v1,topk_gate.release.main.e32_t4096,topk_gate,cuda_vector_pair_top2_v3,L2_operator_steady,warm,5,5,150,8.67327988148,8.473600149155,9.27743971348,8.514218656222534,0.4428870725379197,0.052017347735630444,False
20260802T192733Z-1ce3398155a9-rtx3080_topk_gate_release_v1,topk_gate.release.main.e32_t4096,topk_gate,cuda_warp_pair_top2_v1,L1_kernel_body,warm,5,5,150,12.0115196705,11.90912008285,13.830143749679998,12.098423492903267,0.8973580607514725,0.07417148699397469,False
20260802T192733Z-1ce3398155a9-rtx3080_topk_gate_release_v1,topk_gate.release.main.e32_t4096,topk_gate,cuda_warp_pair_top2_v1,L2_operator_steady,warm,5,5,150,11.5814399719,11.233279705,13.425663709645,10.918775463106867,1.465862734706828,0.1342515687459449,False
20260802T192733Z-1ce3398155a9-rtx3080_topk_gate_release_v1,topk_gate.release.main.e32_t512,topk_gate,cuda_naive,L1_kernel_body,warm,5,5,150,11.4739197493,11.3663995266,12.928511500345,11.136955761910134,1.1337538262299367,0.10180105322026377,True
20260802T192733Z-1ce3398155a9-rtx3080_topk_gate_release_v1,topk_gate.release.main.e32_t512,topk_gate,cuda_naive,L2_operator_steady,warm,5,5,150,11.3817602396,11.1411201954,13.408256113535,10.854331747694733,1.456879858360799,0.13422105498758266,True
20260802T192733Z-1ce3398155a9-rtx3080_topk_gate_release_v1,topk_gate.release.main.e32_t512,topk_gate,cuda_subwarp_pair_top2_v2,L1_kernel_body,warm,5,5,150,8.43776017427,8.412159979345,9.244160056113,8.482611211140734,0.43205466064536197,0.05093415811370891,False
20260802T192733Z-1ce3398155a9-rtx3080_topk_gate_release_v1,topk_gate.release.main.e32_t512,topk_gate,cuda_subwarp_pair_top2_v2,L2_operator_steady,warm,5,5,150,8.52991998196,8.545280098915,9.4776320457435,8.597435724734801,0.4746106089243872,0.055203740291879556,False
20260802T192733Z-1ce3398155a9-rtx3080_topk_gate_release_v1,topk_gate.release.main.e32_t512,topk_gate,cuda_vector_pair_top2_v3,L1_kernel_body,warm,5,5,150,8.63232016563,8.63232016563,9.177088141439498,8.638259208202467,0.3605474024187933,0.04173843290977367,False
20260802T192733Z-1ce3398155a9-rtx3080_topk_gate_release_v1,topk_gate.release.main.e32_t512,topk_gate,cuda_vector_pair_top2_v3,L2_operator_steady,warm,5,5,150,8.78080010414,8.883199989795,9.559552073479,8.8860671838126,0.39117673869093866,0.0440213573225656,False
20260802T192733Z-1ce3398155a9-rtx3080_topk_gate_release_v1,topk_gate.release.main.e32_t512,topk_gate,cuda_warp_pair_top2_v1,L1_kernel_body,warm,5,5,150,8.65791976452,8.61184000969,9.2933118343335,8.640716803073799,0.42866694283622603,0.04961011367526066,False
20260802T192733Z-1ce3398155a9-rtx3080_topk_gate_release_v1,topk_gate.release.main.e32_t512,topk_gate,cuda_warp_pair_top2_v1,L2_operator_steady,warm,5,5,150,8.5504001379,8.637440204619999,9.6107518672935,8.713966929912933,0.5434446203599664,0.06236477883505077,False
20260802T192733Z-1ce3398155a9-rtx3080_topk_gate_release_v1,topk_gate.release.main.e32_t64,topk_gate,cuda_naive,L1_kernel_body,warm,5,5,150,9.80992019176,9.784319996835,10.491392016399999,9.609898690383266,0.6916164731817642,0.07196917423009595,True
20260802T192733Z-1ce3398155a9-rtx3080_topk_gate_release_v1,topk_gate.release.main.e32_t64,topk_gate,cuda_naive,L2_operator_steady,warm,5,5,150,10.055680275,10.142719745600001,10.824704170244999,10.1490687966322,0.4272226516811931,0.0420947635927899,True
20260802T192733Z-1ce3398155a9-rtx3080_topk_gate_release_v1,topk_gate.release.main.e32_t64,topk_gate,cuda_subwarp_pair_top2_v2,L1_kernel_body,warm,5,5,150,8.81151974201,8.80639970303,9.4981122016935,8.7434581478438,0.48820412200440866,0.05583650241693023,False
20260802T192733Z-1ce3398155a9-rtx3080_topk_gate_release_v1,topk_gate.release.main.e32_t64,topk_gate,cuda_subwarp_pair_top2_v2,L2_operator_steady,warm,5,5,150,8.83711993694,8.88831973076,9.555968046189498,8.870911967755067,0.4703504817427906,0.05302166039438454,False
20260802T192733Z-1ce3398155a9-rtx3080_topk_gate_release_v1,topk_gate.release.main.e32_t64,topk_gate,cuda_vector_pair_top2_v3,L1_kernel_body,warm,5,5,150,8.8831999898,8.837119936945001,9.545727968219499,8.956450128554401,1.5887697962380274,0.17738833728028136,False
20260802T192733Z-1ce3398155a9-rtx3080_topk_gate_release_v1,topk_gate.release.main.e32_t64,topk_gate,cuda_vector_pair_top2_v3,L2_operator_steady,warm,5,5,150,8.87296020985,8.898559808729999,9.8073598444455,8.958976022402,0.5696910606624621,0.06358885873094698,False
20260802T192733Z-1ce3398155a9-rtx3080_topk_gate_release_v1,topk_gate.release.main.e32_t64,topk_gate,cuda_warp_pair_top2_v1,L1_kernel_body,warm,5,5,150,8.95487993956,8.80639970303,9.585663944484999,8.820326379934466,0.4791959576547783,0.05432859703977742,False
20260802T192733Z-1ce3398155a9-rtx3080_topk_gate_release_v1,topk_gate.release.main.e32_t64,topk_gate,cuda_warp_pair_top2_v1,L2_operator_steady,warm,5,5,150,8.75008016825,8.82687985897,9.52319979668,8.807833560307932,0.4039824381124998,0.045866266130757366,False
20260802T192733Z-1ce3398155a9-rtx3080_topk_gate_release_v1,topk_gate.release.main.e32_t8,topk_gate,cuda_naive,L1_kernel_body,warm,5,5,150,8.37119996548,8.38144004345,9.341951876879,8.446702937285465,0.5154878646526019,0.06102829334474799,True
20260802T192733Z-1ce3398155a9-rtx3080_topk_gate_release_v1,topk_gate.release.main.e32_t8,topk_gate,cuda_naive,L2_operator_steady,warm,5,5,150,8.37119996548,8.43775987625,9.3716481029975,8.4937386671702,0.5347394015131421,0.06295689359739833,True
20260802T192733Z-1ce3398155a9-rtx3080_topk_gate_release_v1,topk_gate.release.main.e32_t8,topk_gate,cuda_subwarp_pair_top2_v2,L1_kernel_body,warm,5,5,150,8.79615992308,8.83711993694,9.50272023678,8.8076288064326,0.4047342843062923,0.0459526954644929,False
20260802T192733Z-1ce3398155a9-rtx3080_topk_gate_release_v1,topk_gate.release.main.e32_t8,topk_gate,cuda_subwarp_pair_top2_v2,L2_operator_steady,warm,5,5,150,8.94463986158,8.94976019859,9.5288318395635,8.9575424035388,0.37129787909450956,0.04145086479834281,False
20260802T192733Z-1ce3398155a9-rtx3080_topk_gate_release_v1,topk_gate.release.main.e32_t8,topk_gate,cuda_vector_pair_top2_v3,L1_kernel_body,warm,5,5,150,8.81152004004,8.80639970303,9.5800322294235,8.848452254136333,0.4281693942935231,0.04838918513612019,False
20260802T192733Z-1ce3398155a9-rtx3080_topk_gate_release_v1,topk_gate.release.main.e32_t8,topk_gate,cuda_vector_pair_top2_v3,L2_operator_steady,warm,5,5,150,8.7961602211,8.760319948195,9.5288318395635,8.7994367957112,0.44326045287310306,0.05037372995157439,False
20260802T192733Z-1ce3398155a9-rtx3080_topk_gate_release_v1,topk_gate.release.main.e32_t8,topk_gate,cuda_warp_pair_top2_v1,L1_kernel_body,warm,5,5,150,8.69376003742,8.77056002617,9.541119933128499,8.772949322064733,0.4694101473636411,0.05350653812430372,False
20260802T192733Z-1ce3398155a9-rtx3080_topk_gate_release_v1,topk_gate.release.main.e32_t8,topk_gate,cuda_warp_pair_top2_v1,L2_operator_steady,warm,5,5,150,8.54527980089,8.637440204619999,9.406976103786,8.627404789130066,0.4092273028096721,0.047433418601764255,False
20260802T192733Z-1ce3398155a9-rtx3080_topk_gate_release_v1,topk_gate.release.main.e33_t1,topk_gate,cuda_naive,L1_kernel_body,warm,5,5,150,8.3609598875,8.340480029585,9.085952043532,8.374749851226534,0.3725591810735831,0.04448600706790299,True
20260802T192733Z-1ce3398155a9-rtx3080_topk_gate_release_v1,topk_gate.release.main.e33_t1,topk_gate,cuda_naive,L2_operator_steady,warm,5,5,150,8.28415989876,8.350720107555,9.545727968219499,8.447795204321865,0.5848160145615586,0.0692270587078589,True
20260802T192733Z-1ce3398155a9-rtx3080_topk_gate_release_v1,topk_gate.release.main.e33_t1,topk_gate,cuda_subwarp_pair_top2_v2,L1_kernel_body,warm,5,5,150,8.11008006334,8.13567996025,9.254912078378496,8.276309347152933,0.44867316205465757,0.054211743814167844,False
20260802T192733Z-1ce3398155a9-rtx3080_topk_gate_release_v1,topk_gate.release.main.e33_t1,topk_gate,cuda_subwarp_pair_top2_v2,L2_operator_steady,warm,5,5,150,8.57600003481,8.54016005993,9.3363198339955,8.5665791908884,0.5010563196273808,0.05848966179642806,False
20260802T192733Z-1ce3398155a9-rtx3080_topk_gate_release_v1,topk_gate.release.main.e33_t1,topk_gate,cuda_vector_pair_top2_v3,L1_kernel_body,warm,5,5,150,8.35583984852,8.31488013268,9.1417601406555,8.3815765420596,0.484043012324228,0.057750831230288374,False
20260802T192733Z-1ce3398155a9-rtx3080_topk_gate_release_v1,topk_gate.release.main.e33_t1,topk_gate,cuda_vector_pair_top2_v3,L2_operator_steady,warm,5,5,150,8.56063991785,8.73472005129,10.051583588106997,8.782438385485932,0.6563488865975945,0.07473424324641917,False
20260802T192733Z-1ce3398155a9-rtx3080_topk_gate_release_v1,topk_gate.release.main.e33_t1,topk_gate,cuda_warp_pair_top2_v1,L1_kernel_body,warm,5,5,150,8.5504001379,8.77568006516,9.688575804232498,8.774109876155867,0.6067667221368502,0.06915421971016943,False
20260802T192733Z-1ce3398155a9-rtx3080_topk_gate_release_v1,topk_gate.release.main.e33_t1,topk_gate,cuda_warp_pair_top2_v1,L2_operator_steady,warm,5,5,150,8.32511991262,8.35583984852,9.359872013327498,8.4431530555092,0.5290195873501436,0.06265663832837375,False
20260802T192733Z-1ce3398155a9-rtx3080_topk_gate_release_v1,topk_gate.release.main.e33_t1024,topk_gate,cuda_naive,L1_kernel_body,warm,5,5,150,10.3987205029,10.368000268900001,13.508608341244999,10.748450148105468,1.3903537019917243,0.12935387733428613,True
20260802T192733Z-1ce3398155a9-rtx3080_topk_gate_release_v1,topk_gate.release.main.e33_t1024,topk_gate,cuda_naive,L2_operator_steady,warm,5,5,150,10.4294395447,10.362880229950001,10.855424404145,10.3202815691684,0.42818723391597796,0.041489879035391565,True
20260802T192733Z-1ce3398155a9-rtx3080_topk_gate_release_v1,topk_gate.release.main.e33_t1024,topk_gate,cuda_subwarp_pair_top2_v2,L1_kernel_body,warm,5,5,150,9.32864010334,9.333760142325,9.980415970088501,9.327411210537067,0.4402404896844672,0.04719857200968396,False
20260802T192733Z-1ce3398155a9-rtx3080_topk_gate_release_v1,topk_gate.release.main.e33_t1024,topk_gate,cuda_subwarp_pair_top2_v2,L2_operator_steady,warm,5,5,150,9.45152014494,9.354240000245,10.284032165989998,9.2467200199754,0.6470459118074341,0.06997572224633611,False
20260802T192733Z-1ce3398155a9-rtx3080_topk_gate_release_v1,topk_gate.release.main.e33_t1024,topk_gate,cuda_vector_pair_top2_v3,L1_kernel_body,warm,5,5,150,9.22623991966,9.221119880675,9.764351844789001,9.158178118864999,0.4397323928866957,0.04801526975991957,False
20260802T192733Z-1ce3398155a9-rtx3080_topk_gate_release_v1,topk_gate.release.main.e33_t1024,topk_gate,cuda_vector_pair_top2_v3,L2_operator_steady,warm,5,5,150,9.44640010595,9.44127976894,10.625023722649996,9.6137216051424,1.7847404825736284,0.1856451180798669,False
20260802T192733Z-1ce3398155a9-rtx3080_topk_gate_release_v1,topk_gate.release.main.e33_t1024,topk_gate,cuda_warp_pair_top2_v1,L1_kernel_body,warm,5,5,150,9.27231997252,9.175040125845,9.907712012531501,9.126229314009134,0.5373745831962855,0.05888243267911246,False
20260802T192733Z-1ce3398155a9-rtx3080_topk_gate_release_v1,topk_gate.release.main.e33_t1024,topk_gate,cuda_warp_pair_top2_v1,L2_operator_steady,warm,5,5,150,9.48223978281,9.44127976894,10.204672217399999,9.4641493201248,0.4586672793807721,0.04846365625333602,False
20260802T192733Z-1ce3398155a9-rtx3080_topk_gate_release_v1,topk_gate.release.main.e33_t128,topk_gate,cuda_naive,L1_kernel_body,warm,5,5,150,10.1427197456,9.99423980713,10.7622396946,9.813742951550333,0.7773714235456234,0.07921253158794195,True
20260802T192733Z-1ce3398155a9-rtx3080_topk_gate_release_v1,topk_gate.release.main.e33_t128,topk_gate,cuda_naive,L2_operator_steady,warm,5,5,150,9.90720003843,9.93791997433,10.754047632245,9.825621338685133,0.9610545030058012,0.09781106658588268,True
20260802T192733Z-1ce3398155a9-rtx3080_topk_gate_release_v1,topk_gate.release.main.e33_t128,topk_gate,cuda_subwarp_pair_top2_v2,L1_kernel_body,warm,5,5,150,9.02656018734,9.0623998642,11.316735684879998,9.356902388730333,0.9973582168550437,0.10659064030167555,False
20260802T192733Z-1ce3398155a9-rtx3080_topk_gate_release_v1,topk_gate.release.main.e33_t128,topk_gate,cuda_subwarp_pair_top2_v2,L2_operator_steady,warm,5,5,150,8.47360014915,8.514559864999999,9.3957120180135,8.5528576095902,0.4859181993891226,0.0568135495257479,False
20260802T192733Z-1ce3398155a9-rtx3080_topk_gate_release_v1,topk_gate.release.main.e33_t128,topk_gate,cuda_vector_pair_top2_v3,L1_kernel_body,warm,5,5,150,8.38144004345,8.632320165635,11.452415704734978,9.160362664859267,2.750713720617425,0.3002843687804674,False
20260802T192733Z-1ce3398155a9-rtx3080_topk_gate_release_v1,topk_gate.release.main.e33_t128,topk_gate,cuda_vector_pair_top2_v3,L2_operator_steady,warm,5,5,150,8.3353599906,8.49919974804,9.5390719175335,8.5949098428094,0.5071023010206727,0.05900030486589923,False
20260802T192733Z-1ce3398155a9-rtx3080_topk_gate_release_v1,topk_gate.release.main.e33_t128,topk_gate,cuda_warp_pair_top2_v1,L1_kernel_body,warm,5,5,150,8.26880007982,8.35583984852,9.247744083402498,8.4479317506154,0.48061354489949554,0.05689126748265748,False
20260802T192733Z-1ce3398155a9-rtx3080_topk_gate_release_v1,topk_gate.release.main.e33_t128,topk_gate,cuda_warp_pair_top2_v1,L2_operator_steady,warm,5,5,150,8.38144004345,8.483840227125,9.571839839221,8.572586683432933,0.5176221950680098,0.060381097815942475,False
20260802T192733Z-1ce3398155a9-rtx3080_topk_gate_release_v1,topk_gate.release.main.e33_t16,topk_gate,cuda_naive,L1_kernel_body,warm,5,5,150,9.80992019176,9.78944003582,10.611711740489998,9.825894399484,0.4180972142570259,0.042550550337583724,True
20260802T192733Z-1ce3398155a9-rtx3080_topk_gate_release_v1,topk_gate.release.main.e33_t16,topk_gate,cuda_naive,L2_operator_steady,warm,5,5,150,9.7023999691,9.76383984089,12.092927634734998,9.953757854301665,0.9553477833224742,0.09597860399121587,True
20260802T192733Z-1ce3398155a9-rtx3080_topk_gate_release_v1,topk_gate.release.main.e33_t16,topk_gate,cuda_subwarp_pair_top2_v2,L1_kernel_body,warm,5,5,150,8.52991998196,8.64256024361,9.3854719400435,8.630476804574267,0.43400058943190695,0.050286977099791394,False
20260802T192733Z-1ce3398155a9-rtx3080_topk_gate_release_v1,topk_gate.release.main.e33_t16,topk_gate,cuda_subwarp_pair_top2_v2,L2_operator_steady,warm,5,5,150,8.54528009892,8.663039803505,9.3957120180135,8.665224544207133,0.5276473760794013,0.060892521986881866,False
20260802T192733Z-1ce3398155a9-rtx3080_topk_gate_release_v1,topk_gate.release.main.e33_t16,topk_gate,cuda_vector_pair_top2_v3,L1_kernel_body,warm,5,5,150,8.42751979828,8.376320004465,9.217023849487,8.402875709533667,0.40743892750158234,0.04848803452362309,False
20260802T192733Z-1ce3398155a9-rtx3080_topk_gate_release_v1,topk_gate.release.main.e33_t16,topk_gate,cuda_vector_pair_top2_v3,L2_operator_steady,warm,5,5,150,8.47872018814,8.52991998196,9.462783932687,8.590062948067866,0.48070196678014754,0.055960237973374835,False
20260802T192733Z-1ce3398155a9-rtx3080_topk_gate_release_v1,topk_gate.release.main.e33_t16,topk_gate,cuda_warp_pair_top2_v1,L1_kernel_body,warm,5,5,150,8.55552017689,8.52991998196,9.391103982927,8.586444818973467,0.4571365460178065,0.053239327295002456,False
20260802T192733Z-1ce3398155a9-rtx3080_topk_gate_release_v1,topk_gate.release.main.e33_t16,topk_gate,cuda_warp_pair_top2_v1,L2_operator_steady,warm,5,5,150,8.47871989012,8.37632000446,9.222655892370499,8.460014927387533,0.4116968497137085,0.04866384436047812,False
20260802T192733Z-1ce3398155a9-rtx3080_topk_gate_release_v1,topk_gate.release.main.e33_t2,topk_gate,cuda_naive,L1_kernel_body,warm,5,5,150,9.13407981396,8.99071991444,9.997312098717,8.988808544475534,0.608712540594647,0.06771893489363036,True
20260802T192733Z-1ce3398155a9-rtx3080_topk_gate_release_v1,topk_gate.release.main.e33_t2,topk_gate,cuda_naive,L2_operator_steady,warm,5,5,150,9.0316799283,8.87808024883,9.959936141966,8.890163199106267,0.5972944446818976,0.06718599324947645,True
20260802T192733Z-1ce3398155a9-rtx3080_topk_gate_release_v1,topk_gate.release.main.e33_t2,topk_gate,cuda_subwarp_pair_top2_v2,L1_kernel_body,warm,5,5,150,8.80127996206,8.872960209845001,9.5093759596385,8.823876269658534,0.4690688310811137,0.05315904447731628,False
20260802T192733Z-1ce3398155a9-rtx3080_topk_gate_release_v1,topk_gate.release.main.e33_t2,topk_gate,cuda_subwarp_pair_top2_v2,L2_operator_steady,warm,5,5,150,8.77568006516,8.821759819985001,9.49248015881,8.7747242728866,0.4825801772760878,0.05499662009520153,False
20260802T192733Z-1ce3398155a9-rtx3080_topk_gate_release_v1,topk_gate.release.main.e33_t2,topk_gate,cuda_vector_pair_top2_v3,L1_kernel_body,warm,5,5,150,8.39168012142,8.52991998196,9.337343841787998,8.528554670016334,0.4454665427877951,0.05223236058436874,False
20260802T192733Z-1ce3398155a9-rtx3080_topk_gate_release_v1,topk_gate.release.main.e33_t2,topk_gate,cuda_vector_pair_top2_v3,L2_operator_steady,warm,5,5,150,8.54016005993,8.560640215875,9.3224957287315,8.593544526895199,0.4475752340861826,0.05208272706162251,False
20260802T192733Z-1ce3398155a9-rtx3080_topk_gate_release_v1,topk_gate.release.main.e33_t2,topk_gate,cuda_warp_pair_top2_v1,L1_kernel_body,warm,5,5,150,8.42751979828,8.494080007075,9.13407981396,8.520908788840266,0.37569853670355835,0.04409136936140031,False
20260802T192733Z-1ce3398155a9-rtx3080_topk_gate_release_v1,topk_gate.release.main.e33_t2,topk_gate,cuda_warp_pair_top2_v1,L2_operator_steady,warm,5,5,150,8.51967990398,8.57087999582,9.3649917840935,8.641740802923733,0.40585985447008244,0.046965057588023135,False
20260802T192733Z-1ce3398155a9-rtx3080_topk_gate_release_v1,topk_gate.release.main.e33_t2048,topk_gate,cuda_naive,L1_kernel_body,warm,5,5,150,10.3782403469,10.3167998791,10.9875202179,10.271129635966133,0.45137362205401427,0.04394585971083956,True
20260802T192733Z-1ce3398155a9-rtx3080_topk_gate_release_v1,topk_gate.release.main.e33_t2048,topk_gate,cuda_naive,L2_operator_steady,warm,5,5,150,10.4396796227,10.40895998475,10.947583913799999,10.321715184051866,0.5412812247939136,0.052441015387660564,True
20260802T192733Z-1ce3398155a9-rtx3080_topk_gate_release_v1,topk_gate.release.main.e33_t2048,topk_gate,cuda_subwarp_pair_top2_v2,L1_kernel_body,warm,5,5,150,9.84063982964,9.943040013315,10.880511939545,9.989256505170466,0.5174713427412078,0.05180278857323998,False
20260802T192733Z-1ce3398155a9-rtx3080_topk_gate_release_v1,topk_gate.release.main.e33_t2048,topk_gate,cuda_subwarp_pair_top2_v2,L2_operator_steady,warm,5,5,150,10.0966399908,10.1990401745,10.890751481045,10.116300797461934,0.5550967983550027,0.05487151968576006,False
20260802T192733Z-1ce3398155a9-rtx3080_topk_gate_release_v1,topk_gate.release.main.e33_t2048,topk_gate,cuda_vector_pair_top2_v3,L1_kernel_body,warm,5,5,150,9.8918402195,9.907200038435,10.7827198505,9.933277893066935,0.5795687364324974,0.05834617159326784,False
20260802T192733Z-1ce3398155a9-rtx3080_topk_gate_release_v1,topk_gate.release.main.e33_t2048,topk_gate,cuda_vector_pair_top2_v3,L2_operator_steady,warm,5,5,150,9.81503993273,9.84063982964,10.58560007809,9.846442711352132,0.4930712494012949,0.050076079641719194,False
20260802T192733Z-1ce3398155a9-rtx3080_topk_gate_release_v1,topk_gate.release.main.e33_t2048,topk_gate,cuda_warp_pair_top2_v1,L1_kernel_body,warm,5,5,150,9.77919995785,9.968640208245,10.970112085344999,9.962086371579266,0.6321567241430857,0.06345625811341679,False
20260802T192733Z-1ce3398155a9-rtx3080_topk_gate_release_v1,topk_gate.release.main.e33_t2048,topk_gate,cuda_warp_pair_top2_v1,L2_operator_steady,warm,5,5,150,9.75359976292,9.83039975166,10.8441603184,9.904947205386,0.4975026114701971,0.05022768937119329,False
20260802T192733Z-1ce3398155a9-rtx3080_topk_gate_release_v1,topk_gate.release.main.e33_t256,topk_gate,cuda_naive,L1_kernel_body,warm,5,5,150,10.3987205029,10.39872050285,10.941951870899999,10.3866367896368,0.33883994762576936,0.032622681864051005,True
20260802T192733Z-1ce3398155a9-rtx3080_topk_gate_release_v1,topk_gate.release.main.e33_t256,topk_gate,cuda_naive,L2_operator_steady,warm,5,5,150,10.4140800238,10.4191994667,11.563007831545,10.548701878389801,0.6701513594660435,0.06352927281402498,True
20260802T192733Z-1ce3398155a9-rtx3080_topk_gate_release_v1,topk_gate.release.main.e33_t256,topk_gate,cuda_subwarp_pair_top2_v2,L1_kernel_body,warm,5,5,150,8.23808014393,8.26367974281,9.1397118568435,8.3387050787612,0.4380207164880108,0.0525286255300785,False
20260802T192733Z-1ce3398155a9-rtx3080_topk_gate_release_v1,topk_gate.release.main.e33_t256,topk_gate,cuda_subwarp_pair_top2_v2,L2_operator_steady,warm,5,5,150,8.3046400547,8.376320004465,9.228287935259498,8.431889053186467,0.4501740694371816,0.05338946784019387,False
20260802T192733Z-1ce3398155a9-rtx3080_topk_gate_release_v1,topk_gate.release.main.e33_t256,topk_gate,cuda_vector_pair_top2_v3,L1_kernel_body,warm,5,5,150,8.35584014654,8.48896026611,9.350143939255,8.523161613940733,0.479368847949487,0.05624307852680128,False
20260802T192733Z-1ce3398155a9-rtx3080_topk_gate_release_v1,topk_gate.release.main.e33_t256,topk_gate,cuda_vector_pair_top2_v3,L2_operator_steady,warm,5,5,150,8.30976009369,8.31488013268,9.241599977016499,8.364441597461735,0.454760653844489,0.05436832196694281,False
20260802T192733Z-1ce3398155a9-rtx3080_topk_gate_release_v1,topk_gate.release.main.e33_t256,topk_gate,cuda_warp_pair_top2_v1,L1_kernel_body,warm,5,5,150,8.65280002356,8.724479973314999,10.1544958353,8.795750363667134,0.7145777575517835,0.08124125037739942,False
20260802T192733Z-1ce3398155a9-rtx3080_topk_gate_release_v1,topk_gate.release.main.e33_t256,topk_gate,cuda_warp_pair_top2_v1,L2_operator_steady,warm,5,5,150,8.30976009369,8.3046400547,9.129471778869,8.402739191054668,0.5579541434653983,0.0664014591883777,False
20260802T192733Z-1ce3398155a9-rtx3080_topk_gate_release_v1,topk_gate.release.main.e33_t32,topk_gate,cuda_naive,L1_kernel_body,warm,5,5,150,9.79456007481,9.845759868625,10.4560637474,9.819886970520534,0.42171058776562953,0.04294454600461409,True
20260802T192733Z-1ce3398155a9-rtx3080_topk_gate_release_v1,topk_gate.release.main.e33_t32,topk_gate,cuda_naive,L2_operator_steady,warm,5,5,150,9.72800016403,9.69727993011,10.5323523283,9.564023458955933,0.7723394945471902,0.08075466333407587,True
20260802T192733Z-1ce3398155a9-rtx3080_topk_gate_release_v1,topk_gate.release.main.e33_t32,topk_gate,cuda_subwarp_pair_top2_v2,L1_kernel_body,warm,5,5,150,8.47359985113,8.50943982601,9.3736961185915,8.5361322482426,0.46378331658678174,0.05433178670378079,False
20260802T192733Z-1ce3398155a9-rtx3080_topk_gate_release_v1,topk_gate.release.main.e33_t32,topk_gate,cuda_subwarp_pair_top2_v2,L2_operator_steady,warm,5,5,150,8.34559977055,8.40704023838,9.1806721687335,8.4325717131298,0.3902855114714044,0.04628309426218299,False
20260802T192733Z-1ce3398155a9-rtx3080_topk_gate_release_v1,topk_gate.release.main.e33_t32,topk_gate,cuda_vector_pair_top2_v3,L1_kernel_body,warm,5,5,150,8.45311999321,8.514559864995,9.53343987465,8.635733322302267,0.5065570392208214,0.058658254060788256,False
20260802T192733Z-1ce3398155a9-rtx3080_topk_gate_release_v1,topk_gate.release.main.e33_t32,topk_gate,cuda_vector_pair_top2_v3,L2_operator_steady,warm,5,5,150,8.54016005993,8.52991998196,9.508351951836,8.587400527795133,0.5234336857975845,0.060953682561255745,False
20260802T192733Z-1ce3398155a9-rtx3080_topk_gate_release_v1,topk_gate.release.main.e33_t32,topk_gate,cuda_warp_pair_top2_v1,L1_kernel_body,warm,5,5,150,8.50943982601,8.616960048675,9.386495947836,8.630135448773935,0.4194628484336214,0.04860443395395534,False
20260802T192733Z-1ce3398155a9-rtx3080_topk_gate_release_v1,topk_gate.release.main.e33_t32,topk_gate,cuda_warp_pair_top2_v1,L2_operator_steady,warm,5,5,150,8.57087999582,8.606719970705,9.315840005873,8.639214924971133,0.43168691122747316,0.04996830325168876,False
20260802T192733Z-1ce3398155a9-rtx3080_topk_gate_release_v1,topk_gate.release.main.e33_t4,topk_gate,cuda_naive,L1_kernel_body,warm,5,5,150,8.57087999582,8.657919764515,9.995263814927,8.806946158408866,0.7484441023698517,0.08498338571710669,True
20260802T192733Z-1ce3398155a9-rtx3080_topk_gate_release_v1,topk_gate.release.main.e33_t4,topk_gate,cuda_naive,L2_operator_steady,warm,5,5,150,9.79456007481,9.85087990761,10.619903802845,9.8853546937312,0.408385480252351,0.04131217269435246,True
20260802T192733Z-1ce3398155a9-rtx3080_topk_gate_release_v1,topk_gate.release.main.e33_t4,topk_gate,cuda_subwarp_pair_top2_v2,L1_kernel_body,warm,5,5,150,8.49408000708,8.565760254859999,9.458175897596,8.637098677952867,0.43860469947639646,0.05078148529158091,False
20260802T192733Z-1ce3398155a9-rtx3080_topk_gate_release_v1,topk_gate.release.main.e33_t4,topk_gate,cuda_subwarp_pair_top2_v2,L2_operator_steady,warm,5,5,150,8.69888007641,8.75519990921,9.5288318395635,8.7361535867054,0.45760012728004074,0.05238004606242414,False
20260802T192733Z-1ce3398155a9-rtx3080_topk_gate_release_v1,topk_gate.release.main.e33_t4,topk_gate,cuda_vector_pair_top2_v3,L1_kernel_body,warm,5,5,150,8.82687985897,8.780800104145,9.518591761589,8.7654399792354,0.4350927491209208,0.04963729717522673,False
20260802T192733Z-1ce3398155a9-rtx3080_topk_gate_release_v1,topk_gate.release.main.e33_t4,topk_gate,cuda_vector_pair_top2_v3,L2_operator_steady,warm,5,5,150,8.49919974804,8.50943982601,9.2113918066035,8.559547702471534,0.46000912173577563,0.05374222303860167,False
20260802T192733Z-1ce3398155a9-rtx3080_topk_gate_release_v1,topk_gate.release.main.e33_t4,topk_gate,cuda_warp_pair_top2_v1,L1_kernel_body,warm,5,5,150,8.54016005993,8.44799995422,9.28767979145,8.531831455230801,0.4654510984228896,0.05455465228834602,False
20260802T192733Z-1ce3398155a9-rtx3080_topk_gate_release_v1,topk_gate.release.main.e33_t4,topk_gate,cuda_warp_pair_top2_v1,L2_operator_steady,warm,5,5,150,8.38656008244,8.39680016041,9.107455879451498,8.435165874163134,0.3907624593337596,0.04632540309973782,False
20260802T192733Z-1ce3398155a9-rtx3080_topk_gate_release_v1,topk_gate.release.main.e33_t4096,topk_gate,cuda_naive,L1_kernel_body,warm,5,5,150,10.4755198956,10.48063993455,11.070463657400001,10.510950386528133,0.34769909636055024,0.03307970103314307,True
20260802T192733Z-1ce3398155a9-rtx3080_topk_gate_release_v1,topk_gate.release.main.e33_t4096,topk_gate,cuda_naive,L2_operator_steady,warm,5,5,150,10.4857599735,10.51136016845,13.664255678634998,11.000968539710467,1.302555935249803,0.11840375059231693,True
20260802T192733Z-1ce3398155a9-rtx3080_topk_gate_release_v1,topk_gate.release.main.e33_t4096,topk_gate,cuda_subwarp_pair_top2_v2,L1_kernel_body,warm,5,5,150,13.5014402866,13.3120000362,14.376447796834999,13.243665091196,0.8114564778756757,0.061271292522725306,False
20260802T192733Z-1ce3398155a9-rtx3080_topk_gate_release_v1,topk_gate.release.main.e33_t4096,topk_gate,cuda_subwarp_pair_top2_v2,L2_operator_steady,warm,5,5,150,13.0867195129,12.73856043815,13.937664032,12.432657066983333,1.194235912142859,0.09605637038878198,False
20260802T192733Z-1ce3398155a9-rtx3080_topk_gate_release_v1,topk_gate.release.main.e33_t4096,topk_gate,cuda_vector_pair_top2_v3,L1_kernel_body,warm,5,5,150,13.2300800085,13.3017599583,14.3359994888,13.359240516031333,0.5712033552385144,0.042757172801332524,False
20260802T192733Z-1ce3398155a9-rtx3080_topk_gate_release_v1,topk_gate.release.main.e33_t4096,topk_gate,cuda_vector_pair_top2_v3,L2_operator_steady,warm,5,5,150,13.3324795961,13.1379199028,14.2028796673,12.95701332887,1.0226875369515929,0.07892926486946687,False
20260802T192733Z-1ce3398155a9-rtx3080_topk_gate_release_v1,topk_gate.release.main.e33_t4096,topk_gate,cuda_warp_pair_top2_v1,L1_kernel_body,warm,5,5,150,12.7436804771,12.63103961945,14.322175919989999,12.454502431555333,1.2540074592952162,0.10068707812188481,False
20260802T192733Z-1ce3398155a9-rtx3080_topk_gate_release_v1,topk_gate.release.main.e33_t4096,topk_gate,cuda_warp_pair_top2_v1,L2_operator_steady,warm,5,5,150,13.5065603256,13.4758400917,14.3825918436,13.485875209170667,0.5992952100319228,0.04443873317353478,False
20260802T192733Z-1ce3398155a9-rtx3080_topk_gate_release_v1,topk_gate.release.main.e33_t512,topk_gate,cuda_naive,L1_kernel_body,warm,5,5,150,10.4447996616,10.39872050285,11.159040331844999,10.365815492470734,0.5211966581738766,0.05028033332760463,True
20260802T192733Z-1ce3398155a9-rtx3080_topk_gate_release_v1,topk_gate.release.main.e33_t512,topk_gate,cuda_naive,L2_operator_steady,warm,5,5,150,10.4703998566,10.4703998566,10.937343835844999,10.489582924049133,0.31636026857327393,0.030159470673325323,True
20260802T192733Z-1ce3398155a9-rtx3080_topk_gate_release_v1,topk_gate.release.main.e33_t512,topk_gate,cuda_subwarp_pair_top2_v2,L1_kernel_body,warm,5,5,150,8.10496002436,8.227840065955,22.7020788193,11.0329855402324,5.785755156732782,0.524405215218918,False
20260802T192733Z-1ce3398155a9-rtx3080_topk_gate_release_v1,topk_gate.release.main.e33_t512,topk_gate,cuda_subwarp_pair_top2_v2,L2_operator_steady,warm,5,5,150,8.25856000185,8.32512021065,8.9666559994185,8.3359061519304,0.39790588881297617,0.047733969356268544,False
20260802T192733Z-1ce3398155a9-rtx3080_topk_gate_release_v1,topk_gate.release.main.e33_t512,topk_gate,cuda_vector_pair_top2_v3,L1_kernel_body,warm,5,5,150,8.40192019939,8.33536028862,8.99071991444,8.376046935716866,0.386869579352166,0.046187608823261166,False
20260802T192733Z-1ce3398155a9-rtx3080_topk_gate_release_v1,topk_gate.release.main.e33_t512,topk_gate,cuda_vector_pair_top2_v3,L2_operator_steady,warm,5,5,150,8.55552017689,8.61184000969,9.60511982441,8.705501874288,0.5235506739048468,0.060140205753234255,False
20260802T192733Z-1ce3398155a9-rtx3080_topk_gate_release_v1,topk_gate.release.main.e33_t512,topk_gate,cuda_warp_pair_top2_v1,L1_kernel_body,warm,5,5,150,8.48896026611,8.51967990398,9.187327891587499,8.516881060600333,0.4951205442469915,0.05813402121317069,False
20260802T192733Z-1ce3398155a9-rtx3080_topk_gate_release_v1,topk_gate.release.main.e33_t512,topk_gate,cuda_warp_pair_top2_v1,L2_operator_steady,warm,5,5,150,8.3046400547,8.47872018814,9.259007841347499,8.505480527877667,0.46586903677822,0.0547728062219744,False
20260802T192733Z-1ce3398155a9-rtx3080_topk_gate_release_v1,topk_gate.release.main.e33_t64,topk_gate,cuda_naive,L1_kernel_body,warm,5,5,150,9.93279993534,9.90208029747,10.88614398239,9.749572288988935,0.7920556051496995,0.08124003614437926,True
20260802T192733Z-1ce3398155a9-rtx3080_topk_gate_release_v1,topk_gate.release.main.e33_t64,topk_gate,cuda_naive,L2_operator_steady,warm,5,5,150,9.84575986862,9.896960258485,10.710527837279997,9.941196819146667,0.4283733051785094,0.04309071764412367,True
20260802T192733Z-1ce3398155a9-rtx3080_topk_gate_release_v1,topk_gate.release.main.e33_t64,topk_gate,cuda_subwarp_pair_top2_v2,L1_kernel_body,warm,5,5,150,8.67327988148,8.791040182115,9.485311776398998,8.7350613117218,0.4492663716637707,0.051432537864489716,False
20260802T192733Z-1ce3398155a9-rtx3080_topk_gate_release_v1,topk_gate.release.main.e33_t64,topk_gate,cuda_subwarp_pair_top2_v2,L2_operator_steady,warm,5,5,150,8.63231986761,8.63232016563,9.428479939700999,8.666248512268066,0.4179645329455015,0.04822900385949294,False
20260802T192733Z-1ce3398155a9-rtx3080_topk_gate_release_v1,topk_gate.release.main.e33_t64,topk_gate,cuda_vector_pair_top2_v3,L1_kernel_body,warm,5,5,150,8.42239975929,8.47872018814,9.434111982584499,8.521932816505334,0.485774593871151,0.057002865937912546,False
20260802T192733Z-1ce3398155a9-rtx3080_topk_gate_release_v1,topk_gate.release.main.e33_t64,topk_gate,cuda_vector_pair_top2_v3,L2_operator_steady,warm,5,5,150,8.35072010756,8.41727972031,9.855487883088998,8.550673039754134,0.6819142457113977,0.07974977437928155,False
20260802T192733Z-1ce3398155a9-rtx3080_topk_gate_release_v1,topk_gate.release.main.e33_t64,topk_gate,cuda_warp_pair_top2_v1,L1_kernel_body,warm,5,5,150,8.48895996809,8.45311999321,9.0782719850535,8.4628138979274,0.41547240729745655,0.04909388441109505,False
20260802T192733Z-1ce3398155a9-rtx3080_topk_gate_release_v1,topk_gate.release.main.e33_t64,topk_gate,cuda_warp_pair_top2_v1,L2_operator_steady,warm,5,5,150,8.56064021587,8.46848011017,9.160192012783499,8.502545062701266,0.4081099164265908,0.0479985596567875,False
20260802T192733Z-1ce3398155a9-rtx3080_topk_gate_release_v1,topk_gate.release.main.e33_t8,topk_gate,cuda_naive,L1_kernel_body,warm,5,5,150,9.73823994398,9.733120203015,10.4253435135,9.721787734828467,0.4275988210821032,0.04398355865662683,True
20260802T192733Z-1ce3398155a9-rtx3080_topk_gate_release_v1,topk_gate.release.main.e33_t8,topk_gate,cuda_naive,L2_operator_steady,warm,5,5,150,9.82015997171,9.74847972393,10.419200003135,9.7647274931264,0.4042145145951328,0.041395370723829004,True
20260802T192733Z-1ce3398155a9-rtx3080_topk_gate_release_v1,topk_gate.release.main.e33_t8,topk_gate,cuda_subwarp_pair_top2_v2,L1_kernel_body,warm,5,5,150,8.3609598875,8.41727972031,9.235967934132997,8.493192549546468,0.4321881466461484,0.050886418048914604,False
20260802T192733Z-1ce3398155a9-rtx3080_topk_gate_release_v1,topk_gate.release.main.e33_t8,topk_gate,cuda_subwarp_pair_top2_v2,L2_operator_steady,warm,5,5,150,8.42239975929,8.42751979828,9.298943877222499,8.498653852940066,0.45576136387030486,0.05362747698126763,False
20260802T192733Z-1ce3398155a9-rtx3080_topk_gate_release_v1,topk_gate.release.main.e33_t8,topk_gate,cuda_vector_pair_top2_v3,L1_kernel_body,warm,5,5,150,8.55552017689,8.49919974804,9.534463882447,8.5490346670154,0.4872628470632324,0.0569962418029758,False
20260802T192733Z-1ce3398155a9-rtx3080_topk_gate_release_v1,topk_gate.release.main.e33_t8,topk_gate,cuda_vector_pair_top2_v3,L2_operator_steady,warm,5,5,150,8.48384022713,8.48896026611,9.3736961185915,8.577638395627133,0.4273452368989818,0.04982085012080269,False
20260802T192733Z-1ce3398155a9-rtx3080_topk_gate_release_v1,topk_gate.release.main.e33_t8,topk_gate,cuda_warp_pair_top2_v1,L1_kernel_body,warm,5,5,150,8.38144004345,8.524799942969999,9.596928030251998,8.594773332277533,0.5544165248253512,0.0645062415716362,False
20260802T192733Z-1ce3398155a9-rtx3080_topk_gate_release_v1,topk_gate.release.main.e33_t8,topk_gate,cuda_warp_pair_top2_v1,L2_operator_steady,warm,5,5,150,8.54528009892,8.73471975327,9.508351951836,8.686796788374734,0.49364491416666184,0.05682703604017666,False
20260802T192733Z-1ce3398155a9-rtx3080_topk_gate_release_v1,topk_gate.release.main.e3_t1,topk_gate,cuda_naive,L1_kernel_body,warm,5,5,150,8.09472024441,8.17152023315,9.033727914092,8.2356906652448,0.45491065220871296,0.055236490866329924,True
20260802T192733Z-1ce3398155a9-rtx3080_topk_gate_release_v1,topk_gate.release.main.e3_t1,topk_gate,cuda_naive,L2_operator_steady,warm,5,5,150,8.61184000969,8.606719970705,9.375231862069,8.5154474616056,0.5727693656580474,0.06726239205168566,True
20260802T192733Z-1ce3398155a9-rtx3080_topk_gate_release_v1,topk_gate.release.main.e3_t1,topk_gate,cuda_subwarp_pair_top2_v2,L1_kernel_body,warm,5,5,150,8.58111977577,8.627200126645,12.029439687704995,8.978295469282335,1.1244138958228702,0.12523690044172142,False
20260802T192733Z-1ce3398155a9-rtx3080_topk_gate_release_v1,topk_gate.release.main.e3_t1,topk_gate,cuda_subwarp_pair_top2_v2,L2_operator_steady,warm,5,5,150,8.69888007641,8.64767998457,9.299967885019498,8.622011737028867,0.4129272690090486,0.047892218382822885,False
20260802T192733Z-1ce3398155a9-rtx3080_topk_gate_release_v1,topk_gate.release.main.e3_t1,topk_gate,cuda_vector_pair_top2_v3,L1_kernel_body,warm,5,5,150,8.56064021587,8.565760254859999,9.3317117989045,8.636552536487933,0.4637972884990134,0.053701669333863306,False
20260802T192733Z-1ce3398155a9-rtx3080_topk_gate_release_v1,topk_gate.release.main.e3_t1,topk_gate,cuda_vector_pair_top2_v3,L2_operator_steady,warm,5,5,150,8.64767998457,8.637440204619999,9.2830717563635,8.660104525089334,0.36343648699492503,0.041966755244351506,False
20260802T192733Z-1ce3398155a9-rtx3080_topk_gate_release_v1,topk_gate.release.main.e3_t1,topk_gate,cuda_warp_pair_top2_v1,L1_kernel_body,warm,5,5,150,8.95999997854,8.91903996468,9.59487974644,8.903611707686533,0.442181084825369,0.049663114176871824,False
20260802T192733Z-1ce3398155a9-rtx3080_topk_gate_release_v1,topk_gate.release.main.e3_t1,topk_gate,cuda_warp_pair_top2_v1,L2_operator_steady,warm,5,5,150,8.98048013449,8.97023975849,9.411584138872499,8.993382402261533,0.2670328819677775,0.029692152521016757,False
20260802T192733Z-1ce3398155a9-rtx3080_topk_gate_release_v1,topk_gate.release.main.e3_t1024,topk_gate,cuda_naive,L1_kernel_body,warm,5,5,150,8.40191990137,8.39680016041,9.1100158989385,8.3180202603342,0.5982707137784452,0.07192465214726564,True
20260802T192733Z-1ce3398155a9-rtx3080_topk_gate_release_v1,topk_gate.release.main.e3_t1024,topk_gate,cuda_naive,L2_operator_steady,warm,5,5,150,8.25856000185,8.18175971508,9.013248085979498,8.210431977113068,0.46116544993885933,0.056168232222662325,True
20260802T192733Z-1ce3398155a9-rtx3080_topk_gate_release_v1,topk_gate.release.main.e3_t1024,topk_gate,cuda_subwarp_pair_top2_v2,L1_kernel_body,warm,5,5,150,8.22272002697,8.45311999321,9.4059520959835,8.475852807363067,0.5737947861180467,0.06769758738844366,False
20260802T192733Z-1ce3398155a9-rtx3080_topk_gate_release_v1,topk_gate.release.main.e3_t1024,topk_gate,cuda_subwarp_pair_top2_v2,L2_operator_steady,warm,5,5,150,8.7961602211,8.62208008766,9.473024010657,8.639556284746066,0.5286994720502108,0.06119521126144853,False
20260802T192733Z-1ce3398155a9-rtx3080_topk_gate_release_v1,topk_gate.release.main.e3_t1024,topk_gate,cuda_vector_pair_top2_v3,L1_kernel_body,warm,5,5,150,8.94976019859,8.95488023758,9.6025600731355,8.988194127877467,0.35826915638307816,0.03985997090025939,False
20260802T192733Z-1ce3398155a9-rtx3080_topk_gate_release_v1,topk_gate.release.main.e3_t1024,topk_gate,cuda_vector_pair_top2_v3,L2_operator_steady,warm,5,5,150,8.76543998718,8.72448027134,9.408000111583,8.664541884263667,0.49920866848841783,0.05761512554923055,False
20260802T192733Z-1ce3398155a9-rtx3080_topk_gate_release_v1,topk_gate.release.main.e3_t1024,topk_gate,cuda_warp_pair_top2_v1,L1_kernel_body,warm,5,5,150,8.48896026611,8.519679903985,9.378304153677998,8.5697194655742,0.4774147551009155,0.05570949632817731,False
20260802T192733Z-1ce3398155a9-rtx3080_topk_gate_release_v1,topk_gate.release.main.e3_t1024,topk_gate,cuda_warp_pair_top2_v1,L2_operator_steady,warm,5,5,150,8.38656008244,8.616960048675,9.350655943154498,8.641194661457932,0.4595127585539571,0.05317699421857818,False
20260802T192733Z-1ce3398155a9-rtx3080_topk_gate_release_v1,topk_gate.release.main.e3_t128,topk_gate,cuda_naive,L1_kernel_body,warm,5,5,150,8.09471994638,8.176639974115,9.3137919902835,8.226065059503066,0.5685188849582279,0.06911188774290729,True
20260802T192733Z-1ce3398155a9-rtx3080_topk_gate_release_v1,topk_gate.release.main.e3_t128,topk_gate,cuda_naive,L2_operator_steady,warm,5,5,150,8.67327988148,8.56064021587,9.3649917840935,8.546781853834933,0.4493748570849855,0.052578252817269626,True
20260802T192733Z-1ce3398155a9-rtx3080_topk_gate_release_v1,topk_gate.release.main.e3_t128,topk_gate,cuda_subwarp_pair_top2_v2,L1_kernel_body,warm,5,5,150,8.8831999898,8.82687985897,9.534463882447,8.796910929679866,0.5921507817969311,0.06731349067080761,False
20260802T192733Z-1ce3398155a9-rtx3080_topk_gate_release_v1,topk_gate.release.main.e3_t128,topk_gate,cuda_subwarp_pair_top2_v2,L2_operator_steady,warm,5,5,150,8.91391992569,8.93952012062,11.32748842239,9.289318398633332,0.9193627642683296,0.09896988399101365,False
20260802T192733Z-1ce3398155a9-rtx3080_topk_gate_release_v1,topk_gate.release.main.e3_t128,topk_gate,cuda_vector_pair_top2_v3,L1_kernel_body,warm,5,5,150,8.7603199482,8.729600012305,9.4571518898035,8.6762154579162,0.5336947221977235,0.06151238691413307,False
20260802T192733Z-1ce3398155a9-rtx3080_topk_gate_release_v1,topk_gate.release.main.e3_t128,topk_gate,cuda_vector_pair_top2_v3,L2_operator_steady,warm,5,5,150,8.84223997593,8.83711993694,9.5288318395635,8.7497386654208,0.5720640773049754,0.0653807044050113,False
20260802T192733Z-1ce3398155a9-rtx3080_topk_gate_release_v1,topk_gate.release.main.e3_t128,topk_gate,cuda_warp_pair_top2_v1,L1_kernel_body,warm,5,5,150,8.99583995342,8.94976019859,9.58464026451,8.934809609254334,0.42802649269041654,0.04790549674915099,False
20260802T192733Z-1ce3398155a9-rtx3080_topk_gate_release_v1,topk_gate.release.main.e3_t128,topk_gate,cuda_warp_pair_top2_v1,L2_operator_steady,warm,5,5,150,8.89344006777,8.837119936945001,9.544703960417,8.8238762577372,0.48079540221326816,0.05448800370377854,False
20260802T192733Z-1ce3398155a9-rtx3080_topk_gate_release_v1,topk_gate.release.main.e3_t16,topk_gate,cuda_naive,L1_kernel_body,warm,5,5,150,8.16640019417,8.25856000185,9.2011519968515,8.341504017512467,0.5383098272368586,0.06453390492969982,True
20260802T192733Z-1ce3398155a9-rtx3080_topk_gate_release_v1,topk_gate.release.main.e3_t16,topk_gate,cuda_naive,L2_operator_steady,warm,5,5,150,8.32000017166,8.31488013268,9.360384017225,8.416119480132734,0.5535305387214299,0.06577028047523631,True
20260802T192733Z-1ce3398155a9-rtx3080_topk_gate_release_v1,topk_gate.release.main.e3_t16,topk_gate,cuda_subwarp_pair_top2_v2,L1_kernel_body,warm,5,5,150,8.86272013187,8.76543998718,9.3957120180135,8.760183477402,0.391178257033445,0.04465411689635711,False
20260802T192733Z-1ce3398155a9-rtx3080_topk_gate_release_v1,topk_gate.release.main.e3_t16,topk_gate,cuda_subwarp_pair_top2_v2,L2_operator_steady,warm,5,5,150,8.80127996206,8.82687985897,9.4571518898035,8.7560191909478,0.5488341041491295,0.06268077903672578,False
20260802T192733Z-1ce3398155a9-rtx3080_topk_gate_release_v1,topk_gate.release.main.e3_t16,topk_gate,cuda_vector_pair_top2_v3,L1_kernel_body,warm,5,5,150,8.78592014313,8.82687985897,9.675775974987996,8.857873066266867,0.639286549965812,0.07217156366807569,False
20260802T192733Z-1ce3398155a9-rtx3080_topk_gate_release_v1,topk_gate.release.main.e3_t16,topk_gate,cuda_vector_pair_top2_v3,L2_operator_steady,warm,5,5,150,8.816639781,8.71424019337,9.3967360258105,8.697514645258535,0.42783990455608006,0.049191053077365925,False
20260802T192733Z-1ce3398155a9-rtx3080_topk_gate_release_v1,topk_gate.release.main.e3_t16,topk_gate,cuda_warp_pair_top2_v1,L1_kernel_body,warm,5,5,150,8.96512001753,8.94976019859,9.54367995262,8.980206946531199,0.35762668822489085,0.0398238804911987,False
20260802T192733Z-1ce3398155a9-rtx3080_topk_gate_release_v1,topk_gate.release.main.e3_t16,topk_gate,cuda_warp_pair_top2_v1,L2_operator_steady,warm,5,5,150,8.80127996206,8.760319948195,9.493504166602499,8.731716291109533,0.4887910971611378,0.05597881113691423,False
20260802T192733Z-1ce3398155a9-rtx3080_topk_gate_release_v1,topk_gate.release.main.e3_t2,topk_gate,cuda_naive,L1_kernel_body,warm,5,5,150,8.64767998457,8.616960048675,9.4059520959835,8.519065598647067,0.6054559129257393,0.07107069500930867,True
20260802T192733Z-1ce3398155a9-rtx3080_topk_gate_release_v1,topk_gate.release.main.e3_t2,topk_gate,cuda_naive,L2_operator_steady,warm,5,5,150,8.27903985977,8.28415989876,9.094144105912498,8.312149341901065,0.5354161282218229,0.06441368004817011,True
20260802T192733Z-1ce3398155a9-rtx3080_topk_gate_release_v1,topk_gate.release.main.e3_t2,topk_gate,cuda_subwarp_pair_top2_v2,L1_kernel_body,warm,5,5,150,8.57087999582,8.48895996809,9.243136048316,8.4797440012298,0.47270181066083194,0.05574482090405995,False
20260802T192733Z-1ce3398155a9-rtx3080_topk_gate_release_v1,topk_gate.release.main.e3_t2,topk_gate,cuda_subwarp_pair_top2_v2,L2_operator_steady,warm,5,5,150,8.54528009892,8.57088029385,9.23647999763,8.571084809303267,0.41298478097792324,0.04818349020764085,False
20260802T192733Z-1ce3398155a9-rtx3080_topk_gate_release_v1,topk_gate.release.main.e3_t2,topk_gate,cuda_vector_pair_top2_v3,L1_kernel_body,warm,5,5,150,8.48384022713,8.442879915235,9.367040067910999,8.452300814787467,0.6020775013047708,0.0712323797387126,False
20260802T192733Z-1ce3398155a9-rtx3080_topk_gate_release_v1,topk_gate.release.main.e3_t2,topk_gate,cuda_vector_pair_top2_v3,L2_operator_steady,warm,5,5,150,8.67327988148,8.750079870225001,9.416192173959,8.727756794294066,0.5535845425114299,0.06342804406206026,False
20260802T192733Z-1ce3398155a9-rtx3080_topk_gate_release_v1,topk_gate.release.main.e3_t2,topk_gate,cuda_warp_pair_top2_v1,L1_kernel_body,warm,5,5,150,8.97024005651,8.99071991444,9.5493119955035,9.025399462381866,0.3160911122665204,0.03502239580463974,False
20260802T192733Z-1ce3398155a9-rtx3080_topk_gate_release_v1,topk_gate.release.main.e3_t2,topk_gate,cuda_warp_pair_top2_v1,L2_operator_steady,warm,5,5,150,8.49408000708,8.6630398035,9.632256031036,8.679082683722067,0.5393897355015997,0.06214824252259339,False
20260802T192733Z-1ce3398155a9-rtx3080_topk_gate_release_v1,topk_gate.release.main.e3_t2048,topk_gate,cuda_naive,L1_kernel_body,warm,5,5,150,8.27904015779,8.207359910015,9.184767872094998,8.293444275855867,0.506229451654769,0.061039712189122665,True
20260802T192733Z-1ce3398155a9-rtx3080_topk_gate_release_v1,topk_gate.release.main.e3_t2048,topk_gate,cuda_naive,L2_operator_steady,warm,5,5,150,8.45311999321,8.376320004465,9.44127976894,8.406357332070867,0.6207767726714546,0.07384610814759753,True
20260802T192733Z-1ce3398155a9-rtx3080_topk_gate_release_v1,topk_gate.release.main.e3_t2048,topk_gate,cuda_subwarp_pair_top2_v2,L1_kernel_body,warm,5,5,150,8.82175981998,8.72447997332,9.480703741307998,8.7274837056802,0.44166037964953725,0.05060569512860698,False
20260802T192733Z-1ce3398155a9-rtx3080_topk_gate_release_v1,topk_gate.release.main.e3_t2048,topk_gate,cuda_subwarp_pair_top2_v2,L2_operator_steady,warm,5,5,150,8.97535979748,8.95488023758,9.539583861828998,8.887227714061734,0.4029135505340042,0.04533624697120092,False
20260802T192733Z-1ce3398155a9-rtx3080_topk_gate_release_v1,topk_gate.release.main.e3_t2048,topk_gate,cuda_vector_pair_top2_v3,L1_kernel_body,warm,5,5,150,8.92928004265,8.965120017530001,9.408000111583,8.977066667874533,0.2605301366241909,0.029021744659258015,False
20260802T192733Z-1ce3398155a9-rtx3080_topk_gate_release_v1,topk_gate.release.main.e3_t2048,topk_gate,cuda_vector_pair_top2_v3,L2_operator_steady,warm,5,5,150,8.83200019598,8.93952012062,9.6015360653385,8.975974392891134,0.4089671675362088,0.045562425830905445,False
20260802T192733Z-1ce3398155a9-rtx3080_topk_gate_release_v1,topk_gate.release.main.e3_t2048,topk_gate,cuda_warp_pair_top2_v1,L1_kernel_body,warm,5,5,150,9.6460801363,9.651200175285,10.586624085934998,9.712981311478266,0.41477043771660843,0.042702690802715285,False
20260802T192733Z-1ce3398155a9-rtx3080_topk_gate_release_v1,topk_gate.release.main.e3_t2048,topk_gate,cuda_warp_pair_top2_v1,L2_operator_steady,warm,5,5,150,9.77407991886,9.68703985214,10.476543903345,9.509068783123867,0.7922651465990603,0.0833167962782145,False
20260802T192733Z-1ce3398155a9-rtx3080_topk_gate_release_v1,topk_gate.release.main.e3_t256,topk_gate,cuda_naive,L1_kernel_body,warm,5,5,150,7.97695994377,8.053759932515,9.0168321132635,8.1760255773866,0.4590040944913929,0.0561402468897498,True
20260802T192733Z-1ce3398155a9-rtx3080_topk_gate_release_v1,topk_gate.release.main.e3_t256,topk_gate,cuda_naive,L2_operator_steady,warm,5,5,150,8.50944012403,8.44799995422,9.3649917840935,8.450730637709134,0.5573441182130894,0.0659521811908298,True
20260802T192733Z-1ce3398155a9-rtx3080_topk_gate_release_v1,topk_gate.release.main.e3_t256,topk_gate,cuda_subwarp_pair_top2_v2,L1_kernel_body,warm,5,5,150,8.70400011539,8.616960048675,9.449984103437998,8.5839872121804,0.601608067290688,0.07008492119338501,False
20260802T192733Z-1ce3398155a9-rtx3080_topk_gate_release_v1,topk_gate.release.main.e3_t256,topk_gate,cuda_subwarp_pair_top2_v2,L2_operator_steady,warm,5,5,150,8.39680016041,8.46848011017,9.4330879747875,8.4839082717892,0.6477917618049984,0.07635534721173776,False
20260802T192733Z-1ce3398155a9-rtx3080_topk_gate_release_v1,topk_gate.release.main.e3_t256,topk_gate,cuda_vector_pair_top2_v3,L1_kernel_body,warm,5,5,150,8.78080010414,8.70400011539,9.516032010314499,8.7216127872468,1.7856195983775747,0.2047350234338082,False
20260802T192733Z-1ce3398155a9-rtx3080_topk_gate_release_v1,topk_gate.release.main.e3_t256,topk_gate,cuda_vector_pair_top2_v3,L2_operator_steady,warm,5,5,150,8.92416000366,8.821759819985001,9.43104028702,8.755814425151067,0.5351778968954897,0.06112257191726126,False
20260802T192733Z-1ce3398155a9-rtx3080_topk_gate_release_v1,topk_gate.release.main.e3_t256,topk_gate,cuda_warp_pair_top2_v1,L1_kernel_body,warm,5,5,150,9.07263994217,9.10336017609,54.101504564269995,15.460693343478868,15.100408727495527,0.9766967361696425,False
20260802T192733Z-1ce3398155a9-rtx3080_topk_gate_release_v1,topk_gate.release.main.e3_t256,topk_gate,cuda_warp_pair_top2_v1,L2_operator_steady,warm,5,5,150,8.95488023758,8.965120017530001,9.5493119955035,8.979592549800667,0.3543768636050933,0.0394646930403273,False
20260802T192733Z-1ce3398155a9-rtx3080_topk_gate_release_v1,topk_gate.release.main.e3_t32,topk_gate,cuda_naive,L1_kernel_body,warm,5,5,150,8.74495983124,8.72448027134,9.3445122241935,8.5527210911116,0.5148186680649207,0.06019355273960063,True
20260802T192733Z-1ce3398155a9-rtx3080_topk_gate_release_v1,topk_gate.release.main.e3_t32,topk_gate,cuda_naive,L2_operator_steady,warm,5,5,150,8.73472005129,8.73472005129,20.450304746645003,10.132957887649733,4.1075050129461435,0.4053609082844861,True
20260802T192733Z-1ce3398155a9-rtx3080_topk_gate_release_v1,topk_gate.release.main.e3_t32,topk_gate,cuda_subwarp_pair_top2_v2,L1_kernel_body,warm,5,5,150,8.84736001492,8.74495983124,9.278463989494998,8.644676299890067,0.4735787567219259,0.05478270559742628,False
20260802T192733Z-1ce3398155a9-rtx3080_topk_gate_release_v1,topk_gate.release.main.e3_t32,topk_gate,cuda_subwarp_pair_top2_v2,L2_operator_steady,warm,5,5,150,8.89343976974,8.883199989795,9.4571518898035,8.892552538712666,0.372434282264734,0.04188159481131945,False
20260802T192733Z-1ce3398155a9-rtx3080_topk_gate_release_v1,topk_gate.release.main.e3_t32,topk_gate,cuda_vector_pair_top2_v3,L1_kernel_body,warm,5,5,150,8.93440008163,8.84736001492,9.558015733957,8.900949362914199,0.40028040771114765,0.04497052970314782,False
20260802T192733Z-1ce3398155a9-rtx3080_topk_gate_release_v1,topk_gate.release.main.e3_t32,topk_gate,cuda_vector_pair_top2_v3,L2_operator_steady,warm,5,5,150,8.76543998718,8.73471975327,9.3137919902835,8.667067706584467,0.45380478750005365,0.05235966798266652,False
20260802T192733Z-1ce3398155a9-rtx3080_topk_gate_release_v1,topk_gate.release.main.e3_t32,topk_gate,cuda_warp_pair_top2_v1,L1_kernel_body,warm,5,5,150,9.0316799283,8.98559987545,10.866175830379998,9.085474121570867,0.7170829329341898,0.07892630845006546,False
20260802T192733Z-1ce3398155a9-rtx3080_topk_gate_release_v1,topk_gate.release.main.e3_t32,topk_gate,cuda_warp_pair_top2_v1,L2_operator_steady,warm,5,5,150,9.01120007038,9.00095999241,9.746943980458,9.074687985579333,0.3811133106380807,0.041997401039430914,False
20260802T192733Z-1ce3398155a9-rtx3080_topk_gate_release_v1,topk_gate.release.main.e3_t4,topk_gate,cuda_naive,L1_kernel_body,warm,5,5,150,8.7961602211,8.78592014313,9.4059520959835,8.699289592107267,0.4876743728563384,0.05605910318226421,True
20260802T192733Z-1ce3398155a9-rtx3080_topk_gate_release_v1,topk_gate.release.main.e3_t4,topk_gate,cuda_naive,L2_operator_steady,warm,5,5,150,8.39168012142,8.40703994036,10.151935696618494,8.5389994502072,0.8749447190552985,0.10246454800205752,True
20260802T192733Z-1ce3398155a9-rtx3080_topk_gate_release_v1,topk_gate.release.main.e3_t4,topk_gate,cuda_subwarp_pair_top2_v2,L1_kernel_body,warm,5,5,150,8.61696004868,8.57600003481,9.278463989494998,8.559069848060867,0.4234191195055684,0.049470225973386316,False
20260802T192733Z-1ce3398155a9-rtx3080_topk_gate_release_v1,topk_gate.release.main.e3_t4,topk_gate,cuda_subwarp_pair_top2_v2,L2_operator_steady,warm,5,5,150,8.65792006254,8.750079870225001,9.3967360258105,8.739771743615934,0.386551062815323,0.044228965487306184,False
20260802T192733Z-1ce3398155a9-rtx3080_topk_gate_release_v1,topk_gate.release.main.e3_t4,topk_gate,cuda_vector_pair_top2_v3,L1_kernel_body,warm,5,5,150,8.56576025486,8.56064021587,9.3736961185915,8.5146282792088,0.5278608479551914,0.061994585159299696,False
20260802T192733Z-1ce3398155a9-rtx3080_topk_gate_release_v1,topk_gate.release.main.e3_t4,topk_gate,cuda_vector_pair_top2_v3,L2_operator_steady,warm,5,5,150,8.68863999844,8.74495983124,9.528320103883999,8.784213340281868,0.4455963906326914,0.0507269545229867,False
20260802T192733Z-1ce3398155a9-rtx3080_topk_gate_release_v1,topk_gate.release.main.e3_t4,topk_gate,cuda_warp_pair_top2_v1,L1_kernel_body,warm,5,5,150,9.02656018734,9.04191970825,9.544703960417,9.0799445112542,0.31530406507203707,0.03472532950848227,False
20260802T192733Z-1ce3398155a9-rtx3080_topk_gate_release_v1,topk_gate.release.main.e3_t4,topk_gate,cuda_warp_pair_top2_v1,L2_operator_steady,warm,5,5,150,8.97535979748,8.98047983646,9.52319979668,8.993587195873667,0.3026218987653326,0.03364863120515227,False
20260802T192733Z-1ce3398155a9-rtx3080_topk_gate_release_v1,topk_gate.release.main.e3_t4096,topk_gate,cuda_naive,L1_kernel_body,warm,5,5,150,8.14079999924,8.115199804305,8.893951773643499,8.160187741120934,0.4045739742875211,0.04957900321934827,True
20260802T192733Z-1ce3398155a9-rtx3080_topk_gate_release_v1,topk_gate.release.main.e3_t4096,topk_gate,cuda_naive,L2_operator_steady,warm,5,5,150,8.13567996025,8.20223987103,8.893951773643499,8.226338152090602,0.45007899941917723,0.054711949727570625,True
20260802T192733Z-1ce3398155a9-rtx3080_topk_gate_release_v1,topk_gate.release.main.e3_t4096,topk_gate,cuda_subwarp_pair_top2_v2,L1_kernel_body,warm,5,5,150,8.9395198226,8.9087998867,9.6209919452635,8.943206409612333,0.4293239878213087,0.04800559979917973,False
20260802T192733Z-1ce3398155a9-rtx3080_topk_gate_release_v1,topk_gate.release.main.e3_t4096,topk_gate,cuda_subwarp_pair_top2_v2,L2_operator_steady,warm,5,5,150,8.96512001753,8.85760009289,9.493504166602499,8.837802672386132,0.42787464796447416,0.04841414363112857,False
20260802T192733Z-1ce3398155a9-rtx3080_topk_gate_release_v1,topk_gate.release.main.e3_t4096,topk_gate,cuda_vector_pair_top2_v3,L1_kernel_body,warm,5,5,150,9.05728012323,8.965120017530001,9.60511982441,8.9275733431184,0.4531998274432977,0.050764055362551075,False
20260802T192733Z-1ce3398155a9-rtx3080_topk_gate_release_v1,topk_gate.release.main.e3_t4096,topk_gate,cuda_vector_pair_top2_v3,L2_operator_steady,warm,5,5,150,9.05215978622,8.944640159605001,9.765375852586,8.931874128183,0.4993875948261141,0.05591072911007355,False
20260802T192733Z-1ce3398155a9-rtx3080_topk_gate_release_v1,topk_gate.release.main.e3_t4096,topk_gate,cuda_warp_pair_top2_v1,L1_kernel_body,warm,5,5,150,9.3081599474,9.29791986942,9.939455986026001,9.3100714683516,0.4149755530269129,0.04457275698017672,False
20260802T192733Z-1ce3398155a9-rtx3080_topk_gate_release_v1,topk_gate.release.main.e3_t4096,topk_gate,cuda_warp_pair_top2_v1,L2_operator_steady,warm,5,5,150,9.38495993614,9.4003200531,10.0305920839,9.396497078736868,0.3871307461848237,0.04119947496826808,False
20260802T192733Z-1ce3398155a9-rtx3080_topk_gate_release_v1,topk_gate.release.main.e3_t512,topk_gate,cuda_naive,L1_kernel_body,warm,5,5,150,8.37632000446,8.473600149155,9.391103982927,8.4558506846428,0.5656762382555495,0.06689761436810959,True
20260802T192733Z-1ce3398155a9-rtx3080_topk_gate_release_v1,topk_gate.release.main.e3_t512,topk_gate,cuda_naive,L2_operator_steady,warm,5,5,150,8.49408000708,8.42751979828,9.4264322519335,8.4650666713714,0.5744797145275071,0.06786475958545964,True
20260802T192733Z-1ce3398155a9-rtx3080_topk_gate_release_v1,topk_gate.release.main.e3_t512,topk_gate,cuda_subwarp_pair_top2_v2,L1_kernel_body,warm,5,5,150,8.77056002617,8.791040182115,9.4489600956455,8.7930197040244,0.3835795962329192,0.04362319307181377,False
20260802T192733Z-1ce3398155a9-rtx3080_topk_gate_release_v1,topk_gate.release.main.e3_t512,topk_gate,cuda_subwarp_pair_top2_v2,L2_operator_steady,warm,5,5,150,8.97024005651,8.83711993694,9.50272023678,8.787763198217,0.541385312476814,0.06160672520018049,False
20260802T192733Z-1ce3398155a9-rtx3080_topk_gate_release_v1,topk_gate.release.main.e3_t512,topk_gate,cuda_vector_pair_top2_v3,L1_kernel_body,warm,5,5,150,8.63231986761,8.524799942969999,9.386495947836,8.507050649325134,0.5211337279713476,0.06125903670418246,False
20260802T192733Z-1ce3398155a9-rtx3080_topk_gate_release_v1,topk_gate.release.main.e3_t512,topk_gate,cuda_vector_pair_top2_v3,L2_operator_steady,warm,5,5,150,8.82175981998,8.80639970303,9.493504166602499,8.7293951908746,0.5363084833692819,0.06143707228765628,False
20260802T192733Z-1ce3398155a9-rtx3080_topk_gate_release_v1,topk_gate.release.main.e3_t512,topk_gate,cuda_warp_pair_top2_v1,L1_kernel_body,warm,5,5,150,8.99583995342,8.990719914435001,9.559552073479,8.946756259600734,0.3499914443502625,0.03911936730976524,False
20260802T192733Z-1ce3398155a9-rtx3080_topk_gate_release_v1,topk_gate.release.main.e3_t512,topk_gate,cuda_warp_pair_top2_v1,L2_operator_steady,warm,5,5,150,9.01120007038,9.02144014835,9.6307199597365,8.995430374145666,0.4068285734651389,0.04522613777706851,False
20260802T192733Z-1ce3398155a9-rtx3080_topk_gate_release_v1,topk_gate.release.main.e3_t64,topk_gate,cuda_naive,L1_kernel_body,warm,5,5,150,8.61696004868,8.59647989273,9.27743971348,8.501589330038133,0.47540578540910006,0.05591963654717814,True
20260802T192733Z-1ce3398155a9-rtx3080_topk_gate_release_v1,topk_gate.release.main.e3_t64,topk_gate,cuda_naive,L2_operator_steady,warm,5,5,150,8.42751979828,8.2687997818,9.341951876879,8.3616426587104,0.5799655144152324,0.06936023674858635,True
20260802T192733Z-1ce3398155a9-rtx3080_topk_gate_release_v1,topk_gate.release.main.e3_t64,topk_gate,cuda_subwarp_pair_top2_v2,L1_kernel_body,warm,5,5,150,8.96000027657,8.883199989795,9.612800151111,8.8363008141514,0.6042277099439053,0.06838016525832057,False
20260802T192733Z-1ce3398155a9-rtx3080_topk_gate_release_v1,topk_gate.release.main.e3_t64,topk_gate,cuda_subwarp_pair_top2_v2,L2_operator_steady,warm,5,5,150,9.03679996729,8.995839953425,11.53894418479,9.328776514530666,0.9488033155915875,0.10170715464281031,False
20260802T192733Z-1ce3398155a9-rtx3080_topk_gate_release_v1,topk_gate.release.main.e3_t64,topk_gate,cuda_vector_pair_top2_v3,L1_kernel_body,warm,5,5,150,8.86272013187,8.821759819985001,9.738752126697996,8.873369622230532,0.5432190925930722,0.06121903129473392,False
20260802T192733Z-1ce3398155a9-rtx3080_topk_gate_release_v1,topk_gate.release.main.e3_t64,topk_gate,cuda_vector_pair_top2_v3,L2_operator_steady,warm,5,5,150,8.82175981998,8.657919764515,9.446911811829,8.582758402824668,0.5996678778165573,0.06986889874695772,False
20260802T192733Z-1ce3398155a9-rtx3080_topk_gate_release_v1,topk_gate.release.main.e3_t64,topk_gate,cuda_warp_pair_top2_v1,L1_kernel_body,warm,5,5,150,9.03679996729,9.03679996729,9.5288318395635,9.0572800040242,0.3393789172991626,0.03747029098673935,False
20260802T192733Z-1ce3398155a9-rtx3080_topk_gate_release_v1,topk_gate.release.main.e3_t64,topk_gate,cuda_warp_pair_top2_v1,L2_operator_steady,warm,5,5,150,9.05727982521,9.07263994217,9.6460801363,9.131485839684533,0.3002612476080731,0.03288197045689623,False
20260802T192733Z-1ce3398155a9-rtx3080_topk_gate_release_v1,topk_gate.release.main.e3_t8,topk_gate,cuda_naive,L1_kernel_body,warm,5,5,150,8.77056002617,8.729600012305,9.4003200531,8.595046389103333,0.5816384023525835,0.0676713511505855,True
20260802T192733Z-1ce3398155a9-rtx3080_topk_gate_release_v1,topk_gate.release.main.e3_t8,topk_gate,cuda_naive,L2_operator_steady,warm,5,5,150,8.28927993774,8.227840065955,9.1545599699,8.229819730917601,0.5580652198344633,0.06781013899222318,True
20260802T192733Z-1ce3398155a9-rtx3080_topk_gate_release_v1,topk_gate.release.main.e3_t8,topk_gate,cuda_subwarp_pair_top2_v2,L1_kernel_body,warm,5,5,150,8.68351995945,8.67327988148,9.39007997513,8.593408024311135,0.5200925175218682,0.06052226497921469,False
20260802T192733Z-1ce3398155a9-rtx3080_topk_gate_release_v1,topk_gate.release.main.e3_t8,topk_gate,cuda_subwarp_pair_top2_v2,L2_operator_steady,warm,5,5,150,8.64256024361,8.64256024361,9.415679842233999,8.602350926398866,0.5406527150593519,0.06284941403636517,False
20260802T192733Z-1ce3398155a9-rtx3080_topk_gate_release_v1,topk_gate.release.main.e3_t8,topk_gate,cuda_vector_pair_top2_v3,L1_kernel_body,warm,5,5,150,8.80640000105,8.765439987185001,9.931264013037993,8.734105594952933,0.8197299222007163,0.09385390562193377,False
20260802T192733Z-1ce3398155a9-rtx3080_topk_gate_release_v1,topk_gate.release.main.e3_t8,topk_gate,cuda_vector_pair_top2_v3,L2_operator_steady,warm,5,5,150,8.70400011539,8.811519742015,11.980287969134999,9.236343459288067,1.1897422530915256,0.12881095839881537,False
20260802T192733Z-1ce3398155a9-rtx3080_topk_gate_release_v1,topk_gate.release.main.e3_t8,topk_gate,cuda_warp_pair_top2_v1,L1_kernel_body,warm,5,5,150,8.98047983646,8.97023975849,9.534463882447,8.942387191454532,0.3914129551854659,0.0437705219876305,False
20260802T192733Z-1ce3398155a9-rtx3080_topk_gate_release_v1,topk_gate.release.main.e3_t8,topk_gate,cuda_warp_pair_top2_v1,L2_operator_steady,warm,5,5,150,9.04703974724,9.05215978622,9.54367995262,9.0779647906622,0.28694841800651266,0.03160933365831891,False
20260802T192733Z-1ce3398155a9-rtx3080_topk_gate_release_v1,topk_gate.release.main.e48_t1,topk_gate,cuda_naive,L1_kernel_body,warm,5,5,150,10.1017600298,9.9123197794,10.880511939545,9.5649791836706,0.9829414750047185,0.10276462249732891,True
20260802T192733Z-1ce3398155a9-rtx3080_topk_gate_release_v1,topk_gate.release.main.e48_t1,topk_gate,cuda_naive,L2_operator_steady,warm,5,5,150,10.1478397846,10.163199901599999,10.7883518934,10.036701858042735,0.5835103413416388,0.05813765812661388,True
20260802T192733Z-1ce3398155a9-rtx3080_topk_gate_release_v1,topk_gate.release.main.e48_t1,topk_gate,cuda_subwarp_pair_top2_v2,L1_kernel_body,warm,5,5,150,8.38144004345,8.391680121425,9.1919359266785,8.414481095473134,0.47908159028638325,0.05693536949582335,False
20260802T192733Z-1ce3398155a9-rtx3080_topk_gate_release_v1,topk_gate.release.main.e48_t1,topk_gate,cuda_subwarp_pair_top2_v2,L2_operator_steady,warm,5,5,150,8.28927993774,8.314880132675,9.393151879309496,8.452437325318133,0.6425776368553009,0.07602276268059942,False
20260802T192733Z-1ce3398155a9-rtx3080_topk_gate_release_v1,topk_gate.release.main.e48_t1,topk_gate,cuda_vector_pair_top2_v3,L1_kernel_body,warm,5,5,150,8.40703994036,8.27391982079,9.145343899727,8.331741865476333,0.5017393093863474,0.060220217751268804,False
20260802T192733Z-1ce3398155a9-rtx3080_topk_gate_release_v1,topk_gate.release.main.e48_t1,topk_gate,cuda_vector_pair_top2_v3,L2_operator_steady,warm,5,5,150,8.29439997673,8.39680016041,9.49248015881,8.513331214587334,0.5305673039620249,0.06232193845024072,False
20260802T192733Z-1ce3398155a9-rtx3080_topk_gate_release_v1,topk_gate.release.main.e48_t1,topk_gate,cuda_warp_pair_top2_v1,L1_kernel_body,warm,5,5,150,8.28415989876,8.2687997818,9.432575970889998,8.411477323373132,0.49987622249208,0.05942787494689719,False
20260802T192733Z-1ce3398155a9-rtx3080_topk_gate_release_v1,topk_gate.release.main.e48_t1,topk_gate,cuda_warp_pair_top2_v1,L2_operator_steady,warm,5,5,150,8.7859198451,8.616960048675,9.554944038392499,8.6272682507832,0.5502031814916738,0.06377490133585742,False
20260802T192733Z-1ce3398155a9-rtx3080_topk_gate_release_v1,topk_gate.release.main.e48_t1024,topk_gate,cuda_naive,L1_kernel_body,warm,5,5,150,10.0044798851,9.968640208245,10.7827198505,10.012876824534732,0.4601336589172246,0.0459541914856828,True
20260802T192733Z-1ce3398155a9-rtx3080_topk_gate_release_v1,topk_gate.release.main.e48_t1024,topk_gate,cuda_naive,L2_operator_steady,warm,5,5,150,10.1529598236,10.01984000205,11.006463706534998,10.0412074923508,0.6997062044351633,0.06968347232822208,True
20260802T192733Z-1ce3398155a9-rtx3080_topk_gate_release_v1,topk_gate.release.main.e48_t1024,topk_gate,cuda_subwarp_pair_top2_v2,L1_kernel_body,warm,5,5,150,9.8252800107,9.7587198019,10.659840107,9.682261363667333,0.7481637240960477,0.07727158935241416,False
20260802T192733Z-1ce3398155a9-rtx3080_topk_gate_release_v1,topk_gate.release.main.e48_t1024,topk_gate,cuda_subwarp_pair_top2_v2,L2_operator_steady,warm,5,5,150,9.71776008606,9.7023999691,10.5016320944,9.496917331216,0.7891556487326165,0.08309597959105028,False
20260802T192733Z-1ce3398155a9-rtx3080_topk_gate_release_v1,topk_gate.release.main.e48_t1024,topk_gate,cuda_vector_pair_top2_v3,L1_kernel_body,warm,5,5,150,9.85087990761,9.809920191765,10.499072074889998,9.620138661065866,0.7174099265600945,0.07457376154707201,False
20260802T192733Z-1ce3398155a9-rtx3080_topk_gate_release_v1,topk_gate.release.main.e48_t1024,topk_gate,cuda_vector_pair_top2_v3,L2_operator_steady,warm,5,5,150,9.98400002718,9.927679896355,10.569727957289999,9.9528021057448,0.3815703387114491,0.03833798106878917,False
20260802T192733Z-1ce3398155a9-rtx3080_topk_gate_release_v1,topk_gate.release.main.e48_t1024,topk_gate,cuda_warp_pair_top2_v1,L1_kernel_body,warm,5,5,150,9.99936014414,9.958400130275,11.26860773559999,10.083532782393666,0.7923326184827374,0.07857688724592518,False
20260802T192733Z-1ce3398155a9-rtx3080_topk_gate_release_v1,topk_gate.release.main.e48_t1024,topk_gate,cuda_warp_pair_top2_v1,L2_operator_steady,warm,5,5,150,9.84063982964,9.804800152775,10.702848434444999,9.5726933558776,0.8824871955203203,0.09218797288419107,False
20260802T192733Z-1ce3398155a9-rtx3080_topk_gate_release_v1,topk_gate.release.main.e48_t128,topk_gate,cuda_naive,L1_kernel_body,warm,5,5,150,10.2502399683,10.2041602135,11.3617914915,10.2253909110998,0.7056525154153128,0.06900983263625819,True
20260802T192733Z-1ce3398155a9-rtx3080_topk_gate_release_v1,topk_gate.release.main.e48_t128,topk_gate,cuda_naive,L2_operator_steady,warm,5,5,150,9.97375994921,10.14783978465,11.085311770445,10.0978005329792,0.617795474137144,0.061181192094202815,True
20260802T192733Z-1ce3398155a9-rtx3080_topk_gate_release_v1,topk_gate.release.main.e48_t128,topk_gate,cuda_subwarp_pair_top2_v2,L1_kernel_body,warm,5,5,150,8.47871989012,8.468480110165,9.61535990238,8.576819193363734,0.6087927790636821,0.07098118373939048,False
20260802T192733Z-1ce3398155a9-rtx3080_topk_gate_release_v1,topk_gate.release.main.e48_t128,topk_gate,cuda_subwarp_pair_top2_v2,L2_operator_steady,warm,5,5,150,8.60159993172,8.54016005993,9.335296154020499,8.597162679831134,0.4318034098994344,0.05022626952406534,False
20260802T192733Z-1ce3398155a9-rtx3080_topk_gate_release_v1,topk_gate.release.main.e48_t128,topk_gate,cuda_vector_pair_top2_v3,L1_kernel_body,warm,5,5,150,8.4582400322,8.48896026611,10.328575968745,8.627199999491532,0.706508272586269,0.08189311394518604,False
20260802T192733Z-1ce3398155a9-rtx3080_topk_gate_release_v1,topk_gate.release.main.e48_t128,topk_gate,cuda_vector_pair_top2_v3,L2_operator_steady,warm,5,5,150,8.43263983727,8.463360071185,9.099776148796,8.452505608399866,0.4030407701672041,0.047682993521669284,False
20260802T192733Z-1ce3398155a9-rtx3080_topk_gate_release_v1,topk_gate.release.main.e48_t128,topk_gate,cuda_warp_pair_top2_v1,L1_kernel_body,warm,5,5,150,8.42751979828,8.51967990398,9.545727968219499,8.5706751942632,0.4832983153850638,0.05638975978328528,False
20260802T192733Z-1ce3398155a9-rtx3080_topk_gate_release_v1,topk_gate.release.main.e48_t128,topk_gate,cuda_warp_pair_top2_v1,L2_operator_steady,warm,5,5,150,8.43775987625,8.442879915235,9.321472048756497,8.524936540921333,0.5109978891907492,0.059941547569047716,False
20260802T192733Z-1ce3398155a9-rtx3080_topk_gate_release_v1,topk_gate.release.main.e48_t16,topk_gate,cuda_naive,L1_kernel_body,warm,5,5,150,10.4806399345,10.4550397396,11.312127649779997,10.457838936647667,0.648688050534166,0.06202888134573886,True
20260802T192733Z-1ce3398155a9-rtx3080_topk_gate_release_v1,topk_gate.release.main.e48_t16,topk_gate,cuda_naive,L2_operator_steady,warm,5,5,150,10.1222395897,10.20928025245,10.89177602529,10.223069866496267,0.48818207069175235,0.04775298193859121,True
20260802T192733Z-1ce3398155a9-rtx3080_topk_gate_release_v1,topk_gate.release.main.e48_t16,topk_gate,cuda_subwarp_pair_top2_v2,L1_kernel_body,warm,5,5,150,8.27392011881,8.447999954225,10.31014382839,8.5944319963452,0.6855731911752594,0.07976945904823039,False
20260802T192733Z-1ce3398155a9-rtx3080_topk_gate_release_v1,topk_gate.release.main.e48_t16,topk_gate,cuda_subwarp_pair_top2_v2,L2_operator_steady,warm,5,5,150,8.27904015779,8.37632000446,9.6117758750905,8.454007486502599,0.5426867593053969,0.06419284110782175,False
20260802T192733Z-1ce3398155a9-rtx3080_topk_gate_release_v1,topk_gate.release.main.e48_t16,topk_gate,cuda_vector_pair_top2_v3,L1_kernel_body,warm,5,5,150,8.0588799715,8.2483202219,9.268223911524998,8.3398655891424,0.4865246263181555,0.05833722631592022,False
20260802T192733Z-1ce3398155a9-rtx3080_topk_gate_release_v1,topk_gate.release.main.e48_t16,topk_gate,cuda_vector_pair_top2_v3,L2_operator_steady,warm,5,5,150,8.55551987886,8.58111977577,9.463807940479498,8.5933397134144,0.4906141991476125,0.05709237799382614,False
20260802T192733Z-1ce3398155a9-rtx3080_topk_gate_release_v1,topk_gate.release.main.e48_t16,topk_gate,cuda_warp_pair_top2_v1,L1_kernel_body,warm,5,5,150,8.27391982079,8.24320018291,8.94976019859,8.262382928530533,0.38451039089495304,0.04653746918061789,False
20260802T192733Z-1ce3398155a9-rtx3080_topk_gate_release_v1,topk_gate.release.main.e48_t16,topk_gate,cuda_warp_pair_top2_v1,L2_operator_steady,warm,5,5,150,8.26880007982,8.360959887505,9.491967827080497,8.405538125832534,0.4923944241594087,0.058579762150640306,False
20260802T192733Z-1ce3398155a9-rtx3080_topk_gate_release_v1,topk_gate.release.main.e48_t2,topk_gate,cuda_naive,L1_kernel_body,warm,5,5,150,10.3167998791,10.3628802299,11.055615544344999,10.346018175281733,0.403816423660343,0.039031095520895565,True
20260802T192733Z-1ce3398155a9-rtx3080_topk_gate_release_v1,topk_gate.release.main.e48_t2,topk_gate,cuda_naive,L2_operator_steady,warm,5,5,150,10.2758395672,10.3116798401,10.8748805523,10.296319997307467,0.35766736959993917,0.03473739838053506,True
20260802T192733Z-1ce3398155a9-rtx3080_topk_gate_release_v1,topk_gate.release.main.e48_t2,topk_gate,cuda_subwarp_pair_top2_v2,L1_kernel_body,warm,5,5,150,8.20736020803,8.29439997673,9.1397118568435,8.406493874391266,0.4733772325618002,0.05631089960153912,False
20260802T192733Z-1ce3398155a9-rtx3080_topk_gate_release_v1,topk_gate.release.main.e48_t2,topk_gate,cuda_subwarp_pair_top2_v2,L2_operator_steady,warm,5,5,150,8.20735991001,8.33536028862,9.243136048316,8.401919996739068,0.5403004763426377,0.0643067866097675,False
20260802T192733Z-1ce3398155a9-rtx3080_topk_gate_release_v1,topk_gate.release.main.e48_t2,topk_gate,cuda_vector_pair_top2_v3,L1_kernel_body,warm,5,5,150,8.37119996548,8.360959887505,9.122303992507998,8.379460263251733,0.474628061715727,0.05664184169441277,False
20260802T192733Z-1ce3398155a9-rtx3080_topk_gate_release_v1,topk_gate.release.main.e48_t2,topk_gate,cuda_vector_pair_top2_v3,L2_operator_steady,warm,5,5,150,8.4582400322,8.44799995422,9.3916159272225,8.517427198092667,0.5242585008339465,0.06155127465619493,False
20260802T192733Z-1ce3398155a9-rtx3080_topk_gate_release_v1,topk_gate.release.main.e48_t2,topk_gate,cuda_warp_pair_top2_v1,L1_kernel_body,warm,5,5,150,8.3353599906,8.320000171665,8.995839893816498,8.352221858501599,0.3688715706446564,0.04416448424070389,False
20260802T192733Z-1ce3398155a9-rtx3080_topk_gate_release_v1,topk_gate.release.main.e48_t2,topk_gate,cuda_warp_pair_top2_v1,L2_operator_steady,warm,5,5,150,8.56064021587,8.596479892729999,9.497599869963999,8.626653858025866,0.49445318863471616,0.05731691531528163,False
20260802T192733Z-1ce3398155a9-rtx3080_topk_gate_release_v1,topk_gate.release.main.e48_t2048,topk_gate,cuda_naive,L1_kernel_body,warm,5,5,150,9.89695996046,9.98400002718,11.358208000689999,10.078549341360267,0.6276303344815842,0.062273876251805416,True
20260802T192733Z-1ce3398155a9-rtx3080_topk_gate_release_v1,topk_gate.release.main.e48_t2048,topk_gate,cuda_naive,L2_operator_steady,warm,5,5,150,10.2451199293,10.13247966765,11.156992316244999,10.134050110974266,0.6562947573594778,0.06476134913214703,True
20260802T192733Z-1ce3398155a9-rtx3080_topk_gate_release_v1,topk_gate.release.main.e48_t2048,topk_gate,cuda_subwarp_pair_top2_v2,L1_kernel_body,warm,5,5,150,9.54367995262,9.753599762915,10.671104192745,9.790737052758534,0.6370073374042255,0.0650622454644259,False
20260802T192733Z-1ce3398155a9-rtx3080_topk_gate_release_v1,topk_gate.release.main.e48_t2048,topk_gate,cuda_subwarp_pair_top2_v2,L2_operator_steady,warm,5,5,150,9.45664018393,9.58464026451,10.6757122278,9.654067218304668,0.6144931226879394,0.06365121650725873,False
20260802T192733Z-1ce3398155a9-rtx3080_topk_gate_release_v1,topk_gate.release.main.e48_t2048,topk_gate,cuda_vector_pair_top2_v3,L1_kernel_body,warm,5,5,150,9.44128006697,9.71264004707,11.03974395989,9.731345073380266,0.7371287462193792,0.07574787870134905,False
20260802T192733Z-1ce3398155a9-rtx3080_topk_gate_release_v1,topk_gate.release.main.e48_t2048,topk_gate,cuda_vector_pair_top2_v3,L2_operator_steady,warm,5,5,150,9.51296001673,9.44639980793,10.528768301044998,9.471385614074999,0.5532572781905257,0.058413552222850586,False
20260802T192733Z-1ce3398155a9-rtx3080_topk_gate_release_v1,topk_gate.release.main.e48_t2048,topk_gate,cuda_warp_pair_top2_v1,L1_kernel_body,warm,5,5,150,9.44128006697,9.45151984692,10.41612797979,9.484492822487066,0.5359970807700557,0.056512993451715655,False
20260802T192733Z-1ce3398155a9-rtx3080_topk_gate_release_v1,topk_gate.release.main.e48_t2048,topk_gate,cuda_warp_pair_top2_v1,L2_operator_steady,warm,5,5,150,9.58976000547,9.54367995262,10.543616414045,9.580066104729667,0.5644244137707676,0.05891654687978739,False
20260802T192733Z-1ce3398155a9-rtx3080_topk_gate_release_v1,topk_gate.release.main.e48_t256,topk_gate,cuda_naive,L1_kernel_body,warm,5,5,150,9.84063982964,9.784319996835,10.542592406299999,9.7510059078546,0.4705528821450889,0.048256855404635805,True
20260802T192733Z-1ce3398155a9-rtx3080_topk_gate_release_v1,topk_gate.release.main.e48_t256,topk_gate,cuda_naive,L2_operator_steady,warm,5,5,150,9.88671988249,9.758719801905,10.623999834034997,9.726361564796132,0.5818051189649222,0.05981734434700886,True
20260802T192733Z-1ce3398155a9-rtx3080_topk_gate_release_v1,topk_gate.release.main.e48_t256,topk_gate,cuda_subwarp_pair_top2_v2,L1_kernel_body,warm,5,5,150,8.52479994297,8.51967990398,9.430527955294998,8.585147722561933,0.48958609868259406,0.057027102445302416,False
20260802T192733Z-1ce3398155a9-rtx3080_topk_gate_release_v1,topk_gate.release.main.e48_t256,topk_gate,cuda_subwarp_pair_top2_v2,L2_operator_steady,warm,5,5,150,8.43775987625,8.42751979828,9.600511997933996,8.515720486639934,0.5415062924005767,0.06358901671915256,False
20260802T192733Z-1ce3398155a9-rtx3080_topk_gate_release_v1,topk_gate.release.main.e48_t256,topk_gate,cuda_vector_pair_top2_v3,L1_kernel_body,warm,5,5,150,8.34560006857,8.320000171665,9.738751918077497,8.431138118108267,0.5578499615019462,0.06616543978846756,False
20260802T192733Z-1ce3398155a9-rtx3080_topk_gate_release_v1,topk_gate.release.main.e48_t256,topk_gate,cuda_vector_pair_top2_v3,L2_operator_steady,warm,5,5,150,8.42239975929,8.36607992649,9.2216318845735,8.442060800393467,0.41438193157486736,0.04908540004302669,False
20260802T192733Z-1ce3398155a9-rtx3080_topk_gate_release_v1,topk_gate.release.main.e48_t256,topk_gate,cuda_warp_pair_top2_v1,L1_kernel_body,warm,5,5,150,8.17663997412,8.24320018291,9.0383359491785,8.310237860679267,0.4373692400139864,0.052630171042810134,False
20260802T192733Z-1ce3398155a9-rtx3080_topk_gate_release_v1,topk_gate.release.main.e48_t256,topk_gate,cuda_warp_pair_top2_v1,L2_operator_steady,warm,5,5,150,8.38656008244,8.42751979828,9.570304095743499,8.561868814627733,0.5845499618761977,0.06827364148321323,False
20260802T192733Z-1ce3398155a9-rtx3080_topk_gate_release_v1,topk_gate.release.main.e48_t32,topk_gate,cuda_naive,L1_kernel_body,warm,5,5,150,10.5062401295,10.33728003505,11.0796797276,10.3237631400404,0.48426005108021214,0.04690731901839401,True
20260802T192733Z-1ce3398155a9-rtx3080_topk_gate_release_v1,topk_gate.release.main.e48_t32,topk_gate,cuda_naive,L2_operator_steady,warm,5,5,150,10.1017600298,10.1529598236,11.044351458544998,10.157397290069266,0.6120467163912517,0.06025625452197687,True
20260802T192733Z-1ce3398155a9-rtx3080_topk_gate_release_v1,topk_gate.release.main.e48_t32,topk_gate,cuda_subwarp_pair_top2_v2,L1_kernel_body,warm,5,5,150,8.27392011881,8.35583984852,9.542655885215495,8.447522127628867,0.5652965920986124,0.06691862815602773,False
20260802T192733Z-1ce3398155a9-rtx3080_topk_gate_release_v1,topk_gate.release.main.e48_t32,topk_gate,cuda_subwarp_pair_top2_v2,L2_operator_steady,warm,5,5,150,8.27904015779,8.360959887505,9.5288318395635,8.4886869351072,0.5068099194489694,0.059704159585968884,False
20260802T192733Z-1ce3398155a9-rtx3080_topk_gate_release_v1,topk_gate.release.main.e48_t32,topk_gate,cuda_vector_pair_top2_v3,L1_kernel_body,warm,5,5,150,8.2687997818,8.376320004465,9.3317117989045,8.471142403284865,0.5189359056613522,0.06125925889997124,False
20260802T192733Z-1ce3398155a9-rtx3080_topk_gate_release_v1,topk_gate.release.main.e48_t32,topk_gate,cuda_vector_pair_top2_v3,L2_operator_steady,warm,5,5,150,8.54016005993,8.50943982601,9.07263994217,8.505548803011601,0.3858377369509965,0.04536306191252245,False
20260802T192733Z-1ce3398155a9-rtx3080_topk_gate_release_v1,topk_gate.release.main.e48_t32,topk_gate,cuda_warp_pair_top2_v1,L1_kernel_body,warm,5,5,150,8.46848011017,8.38144004345,9.111039906740999,8.422877856096333,0.4555631606392058,0.05408640234637584,False
20260802T192733Z-1ce3398155a9-rtx3080_topk_gate_release_v1,topk_gate.release.main.e48_t32,topk_gate,cuda_warp_pair_top2_v1,L2_operator_steady,warm,5,5,150,8.28415989876,8.31488013268,9.564160048962496,8.4402858416244,0.534182520800816,0.06328962440660757,False
20260802T192733Z-1ce3398155a9-rtx3080_topk_gate_release_v1,topk_gate.release.main.e48_t4,topk_gate,cuda_naive,L1_kernel_body,warm,5,5,150,10.2911996841,10.24512052535,11.0238724947,10.019635200499934,0.8337621780266304,0.08321282774696523,True
20260802T192733Z-1ce3398155a9-rtx3080_topk_gate_release_v1,topk_gate.release.main.e48_t4,topk_gate,cuda_naive,L2_operator_steady,warm,5,5,150,10.1478397846,10.1683199406,10.8544003963,10.180334933599134,0.4491019681399105,0.04411465546754226,True
20260802T192733Z-1ce3398155a9-rtx3080_topk_gate_release_v1,topk_gate.release.main.e48_t4,topk_gate,cuda_subwarp_pair_top2_v2,L1_kernel_body,warm,5,5,150,8.29440027475,8.340480029585,9.397759914395996,8.449228803316533,0.6373634876857307,0.07543451627627241,False
20260802T192733Z-1ce3398155a9-rtx3080_topk_gate_release_v1,topk_gate.release.main.e48_t4,topk_gate,cuda_subwarp_pair_top2_v2,L2_operator_steady,warm,5,5,150,8.32512021065,8.35583984852,9.177088141439498,8.4391253391904,0.5094495902992503,0.0603675819262241,False
20260802T192733Z-1ce3398155a9-rtx3080_topk_gate_release_v1,topk_gate.release.main.e48_t4,topk_gate,cuda_vector_pair_top2_v3,L1_kernel_body,warm,5,5,150,8.18688005209,8.30976009369,11.487743437319981,8.7909034609804,1.8950894753346115,0.21557391498453138,False
20260802T192733Z-1ce3398155a9-rtx3080_topk_gate_release_v1,topk_gate.release.main.e48_t4,topk_gate,cuda_vector_pair_top2_v3,L2_operator_steady,warm,5,5,150,8.08960020542,8.1817600131,9.350143879652997,8.2984277208646,0.5587223857981307,0.06732870425482458,False
20260802T192733Z-1ce3398155a9-rtx3080_topk_gate_release_v1,topk_gate.release.main.e48_t4,topk_gate,cuda_warp_pair_top2_v1,L1_kernel_body,warm,5,5,150,8.3046400547,8.31488013268,8.96000027657,8.326485339800467,0.4112974988435679,0.049396291719577344,False
20260802T192733Z-1ce3398155a9-rtx3080_topk_gate_release_v1,topk_gate.release.main.e48_t4,topk_gate,cuda_warp_pair_top2_v1,L2_operator_steady,warm,5,5,150,8.33024024963,8.473600149155,9.6081921160245,8.602282663186001,0.60194210775805,0.06997469524386804,False
20260802T192733Z-1ce3398155a9-rtx3080_topk_gate_release_v1,topk_gate.release.main.e48_t4096,topk_gate,cuda_naive,L1_kernel_body,warm,5,5,150,10.1222401857,10.0147199631,11.022335827334999,10.012330702938867,0.6024502348887198,0.06017082862753283,True
20260802T192733Z-1ce3398155a9-rtx3080_topk_gate_release_v1,topk_gate.release.main.e48_t4096,topk_gate,cuda_naive,L2_operator_steady,warm,5,5,150,10.337280035,10.255360007250001,11.277312040344999,10.343901852767267,0.6114315807360946,0.05911034244514999,True
20260802T192733Z-1ce3398155a9-rtx3080_topk_gate_release_v1,topk_gate.release.main.e48_t4096,topk_gate,cuda_subwarp_pair_top2_v2,L1_kernel_body,warm,5,5,150,13.3273601532,13.184000253699999,14.3063044548,13.166455459590667,0.8144172511929423,0.06185546700039965,False
20260802T192733Z-1ce3398155a9-rtx3080_topk_gate_release_v1,topk_gate.release.main.e48_t4096,topk_gate,cuda_subwarp_pair_top2_v2,L2_operator_steady,warm,5,5,150,13.5475194454,13.388800024950001,14.694911718349996,13.466350913048666,0.6352576451894977,0.04717370349928604,False
20260802T192733Z-1ce3398155a9-rtx3080_topk_gate_release_v1,topk_gate.release.main.e48_t4096,topk_gate,cuda_vector_pair_top2_v3,L1_kernel_body,warm,5,5,150,13.2556796074,13.296639919299999,14.353919625289999,13.354803156854,0.5366490122919484,0.04018397021572927,False
20260802T192733Z-1ce3398155a9-rtx3080_topk_gate_release_v1,topk_gate.release.main.e48_t4096,topk_gate,cuda_vector_pair_top2_v3,L2_operator_steady,warm,5,5,150,13.4451198578,13.30687999725,29.762047886869986,14.471236220997334,4.893193618047946,0.33813238505139376,False
20260802T192733Z-1ce3398155a9-rtx3080_topk_gate_release_v1,topk_gate.release.main.e48_t4096,topk_gate,cuda_warp_pair_top2_v1,L1_kernel_body,warm,5,5,150,13.2607996464,13.2403194904,13.9468801022,13.212740262354,0.5222613471029762,0.03952710313930968,False
20260802T192733Z-1ce3398155a9-rtx3080_topk_gate_release_v1,topk_gate.release.main.e48_t4096,topk_gate,cuda_warp_pair_top2_v1,L2_operator_steady,warm,5,5,150,13.2352000475,13.15328001975,14.132224321345,13.113412316637334,0.7039967813469317,0.05368524716131684,False
20260802T192733Z-1ce3398155a9-rtx3080_topk_gate_release_v1,topk_gate.release.main.e48_t512,topk_gate,cuda_naive,L1_kernel_body,warm,5,5,150,9.93791997433,9.784319996835,10.5016320944,9.702331717806134,0.5346492905784695,0.05510523718718649,True
20260802T192733Z-1ce3398155a9-rtx3080_topk_gate_release_v1,topk_gate.release.main.e48_t512,topk_gate,cuda_naive,L2_operator_steady,warm,5,5,150,9.71264004707,9.722880125045,10.535423696034998,9.713800545532665,0.5079133035107501,0.052287804462315964,True
20260802T192733Z-1ce3398155a9-rtx3080_topk_gate_release_v1,topk_gate.release.main.e48_t512,topk_gate,cuda_subwarp_pair_top2_v2,L1_kernel_body,warm,5,5,150,8.64767998457,8.6630398035,9.688575804232498,8.731989343960999,0.4777720611617969,0.05471514477880367,False
20260802T192733Z-1ce3398155a9-rtx3080_topk_gate_release_v1,topk_gate.release.main.e48_t512,topk_gate,cuda_subwarp_pair_top2_v2,L2_operator_steady,warm,5,5,150,8.37632000446,8.473600149155,9.414655834437,8.584055487315,0.47907640294018167,0.055810031010182996,False
20260802T192733Z-1ce3398155a9-rtx3080_topk_gate_release_v1,topk_gate.release.main.e48_t512,topk_gate,cuda_vector_pair_top2_v3,L1_kernel_body,warm,5,5,150,8.73983979225,8.71424019337,9.515008002521999,8.7215445399286,0.48764959642671096,0.05591321516437537,False
20260802T192733Z-1ce3398155a9-rtx3080_topk_gate_release_v1,topk_gate.release.main.e48_t512,topk_gate,cuda_vector_pair_top2_v3,L2_operator_steady,warm,5,5,150,8.43263983727,8.62208008766,9.7346558868885,8.7044096112248,0.5837109919217441,0.0670592283673114,False
20260802T192733Z-1ce3398155a9-rtx3080_topk_gate_release_v1,topk_gate.release.main.e48_t512,topk_gate,cuda_warp_pair_top2_v1,L1_kernel_body,warm,5,5,150,8.73472005129,8.67327988148,9.529855847356,8.700859753291066,0.5256913855345811,0.06041832651488726,False
20260802T192733Z-1ce3398155a9-rtx3080_topk_gate_release_v1,topk_gate.release.main.e48_t512,topk_gate,cuda_warp_pair_top2_v1,L2_operator_steady,warm,5,5,150,9.03168022633,9.03679996729,9.859584242108,9.084381854533733,0.4995124380364978,0.054985847802864724,False
20260802T192733Z-1ce3398155a9-rtx3080_topk_gate_release_v1,topk_gate.release.main.e48_t64,topk_gate,cuda_naive,L1_kernel_body,warm,5,5,150,10.5932796001,10.5881595612,12.146688044089998,10.6528767704988,0.7880918774269907,0.07397925409307911,True
20260802T192733Z-1ce3398155a9-rtx3080_topk_gate_release_v1,topk_gate.release.main.e48_t64,topk_gate,cuda_naive,L2_operator_steady,warm,5,5,150,10.2399998903,10.55232048035,13.028352141404994,10.954001112777467,1.2162849357614707,0.11103567757928343,True
20260802T192733Z-1ce3398155a9-rtx3080_topk_gate_release_v1,topk_gate.release.main.e48_t64,topk_gate,cuda_subwarp_pair_top2_v2,L1_kernel_body,warm,5,5,150,8.16640019417,8.2483202219,8.978944092987998,8.302796789010067,0.4161189041238867,0.050117919864626735,False
20260802T192733Z-1ce3398155a9-rtx3080_topk_gate_release_v1,topk_gate.release.main.e48_t64,topk_gate,cuda_subwarp_pair_top2_v2,L2_operator_steady,warm,5,5,150,8.28415989876,8.314880132675,9.058815836906,8.365806913375934,0.45817402569762655,0.054767463610122365,False
20260802T192733Z-1ce3398155a9-rtx3080_topk_gate_release_v1,topk_gate.release.main.e48_t64,topk_gate,cuda_vector_pair_top2_v3,L1_kernel_body,warm,5,5,150,8.28927993774,8.37632000446,9.636352002619997,8.490393622716267,0.5571564178059909,0.0656219773268585,False
20260802T192733Z-1ce3398155a9-rtx3080_topk_gate_release_v1,topk_gate.release.main.e48_t64,topk_gate,cuda_vector_pair_top2_v3,L2_operator_steady,warm,5,5,150,8.27391982079,8.217599987985,8.9359360933305,8.271940290928068,0.36711545943671386,0.04438081593013112,False
20260802T192733Z-1ce3398155a9-rtx3080_topk_gate_release_v1,topk_gate.release.main.e48_t64,topk_gate,cuda_warp_pair_top2_v1,L1_kernel_body,warm,5,5,150,8.43263983727,8.42751979828,10.085375845451997,8.582348811626666,0.7295844174487652,0.0850098770700608,False
20260802T192733Z-1ce3398155a9-rtx3080_topk_gate_release_v1,topk_gate.release.main.e48_t64,topk_gate,cuda_warp_pair_top2_v1,L2_operator_steady,warm,5,5,150,8.27904015779,8.3046400547,9.3967360258105,8.396049078305534,0.49234293394353484,0.058639835159574605,False
20260802T192733Z-1ce3398155a9-rtx3080_topk_gate_release_v1,topk_gate.release.main.e48_t8,topk_gate,cuda_naive,L1_kernel_body,warm,5,5,150,9.83551979065,10.02496004105,10.8042240143,9.8614613532992,0.7114115217347372,0.07214057797800232,True
20260802T192733Z-1ce3398155a9-rtx3080_topk_gate_release_v1,topk_gate.release.main.e48_t8,topk_gate,cuda_naive,L2_operator_steady,warm,5,5,150,10.4652798176,10.4703998566,11.1262720823,10.506854395073866,0.5458118343510305,0.05194816772248544,True
20260802T192733Z-1ce3398155a9-rtx3080_topk_gate_release_v1,topk_gate.release.main.e48_t8,topk_gate,cuda_subwarp_pair_top2_v2,L1_kernel_body,warm,5,5,150,8.37119996548,8.371199965475,9.090560078623,8.409156290690532,0.4948301811137607,0.05884421266632528,False
20260802T192733Z-1ce3398155a9-rtx3080_topk_gate_release_v1,topk_gate.release.main.e48_t8,topk_gate,cuda_subwarp_pair_top2_v2,L2_operator_steady,warm,5,5,150,8.21759998798,8.227840065955,9.003008007999501,8.2811562617622,0.4166149986608419,0.050308795715465426,False
20260802T192733Z-1ce3398155a9-rtx3080_topk_gate_release_v1,topk_gate.release.main.e48_t8,topk_gate,cuda_vector_pair_top2_v3,L1_kernel_body,warm,5,5,150,8.45311999321,8.4582400322,9.515008002521999,8.543982927004732,0.5085292233195284,0.05951898870399589,False
20260802T192733Z-1ce3398155a9-rtx3080_topk_gate_release_v1,topk_gate.release.main.e48_t8,topk_gate,cuda_vector_pair_top2_v3,L2_operator_steady,warm,5,5,150,8.35072010756,8.39680016041,8.91903996468,8.371609596411401,0.3416635099403905,0.040812164734347976,False
20260802T192733Z-1ce3398155a9-rtx3080_topk_gate_release_v1,topk_gate.release.main.e48_t8,topk_gate,cuda_warp_pair_top2_v1,L1_kernel_body,warm,5,5,150,8.24320018291,8.25344026089,9.196543961764998,8.361301350593,0.4439889996750141,0.05310046619041252,False
20260802T192733Z-1ce3398155a9-rtx3080_topk_gate_release_v1,topk_gate.release.main.e48_t8,topk_gate,cuda_warp_pair_top2_v1,L2_operator_steady,warm,5,5,150,8.38656008244,8.38656008244,9.419263869527999,8.473804811636267,0.47510319405701673,0.056067280828159136,False
20260802T192733Z-1ce3398155a9-rtx3080_topk_gate_release_v1,topk_gate.release.main.e4_t1,topk_gate,cuda_naive,L1_kernel_body,warm,5,5,150,8.36096018553,8.401920199395,9.3342721462235,8.366557864348266,0.5994326408616844,0.07164626726792843,True
20260802T192733Z-1ce3398155a9-rtx3080_topk_gate_release_v1,topk_gate.release.main.e4_t1,topk_gate,cuda_naive,L2_operator_steady,warm,5,5,150,8.37632000446,8.46848011017,9.380863904952498,8.465407999356266,0.5432513864234312,0.06417308964491039,True
20260802T192733Z-1ce3398155a9-rtx3080_topk_gate_release_v1,topk_gate.release.main.e4_t1,topk_gate,cuda_subwarp_pair_top2_v2,L1_kernel_body,warm,5,5,150,8.62208008766,8.58111977577,9.21599984169,8.569446376959332,0.4225255081124019,0.04930604493289626,False
20260802T192733Z-1ce3398155a9-rtx3080_topk_gate_release_v1,topk_gate.release.main.e4_t1,topk_gate,cuda_subwarp_pair_top2_v2,L2_operator_steady,warm,5,5,150,8.74496012926,8.77056002617,9.3250560760505,8.748441596825867,0.3872594693796736,0.0442661090085096,False
20260802T192733Z-1ce3398155a9-rtx3080_topk_gate_release_v1,topk_gate.release.main.e4_t1,topk_gate,cuda_vector_pair_top2_v3,L1_kernel_body,warm,5,5,150,8.50944012403,8.565760254859999,9.165824055672498,8.597777100404334,0.3621208026579342,0.04211795658681411,False
20260802T192733Z-1ce3398155a9-rtx3080_topk_gate_release_v1,topk_gate.release.main.e4_t1,topk_gate,cuda_vector_pair_top2_v3,L2_operator_steady,warm,5,5,150,8.69888007641,8.67327988148,9.234944254157998,8.661674662430867,0.35634350190635,0.04114025471909649,False
20260802T192733Z-1ce3398155a9-rtx3080_topk_gate_release_v1,topk_gate.release.main.e4_t1,topk_gate,cuda_warp_pair_top2_v1,L1_kernel_body,warm,5,5,150,8.93952012062,8.9087998867,9.5365121662645,8.900061849753266,0.3938029043641147,0.044247209852258725,False
20260802T192733Z-1ce3398155a9-rtx3080_topk_gate_release_v1,topk_gate.release.main.e4_t1,topk_gate,cuda_warp_pair_top2_v1,L2_operator_steady,warm,5,5,150,8.9087998867,8.94976019859,9.596928030251998,9.006353048483467,0.30665266805249386,0.03404848404250925,False
20260802T192733Z-1ce3398155a9-rtx3080_topk_gate_release_v1,topk_gate.release.main.e4_t1024,topk_gate,cuda_naive,L1_kernel_body,warm,5,5,150,8.78080010414,8.83711993694,9.288703799247,8.673075199127267,0.460252746117896,0.05306684602068355,True
20260802T192733Z-1ce3398155a9-rtx3080_topk_gate_release_v1,topk_gate.release.main.e4_t1024,topk_gate,cuda_naive,L2_operator_steady,warm,5,5,150,8.08448016644,8.24319988489,9.3547519743415,8.312900261084467,0.7731624292109923,0.09300754308702949,True
20260802T192733Z-1ce3398155a9-rtx3080_topk_gate_release_v1,topk_gate.release.main.e4_t1024,topk_gate,cuda_subwarp_pair_top2_v2,L1_kernel_body,warm,5,5,150,8.70912015438,8.529919981955,9.25696015358,8.4559189478562,0.5369122058335449,0.06349542954993277,False
20260802T192733Z-1ce3398155a9-rtx3080_topk_gate_release_v1,topk_gate.release.main.e4_t1024,topk_gate,cuda_subwarp_pair_top2_v2,L2_operator_steady,warm,5,5,150,8.57600003481,8.48896026611,9.582079917190999,8.592588798205266,0.8538922841740365,0.09937543902396317,False
20260802T192733Z-1ce3398155a9-rtx3080_topk_gate_release_v1,topk_gate.release.main.e4_t1024,topk_gate,cuda_vector_pair_top2_v3,L1_kernel_body,warm,5,5,150,8.8831999898,8.678399920465,9.36959981918,8.6046719829242,0.5275508424761831,0.06130981442675528,False
20260802T192733Z-1ce3398155a9-rtx3080_topk_gate_release_v1,topk_gate.release.main.e4_t1024,topk_gate,cuda_vector_pair_top2_v3,L2_operator_steady,warm,5,5,150,8.65791976452,8.72448027134,9.35935974121,8.747690661748734,0.3750723985732026,0.042876733194658095,False
20260802T192733Z-1ce3398155a9-rtx3080_topk_gate_release_v1,topk_gate.release.main.e4_t1024,topk_gate,cuda_warp_pair_top2_v1,L1_kernel_body,warm,5,5,150,8.43775987625,8.5504001379,9.21599984169,8.561322649319933,0.45853505411066336,0.05355890355879614,False
20260802T192733Z-1ce3398155a9-rtx3080_topk_gate_release_v1,topk_gate.release.main.e4_t1024,topk_gate,cuda_warp_pair_top2_v1,L2_operator_steady,warm,5,5,150,8.87807995081,8.80640000105,11.494912505144999,9.059054966768867,1.0577125459113623,0.11675749289427496,False
20260802T192733Z-1ce3398155a9-rtx3080_topk_gate_release_v1,topk_gate.release.main.e4_t128,topk_gate,cuda_naive,L1_kernel_body,warm,5,5,150,8.56575995684,8.601599931715,9.34912025928,8.512375458081866,0.5114308052865225,0.0600808561376316,True
20260802T192733Z-1ce3398155a9-rtx3080_topk_gate_release_v1,topk_gate.release.main.e4_t128,topk_gate,cuda_naive,L2_operator_steady,warm,5,5,150,8.73983979225,8.70400011539,9.319424033167,8.570129036903467,0.5148348930096709,0.06007317868759762,True
20260802T192733Z-1ce3398155a9-rtx3080_topk_gate_release_v1,topk_gate.release.main.e4_t128,topk_gate,cuda_subwarp_pair_top2_v2,L1_kernel_body,warm,5,5,150,8.54016005993,8.545280098915,9.196543961764998,8.5766144156458,0.388755996931124,0.04532744251880321,False
20260802T192733Z-1ce3398155a9-rtx3080_topk_gate_release_v1,topk_gate.release.main.e4_t128,topk_gate,cuda_subwarp_pair_top2_v2,L2_operator_steady,warm,5,5,150,8.35072010756,8.4582400322,9.196543961764998,8.451686398188468,0.5034627675263786,0.05956950409734686,False
20260802T192733Z-1ce3398155a9-rtx3080_topk_gate_release_v1,topk_gate.release.main.e4_t128,topk_gate,cuda_vector_pair_top2_v3,L1_kernel_body,warm,5,5,150,8.5504001379,8.49919974804,9.1304960548885,8.489164825280334,0.4881183485772762,0.05749898354237189,False
20260802T192733Z-1ce3398155a9-rtx3080_topk_gate_release_v1,topk_gate.release.main.e4_t128,topk_gate,cuda_vector_pair_top2_v3,L2_operator_steady,warm,5,5,150,8.79615992308,8.70400011539,9.401344060897,8.732671988010066,0.3912126524255669,0.044798734335000874,False
20260802T192733Z-1ce3398155a9-rtx3080_topk_gate_release_v1,topk_gate.release.main.e4_t128,topk_gate,cuda_warp_pair_top2_v1,L1_kernel_body,warm,5,5,150,8.8831999898,8.97023975849,9.693695902826,8.9711957335472,0.411488927125525,0.04586779057632073,False
20260802T192733Z-1ce3398155a9-rtx3080_topk_gate_release_v1,topk_gate.release.main.e4_t128,topk_gate,cuda_warp_pair_top2_v1,L2_operator_steady,warm,5,5,150,9.01632010937,9.00095999241,9.577471882104499,9.040486419200734,0.3418381889730393,0.037811924394579324,False
20260802T192733Z-1ce3398155a9-rtx3080_topk_gate_release_v1,topk_gate.release.main.e4_t16,topk_gate,cuda_naive,L1_kernel_body,warm,5,5,150,8.57600003481,8.45311999321,9.3081599474,8.384034128984068,0.5470421260344586,0.06524807957821925,True
20260802T192733Z-1ce3398155a9-rtx3080_topk_gate_release_v1,topk_gate.release.main.e4_t16,topk_gate,cuda_naive,L2_operator_steady,warm,5,5,150,8.65792006254,8.64767998457,9.268223911524998,8.499131731192334,0.5155450859787638,0.06065855928396566,True
20260802T192733Z-1ce3398155a9-rtx3080_topk_gate_release_v1,topk_gate.release.main.e4_t16,topk_gate,cuda_subwarp_pair_top2_v2,L1_kernel_body,warm,5,5,150,8.53504002094,8.54016005993,9.1397118568435,8.573883744081266,0.3519215378989248,0.04104575573955778,False
20260802T192733Z-1ce3398155a9-rtx3080_topk_gate_release_v1,topk_gate.release.main.e4_t16,topk_gate,cuda_subwarp_pair_top2_v2,L2_operator_steady,warm,5,5,150,8.52991998196,8.50943982601,9.3363198339955,8.481996790568001,0.4754791486810612,0.05605745444395771,False
20260802T192733Z-1ce3398155a9-rtx3080_topk_gate_release_v1,topk_gate.release.main.e4_t16,topk_gate,cuda_vector_pair_top2_v3,L1_kernel_body,warm,5,5,150,8.38144004345,8.371199965475,9.1909122467035,8.379733312130067,0.45663152298107923,0.05449236938365128,False
20260802T192733Z-1ce3398155a9-rtx3080_topk_gate_release_v1,topk_gate.release.main.e4_t16,topk_gate,cuda_vector_pair_top2_v3,L2_operator_steady,warm,5,5,150,8.65791976452,8.637440204619999,9.176064133642498,8.543778125444799,0.42086629503412015,0.049259974785711015,False
20260802T192733Z-1ce3398155a9-rtx3080_topk_gate_release_v1,topk_gate.release.main.e4_t16,topk_gate,cuda_warp_pair_top2_v1,L1_kernel_body,warm,5,5,150,9.00095999241,9.02656018734,9.688063859937,9.0845184167232,0.47575214786776654,0.05236955070639519,False
20260802T192733Z-1ce3398155a9-rtx3080_topk_gate_release_v1,topk_gate.release.main.e4_t16,topk_gate,cuda_warp_pair_top2_v1,L2_operator_steady,warm,5,5,150,8.94464015961,8.96000027657,9.550336003306,8.985668245951599,0.32567009099283717,0.03624328008543655,False
20260802T192733Z-1ce3398155a9-rtx3080_topk_gate_release_v1,topk_gate.release.main.e4_t2,topk_gate,cuda_naive,L1_kernel_body,warm,5,5,150,8.7961602211,8.75519990921,9.319424033167,8.598801032702399,0.4508421290344388,0.05243081300751412,True
20260802T192733Z-1ce3398155a9-rtx3080_topk_gate_release_v1,topk_gate.release.main.e4_t2,topk_gate,cuda_naive,L2_operator_steady,warm,5,5,150,8.4275200963,8.422399759295,9.224704176187998,8.45721599261,0.6626440835075492,0.07835250797503272,True
20260802T192733Z-1ce3398155a9-rtx3080_topk_gate_release_v1,topk_gate.release.main.e4_t2,topk_gate,cuda_subwarp_pair_top2_v2,L1_kernel_body,warm,5,5,150,8.64767998457,8.67327988148,9.4981122016935,8.755200012525068,0.5507203895295457,0.06290209118486075,False
20260802T192733Z-1ce3398155a9-rtx3080_topk_gate_release_v1,topk_gate.release.main.e4_t2,topk_gate,cuda_subwarp_pair_top2_v2,L2_operator_steady,warm,5,5,150,8.74496012926,8.72448027134,9.375231862069,8.747690653801333,0.35958131706277435,0.0411058565390075,False
20260802T192733Z-1ce3398155a9-rtx3080_topk_gate_release_v1,topk_gate.release.main.e4_t2,topk_gate,cuda_vector_pair_top2_v3,L1_kernel_body,warm,5,5,150,8.53504002094,8.504319787025,9.250815778971498,8.530124779542067,0.40073953077743724,0.046979328102976545,False
20260802T192733Z-1ce3398155a9-rtx3080_topk_gate_release_v1,topk_gate.release.main.e4_t2,topk_gate,cuda_vector_pair_top2_v3,L2_operator_steady,warm,5,5,150,8.77568006516,8.62208008766,9.310719907284998,8.680379736423133,0.6093731205641799,0.0702012053697642,False
20260802T192733Z-1ce3398155a9-rtx3080_topk_gate_release_v1,topk_gate.release.main.e4_t2,topk_gate,cuda_warp_pair_top2_v1,L1_kernel_body,warm,5,5,150,8.99071991444,8.83711993694,9.5288318395635,8.7874901374178,0.4971506735455065,0.05657482008754709,False
20260802T192733Z-1ce3398155a9-rtx3080_topk_gate_release_v1,topk_gate.release.main.e4_t2,topk_gate,cuda_warp_pair_top2_v1,L2_operator_steady,warm,5,5,150,8.87807995081,8.95488023758,11.798528432845,9.221734412512133,0.9011661424395948,0.09772197963290771,False
20260802T192733Z-1ce3398155a9-rtx3080_topk_gate_release_v1,topk_gate.release.main.e4_t2048,topk_gate,cuda_naive,L1_kernel_body,warm,5,5,150,8.29952001572,8.34559977055,9.193983942267998,8.344849077860601,0.5331361287423234,0.06388804923467896,True
20260802T192733Z-1ce3398155a9-rtx3080_topk_gate_release_v1,topk_gate.release.main.e4_t2048,topk_gate,cuda_naive,L2_operator_steady,warm,5,5,150,8.17151993513,8.41727972031,9.410047799350497,8.407381308079,0.5608808606885625,0.06671290859016812,True
20260802T192733Z-1ce3398155a9-rtx3080_topk_gate_release_v1,topk_gate.release.main.e4_t2048,topk_gate,cuda_subwarp_pair_top2_v2,L1_kernel_body,warm,5,5,150,8.12543988228,8.28415989876,9.237504005432498,8.422877840201533,0.6894317097614315,0.08185227458373487,False
20260802T192733Z-1ce3398155a9-rtx3080_topk_gate_release_v1,topk_gate.release.main.e4_t2048,topk_gate,cuda_subwarp_pair_top2_v2,L2_operator_steady,warm,5,5,150,8.89344006777,8.83711993694,9.411584138872499,8.859511478742666,0.3503624617210851,0.03954647641258073,False
20260802T192733Z-1ce3398155a9-rtx3080_topk_gate_release_v1,topk_gate.release.main.e4_t2048,topk_gate,cuda_vector_pair_top2_v3,L1_kernel_body,warm,5,5,150,8.83199989796,8.80639970303,9.376255869866,8.692189876238935,0.5096924940144952,0.0586379843597062,False
20260802T192733Z-1ce3398155a9-rtx3080_topk_gate_release_v1,topk_gate.release.main.e4_t2048,topk_gate,cuda_vector_pair_top2_v3,L2_operator_steady,warm,5,5,150,8.89855980873,8.80639970303,9.3854719400435,8.8364373405776,0.3391603075821285,0.03838201919054847,False
20260802T192733Z-1ce3398155a9-rtx3080_topk_gate_release_v1,topk_gate.release.main.e4_t2048,topk_gate,cuda_warp_pair_top2_v1,L1_kernel_body,warm,5,5,150,9.67680007219,9.528319835665,10.164735913245,9.395609593390466,0.6667895162426614,0.07096820164938826,False
20260802T192733Z-1ce3398155a9-rtx3080_topk_gate_release_v1,topk_gate.release.main.e4_t2048,topk_gate,cuda_warp_pair_top2_v1,L2_operator_steady,warm,5,5,150,9.92768019438,9.758719801905,10.572800517049995,9.805824045340133,0.5054579059721092,0.051546703636020264,False
20260802T192733Z-1ce3398155a9-rtx3080_topk_gate_release_v1,topk_gate.release.main.e4_t256,topk_gate,cuda_naive,L1_kernel_body,warm,5,5,150,8.3046400547,8.32512021065,9.1304960548885,8.377480526765,0.534505178403904,0.06380261663351254,True
20260802T192733Z-1ce3398155a9-rtx3080_topk_gate_release_v1,topk_gate.release.main.e4_t256,topk_gate,cuda_naive,L2_operator_steady,warm,5,5,150,8.20224016905,8.17152023315,9.384447872638997,8.2910549402232,0.7071766167871807,0.08529392482449805,True
20260802T192733Z-1ce3398155a9-rtx3080_topk_gate_release_v1,topk_gate.release.main.e4_t256,topk_gate,cuda_subwarp_pair_top2_v2,L1_kernel_body,warm,5,5,150,8.94976019859,8.85760009289,11.466240286845,9.0810368061072,0.9073117995507751,0.09991279838669828,False
20260802T192733Z-1ce3398155a9-rtx3080_topk_gate_release_v1,topk_gate.release.main.e4_t256,topk_gate,cuda_subwarp_pair_top2_v2,L2_operator_steady,warm,5,5,150,8.76543998718,8.739839792255,9.689599812029497,8.8034645318982,0.6327329226877955,0.07187317224885392,False
20260802T192733Z-1ce3398155a9-rtx3080_topk_gate_release_v1,topk_gate.release.main.e4_t256,topk_gate,cuda_vector_pair_top2_v3,L1_kernel_body,warm,5,5,150,8.69888007641,8.71424019337,9.42080020905,8.7132842659954,0.47222182783467065,0.05419561825585916,False
20260802T192733Z-1ce3398155a9-rtx3080_topk_gate_release_v1,topk_gate.release.main.e4_t256,topk_gate,cuda_vector_pair_top2_v3,L2_operator_steady,warm,5,5,150,8.72447997332,8.688639998435,9.3137919902835,8.727415462335532,0.36895908926573995,0.0422758708873249,False
20260802T192733Z-1ce3398155a9-rtx3080_topk_gate_release_v1,topk_gate.release.main.e4_t256,topk_gate,cuda_warp_pair_top2_v1,L1_kernel_body,warm,5,5,150,9.03168022633,9.03679996729,11.011071741589998,9.179955208301466,0.728552492394832,0.07936340383621909,False
20260802T192733Z-1ce3398155a9-rtx3080_topk_gate_release_v1,topk_gate.release.main.e4_t256,topk_gate,cuda_warp_pair_top2_v1,L2_operator_steady,warm,5,5,150,9.06751990318,9.04191970825,9.554944038392499,9.1168085217474,0.3277976141668513,0.03595530315075906,False
20260802T192733Z-1ce3398155a9-rtx3080_topk_gate_release_v1,topk_gate.release.main.e4_t32,topk_gate,cuda_naive,L1_kernel_body,warm,5,5,150,8.6630398035,8.64255994558,9.3967360258105,8.6104063908256,0.6021793618444337,0.06993623001186756,True
20260802T192733Z-1ce3398155a9-rtx3080_topk_gate_release_v1,topk_gate.release.main.e4_t32,topk_gate,cuda_naive,L2_operator_steady,warm,5,5,150,8.23296010494,8.3046400547,9.238015949722497,8.378641068935734,0.48009352600200206,0.05729968882209012,True
20260802T192733Z-1ce3398155a9-rtx3080_topk_gate_release_v1,topk_gate.release.main.e4_t32,topk_gate,cuda_subwarp_pair_top2_v2,L1_kernel_body,warm,5,5,150,8.81151974201,8.688639998435,9.662463933230999,8.748987770081,0.45164612336821125,0.05162267170068634,False
20260802T192733Z-1ce3398155a9-rtx3080_topk_gate_release_v1,topk_gate.release.main.e4_t32,topk_gate,cuda_subwarp_pair_top2_v2,L2_operator_steady,warm,5,5,150,8.42240005732,8.45311999321,9.098752140999,8.384307217597867,0.4896774179159107,0.05840404045406688,False
20260802T192733Z-1ce3398155a9-rtx3080_topk_gate_release_v1,topk_gate.release.main.e4_t32,topk_gate,cuda_vector_pair_top2_v3,L1_kernel_body,warm,5,5,150,8.78080010414,8.84223997593,52.800511121745,14.9985279361402,15.018202488325153,1.0013117655458403,False
20260802T192733Z-1ce3398155a9-rtx3080_topk_gate_release_v1,topk_gate.release.main.e4_t32,topk_gate,cuda_vector_pair_top2_v3,L2_operator_steady,warm,5,5,150,8.4838399291,8.5504001379,9.297408133744998,8.6089728037518,0.4265106304896568,0.04954256915572819,False
20260802T192733Z-1ce3398155a9-rtx3080_topk_gate_release_v1,topk_gate.release.main.e4_t32,topk_gate,cuda_warp_pair_top2_v1,L1_kernel_body,warm,5,5,150,8.84223997593,8.80639970303,79.50079989432496,22.06201177835373,27.015753314874505,1.2245371630787163,False
20260802T192733Z-1ce3398155a9-rtx3080_topk_gate_release_v1,topk_gate.release.main.e4_t32,topk_gate,cuda_warp_pair_top2_v1,L2_operator_steady,warm,5,5,150,8.96000027657,8.95488023758,9.5400959253305,8.9843711773556,0.31449677252631736,0.03500487305321731,False
20260802T192733Z-1ce3398155a9-rtx3080_topk_gate_release_v1,topk_gate.release.main.e4_t4,topk_gate,cuda_naive,L1_kernel_body,warm,5,5,150,8.42751979828,8.545280098915,9.242112040519,8.474760512511267,0.49096613029697544,0.057932743889595864,True
20260802T192733Z-1ce3398155a9-rtx3080_topk_gate_release_v1,topk_gate.release.main.e4_t4,topk_gate,cuda_naive,L2_operator_steady,warm,5,5,150,8.59136015177,8.565760254859999,9.3240320682535,8.477354653675802,0.4920426380760436,0.0580420022728072,True
20260802T192733Z-1ce3398155a9-rtx3080_topk_gate_release_v1,topk_gate.release.main.e4_t4,topk_gate,cuda_subwarp_pair_top2_v2,L1_kernel_body,warm,5,5,150,8.77056002617,8.6630398035,9.243136048316,8.574361606438734,0.48153965348023636,0.05616040885406961,False
20260802T192733Z-1ce3398155a9-rtx3080_topk_gate_release_v1,topk_gate.release.main.e4_t4,topk_gate,cuda_subwarp_pair_top2_v2,L2_operator_steady,warm,5,5,150,8.54016005993,8.596479892729999,9.381375849246998,8.605354654789334,0.4782499372666078,0.05557585438973587,False
20260802T192733Z-1ce3398155a9-rtx3080_topk_gate_release_v1,topk_gate.release.main.e4_t4,topk_gate,cuda_vector_pair_top2_v3,L1_kernel_body,warm,5,5,150,8.86272013187,8.75519990921,9.458687841895998,8.6991530537608,0.844961275656246,0.09713144146727642,False
20260802T192733Z-1ce3398155a9-rtx3080_topk_gate_release_v1,topk_gate.release.main.e4_t4,topk_gate,cuda_vector_pair_top2_v3,L2_operator_steady,warm,5,5,150,8.75007987022,8.7961602211,11.574271798104995,8.995635207493534,0.8967011269577343,0.0996818019266461,False
20260802T192733Z-1ce3398155a9-rtx3080_topk_gate_release_v1,topk_gate.release.main.e4_t4,topk_gate,cuda_warp_pair_top2_v1,L1_kernel_body,warm,5,5,150,8.86272013187,8.872960209845001,9.436672002076,8.835413340727667,0.43500987886818526,0.04923480793625878,False
20260802T192733Z-1ce3398155a9-rtx3080_topk_gate_release_v1,topk_gate.release.main.e4_t4,topk_gate,cuda_warp_pair_top2_v1,L2_operator_steady,warm,5,5,150,8.95487993956,8.934400081635,9.5923199951655,8.972219705581534,0.3492319317002008,0.038923693707917886,False
20260802T192733Z-1ce3398155a9-rtx3080_topk_gate_release_v1,topk_gate.release.main.e4_t4096,topk_gate,cuda_naive,L1_kernel_body,warm,5,5,150,8.70400011539,8.47872018814,9.44127976894,8.476057608922334,0.6022726916951651,0.07105575722623474,True
20260802T192733Z-1ce3398155a9-rtx3080_topk_gate_release_v1,topk_gate.release.main.e4_t4096,topk_gate,cuda_naive,L2_operator_steady,warm,5,5,150,7.99744009972,7.95135974884,8.828927874569498,8.004334950447001,0.44437115260030147,0.055516311517609045,True
20260802T192733Z-1ce3398155a9-rtx3080_topk_gate_release_v1,topk_gate.release.main.e4_t4096,topk_gate,cuda_subwarp_pair_top2_v2,L1_kernel_body,warm,5,5,150,8.98047983646,8.97023975849,9.521664053197998,9.018572803338268,0.3137411282044802,0.03478833458974212,False
20260802T192733Z-1ce3398155a9-rtx3080_topk_gate_release_v1,topk_gate.release.main.e4_t4096,topk_gate,cuda_subwarp_pair_top2_v2,L2_operator_steady,warm,5,5,150,9.01120007038,8.944640159605001,9.554944038392499,8.896785092353467,0.48244166478245865,0.05422651663207011,False
20260802T192733Z-1ce3398155a9-rtx3080_topk_gate_release_v1,topk_gate.release.main.e4_t4096,topk_gate,cuda_vector_pair_top2_v3,L1_kernel_body,warm,5,5,150,8.95487993956,8.872960209845001,9.48224008083,8.837666145960668,0.4459514036852005,0.050460313426642214,False
20260802T192733Z-1ce3398155a9-rtx3080_topk_gate_release_v1,topk_gate.release.main.e4_t4096,topk_gate,cuda_vector_pair_top2_v3,L2_operator_steady,warm,5,5,150,8.93952012062,8.94976019859,9.585663944484999,9.032157858212532,0.5362232367775992,0.05936823129038159,False
20260802T192733Z-1ce3398155a9-rtx3080_topk_gate_release_v1,topk_gate.release.main.e4_t4096,topk_gate,cuda_warp_pair_top2_v1,L1_kernel_body,warm,5,5,150,9.33376014233,9.34911996126,10.287615656844999,9.381751469771732,0.5050281061060882,0.05383089796540688,False
20260802T192733Z-1ce3398155a9-rtx3080_topk_gate_release_v1,topk_gate.release.main.e4_t4096,topk_gate,cuda_warp_pair_top2_v1,L2_operator_steady,warm,5,5,150,9.48224008083,9.466879963875,10.4140794277,9.5524864077556,0.5179227217410701,0.05421862954136968,False
20260802T192733Z-1ce3398155a9-rtx3080_topk_gate_release_v1,topk_gate.release.main.e4_t512,topk_gate,cuda_naive,L1_kernel_body,warm,5,5,150,8.77567976713,8.77056002617,49.08236598968994,12.556219693025268,11.365277952000955,0.9051512501261939,True
20260802T192733Z-1ce3398155a9-rtx3080_topk_gate_release_v1,topk_gate.release.main.e4_t512,topk_gate,cuda_naive,L2_operator_steady,warm,5,5,150,8.40192019939,8.41728001833,9.391103982927,8.4142762780192,0.5497516915764368,0.0653355883990362,True
20260802T192733Z-1ce3398155a9-rtx3080_topk_gate_release_v1,topk_gate.release.main.e4_t512,topk_gate,cuda_subwarp_pair_top2_v2,L1_kernel_body,warm,5,5,150,8.55039983988,8.514559864995,9.166848063469498,8.458376522859199,0.45621851450849665,0.05393688886697614,False
20260802T192733Z-1ce3398155a9-rtx3080_topk_gate_release_v1,topk_gate.release.main.e4_t512,topk_gate,cuda_subwarp_pair_top2_v2,L2_operator_steady,warm,5,5,150,8.73471975327,8.70400011539,9.617407917979499,8.860467191537667,0.7747299311414043,0.0874366909096309,False
20260802T192733Z-1ce3398155a9-rtx3080_topk_gate_release_v1,topk_gate.release.main.e4_t512,topk_gate,cuda_vector_pair_top2_v3,L1_kernel_body,warm,5,5,150,8.54016005993,8.555520176885,9.1417601406555,8.587263997396267,0.38705211649863147,0.045072809758263985,False
20260802T192733Z-1ce3398155a9-rtx3080_topk_gate_release_v1,topk_gate.release.main.e4_t512,topk_gate,cuda_vector_pair_top2_v3,L2_operator_steady,warm,5,5,150,8.41215997934,8.371199965475,9.084928035739498,8.366216536363332,0.4423648139473637,0.052875133224755504,False
20260802T192733Z-1ce3398155a9-rtx3080_topk_gate_release_v1,topk_gate.release.main.e4_t512,topk_gate,cuda_warp_pair_top2_v1,L1_kernel_body,warm,5,5,150,8.93440008163,8.92928004265,9.5800322294235,8.945390935738533,0.36104551561126363,0.04036106618536014,False
20260802T192733Z-1ce3398155a9-rtx3080_topk_gate_release_v1,topk_gate.release.main.e4_t512,topk_gate,cuda_warp_pair_top2_v1,L2_operator_steady,warm,5,5,150,8.9087998867,8.903679847715,9.314815998076,8.8922794659932,0.2884962156281174,0.03244344903142274,False
20260802T192733Z-1ce3398155a9-rtx3080_topk_gate_release_v1,topk_gate.release.main.e4_t64,topk_gate,cuda_naive,L1_kernel_body,warm,5,5,150,8.79615992308,8.724479973314999,10.4197114706,8.680311433473733,0.7966790836624894,0.09178001155468568,True
20260802T192733Z-1ce3398155a9-rtx3080_topk_gate_release_v1,topk_gate.release.main.e4_t64,topk_gate,cuda_naive,L2_operator_steady,warm,5,5,150,8.77056002617,8.64767998457,9.644543796777999,8.605969055493066,0.7330708888539028,0.08518167845211973,True
20260802T192733Z-1ce3398155a9-rtx3080_topk_gate_release_v1,topk_gate.release.main.e4_t64,topk_gate,cuda_subwarp_pair_top2_v2,L1_kernel_body,warm,5,5,150,8.41727972031,8.447999954225,9.060864120718001,8.442675220967,0.46692413048569703,0.05530523421369001,False
20260802T192733Z-1ce3398155a9-rtx3080_topk_gate_release_v1,topk_gate.release.main.e4_t64,topk_gate,cuda_subwarp_pair_top2_v2,L2_operator_steady,warm,5,5,150,8.7296000123,8.64767998457,9.2728319466115,8.622899190585066,0.42007390994746596,0.04871608732317371,False
20260802T192733Z-1ce3398155a9-rtx3080_topk_gate_release_v1,topk_gate.release.main.e4_t64,topk_gate,cuda_vector_pair_top2_v3,L1_kernel_body,warm,5,5,150,8.65791976452,8.59135985374,9.34912025928,8.643925344944067,0.365852653065107,0.042324827953205135,False
20260802T192733Z-1ce3398155a9-rtx3080_topk_gate_release_v1,topk_gate.release.main.e4_t64,topk_gate,cuda_vector_pair_top2_v3,L2_operator_steady,warm,5,5,150,8.57600003481,8.627200126645,9.3967360258105,8.677649100621666,0.3976045679890113,0.04581938764503936,False
20260802T192733Z-1ce3398155a9-rtx3080_topk_gate_release_v1,topk_gate.release.main.e4_t64,topk_gate,cuda_warp_pair_top2_v1,L1_kernel_body,warm,5,5,150,9.02144014835,9.01120007038,9.565184116362499,9.009220266342465,0.34582447824476376,0.038385616959186686,False
20260802T192733Z-1ce3398155a9-rtx3080_topk_gate_release_v1,topk_gate.release.main.e4_t64,topk_gate,cuda_warp_pair_top2_v1,L2_operator_steady,warm,5,5,150,8.92928004265,8.92928004265,9.518591761589,8.951876231034467,0.34459041750490305,0.038493653018824486,False
20260802T192733Z-1ce3398155a9-rtx3080_topk_gate_release_v1,topk_gate.release.main.e4_t8,topk_gate,cuda_naive,L1_kernel_body,warm,5,5,150,8.43263983727,8.289279937745,9.181696176526,8.3570688168208,0.4586878597872211,0.05488621307796235,True
20260802T192733Z-1ce3398155a9-rtx3080_topk_gate_release_v1,topk_gate.release.main.e4_t8,topk_gate,cuda_naive,L2_operator_steady,warm,5,5,150,8.52991998196,8.524799942969999,9.375231862069,8.5339477300646,0.49750508048526126,0.058297179244791934,True
20260802T192733Z-1ce3398155a9-rtx3080_topk_gate_release_v1,topk_gate.release.main.e4_t8,topk_gate,cuda_subwarp_pair_top2_v2,L1_kernel_body,warm,5,5,150,8.61184000969,8.67327988148,9.28767979145,8.6943743785226,0.3646978171265265,0.0419464128468434,False
20260802T192733Z-1ce3398155a9-rtx3080_topk_gate_release_v1,topk_gate.release.main.e4_t8,topk_gate,cuda_subwarp_pair_top2_v2,L2_operator_steady,warm,5,5,150,8.61696004868,8.627200126645,9.3624320328245,8.645836790402333,0.4710226664305095,0.054479708309250946,False
20260802T192733Z-1ce3398155a9-rtx3080_topk_gate_release_v1,topk_gate.release.main.e4_t8,topk_gate,cuda_vector_pair_top2_v3,L1_kernel_body,warm,5,5,150,8.64767998457,8.61184000969,9.339904189107,8.651776027679666,0.4032077333119754,0.046604041993457884,False
20260802T192733Z-1ce3398155a9-rtx3080_topk_gate_release_v1,topk_gate.release.main.e4_t8,topk_gate,cuda_vector_pair_top2_v3,L2_operator_steady,warm,5,5,150,8.67327988148,8.65279972553,9.355263978240998,8.683997853596134,0.4197456703804906,0.04833553363980503,False
20260802T192733Z-1ce3398155a9-rtx3080_topk_gate_release_v1,topk_gate.release.main.e4_t8,topk_gate,cuda_warp_pair_top2_v1,L1_kernel_body,warm,5,5,150,8.96512001753,8.94976019859,9.446911811829,8.9610922416052,0.2931267819100115,0.03271105508199788,False
20260802T192733Z-1ce3398155a9-rtx3080_topk_gate_release_v1,topk_gate.release.main.e4_t8,topk_gate,cuda_warp_pair_top2_v1,L2_operator_steady,warm,5,5,150,8.93440008163,8.87808024883,9.44127976894,8.928733833631266,0.29829358556471497,0.03340827390790309,False
20260802T192733Z-1ce3398155a9-rtx3080_topk_gate_release_v1,topk_gate.release.main.e63_t1,topk_gate,cuda_naive,L1_kernel_body,warm,5,5,150,9.73823994398,9.56416010857,10.485247969634997,9.5765844980882,0.5304472681483022,0.05539002639763653,True
20260802T192733Z-1ce3398155a9-rtx3080_topk_gate_release_v1,topk_gate.release.main.e63_t1,topk_gate,cuda_naive,L2_operator_steady,warm,5,5,150,9.61535990238,9.579520225525,10.556927859779998,9.630788270632333,0.564454367717687,0.058609363206426957,True
20260802T192733Z-1ce3398155a9-rtx3080_topk_gate_release_v1,topk_gate.release.main.e63_t1,topk_gate,cuda_subwarp_pair_top2_v2,L1_kernel_body,warm,5,5,150,8.29439997673,8.442879915235,9.5912959873685,8.566442656516934,0.5588168765900685,0.06523324780151861,False
20260802T192733Z-1ce3398155a9-rtx3080_topk_gate_release_v1,topk_gate.release.main.e63_t1,topk_gate,cuda_subwarp_pair_top2_v2,L2_operator_steady,warm,5,5,150,8.53504002094,8.535040020945,10.761728107919993,8.769058116277266,0.9335242339121886,0.1064566138727449,False
20260802T192733Z-1ce3398155a9-rtx3080_topk_gate_release_v1,topk_gate.release.main.e63_t1,topk_gate,cuda_vector_pair_top2_v3,L1_kernel_body,warm,5,5,150,8.6067199707,8.50943982601,9.335296154020499,8.513262927531933,0.48046671717230244,0.0564374343024777,False
20260802T192733Z-1ce3398155a9-rtx3080_topk_gate_release_v1,topk_gate.release.main.e63_t1,topk_gate,cuda_vector_pair_top2_v3,L2_operator_steady,warm,5,5,150,8.37119996548,8.26367974281,8.968704015017998,8.2838869333266,0.4182985729603192,0.05049544692328883,False
20260802T192733Z-1ce3398155a9-rtx3080_topk_gate_release_v1,topk_gate.release.main.e63_t1,topk_gate,cuda_warp_pair_top2_v1,L1_kernel_body,warm,5,5,150,8.31488013268,8.34559977055,9.0623998642,8.395502924919333,0.3647688457339529,0.04344812323884191,False
20260802T192733Z-1ce3398155a9-rtx3080_topk_gate_release_v1,topk_gate.release.main.e63_t1,topk_gate,cuda_warp_pair_top2_v1,L2_operator_steady,warm,5,5,150,8.24320018291,8.25344026089,9.238528013229498,8.3180885235472,0.47100012838433847,0.05662360132992228,False
20260802T192733Z-1ce3398155a9-rtx3080_topk_gate_release_v1,topk_gate.release.main.e63_t1024,topk_gate,cuda_naive,L1_kernel_body,warm,5,5,150,12.1497601271,12.001279592500001,13.682687818989999,12.142114138601334,0.8377370906141222,0.06899433501047801,True
20260802T192733Z-1ce3398155a9-rtx3080_topk_gate_release_v1,topk_gate.release.main.e63_t1024,topk_gate,cuda_naive,L2_operator_steady,warm,5,5,150,11.4278399944,11.4278399944,12.668927907945,11.5082581202206,0.6500708467932296,0.05648733631122001,True
20260802T192733Z-1ce3398155a9-rtx3080_topk_gate_release_v1,topk_gate.release.main.e63_t1024,topk_gate,cuda_subwarp_pair_top2_v2,L1_kernel_body,warm,5,5,150,9.34399992228,9.32864010334,10.562559902679999,9.198250671227466,0.8543119820355828,0.09287765821689425,False
20260802T192733Z-1ce3398155a9-rtx3080_topk_gate_release_v1,topk_gate.release.main.e63_t1024,topk_gate,cuda_subwarp_pair_top2_v2,L2_operator_steady,warm,5,5,150,9.93791997433,9.92255985737,10.774527788144999,9.887607451279134,0.5017184497314582,0.050742148917587965,False
20260802T192733Z-1ce3398155a9-rtx3080_topk_gate_release_v1,topk_gate.release.main.e63_t1024,topk_gate,cuda_vector_pair_top2_v3,L1_kernel_body,warm,5,5,150,9.8918402195,9.886720180515,10.574335992344999,9.695232029755134,0.746105643120559,0.07695593471416928,False
20260802T192733Z-1ce3398155a9-rtx3080_topk_gate_release_v1,topk_gate.release.main.e63_t1024,topk_gate,cuda_vector_pair_top2_v3,L2_operator_steady,warm,5,5,150,10.0608003139,10.0147199631,10.799615979199999,10.0317867199582,0.4812867680388833,0.04797617627589362,False
20260802T192733Z-1ce3398155a9-rtx3080_topk_gate_release_v1,topk_gate.release.main.e63_t1024,topk_gate,cuda_warp_pair_top2_v1,L1_kernel_body,warm,5,5,150,9.71264004707,9.69727993011,10.4560637474,9.539242657025067,0.728394833590899,0.07635772144390109,False
20260802T192733Z-1ce3398155a9-rtx3080_topk_gate_release_v1,topk_gate.release.main.e63_t1024,topk_gate,cuda_warp_pair_top2_v1,L2_operator_steady,warm,5,5,150,8.37119996548,8.663040101530001,10.2195203304,8.9320789376888,0.8222900076092985,0.09206031578378195,False
20260802T192733Z-1ce3398155a9-rtx3080_topk_gate_release_v1,topk_gate.release.main.e63_t128,topk_gate,cuda_naive,L1_kernel_body,warm,5,5,150,9.24160003662,9.34912025928,10.1227515936,9.331302392482867,0.5076375160690051,0.054401571690351494,True
20260802T192733Z-1ce3398155a9-rtx3080_topk_gate_release_v1,topk_gate.release.main.e63_t128,topk_gate,cuda_naive,L2_operator_steady,warm,5,5,150,9.4003200531,9.364479780195,35.37971282004998,11.982574955623667,8.10190181424377,0.6761402990799888,True
20260802T192733Z-1ce3398155a9-rtx3080_topk_gate_release_v1,topk_gate.release.main.e63_t128,topk_gate,cuda_subwarp_pair_top2_v2,L1_kernel_body,warm,5,5,150,8.22784006596,8.36607992649,10.000895857827,8.505002645651333,0.8021368929034056,0.09431353831659815,False
20260802T192733Z-1ce3398155a9-rtx3080_topk_gate_release_v1,topk_gate.release.main.e63_t128,topk_gate,cuda_subwarp_pair_top2_v2,L2_operator_steady,warm,5,5,150,8.47360014915,8.4582400322,9.304063856598997,8.503978629907,0.47630223573412167,0.05600934062311144,False
20260802T192733Z-1ce3398155a9-rtx3080_topk_gate_release_v1,topk_gate.release.main.e63_t128,topk_gate,cuda_vector_pair_top2_v3,L1_kernel_body,warm,5,5,150,8.42239975929,8.412159979345,9.151999950408499,8.425471977392935,0.4493684019688458,0.05333450792722147,False
20260802T192733Z-1ce3398155a9-rtx3080_topk_gate_release_v1,topk_gate.release.main.e63_t128,topk_gate,cuda_vector_pair_top2_v3,L2_operator_steady,warm,5,5,150,8.37119996548,8.39680016041,9.257984161377,8.467182930310267,0.511578348825468,0.060418955517561025,False
20260802T192733Z-1ce3398155a9-rtx3080_topk_gate_release_v1,topk_gate.release.main.e63_t128,topk_gate,cuda_warp_pair_top2_v1,L1_kernel_body,warm,5,5,150,8.3609598875,8.391680121425,10.528255641479998,8.598869335651733,0.8645080602719486,0.10053741096955802,False
20260802T192733Z-1ce3398155a9-rtx3080_topk_gate_release_v1,topk_gate.release.main.e63_t128,topk_gate,cuda_warp_pair_top2_v1,L2_operator_steady,warm,5,5,150,8.22784006596,8.28415989876,9.232895970346,8.3841706514358,0.4667125219692165,0.055665913943353636,False
20260802T192733Z-1ce3398155a9-rtx3080_topk_gate_release_v1,topk_gate.release.main.e63_t16,topk_gate,cuda_naive,L1_kernel_body,warm,5,5,150,9.21599984169,9.25696015358,9.948672056199001,9.3164885163306,0.46283954513739817,0.04967961312098441,True
20260802T192733Z-1ce3398155a9-rtx3080_topk_gate_release_v1,topk_gate.release.main.e63_t16,topk_gate,cuda_naive,L2_operator_steady,warm,5,5,150,9.46687996387,9.410560131075,10.4652798176,9.455274637540134,0.5317001371412179,0.056233177514507814,True
20260802T192733Z-1ce3398155a9-rtx3080_topk_gate_release_v1,topk_gate.release.main.e63_t16,topk_gate,cuda_subwarp_pair_top2_v2,L1_kernel_body,warm,5,5,150,8.92416000366,8.765439987185001,9.419263869527999,8.708505578836267,0.5808279046172077,0.06669662198170455,False
20260802T192733Z-1ce3398155a9-rtx3080_topk_gate_release_v1,topk_gate.release.main.e63_t16,topk_gate,cuda_subwarp_pair_top2_v2,L2_operator_steady,warm,5,5,150,8.34559977055,8.4275200963,9.59487974644,8.563643745581466,0.5271422870361271,0.061555840328845264,False
20260802T192733Z-1ce3398155a9-rtx3080_topk_gate_release_v1,topk_gate.release.main.e63_t16,topk_gate,cuda_vector_pair_top2_v3,L1_kernel_body,warm,5,5,150,8.41728001833,8.39680016041,9.46175992489,8.497425079345133,0.5250470994241326,0.061788964835991965,False
20260802T192733Z-1ce3398155a9-rtx3080_topk_gate_release_v1,topk_gate.release.main.e63_t16,topk_gate,cuda_vector_pair_top2_v3,L2_operator_steady,warm,5,5,150,8.34048002958,8.340480029585,9.144832164047497,8.392567479610134,0.44730120306498167,0.0532973019462407,False
20260802T192733Z-1ce3398155a9-rtx3080_topk_gate_release_v1,topk_gate.release.main.e63_t16,topk_gate,cuda_warp_pair_top2_v1,L1_kernel_body,warm,5,5,150,8.37119996548,8.442879915235,9.53343987465,8.497629849115933,0.5203260137025708,0.0612318991226364,False
20260802T192733Z-1ce3398155a9-rtx3080_topk_gate_release_v1,topk_gate.release.main.e63_t16,topk_gate,cuda_warp_pair_top2_v1,L2_operator_steady,warm,5,5,150,8.32000017166,8.40703994036,9.2011519968515,8.452642150719866,0.46770924171781175,0.055332904596934754,False
20260802T192733Z-1ce3398155a9-rtx3080_topk_gate_release_v1,topk_gate.release.main.e63_t2,topk_gate,cuda_naive,L1_kernel_body,warm,5,5,150,9.85599994659,9.92255985737,10.809856057145,9.919283155600667,0.5856221344077542,0.05903875564607689,True
20260802T192733Z-1ce3398155a9-rtx3080_topk_gate_release_v1,topk_gate.release.main.e63_t2,topk_gate,cuda_naive,L2_operator_steady,warm,5,5,150,9.84576016665,10.040320158,10.923519730545,10.273655501999734,1.8316317267414408,0.178284324054366,True
20260802T192733Z-1ce3398155a9-rtx3080_topk_gate_release_v1,topk_gate.release.main.e63_t2,topk_gate,cuda_subwarp_pair_top2_v2,L1_kernel_body,warm,5,5,150,8.0895999074,8.176639974115,8.827903866766999,8.221900808810933,0.37373527262495204,0.0454560668287851,False
20260802T192733Z-1ce3398155a9-rtx3080_topk_gate_release_v1,topk_gate.release.main.e63_t2,topk_gate,cuda_subwarp_pair_top2_v2,L2_operator_steady,warm,5,5,150,8.71424019337,8.64256024361,9.508351951836,8.675123198827334,0.45589367067591907,0.05255183819608981,False
20260802T192733Z-1ce3398155a9-rtx3080_topk_gate_release_v1,topk_gate.release.main.e63_t2,topk_gate,cuda_vector_pair_top2_v3,L1_kernel_body,warm,5,5,150,8.0588799715,8.25344026089,55.548415660835,14.830592060087998,16.25038928013299,1.0957343587021007,False
20260802T192733Z-1ce3398155a9-rtx3080_topk_gate_release_v1,topk_gate.release.main.e63_t2,topk_gate,cuda_vector_pair_top2_v3,L2_operator_steady,warm,5,5,150,8.25343996286,8.2483202219,9.065983831881997,8.321911434332666,0.4463170106017617,0.053631550170126496,False
20260802T192733Z-1ce3398155a9-rtx3080_topk_gate_release_v1,topk_gate.release.main.e63_t2,topk_gate,cuda_warp_pair_top2_v1,L1_kernel_body,warm,5,5,150,8.37632000446,8.45311999321,9.309183955192498,8.481177596251133,0.47652239189904966,0.056185875898847236,False
20260802T192733Z-1ce3398155a9-rtx3080_topk_gate_release_v1,topk_gate.release.main.e63_t2,topk_gate,cuda_warp_pair_top2_v1,L2_operator_steady,warm,5,5,150,8.20735991001,8.238080143925,8.923136264086999,8.2703701257706,0.36687028826851215,0.04435959729605555,False
20260802T192733Z-1ce3398155a9-rtx3080_topk_gate_release_v1,topk_gate.release.main.e63_t2048,topk_gate,cuda_naive,L1_kernel_body,warm,5,5,150,11.4790403843,11.453440189350001,13.206016421345,11.567581832407733,0.7956281383859668,0.06878085237806016,True
20260802T192733Z-1ce3398155a9-rtx3080_topk_gate_release_v1,topk_gate.release.main.e63_t2048,topk_gate,cuda_naive,L2_operator_steady,warm,5,5,150,11.7760002613,11.699199676500001,13.8501125574,11.638852290309465,1.3661152486293577,0.11737542624944114,True
20260802T192733Z-1ce3398155a9-rtx3080_topk_gate_release_v1,topk_gate.release.main.e63_t2048,topk_gate,cuda_subwarp_pair_top2_v2,L1_kernel_body,warm,5,5,150,9.53343987465,9.579520225525,10.732544004945,9.5769941528664,0.6576654779795135,0.06867138764856338,False
20260802T192733Z-1ce3398155a9-rtx3080_topk_gate_release_v1,topk_gate.release.main.e63_t2048,topk_gate,cuda_subwarp_pair_top2_v2,L2_operator_steady,warm,5,5,150,9.53855991364,9.57440018654,10.59123212099,9.670314673582,0.5709518883593118,0.059041707289947405,False
20260802T192733Z-1ce3398155a9-rtx3080_topk_gate_release_v1,topk_gate.release.main.e63_t2048,topk_gate,cuda_vector_pair_top2_v3,L1_kernel_body,warm,5,5,150,9.5129597187,9.446400105955,10.586624085934998,9.4710442821182,0.6154553567387777,0.0649828401605922,False
20260802T192733Z-1ce3398155a9-rtx3080_topk_gate_release_v1,topk_gate.release.main.e63_t2048,topk_gate,cuda_vector_pair_top2_v3,L2_operator_steady,warm,5,5,150,9.49248015881,9.51807975769,11.03513592479,9.626624004043267,0.7132782941456051,0.07409433398936345,False
20260802T192733Z-1ce3398155a9-rtx3080_topk_gate_release_v1,topk_gate.release.main.e63_t2048,topk_gate,cuda_warp_pair_top2_v1,L1_kernel_body,warm,5,5,150,9.48223978281,9.589760005475,10.427392065534999,9.5650474627802,0.5876498702893127,0.0614372142507388,False
20260802T192733Z-1ce3398155a9-rtx3080_topk_gate_release_v1,topk_gate.release.main.e63_t2048,topk_gate,cuda_warp_pair_top2_v1,L2_operator_steady,warm,5,5,150,9.43103998899,9.431039988995,10.339840054489999,9.472819197177467,0.546331935459153,0.057673636969862024,False
20260802T192733Z-1ce3398155a9-rtx3080_topk_gate_release_v1,topk_gate.release.main.e63_t256,topk_gate,cuda_naive,L1_kernel_body,warm,5,5,150,11.1155200005,11.0694396496,11.9500803947,10.8077056447638,0.9424847348175502,0.08720488564325143,True
20260802T192733Z-1ce3398155a9-rtx3080_topk_gate_release_v1,topk_gate.release.main.e63_t256,topk_gate,cuda_naive,L2_operator_steady,warm,5,5,150,9.58976000547,9.91232007742,12.04531192779,10.233651240666132,1.0690832854347152,0.10446743398743438,True
20260802T192733Z-1ce3398155a9-rtx3080_topk_gate_release_v1,topk_gate.release.main.e63_t256,topk_gate,cuda_subwarp_pair_top2_v2,L1_kernel_body,warm,5,5,150,8.212479949,8.437759876255,9.521664053197998,8.4787882725402,0.5627337351343301,0.06636959398512472,False
20260802T192733Z-1ce3398155a9-rtx3080_topk_gate_release_v1,topk_gate.release.main.e63_t256,topk_gate,cuda_subwarp_pair_top2_v2,L2_operator_steady,warm,5,5,150,8.514559865,8.64767998457,9.7607680857175,8.713830411434067,0.6087647811369443,0.06986190370863067,False
20260802T192733Z-1ce3398155a9-rtx3080_topk_gate_release_v1,topk_gate.release.main.e63_t256,topk_gate,cuda_vector_pair_top2_v3,L1_kernel_body,warm,5,5,150,8.3609598875,8.42751979828,9.5037439167495,8.485614899794268,0.5512601841339849,0.06496408223137137,False
20260802T192733Z-1ce3398155a9-rtx3080_topk_gate_release_v1,topk_gate.release.main.e63_t256,topk_gate,cuda_vector_pair_top2_v3,L2_operator_steady,warm,5,5,150,8.43264013529,8.391680121425,9.3327358067015,8.497288509210135,0.5103951043872544,0.06006564374435937,False
20260802T192733Z-1ce3398155a9-rtx3080_topk_gate_release_v1,topk_gate.release.main.e63_t256,topk_gate,cuda_warp_pair_top2_v1,L1_kernel_body,warm,5,5,150,8.47871989012,8.4582400322,22.83366382119,9.302289056778067,3.5063618678361146,0.3769353807900886,False
20260802T192733Z-1ce3398155a9-rtx3080_topk_gate_release_v1,topk_gate.release.main.e63_t256,topk_gate,cuda_warp_pair_top2_v1,L2_operator_steady,warm,5,5,150,8.49920004606,8.59135985374,9.60511982441,8.6482944210368,0.48376961510721966,0.05593815283744965,False
20260802T192733Z-1ce3398155a9-rtx3080_topk_gate_release_v1,topk_gate.release.main.e63_t32,topk_gate,cuda_naive,L1_kernel_body,warm,5,5,150,9.4566398859,9.45151984692,10.153471827499999,9.469747201601868,0.4316082285780607,0.04557758717202624,True
20260802T192733Z-1ce3398155a9-rtx3080_topk_gate_release_v1,topk_gate.release.main.e63_t32,topk_gate,cuda_naive,L2_operator_steady,warm,5,5,150,9.30303990841,9.292799830435,10.24665588139,9.347413325308134,0.514459069569798,0.05503758651357584,True
20260802T192733Z-1ce3398155a9-rtx3080_topk_gate_release_v1,topk_gate.release.main.e63_t32,topk_gate,cuda_subwarp_pair_top2_v2,L1_kernel_body,warm,5,5,150,8.32511991262,8.412159979345,9.384447872638997,8.485751442115134,0.535949172252955,0.06315871681004197,False
20260802T192733Z-1ce3398155a9-rtx3080_topk_gate_release_v1,topk_gate.release.main.e63_t32,topk_gate,cuda_subwarp_pair_top2_v2,L2_operator_steady,warm,5,5,150,8.39680016041,8.422400057315,9.140735864636,8.4338688174884,0.41149623350722586,0.04879092174802989,False
20260802T192733Z-1ce3398155a9-rtx3080_topk_gate_release_v1,topk_gate.release.main.e63_t32,topk_gate,cuda_vector_pair_top2_v3,L1_kernel_body,warm,5,5,150,8.36607992649,8.473600149155,9.305599927903,8.506504535675267,0.48255264092952016,0.056727488818203976,False
20260802T192733Z-1ce3398155a9-rtx3080_topk_gate_release_v1,topk_gate.release.main.e63_t32,topk_gate,cuda_vector_pair_top2_v3,L2_operator_steady,warm,5,5,150,8.52479994297,8.50943982601,9.520128041503497,8.560298649470399,0.5207284584385697,0.060830641518656095,False
20260802T192733Z-1ce3398155a9-rtx3080_topk_gate_release_v1,topk_gate.release.main.e63_t32,topk_gate,cuda_warp_pair_top2_v1,L1_kernel_body,warm,5,5,150,8.24319988489,8.29439997673,9.828352272508496,8.393318410713933,0.7764980373837693,0.09251383057177746,False
20260802T192733Z-1ce3398155a9-rtx3080_topk_gate_release_v1,topk_gate.release.main.e63_t32,topk_gate,cuda_warp_pair_top2_v1,L2_operator_steady,warm,5,5,150,8.36608022451,8.38144004345,9.227263927456999,8.438784003257933,0.4780325353507734,0.05664708744366736,False
20260802T192733Z-1ce3398155a9-rtx3080_topk_gate_release_v1,topk_gate.release.main.e63_t4,topk_gate,cuda_naive,L1_kernel_body,warm,5,5,150,9.98400002718,10.0864005089,10.8088320494,10.041002670925733,0.48926685221218985,0.048726891949634525,True
20260802T192733Z-1ce3398155a9-rtx3080_topk_gate_release_v1,topk_gate.release.main.e63_t4,topk_gate,cuda_naive,L2_operator_steady,warm,5,5,150,9.8252800107,10.02496004105,10.9829121828,10.054451215267266,0.6270960502434006,0.06236999283373929,True
20260802T192733Z-1ce3398155a9-rtx3080_topk_gate_release_v1,topk_gate.release.main.e63_t4,topk_gate,cuda_subwarp_pair_top2_v2,L1_kernel_body,warm,5,5,150,8.50944012403,8.483840227125,9.232895970346,8.512921607494599,0.5001689694707774,0.05875409084355235,False
20260802T192733Z-1ce3398155a9-rtx3080_topk_gate_release_v1,topk_gate.release.main.e63_t4,topk_gate,cuda_subwarp_pair_top2_v2,L2_operator_steady,warm,5,5,150,8.42240005732,8.39680016041,9.484288096429498,8.456192000707134,0.5935597308946469,0.07019231952692317,False
20260802T192733Z-1ce3398155a9-rtx3080_topk_gate_release_v1,topk_gate.release.main.e63_t4,topk_gate,cuda_vector_pair_top2_v3,L1_kernel_body,warm,5,5,150,8.28415989876,8.268800079825,9.482752025129997,8.379665084680466,0.5699974508907241,0.0680215074386185,False
20260802T192733Z-1ce3398155a9-rtx3080_topk_gate_release_v1,topk_gate.release.main.e63_t4,topk_gate,cuda_vector_pair_top2_v3,L2_operator_steady,warm,5,5,150,8.3353599906,8.3353599906,9.439231961960997,8.440627201398467,0.5313130970237399,0.06294711096062984,False
20260802T192733Z-1ce3398155a9-rtx3080_topk_gate_release_v1,topk_gate.release.main.e63_t4,topk_gate,cuda_warp_pair_top2_v1,L1_kernel_body,warm,5,5,150,8.32000017166,8.284159898755,9.18528020382,8.334267759323334,0.4849583750398332,0.058188480265386554,False
20260802T192733Z-1ce3398155a9-rtx3080_topk_gate_release_v1,topk_gate.release.main.e63_t4,topk_gate,cuda_warp_pair_top2_v1,L2_operator_steady,warm,5,5,150,8.23296010494,8.23296010494,8.925696015356,8.279859197139666,0.3635113748542382,0.04390308653797104,False
20260802T192733Z-1ce3398155a9-rtx3080_topk_gate_release_v1,topk_gate.release.main.e63_t4096,topk_gate,cuda_naive,L1_kernel_body,warm,5,5,150,11.1769604683,11.3663995266,12.711936235389999,11.466205803553333,0.6048378637955628,0.052749608210252596,True
20260802T192733Z-1ce3398155a9-rtx3080_topk_gate_release_v1,topk_gate.release.main.e63_t4096,topk_gate,cuda_naive,L2_operator_steady,warm,5,5,150,9.29791986942,9.599999785425,13.324799478024996,10.513339694342466,1.7547288777709904,0.16690499201840314,True
20260802T192733Z-1ce3398155a9-rtx3080_topk_gate_release_v1,topk_gate.release.main.e63_t4096,topk_gate,cuda_subwarp_pair_top2_v2,L1_kernel_body,warm,5,5,150,13.2147198915,12.9024004936,14.449664354345,12.900147223470666,0.9986017231307893,0.07741010283308415,False
20260802T192733Z-1ce3398155a9-rtx3080_topk_gate_release_v1,topk_gate.release.main.e63_t4096,topk_gate,cuda_subwarp_pair_top2_v2,L2_operator_steady,warm,5,5,150,13.1020796299,13.1788802147,13.962752222999999,13.180040510494667,0.537789552135448,0.040803330741451864,False
20260802T192733Z-1ce3398155a9-rtx3080_topk_gate_release_v1,topk_gate.release.main.e63_t4096,topk_gate,cuda_vector_pair_top2_v3,L1_kernel_body,warm,5,5,150,13.1123197079,13.15840005875,13.9320319891,13.212603759763333,0.46273855649340284,0.03502251069562776,False
20260802T192733Z-1ce3398155a9-rtx3080_topk_gate_release_v1,topk_gate.release.main.e63_t4096,topk_gate,cuda_vector_pair_top2_v3,L2_operator_steady,warm,5,5,150,13.3631998301,13.3324801922,15.249920368194994,13.488605856896,0.8036705519691708,0.05958143936412059,False
20260802T192733Z-1ce3398155a9-rtx3080_topk_gate_release_v1,topk_gate.release.main.e63_t4096,topk_gate,cuda_warp_pair_top2_v1,L1_kernel_body,warm,5,5,150,13.2659196854,13.2812798023,14.127616286244999,13.283464527128,0.5582426141608673,0.04202537771835072,False
20260802T192733Z-1ce3398155a9-rtx3080_topk_gate_release_v1,topk_gate.release.main.e63_t4096,topk_gate,cuda_warp_pair_top2_v1,L2_operator_steady,warm,5,5,150,13.2505601645,13.2607996464,14.269952178,13.18946138223,0.8435012468386714,0.06395266814876234,False
20260802T192733Z-1ce3398155a9-rtx3080_topk_gate_release_v1,topk_gate.release.main.e63_t512,topk_gate,cuda_naive,L1_kernel_body,warm,5,5,150,11.560959816,11.550719738,13.0923515558,11.657693918544,0.7320442449091533,0.06279494469696822,True
20260802T192733Z-1ce3398155a9-rtx3080_topk_gate_release_v1,topk_gate.release.main.e63_t512,topk_gate,cuda_naive,L2_operator_steady,warm,5,5,150,11.3305598497,11.171840429300001,12.115455806279998,10.950724252068667,0.9966630004711661,0.09101343231091674,True
20260802T192733Z-1ce3398155a9-rtx3080_topk_gate_release_v1,topk_gate.release.main.e63_t512,topk_gate,cuda_subwarp_pair_top2_v2,L1_kernel_body,warm,5,5,150,8.67839992046,8.70400011539,9.4673919677735,8.749124268690267,0.43873446672401833,0.050146100712511237,False
20260802T192733Z-1ce3398155a9-rtx3080_topk_gate_release_v1,topk_gate.release.main.e63_t512,topk_gate,cuda_subwarp_pair_top2_v2,L2_operator_steady,warm,5,5,150,8.75520020723,8.765439987185001,9.570816159246,8.766327476500601,0.5133743205360057,0.05856207424513621,False
20260802T192733Z-1ce3398155a9-rtx3080_topk_gate_release_v1,topk_gate.release.main.e63_t512,topk_gate,cuda_vector_pair_top2_v3,L1_kernel_body,warm,5,5,150,8.68351995945,8.565760254859999,9.298943877222499,8.606378654638734,0.46460968446503526,0.05398434151100431,False
20260802T192733Z-1ce3398155a9-rtx3080_topk_gate_release_v1,topk_gate.release.main.e63_t512,topk_gate,cuda_vector_pair_top2_v3,L2_operator_steady,warm,5,5,150,8.73472005129,8.75519990921,9.684991776942997,8.80851625204,0.4971007894937387,0.05643411163356974,False
20260802T192733Z-1ce3398155a9-rtx3080_topk_gate_release_v1,topk_gate.release.main.e63_t512,topk_gate,cuda_warp_pair_top2_v1,L1_kernel_body,warm,5,5,150,8.52991998196,8.535040020945,9.32864010334,8.550058666865134,0.4289495414263156,0.050169192766906394,False
20260802T192733Z-1ce3398155a9-rtx3080_topk_gate_release_v1,topk_gate.release.main.e63_t512,topk_gate,cuda_warp_pair_top2_v1,L2_operator_steady,warm,5,5,150,8.52479994297,8.61184000969,9.465856224301499,8.692258155345533,0.6119447339171752,0.07040112281304527,False
20260802T192733Z-1ce3398155a9-rtx3080_topk_gate_release_v1,topk_gate.release.main.e63_t64,topk_gate,cuda_naive,L1_kernel_body,warm,5,5,150,9.28767979145,9.246720075605,10.015743970845,9.3462527990332,0.5499926923064173,0.05884633169384312,True
20260802T192733Z-1ce3398155a9-rtx3080_topk_gate_release_v1,topk_gate.release.main.e63_t64,topk_gate,cuda_naive,L2_operator_steady,warm,5,5,150,9.44128006697,9.32864010334,10.21798431869,9.4023680011422,0.495561015353899,0.05270597952491311,True
20260802T192733Z-1ce3398155a9-rtx3080_topk_gate_release_v1,topk_gate.release.main.e63_t64,topk_gate,cuda_subwarp_pair_top2_v2,L1_kernel_body,warm,5,5,150,8.28415989876,8.504319787025,9.595904022454999,8.558728524049267,0.5837115857490601,0.06820073613842084,False
20260802T192733Z-1ce3398155a9-rtx3080_topk_gate_release_v1,topk_gate.release.main.e63_t64,topk_gate,cuda_subwarp_pair_top2_v2,L2_operator_steady,warm,5,5,150,8.29952001572,8.38144004345,9.171456098556,8.481723717848134,0.43723008085833703,0.051549672614102204,False
20260802T192733Z-1ce3398155a9-rtx3080_topk_gate_release_v1,topk_gate.release.main.e63_t64,topk_gate,cuda_vector_pair_top2_v3,L1_kernel_body,warm,5,5,150,8.25856000185,8.320000171665,9.104384183882498,8.391679994265267,0.4295607804810367,0.05118888956378118,False
20260802T192733Z-1ce3398155a9-rtx3080_topk_gate_release_v1,topk_gate.release.main.e63_t64,topk_gate,cuda_vector_pair_top2_v3,L2_operator_steady,warm,5,5,150,8.53504002094,8.652800023554999,10.430975556345,8.829132791359665,0.7485301062376447,0.08477957279906001,False
20260802T192733Z-1ce3398155a9-rtx3080_topk_gate_release_v1,topk_gate.release.main.e63_t64,topk_gate,cuda_warp_pair_top2_v1,L1_kernel_body,warm,5,5,150,8.43263983727,8.40704023838,9.57440018654,8.493806918462333,0.6087989618364191,0.07167562998319632,False
20260802T192733Z-1ce3398155a9-rtx3080_topk_gate_release_v1,topk_gate.release.main.e63_t64,topk_gate,cuda_warp_pair_top2_v1,L2_operator_steady,warm,5,5,150,8.3353599906,8.371199965475,9.2748799622055,8.436667728423867,0.4815822079767853,0.057082040383585685,False
20260802T192733Z-1ce3398155a9-rtx3080_topk_gate_release_v1,topk_gate.release.main.e63_t8,topk_gate,cuda_naive,L1_kernel_body,warm,5,5,150,9.42079991102,9.344000220295,10.465280354014997,9.460804239908866,0.5924909398276939,0.0626258534478884,True
20260802T192733Z-1ce3398155a9-rtx3080_topk_gate_release_v1,topk_gate.release.main.e63_t8,topk_gate,cuda_naive,L2_operator_steady,warm,5,5,150,9.33887988329,9.32864010334,9.979391962291501,9.341815479595999,0.39372648744284217,0.042146677838242795,True
20260802T192733Z-1ce3398155a9-rtx3080_topk_gate_release_v1,topk_gate.release.main.e63_t8,topk_gate,cuda_subwarp_pair_top2_v2,L1_kernel_body,warm,5,5,150,8.22272002697,8.19199979305,8.925183951853498,8.222924788792467,0.39105444470812956,0.047556612124328546,False
20260802T192733Z-1ce3398155a9-rtx3080_topk_gate_release_v1,topk_gate.release.main.e63_t8,topk_gate,cuda_subwarp_pair_top2_v2,L2_operator_steady,warm,5,5,150,8.3353599906,8.422399759295,9.413632035254995,8.454894912242667,0.48797511966585394,0.05771510169325312,False
20260802T192733Z-1ce3398155a9-rtx3080_topk_gate_release_v1,topk_gate.release.main.e63_t8,topk_gate,cuda_vector_pair_top2_v3,L1_kernel_body,warm,5,5,150,8.33024024963,8.33536028862,9.073663949966999,8.382122671604133,0.45842338152820367,0.05469060755710375,False
20260802T192733Z-1ce3398155a9-rtx3080_topk_gate_release_v1,topk_gate.release.main.e63_t8,topk_gate,cuda_vector_pair_top2_v3,L2_operator_steady,warm,5,5,150,8.27903985977,8.371199965475,9.3701120913075,8.4260863820712,0.45573413004858926,0.05408609755274858,False
20260802T192733Z-1ce3398155a9-rtx3080_topk_gate_release_v1,topk_gate.release.main.e63_t8,topk_gate,cuda_warp_pair_top2_v1,L1_kernel_body,warm,5,5,150,8.77567976713,8.56064021587,9.408000111583,8.6078805128736,0.46922563844379034,0.05451117005423523,False
20260802T192733Z-1ce3398155a9-rtx3080_topk_gate_release_v1,topk_gate.release.main.e63_t8,topk_gate,cuda_warp_pair_top2_v1,L2_operator_steady,warm,5,5,150,8.84736001492,8.791040182115,10.577408015735,8.896170675754,0.872353804911551,0.09805947263232044,False
20260802T192733Z-1ce3398155a9-rtx3080_topk_gate_release_v1,topk_gate.release.main.e64_t1,topk_gate,cuda_naive,L1_kernel_body,warm,5,5,150,10.040320158,10.040320158,11.060223579399999,10.037794117131268,0.6830749304590416,0.0680503029339139,True
20260802T192733Z-1ce3398155a9-rtx3080_topk_gate_release_v1,topk_gate.release.main.e64_t1,topk_gate,cuda_naive,L2_operator_steady,warm,5,5,150,9.81503993273,9.8252800107,10.783743858345,9.815108307203667,0.5622444039759837,0.0572835659453021,True
20260802T192733Z-1ce3398155a9-rtx3080_topk_gate_release_v1,topk_gate.release.main.e64_t1,topk_gate,cuda_subwarp_pair_top2_v2,L1_kernel_body,warm,5,5,150,8.33536028862,8.4582400322,9.192959934470998,8.4791978716848,0.446198237510956,0.05262269430000898,False
20260802T192733Z-1ce3398155a9-rtx3080_topk_gate_release_v1,topk_gate.release.main.e64_t1,topk_gate,cuda_subwarp_pair_top2_v2,L2_operator_steady,warm,5,5,150,8.3353599906,8.40704023838,9.303551912309,8.459468805790467,0.5082643527409118,0.06008230119520119,False
20260802T192733Z-1ce3398155a9-rtx3080_topk_gate_release_v1,topk_gate.release.main.e64_t1,topk_gate,cuda_vector_pair_top2_v3,L1_kernel_body,warm,5,5,150,8.07936012745,8.130559921265,9.1397118568435,8.221354663372267,0.4997325066848178,0.060784691470764936,False
20260802T192733Z-1ce3398155a9-rtx3080_topk_gate_release_v1,topk_gate.release.main.e64_t1,topk_gate,cuda_vector_pair_top2_v3,L2_operator_steady,warm,5,5,150,8.46336007118,8.4582400322,10.568703949445,8.729326971371133,0.8399960306735652,0.09622689508921274,False
20260802T192733Z-1ce3398155a9-rtx3080_topk_gate_release_v1,topk_gate.release.main.e64_t1,topk_gate,cuda_warp_pair_top2_v1,L1_kernel_body,warm,5,5,150,8.26880007982,8.3046400547,8.941568136219498,8.320068275928534,0.40386252772815,0.048540770860811024,False
20260802T192733Z-1ce3398155a9-rtx3080_topk_gate_release_v1,topk_gate.release.main.e64_t1,topk_gate,cuda_warp_pair_top2_v1,L2_operator_steady,warm,5,5,150,9.06751990318,8.862720131875,11.983359992524997,9.093802678585066,1.4045088274842368,0.15444681143034972,False
20260802T192733Z-1ce3398155a9-rtx3080_topk_gate_release_v1,topk_gate.release.main.e64_t1024,topk_gate,cuda_naive,L1_kernel_body,warm,5,5,150,14.5868802071,14.74560022355,52.198401451134984,21.243153087302666,13.596779183388819,0.6400546626722662,True
20260802T192733Z-1ce3398155a9-rtx3080_topk_gate_release_v1,topk_gate.release.main.e64_t1024,topk_gate,cuda_naive,L2_operator_steady,warm,5,5,150,14.7148799896,14.2131197453,17.868288040149995,14.367266122499998,2.3073910923086873,0.16060056747297072,True
20260802T192733Z-1ce3398155a9-rtx3080_topk_gate_release_v1,topk_gate.release.main.e64_t1024,topk_gate,cuda_subwarp_pair_top2_v2,L1_kernel_body,warm,5,5,150,9.7587198019,9.76383984089,10.4504317045,9.765887983640601,0.40971899338037154,0.041954095118305196,False
20260802T192733Z-1ce3398155a9-rtx3080_topk_gate_release_v1,topk_gate.release.main.e64_t1024,topk_gate,cuda_subwarp_pair_top2_v2,L2_operator_steady,warm,5,5,150,9.73311990499,9.71776008606,10.3628802299,9.543953080971667,0.6947641648614681,0.07279626785327138,False
20260802T192733Z-1ce3398155a9-rtx3080_topk_gate_release_v1,topk_gate.release.main.e64_t1024,topk_gate,cuda_vector_pair_top2_v3,L1_kernel_body,warm,5,5,150,8.39168012142,8.350719809535,9.242112040519,8.404855481783601,0.45171068209746346,0.053744015358323044,False
20260802T192733Z-1ce3398155a9-rtx3080_topk_gate_release_v1,topk_gate.release.main.e64_t1024,topk_gate,cuda_vector_pair_top2_v3,L2_operator_steady,warm,5,5,150,8.50943982601,8.3353599906,9.752576023341499,8.491963724295132,0.6549113663840884,0.0771213099404106,False
20260802T192733Z-1ce3398155a9-rtx3080_topk_gate_release_v1,topk_gate.release.main.e64_t1024,topk_gate,cuda_warp_pair_top2_v1,L1_kernel_body,warm,5,5,150,9.71264004707,9.63072001934,10.1944321394,9.4636031985274,0.68734642899414,0.07263052080428475,False
20260802T192733Z-1ce3398155a9-rtx3080_topk_gate_release_v1,topk_gate.release.main.e64_t1024,topk_gate,cuda_warp_pair_top2_v1,L2_operator_steady,warm,5,5,150,9.94304001331,9.93279993534,10.712064504645,9.697894394396467,0.8131825883305959,0.08385145839497492,False
20260802T192733Z-1ce3398155a9-rtx3080_topk_gate_release_v1,topk_gate.release.main.e64_t128,topk_gate,cuda_naive,L1_kernel_body,warm,5,5,150,13.6652803421,13.1071996689,14.266368150744999,13.059549832344667,0.8296447567483669,0.06352782196929796,True
20260802T192733Z-1ce3398155a9-rtx3080_topk_gate_release_v1,topk_gate.release.main.e64_t128,topk_gate,cuda_naive,L2_operator_steady,warm,5,5,150,13.3478403091,13.521920442599999,14.282240271545,13.234722181159734,0.8261809064143746,0.06242525495476459,True
20260802T192733Z-1ce3398155a9-rtx3080_topk_gate_release_v1,topk_gate.release.main.e64_t128,topk_gate,cuda_subwarp_pair_top2_v2,L1_kernel_body,warm,5,5,150,8.41728001833,8.44799995422,10.139135867335494,8.712328521410667,1.809551635817961,0.20770011500036564,False
20260802T192733Z-1ce3398155a9-rtx3080_topk_gate_release_v1,topk_gate.release.main.e64_t128,topk_gate,cuda_subwarp_pair_top2_v2,L2_operator_steady,warm,5,5,150,8.36096018553,8.46848011017,10.14169627428,8.582690147559,0.6344997549161554,0.07392784127207637,False
20260802T192733Z-1ce3398155a9-rtx3080_topk_gate_release_v1,topk_gate.release.main.e64_t128,topk_gate,cuda_vector_pair_top2_v3,L1_kernel_body,warm,5,5,150,8.20223987103,8.207359910015,9.004032015802,8.275558416048401,0.40651308681181847,0.049122133682663244,False
20260802T192733Z-1ce3398155a9-rtx3080_topk_gate_release_v1,topk_gate.release.main.e64_t128,topk_gate,cuda_vector_pair_top2_v3,L2_operator_steady,warm,5,5,150,8.28927993774,8.41727972031,9.0792959928505,8.4841813246414,0.44606403447825405,0.052575966661946354,False
20260802T192733Z-1ce3398155a9-rtx3080_topk_gate_release_v1,topk_gate.release.main.e64_t128,topk_gate,cuda_warp_pair_top2_v1,L1_kernel_body,warm,5,5,150,8.40192019939,8.41727972031,9.165824055672498,8.4365994691848,0.42385936230042615,0.050240545832310586,False
20260802T192733Z-1ce3398155a9-rtx3080_topk_gate_release_v1,topk_gate.release.main.e64_t128,topk_gate,cuda_warp_pair_top2_v1,L2_operator_steady,warm,5,5,150,8.32000017166,8.320000171665,9.129471778869,8.433049619197666,0.5789342991417211,0.06865064541109647,False
20260802T192733Z-1ce3398155a9-rtx3080_topk_gate_release_v1,topk_gate.release.main.e64_t16,topk_gate,cuda_naive,L1_kernel_body,warm,5,5,150,9.44640010595,9.538559913635,10.88563197848,9.588462940852999,0.7118585482311584,0.07424115341763325,True
20260802T192733Z-1ce3398155a9-rtx3080_topk_gate_release_v1,topk_gate.release.main.e64_t16,topk_gate,cuda_naive,L2_operator_steady,warm,5,5,150,9.39520001411,9.55392003059,10.625535845744999,9.5917397260666,0.5978124744417688,0.062325760656030744,True
20260802T192733Z-1ce3398155a9-rtx3080_topk_gate_release_v1,topk_gate.release.main.e64_t16,topk_gate,cuda_subwarp_pair_top2_v2,L1_kernel_body,warm,5,5,150,8.25856000185,8.25344026089,9.0168321132635,8.304503472646267,0.39570584810795517,0.04764954935732741,False
20260802T192733Z-1ce3398155a9-rtx3080_topk_gate_release_v1,topk_gate.release.main.e64_t16,topk_gate,cuda_subwarp_pair_top2_v2,L2_operator_steady,warm,5,5,150,8.32511991262,8.33536028862,9.278463989494998,8.425540264447132,0.48825896884279757,0.0579498706929313,False
20260802T192733Z-1ce3398155a9-rtx3080_topk_gate_release_v1,topk_gate.release.main.e64_t16,topk_gate,cuda_vector_pair_top2_v3,L1_kernel_body,warm,5,5,150,8.34048002958,8.38144004345,9.510399967430999,8.499814418952068,0.4965421296155172,0.05841799657512231,False
20260802T192733Z-1ce3398155a9-rtx3080_topk_gate_release_v1,topk_gate.release.main.e64_t16,topk_gate,cuda_vector_pair_top2_v3,L2_operator_steady,warm,5,5,150,8.16640019417,8.20223987103,8.879103928804998,8.264430920283132,0.37141164197343285,0.04494098209011451,False
20260802T192733Z-1ce3398155a9-rtx3080_topk_gate_release_v1,topk_gate.release.main.e64_t16,topk_gate,cuda_warp_pair_top2_v1,L1_kernel_body,warm,5,5,150,8.63231986761,8.61184000969,10.082816481599998,8.698402142524532,0.6141594196241736,0.07060600436276523,False
20260802T192733Z-1ce3398155a9-rtx3080_topk_gate_release_v1,topk_gate.release.main.e64_t16,topk_gate,cuda_warp_pair_top2_v1,L2_operator_steady,warm,5,5,150,8.41727972031,8.458240032195,9.3793281614805,8.496401091416265,0.502620130095708,0.059156827071581465,False
20260802T192733Z-1ce3398155a9-rtx3080_topk_gate_release_v1,topk_gate.release.main.e64_t2,topk_gate,cuda_naive,L1_kernel_body,warm,5,5,150,9.86624002457,9.87648010254,10.86668783429,9.952665563423468,0.5684939791937103,0.0571197711377898,True
20260802T192733Z-1ce3398155a9-rtx3080_topk_gate_release_v1,topk_gate.release.main.e64_t2,topk_gate,cuda_naive,L2_operator_steady,warm,5,5,150,9.86111998558,9.87648010254,10.738176047789999,9.9196927825614,0.5233312535721564,0.05275680054246852,True
20260802T192733Z-1ce3398155a9-rtx3080_topk_gate_release_v1,topk_gate.release.main.e64_t2,topk_gate,cuda_subwarp_pair_top2_v2,L1_kernel_body,warm,5,5,150,8.29952001572,8.31488013268,9.0383359491785,8.376934405167667,0.44738561402271687,0.05340684221506236,False
20260802T192733Z-1ce3398155a9-rtx3080_topk_gate_release_v1,topk_gate.release.main.e64_t2,topk_gate,cuda_subwarp_pair_top2_v2,L2_operator_steady,warm,5,5,150,8.16128015518,8.23296010494,9.5206400454055,8.395025050640067,0.5906444502182965,0.07035648454357663,False
20260802T192733Z-1ce3398155a9-rtx3080_topk_gate_release_v1,topk_gate.release.main.e64_t2,topk_gate,cuda_vector_pair_top2_v3,L1_kernel_body,warm,5,5,150,8.57087999582,8.56064021587,9.570816159246,8.623786671956333,0.5239257552787614,0.06075356165552124,False
20260802T192733Z-1ce3398155a9-rtx3080_topk_gate_release_v1,topk_gate.release.main.e64_t2,topk_gate,cuda_vector_pair_top2_v3,L2_operator_steady,warm,5,5,150,8.49919974804,8.596479892729999,9.2728319466115,8.598527983824466,0.4188043406764899,0.04870651598324083,False
20260802T192733Z-1ce3398155a9-rtx3080_topk_gate_release_v1,topk_gate.release.main.e64_t2,topk_gate,cuda_warp_pair_top2_v1,L1_kernel_body,warm,5,5,150,8.41215997934,8.442879915235,9.4776320457435,8.490120530128934,0.49297923236383706,0.058065045203351255,False
20260802T192733Z-1ce3398155a9-rtx3080_topk_gate_release_v1,topk_gate.release.main.e64_t2,topk_gate,cuda_warp_pair_top2_v1,L2_operator_steady,warm,5,5,150,8.53504002094,8.698880076405,9.559552073479,8.716219695408599,0.5709804109962016,0.06550780395048718,False
20260802T192733Z-1ce3398155a9-rtx3080_topk_gate_release_v1,topk_gate.release.main.e64_t2048,topk_gate,cuda_naive,L1_kernel_body,warm,5,5,150,13.8956797123,14.054399728749999,18.085887968535,14.342758409182666,1.4792032423755492,0.10313241011077191,True
20260802T192733Z-1ce3398155a9-rtx3080_topk_gate_release_v1,topk_gate.release.main.e64_t2048,topk_gate,cuda_naive,L2_operator_steady,warm,5,5,150,16.2252795696,15.2729600668,18.3705604076,15.762500246369333,1.565292893252913,0.09930486082710488,True
20260802T192733Z-1ce3398155a9-rtx3080_topk_gate_release_v1,topk_gate.release.main.e64_t2048,topk_gate,cuda_subwarp_pair_top2_v2,L1_kernel_body,warm,5,5,150,9.77408021688,9.635840058325,10.6803202629,9.6290133198072,0.6742967027502249,0.07002760099658126,False
20260802T192733Z-1ce3398155a9-rtx3080_topk_gate_release_v1,topk_gate.release.main.e64_t2048,topk_gate,cuda_subwarp_pair_top2_v2,L2_operator_steady,warm,5,5,150,9.77407991886,9.661440253255,10.708479821689998,9.639321597416199,0.6452899069168913,0.06694349808702928,False
20260802T192733Z-1ce3398155a9-rtx3080_topk_gate_release_v1,topk_gate.release.main.e64_t2048,topk_gate,cuda_vector_pair_top2_v3,L1_kernel_body,warm,5,5,150,10.035200119,9.937919974325,10.5733114481,9.957307755945466,0.3889976510552086,0.039066548969819655,False
20260802T192733Z-1ce3398155a9-rtx3080_topk_gate_release_v1,topk_gate.release.main.e64_t2048,topk_gate,cuda_vector_pair_top2_v3,L2_operator_steady,warm,5,5,150,9.91743981838,9.845759868625,10.5333763361,9.828010686234734,0.4532322141976655,0.04611637376752853,False
20260802T192733Z-1ce3398155a9-rtx3080_topk_gate_release_v1,topk_gate.release.main.e64_t2048,topk_gate,cuda_warp_pair_top2_v1,L1_kernel_body,warm,5,5,150,9.33887988329,9.61535990238,10.9260797501,9.644441596668132,0.695339512562523,0.07209743618570329,False
20260802T192733Z-1ce3398155a9-rtx3080_topk_gate_release_v1,topk_gate.release.main.e64_t2048,topk_gate,cuda_warp_pair_top2_v1,L2_operator_steady,warm,5,5,150,9.69216018915,9.85600024462,10.852863729034999,9.8380458712582,0.6408442531002813,0.06513938453697439,False
20260802T192733Z-1ce3398155a9-rtx3080_topk_gate_release_v1,topk_gate.release.main.e64_t256,topk_gate,cuda_naive,L1_kernel_body,warm,5,5,150,13.9520001411,14.136320352550001,18.148351907745,14.409523193043333,1.7217936686064188,0.11948998211388916,True
20260802T192733Z-1ce3398155a9-rtx3080_topk_gate_release_v1,topk_gate.release.main.e64_t256,topk_gate,cuda_naive,L2_operator_steady,warm,5,5,150,13.0662405491,13.0918395519,17.797631502149994,13.796898134546666,1.798096274983891,0.13032612529634888,True
20260802T192733Z-1ce3398155a9-rtx3080_topk_gate_release_v1,topk_gate.release.main.e64_t256,topk_gate,cuda_subwarp_pair_top2_v2,L1_kernel_body,warm,5,5,150,8.34048002958,8.3046400547,9.090560078623,8.4017834663392,0.5825263818862135,0.06933365805248849,False
20260802T192733Z-1ce3398155a9-rtx3080_topk_gate_release_v1,topk_gate.release.main.e64_t256,topk_gate,cuda_subwarp_pair_top2_v2,L2_operator_steady,warm,5,5,150,8.34560006857,8.33536028862,9.012224078176999,8.362325366338334,0.408544603076226,0.04885538234625258,False
20260802T192733Z-1ce3398155a9-rtx3080_topk_gate_release_v1,topk_gate.release.main.e64_t256,topk_gate,cuda_vector_pair_top2_v3,L1_kernel_body,warm,5,5,150,8.19711983204,8.217599987985,9.3250560760505,8.314470418294599,0.5116543245205563,0.061537812846714404,False
20260802T192733Z-1ce3398155a9-rtx3080_topk_gate_release_v1,topk_gate.release.main.e64_t256,topk_gate,cuda_vector_pair_top2_v3,L2_operator_steady,warm,5,5,150,8.29952001572,8.29439997673,9.4320639669895,8.416119464238866,0.4942467044075634,0.058726198755576,False
20260802T192733Z-1ce3398155a9-rtx3080_topk_gate_release_v1,topk_gate.release.main.e64_t256,topk_gate,cuda_warp_pair_top2_v1,L1_kernel_body,warm,5,5,150,8.26367974281,8.350719809535,9.3250560760505,8.416529087225333,0.5240334049567905,0.062262412394222234,False
20260802T192733Z-1ce3398155a9-rtx3080_topk_gate_release_v1,topk_gate.release.main.e64_t256,topk_gate,cuda_warp_pair_top2_v1,L2_operator_steady,warm,5,5,150,8.28415989876,8.33536028862,9.058815836906,8.394820253054267,0.42140334646350996,0.05019801898798153,False
20260802T192733Z-1ce3398155a9-rtx3080_topk_gate_release_v1,topk_gate.release.main.e64_t32,topk_gate,cuda_naive,L1_kernel_body,warm,5,5,150,9.43103998899,9.477120041845,10.4857599735,9.530504528681867,0.5079443734412451,0.05329669294134392,True
20260802T192733Z-1ce3398155a9-rtx3080_topk_gate_release_v1,topk_gate.release.main.e64_t32,topk_gate,cuda_naive,L2_operator_steady,warm,5,5,150,9.34911996126,9.384959936145,10.132991671545,9.4226431727396,0.39695304990601155,0.04212756894524309,True
20260802T192733Z-1ce3398155a9-rtx3080_topk_gate_release_v1,topk_gate.release.main.e64_t32,topk_gate,cuda_subwarp_pair_top2_v2,L1_kernel_body,warm,5,5,150,8.19200009108,8.504319787025,9.55392003059,8.585898649692133,0.6322945480586397,0.07364337431135552,False
20260802T192733Z-1ce3398155a9-rtx3080_topk_gate_release_v1,topk_gate.release.main.e64_t32,topk_gate,cuda_subwarp_pair_top2_v2,L2_operator_steady,warm,5,5,150,8.212479949,8.24320018291,9.0562560856315,8.307780245939268,0.44363978227711226,0.05340051965071626,False
20260802T192733Z-1ce3398155a9-rtx3080_topk_gate_release_v1,topk_gate.release.main.e64_t32,topk_gate,cuda_vector_pair_top2_v3,L1_kernel_body,warm,5,5,150,8.46336007118,8.6630398035,9.4673919677735,8.672324279943666,0.493509014841788,0.05690619941220576,False
20260802T192733Z-1ce3398155a9-rtx3080_topk_gate_release_v1,topk_gate.release.main.e64_t32,topk_gate,cuda_vector_pair_top2_v3,L2_operator_steady,warm,5,5,150,8.08960020542,8.15104007721,8.823295831680499,8.204356257120867,0.3614072799134405,0.04405065657646956,False
20260802T192733Z-1ce3398155a9-rtx3080_topk_gate_release_v1,topk_gate.release.main.e64_t32,topk_gate,cuda_warp_pair_top2_v1,L1_kernel_body,warm,5,5,150,8.20735991001,8.401919901375,9.5390719175335,8.4903253316874,0.5813358955707694,0.06847039104627956,False
20260802T192733Z-1ce3398155a9-rtx3080_topk_gate_release_v1,topk_gate.release.main.e64_t32,topk_gate,cuda_warp_pair_top2_v1,L2_operator_steady,warm,5,5,150,8.36607992649,8.350719809535,9.027072191239,8.3636223793032,0.37614810448217223,0.044974305082567625,False
20260802T192733Z-1ce3398155a9-rtx3080_topk_gate_release_v1,topk_gate.release.main.e64_t4,topk_gate,cuda_naive,L1_kernel_body,warm,5,5,150,9.90720003843,9.978879988195,10.983936190645,9.9811328212426,0.6170579490422702,0.061822436400104895,True
20260802T192733Z-1ce3398155a9-rtx3080_topk_gate_release_v1,topk_gate.release.main.e64_t4,topk_gate,cuda_naive,L2_operator_steady,warm,5,5,150,9.60000008345,9.63584005833,10.840576291045,9.704311490058666,0.6527523122127286,0.0672641549976445,True
20260802T192733Z-1ce3398155a9-rtx3080_topk_gate_release_v1,topk_gate.release.main.e64_t4,topk_gate,cuda_subwarp_pair_top2_v2,L1_kernel_body,warm,5,5,150,8.40191990137,8.299520015715,9.6798720657845,8.430592024326,0.5579297144079651,0.06617918561331046,False
20260802T192733Z-1ce3398155a9-rtx3080_topk_gate_release_v1,topk_gate.release.main.e64_t4,topk_gate,cuda_subwarp_pair_top2_v2,L2_operator_steady,warm,5,5,150,8.36608022451,8.31488013268,9.321472048756497,8.3962538639704,0.4737329687139784,0.05642194440390118,False
20260802T192733Z-1ce3398155a9-rtx3080_topk_gate_release_v1,topk_gate.release.main.e64_t4,topk_gate,cuda_vector_pair_top2_v3,L1_kernel_body,warm,5,5,150,8.64255994558,8.637440204619999,9.518591761589,8.648294389248067,0.475614621384275,0.0549951932690427,False
20260802T192733Z-1ce3398155a9-rtx3080_topk_gate_release_v1,topk_gate.release.main.e64_t4,topk_gate,cuda_vector_pair_top2_v3,L2_operator_steady,warm,5,5,150,8.46847981215,8.56064021587,9.356799989940999,8.570606927076932,0.4723056154613957,0.05510760433654364,False
20260802T192733Z-1ce3398155a9-rtx3080_topk_gate_release_v1,topk_gate.release.main.e64_t4,topk_gate,cuda_warp_pair_top2_v1,L1_kernel_body,warm,5,5,150,8.45311999321,8.36607992649,9.550336003306,8.515174376965467,0.6465903668571302,0.0759338961520544,False
20260802T192733Z-1ce3398155a9-rtx3080_topk_gate_release_v1,topk_gate.release.main.e64_t4,topk_gate,cuda_warp_pair_top2_v1,L2_operator_steady,warm,5,5,150,8.51967990398,8.586239814755,9.555968046189498,8.642969596386733,0.5446780310772967,0.06301977867711163,False
20260802T192733Z-1ce3398155a9-rtx3080_topk_gate_release_v1,topk_gate.release.main.e64_t4096,topk_gate,cuda_naive,L1_kernel_body,warm,5,5,150,14.7456002235,14.8070394993,18.357760310144997,15.528209098182666,1.4971166299596381,0.0964127041627004,True
20260802T192733Z-1ce3398155a9-rtx3080_topk_gate_release_v1,topk_gate.release.main.e64_t4096,topk_gate,cuda_naive,L2_operator_steady,warm,5,5,150,14.1056001186,13.9161598682,17.7003520727,13.980603718756,1.7310093443689951,0.12381506401234445,True
20260802T192733Z-1ce3398155a9-rtx3080_topk_gate_release_v1,topk_gate.release.main.e64_t4096,topk_gate,cuda_subwarp_pair_top2_v2,L1_kernel_body,warm,5,5,150,13.5065603256,13.4399998188,14.27200019359,13.405388800302667,0.4830385489024376,0.036033162193067576,False
20260802T192733Z-1ce3398155a9-rtx3080_topk_gate_release_v1,topk_gate.release.main.e64_t4096,topk_gate,cuda_subwarp_pair_top2_v2,L2_operator_steady,warm,5,5,150,13.081599474,13.2505595684,14.413312077499999,13.189393019674666,0.8998157075959798,0.06822267759052456,False
20260802T192733Z-1ce3398155a9-rtx3080_topk_gate_release_v1,topk_gate.release.main.e64_t4096,topk_gate,cuda_vector_pair_top2_v3,L1_kernel_body,warm,5,5,150,9.41056013107,9.456639885905,10.738176047789999,9.524497071901665,0.6244702132877594,0.0655646391167484,False
20260802T192733Z-1ce3398155a9-rtx3080_topk_gate_release_v1,topk_gate.release.main.e64_t4096,topk_gate,cuda_vector_pair_top2_v3,L2_operator_steady,warm,5,5,150,9.75872009993,9.758719801905,10.917887687644999,9.745954144000999,0.6455564861898342,0.06623840792306605,False
20260802T192733Z-1ce3398155a9-rtx3080_topk_gate_release_v1,topk_gate.release.main.e64_t4096,topk_gate,cuda_warp_pair_top2_v1,L1_kernel_body,warm,5,5,150,13.0355203152,12.9894399643,13.952512145044999,13.080029861130667,0.4891248014872162,0.03739477712820261,False
20260802T192733Z-1ce3398155a9-rtx3080_topk_gate_release_v1,topk_gate.release.main.e64_t4096,topk_gate,cuda_warp_pair_top2_v1,L2_operator_steady,warm,5,5,150,13.4707200527,13.26591968535,14.245887994744999,12.988006416959333,1.0147203054903557,0.07812748723047794,False
20260802T192733Z-1ce3398155a9-rtx3080_topk_gate_release_v1,topk_gate.release.main.e64_t512,topk_gate,cuda_naive,L1_kernel_body,warm,5,5,150,15.0015997887,14.59200024605,18.424832165235003,15.063449549676001,2.1064616295855436,0.13983925943648487,True
20260802T192733Z-1ce3398155a9-rtx3080_topk_gate_release_v1,topk_gate.release.main.e64_t512,topk_gate,cuda_naive,L2_operator_steady,warm,5,5,150,13.7523198128,13.7523198128,18.039296269445,13.938141838708667,1.771126325200615,0.1270704765165961,True
20260802T192733Z-1ce3398155a9-rtx3080_topk_gate_release_v1,topk_gate.release.main.e64_t512,topk_gate,cuda_subwarp_pair_top2_v2,L1_kernel_body,warm,5,5,150,8.67839992046,8.70400011539,10.609663724899999,8.857463486989067,0.7697456156498086,0.08690361713378844,False
20260802T192733Z-1ce3398155a9-rtx3080_topk_gate_release_v1,topk_gate.release.main.e64_t512,topk_gate,cuda_subwarp_pair_top2_v2,L2_operator_steady,warm,5,5,150,8.62719982862,8.62208008766,9.361408025027501,8.665770649909934,0.4040804342500122,0.046629486352054786,False
20260802T192733Z-1ce3398155a9-rtx3080_topk_gate_release_v1,topk_gate.release.main.e64_t512,topk_gate,cuda_vector_pair_top2_v3,L1_kernel_body,warm,5,5,150,8.35583984852,8.26368004084,9.26720023155,8.3766613284744,0.5454687210523556,0.06511767632268584,False
20260802T192733Z-1ce3398155a9-rtx3080_topk_gate_release_v1,topk_gate.release.main.e64_t512,topk_gate,cuda_vector_pair_top2_v3,L2_operator_steady,warm,5,5,150,8.15104007721,8.227840065955,9.003008007999501,8.293717320760067,0.3775412016154037,0.04552134911451316,False
20260802T192733Z-1ce3398155a9-rtx3080_topk_gate_release_v1,topk_gate.release.main.e64_t512,topk_gate,cuda_warp_pair_top2_v1,L1_kernel_body,warm,5,5,150,8.59648019075,8.565760254859999,10.342399954814997,8.681062380472534,0.8027878323484277,0.09247575897556558,False
20260802T192733Z-1ce3398155a9-rtx3080_topk_gate_release_v1,topk_gate.release.main.e64_t512,topk_gate,cuda_warp_pair_top2_v1,L2_operator_steady,warm,5,5,150,8.75007987022,8.704000115395,9.6890881359575,8.75212799708,0.519710367986414,0.05938102918053833,False
20260802T192733Z-1ce3398155a9-rtx3080_topk_gate_release_v1,topk_gate.release.main.e64_t64,topk_gate,cuda_naive,L1_kernel_body,warm,5,5,150,9.63584005833,9.681919813155,10.3843843937,9.683558376628733,0.43338609276246337,0.0447548386560503,True
20260802T192733Z-1ce3398155a9-rtx3080_topk_gate_release_v1,topk_gate.release.main.e64_t64,topk_gate,cuda_naive,L2_operator_steady,warm,5,5,150,9.53343987465,9.48736011982,10.6347519159,9.585390937327935,0.5681272912524329,0.05927012210216712,True
20260802T192733Z-1ce3398155a9-rtx3080_topk_gate_release_v1,topk_gate.release.main.e64_t64,topk_gate,cuda_subwarp_pair_top2_v2,L1_kernel_body,warm,5,5,150,8.22784006596,8.238080143925,9.037311941386,8.2770602782566,0.40038960383312566,0.048373406786093844,False
20260802T192733Z-1ce3398155a9-rtx3080_topk_gate_release_v1,topk_gate.release.main.e64_t64,topk_gate,cuda_subwarp_pair_top2_v2,L2_operator_steady,warm,5,5,150,8.24320018291,8.25344026089,9.165824055672498,8.304708250363733,0.46303296155196566,0.05575547600142191,False
20260802T192733Z-1ce3398155a9-rtx3080_topk_gate_release_v1,topk_gate.release.main.e64_t64,topk_gate,cuda_vector_pair_top2_v3,L1_kernel_body,warm,5,5,150,8.27391982079,8.39680016041,9.544703960417,8.498722143968399,0.5633146182494699,0.06628227264133564,False
20260802T192733Z-1ce3398155a9-rtx3080_topk_gate_release_v1,topk_gate.release.main.e64_t64,topk_gate,cuda_vector_pair_top2_v3,L2_operator_steady,warm,5,5,150,8.23296010494,8.340480029585,9.5390719175335,8.484181340535534,0.5741815151432407,0.06767671412207198,False
20260802T192733Z-1ce3398155a9-rtx3080_topk_gate_release_v1,topk_gate.release.main.e64_t64,topk_gate,cuda_warp_pair_top2_v1,L1_kernel_body,warm,5,5,150,8.25343996286,8.212479949,9.22623991966,8.294809599717468,0.4981804425464935,0.06005929811378217,False
20260802T192733Z-1ce3398155a9-rtx3080_topk_gate_release_v1,topk_gate.release.main.e64_t64,topk_gate,cuda_warp_pair_top2_v1,L2_operator_steady,warm,5,5,150,8.2687997818,8.39680016041,9.42080020905,8.466909857591466,0.4805688289856535,0.056758467619065715,False
20260802T192733Z-1ce3398155a9-rtx3080_topk_gate_release_v1,topk_gate.release.main.e64_t8,topk_gate,cuda_naive,L1_kernel_body,warm,5,5,150,9.56416010857,9.671680033205,10.661888122545,9.722402155397868,0.5961176214921179,0.06131382059331438,True
20260802T192733Z-1ce3398155a9-rtx3080_topk_gate_release_v1,topk_gate.release.main.e64_t8,topk_gate,cuda_naive,L2_operator_steady,warm,5,5,150,9.46175992489,9.66656029224,11.030527889714996,9.7328469117466,0.6708793774865253,0.06892940817520093,True
20260802T192733Z-1ce3398155a9-rtx3080_topk_gate_release_v1,topk_gate.release.main.e64_t8,topk_gate,cuda_subwarp_pair_top2_v2,L1_kernel_body,warm,5,5,150,8.16127985716,8.19711983204,9.104384183882498,8.260949313640667,0.4766382362611716,0.05769775581047758,False
20260802T192733Z-1ce3398155a9-rtx3080_topk_gate_release_v1,topk_gate.release.main.e64_t8,topk_gate,cuda_subwarp_pair_top2_v2,L2_operator_steady,warm,5,5,150,8.44799995422,8.463360071185,9.513983994724999,8.546372266610867,0.552273011111952,0.06462075297955168,False
20260802T192733Z-1ce3398155a9-rtx3080_topk_gate_release_v1,topk_gate.release.main.e64_t8,topk_gate,cuda_vector_pair_top2_v3,L1_kernel_body,warm,5,5,150,8.6374399066,8.688639998435,9.5493119955035,8.646519454320067,0.5247768720915843,0.06069226754927263,False
20260802T192733Z-1ce3398155a9-rtx3080_topk_gate_release_v1,topk_gate.release.main.e64_t8,topk_gate,cuda_vector_pair_top2_v3,L2_operator_steady,warm,5,5,150,8.4275200963,8.41727972031,9.0782719850535,8.439534938335601,0.3631756128731853,0.04303265707491801,False
20260802T192733Z-1ce3398155a9-rtx3080_topk_gate_release_v1,topk_gate.release.main.e64_t8,topk_gate,cuda_warp_pair_top2_v1,L1_kernel_body,warm,5,5,150,8.33536028862,8.401920199395,22.931456565890002,11.200443744657933,5.776817515391919,0.5157668434473571,False
20260802T192733Z-1ce3398155a9-rtx3080_topk_gate_release_v1,topk_gate.release.main.e64_t8,topk_gate,cuda_warp_pair_top2_v1,L2_operator_steady,warm,5,5,150,8.50431978703,8.514559864995,10.615295767745,8.7274837493894,0.8281736086924959,0.0948925981959505,False
20260802T192733Z-1ce3398155a9-rtx3080_topk_gate_release_v1,topk_gate.release.main.e7_t1,topk_gate,cuda_naive,L1_kernel_body,warm,5,5,150,8.20223987103,8.03839981556,8.9451521635035,8.089804836114133,0.4773619189771213,0.0590078411837705,True
20260802T192733Z-1ce3398155a9-rtx3080_topk_gate_release_v1,topk_gate.release.main.e7_t1,topk_gate,cuda_naive,L2_operator_steady,warm,5,5,150,8.24831992388,8.217599987985,9.2032000124455,8.241288522879666,0.5470274126451803,0.06637644236414117,True
20260802T192733Z-1ce3398155a9-rtx3080_topk_gate_release_v1,topk_gate.release.main.e7_t1,topk_gate,cuda_subwarp_pair_top2_v2,L1_kernel_body,warm,5,5,150,8.98559987545,8.995839953425,9.6824318170535,9.089774934450734,0.42846867111681003,0.047137434557690844,False
20260802T192733Z-1ce3398155a9-rtx3080_topk_gate_release_v1,topk_gate.release.main.e7_t1,topk_gate,cuda_subwarp_pair_top2_v2,L2_operator_steady,warm,5,5,150,9.00095999241,8.94976019859,9.524223804472499,8.9029290755588,0.49369595361165364,0.055453205279035245,False
20260802T192733Z-1ce3398155a9-rtx3080_topk_gate_release_v1,topk_gate.release.main.e7_t1,topk_gate,cuda_vector_pair_top2_v3,L1_kernel_body,warm,5,5,150,8.92416000366,8.96000027657,9.529855847356,8.954265586535,0.36660246931651086,0.04094165688672338,False
20260802T192733Z-1ce3398155a9-rtx3080_topk_gate_release_v1,topk_gate.release.main.e7_t1,topk_gate,cuda_vector_pair_top2_v3,L2_operator_steady,warm,5,5,150,9.00095999241,9.006080031395,9.55392003059,9.056870400905467,0.3189265211255125,0.03521376667746373,False
20260802T192733Z-1ce3398155a9-rtx3080_topk_gate_release_v1,topk_gate.release.main.e7_t1,topk_gate,cuda_warp_pair_top2_v1,L1_kernel_body,warm,5,5,150,8.85760009289,8.86784017086,9.5288318395635,8.790835209687533,0.4511704322872638,0.051322817630578756,False
20260802T192733Z-1ce3398155a9-rtx3080_topk_gate_release_v1,topk_gate.release.main.e7_t1,topk_gate,cuda_warp_pair_top2_v1,L2_operator_steady,warm,5,5,150,9.06751990318,9.0623998642,9.596928030251998,9.101243738332734,0.3277296954589485,0.03600933068945428,False
20260802T192733Z-1ce3398155a9-rtx3080_topk_gate_release_v1,topk_gate.release.main.e7_t1024,topk_gate,cuda_naive,L1_kernel_body,warm,5,5,150,8.25856000185,8.25856000185,9.012224078176999,8.2975402514144,0.6025796802271642,0.07262148323106338,True
20260802T192733Z-1ce3398155a9-rtx3080_topk_gate_release_v1,topk_gate.release.main.e7_t1024,topk_gate,cuda_naive,L2_operator_steady,warm,5,5,150,8.24319988489,8.20223987103,8.89855980873,8.2473642746608,0.45297403532698016,0.05492349073493667,True
20260802T192733Z-1ce3398155a9-rtx3080_topk_gate_release_v1,topk_gate.release.main.e7_t1024,topk_gate,cuda_subwarp_pair_top2_v2,L1_kernel_body,warm,5,5,150,8.8524800539,8.88831973076,9.487872123719,8.8943956931428,0.372672398697923,0.04189968734865682,False
20260802T192733Z-1ce3398155a9-rtx3080_topk_gate_release_v1,topk_gate.release.main.e7_t1024,topk_gate,cuda_subwarp_pair_top2_v2,L2_operator_steady,warm,5,5,150,9.02143985033,9.02144014835,9.631232023239,9.0885461091998,0.4510058641372338,0.04962354360294295,False
20260802T192733Z-1ce3398155a9-rtx3080_topk_gate_release_v1,topk_gate.release.main.e7_t1024,topk_gate,cuda_vector_pair_top2_v3,L1_kernel_body,warm,5,5,150,8.9087998867,8.89855980873,9.47200000286,8.9036799947422,0.30508955093224965,0.03426555661394065,False
20260802T192733Z-1ce3398155a9-rtx3080_topk_gate_release_v1,topk_gate.release.main.e7_t1024,topk_gate,cuda_vector_pair_top2_v3,L2_operator_steady,warm,5,5,150,8.93952012062,8.801279962065,9.559552073479,8.741137071450334,0.46431153394340496,0.053117978833658326,False
20260802T192733Z-1ce3398155a9-rtx3080_topk_gate_release_v1,topk_gate.release.main.e7_t1024,topk_gate,cuda_warp_pair_top2_v1,L1_kernel_body,warm,5,5,150,8.25343996286,8.32512021065,9.5365121662645,8.463496530055933,0.5859973650594354,0.06923821176961749,False
20260802T192733Z-1ce3398155a9-rtx3080_topk_gate_release_v1,topk_gate.release.main.e7_t1024,topk_gate,cuda_warp_pair_top2_v1,L2_operator_steady,warm,5,5,150,8.3712002635,8.45311999321,9.219072133304499,8.4824064175284,0.4441347917202684,0.052359527457030305,False
20260802T192733Z-1ce3398155a9-rtx3080_topk_gate_release_v1,topk_gate.release.main.e7_t128,topk_gate,cuda_naive,L1_kernel_body,warm,5,5,150,8.37119996548,8.38656008244,9.1545599699,8.368196241061,0.4849600247065245,0.057952754779689135,True
20260802T192733Z-1ce3398155a9-rtx3080_topk_gate_release_v1,topk_gate.release.main.e7_t128,topk_gate,cuda_naive,L2_operator_steady,warm,5,5,150,7.95648008585,7.95647978783,8.8494080305095,7.991364268461999,0.4600014893356308,0.05756232276271417,True
20260802T192733Z-1ce3398155a9-rtx3080_topk_gate_release_v1,topk_gate.release.main.e7_t128,topk_gate,cuda_subwarp_pair_top2_v2,L1_kernel_body,warm,5,5,150,9.05215978622,8.93952012062,9.68703985214,8.8832682808242,0.5035120177967156,0.05668094240535525,False
20260802T192733Z-1ce3398155a9-rtx3080_topk_gate_release_v1,topk_gate.release.main.e7_t128,topk_gate,cuda_subwarp_pair_top2_v2,L2_operator_steady,warm,5,5,150,8.88831973076,8.85760009289,9.4981122016935,8.905045362313334,0.7390560291786693,0.08299295501698363,False
20260802T192733Z-1ce3398155a9-rtx3080_topk_gate_release_v1,topk_gate.release.main.e7_t128,topk_gate,cuda_vector_pair_top2_v3,L1_kernel_body,warm,5,5,150,8.97024005651,8.95488023758,9.637888073919498,8.947916785875934,0.4510579082318235,0.05040926497481596,False
20260802T192733Z-1ce3398155a9-rtx3080_topk_gate_release_v1,topk_gate.release.main.e7_t128,topk_gate,cuda_vector_pair_top2_v3,L2_operator_steady,warm,5,5,150,8.96000027657,8.89855980873,9.461248189210497,8.921702377001333,0.6309273961647828,0.07071827432746566,False
20260802T192733Z-1ce3398155a9-rtx3080_topk_gate_release_v1,topk_gate.release.main.e7_t128,topk_gate,cuda_warp_pair_top2_v1,L1_kernel_body,warm,5,5,150,9.03679996729,8.944640159605001,9.488896131516,8.896170651912467,0.416354613618562,0.04680155427650835,False
20260802T192733Z-1ce3398155a9-rtx3080_topk_gate_release_v1,topk_gate.release.main.e7_t128,topk_gate,cuda_warp_pair_top2_v1,L2_operator_steady,warm,5,5,150,9.01120007038,9.05215978622,11.547135710745,9.438822380703733,1.0637920425285377,0.1127038945772835,False
20260802T192733Z-1ce3398155a9-rtx3080_topk_gate_release_v1,topk_gate.release.main.e7_t16,topk_gate,cuda_naive,L1_kernel_body,warm,5,5,150,8.19712013006,8.13055992126,9.137152105568997,8.212753073374534,0.5032109456453987,0.06127189520366702,True
20260802T192733Z-1ce3398155a9-rtx3080_topk_gate_release_v1,topk_gate.release.main.e7_t16,topk_gate,cuda_naive,L2_operator_steady,warm,5,5,150,8.40703994036,8.32512021065,9.185791879887496,8.314811718463934,0.5416776114208224,0.06514610670232844,True
20260802T192733Z-1ce3398155a9-rtx3080_topk_gate_release_v1,topk_gate.release.main.e7_t16,topk_gate,cuda_subwarp_pair_top2_v2,L1_kernel_body,warm,5,5,150,9.06751990318,9.02144014835,9.559552073479,8.994133309523265,0.39983701338867345,0.04445531321681809,False
20260802T192733Z-1ce3398155a9-rtx3080_topk_gate_release_v1,topk_gate.release.main.e7_t16,topk_gate,cuda_subwarp_pair_top2_v2,L2_operator_steady,warm,5,5,150,9.08288002014,9.07263994217,9.70752000809,9.157836806774,0.38689196491519906,0.04224709099740861,False
20260802T192733Z-1ce3398155a9-rtx3080_topk_gate_release_v1,topk_gate.release.main.e7_t16,topk_gate,cuda_vector_pair_top2_v3,L1_kernel_body,warm,5,5,150,8.9753600955,8.91903996468,9.5288318395635,8.892006373405268,0.40665955550520255,0.04573316059708006,False
20260802T192733Z-1ce3398155a9-rtx3080_topk_gate_release_v1,topk_gate.release.main.e7_t16,topk_gate,cuda_vector_pair_top2_v3,L2_operator_steady,warm,5,5,150,9.03679996729,9.03168022633,9.619456201791499,9.093802654743332,0.42002588900798377,0.04618814647235588,False
20260802T192733Z-1ce3398155a9-rtx3080_topk_gate_release_v1,topk_gate.release.main.e7_t16,topk_gate,cuda_warp_pair_top2_v1,L1_kernel_body,warm,5,5,150,8.95999997854,8.88831973076,9.691136151551499,8.924091740448599,0.5230755976748208,0.05861387499009806,False
20260802T192733Z-1ce3398155a9-rtx3080_topk_gate_release_v1,topk_gate.release.main.e7_t16,topk_gate,cuda_warp_pair_top2_v1,L2_operator_steady,warm,5,5,150,8.98047983646,8.975359797475,9.48224008083,8.9802069067954,0.30252443863440526,0.03368791407305798,False
20260802T192733Z-1ce3398155a9-rtx3080_topk_gate_release_v1,topk_gate.release.main.e7_t2,topk_gate,cuda_naive,L1_kernel_body,warm,5,5,150,8.41727972031,8.48896026611,9.239552021026498,8.444450132051934,0.5158656684198443,0.06108931432513452,True
20260802T192733Z-1ce3398155a9-rtx3080_topk_gate_release_v1,topk_gate.release.main.e7_t2,topk_gate,cuda_naive,L2_operator_steady,warm,5,5,150,8.14079999924,8.17151993513,8.9200639724725,8.2203989466032,0.45399459680013915,0.055227805821728024,True
20260802T192733Z-1ce3398155a9-rtx3080_topk_gate_release_v1,topk_gate.release.main.e7_t2,topk_gate,cuda_subwarp_pair_top2_v2,L1_kernel_body,warm,5,5,150,9.00608003139,8.98559987545,9.5129597187,9.012155719598333,0.2936085972426211,0.03257917488089155,False
20260802T192733Z-1ce3398155a9-rtx3080_topk_gate_release_v1,topk_gate.release.main.e7_t2,topk_gate,cuda_subwarp_pair_top2_v2,L2_operator_steady,warm,5,5,150,9.04192000628,9.006080031395,9.6834560930685,9.075916798909335,0.35173631571115044,0.03875490746603352,False
20260802T192733Z-1ce3398155a9-rtx3080_topk_gate_release_v1,topk_gate.release.main.e7_t2,topk_gate,cuda_vector_pair_top2_v3,L1_kernel_body,warm,5,5,150,8.92416000366,8.91391992569,9.739263921974999,8.942045855521267,0.45073675290153536,0.050406446151607234,False
20260802T192733Z-1ce3398155a9-rtx3080_topk_gate_release_v1,topk_gate.release.main.e7_t2,topk_gate,cuda_vector_pair_top2_v3,L2_operator_steady,warm,5,5,150,8.88832002878,8.944640159605001,9.559552073479,8.877192536989867,0.4312015796034028,0.04857409342048779,False
20260802T192733Z-1ce3398155a9-rtx3080_topk_gate_release_v1,topk_gate.release.main.e7_t2,topk_gate,cuda_warp_pair_top2_v1,L1_kernel_body,warm,5,5,150,9.00095999241,8.91903996468,9.518591761589,8.934058654308066,0.35671796695081703,0.03992787385370535,False
20260802T192733Z-1ce3398155a9-rtx3080_topk_gate_release_v1,topk_gate.release.main.e7_t2,topk_gate,cuda_warp_pair_top2_v1,L2_operator_steady,warm,5,5,150,8.88832002878,8.831999897955,9.431551963087497,8.781482652823467,0.4190273778882214,0.047717156026436336,False
20260802T192733Z-1ce3398155a9-rtx3080_topk_gate_release_v1,topk_gate.release.main.e7_t2048,topk_gate,cuda_naive,L1_kernel_body,warm,5,5,150,8.23808014393,8.2483202219,9.3547519743415,8.329966914653602,0.4501466477532112,0.05403942805118937,True
20260802T192733Z-1ce3398155a9-rtx3080_topk_gate_release_v1,topk_gate.release.main.e7_t2048,topk_gate,cuda_naive,L2_operator_steady,warm,5,5,150,8.26367974281,8.26367974281,9.370623826982499,8.307370642821134,0.5232932720275485,0.06299144392693681,True
20260802T192733Z-1ce3398155a9-rtx3080_topk_gate_release_v1,topk_gate.release.main.e7_t2048,topk_gate,cuda_subwarp_pair_top2_v2,L1_kernel_body,warm,5,5,150,8.70400011539,8.719360232355,9.44127976894,8.739225590228665,0.42681922090802976,0.048839478567215,False
20260802T192733Z-1ce3398155a9-rtx3080_topk_gate_release_v1,topk_gate.release.main.e7_t2048,topk_gate,cuda_subwarp_pair_top2_v2,L2_operator_steady,warm,5,5,150,8.78079980612,8.729600012305,9.2748799622055,8.735539174079666,0.3585843011602874,0.04104890310884172,False
20260802T192733Z-1ce3398155a9-rtx3080_topk_gate_release_v1,topk_gate.release.main.e7_t2048,topk_gate,cuda_vector_pair_top2_v3,L1_kernel_body,warm,5,5,150,8.69376003742,8.64767998457,9.401344060897,8.690414929390133,0.42038826911221533,0.04837378566246628,False
20260802T192733Z-1ce3398155a9-rtx3080_topk_gate_release_v1,topk_gate.release.main.e7_t2048,topk_gate,cuda_vector_pair_top2_v3,L2_operator_steady,warm,5,5,150,8.68351995945,8.69376003742,9.4873600602165,8.714444784323733,0.4294236167767977,0.049277220454627305,False
20260802T192733Z-1ce3398155a9-rtx3080_topk_gate_release_v1,topk_gate.release.main.e7_t2048,topk_gate,cuda_warp_pair_top2_v1,L1_kernel_body,warm,5,5,150,9.94815975428,9.8918402195,10.61068773269,9.6929109175994,0.7644476958460016,0.07886667919933064,False
20260802T192733Z-1ce3398155a9-rtx3080_topk_gate_release_v1,topk_gate.release.main.e7_t2048,topk_gate,cuda_warp_pair_top2_v1,L2_operator_steady,warm,5,5,150,9.96351987123,9.68703985214,52.486656427355,13.029990355173465,12.026307128355251,0.9229712993287282,False
20260802T192733Z-1ce3398155a9-rtx3080_topk_gate_release_v1,topk_gate.release.main.e7_t256,topk_gate,cuda_naive,L1_kernel_body,warm,5,5,150,8.24831992388,8.30976009369,9.0552320778345,8.302250647544733,0.4685154315545847,0.05643234002976544,True
20260802T192733Z-1ce3398155a9-rtx3080_topk_gate_release_v1,topk_gate.release.main.e7_t256,topk_gate,cuda_naive,L2_operator_steady,warm,5,5,150,8.1561601162,8.15104007721,8.867327839134997,8.170086391766734,0.43670454532139213,0.05345164351768345,True
20260802T192733Z-1ce3398155a9-rtx3080_topk_gate_release_v1,topk_gate.release.main.e7_t256,topk_gate,cuda_subwarp_pair_top2_v2,L1_kernel_body,warm,5,5,150,9.03679996729,9.09312009811,9.841663837432499,9.188625069458734,0.40736755166942595,0.04433389637623144,False
20260802T192733Z-1ce3398155a9-rtx3080_topk_gate_release_v1,topk_gate.release.main.e7_t256,topk_gate,cuda_subwarp_pair_top2_v2,L2_operator_steady,warm,5,5,150,9.05727982521,9.006080031395,10.16217589379,9.064379719892866,0.6765499295726569,0.07463830405161505,False
20260802T192733Z-1ce3398155a9-rtx3080_topk_gate_release_v1,topk_gate.release.main.e7_t256,topk_gate,cuda_vector_pair_top2_v3,L1_kernel_body,warm,5,5,150,9.06751990318,9.03168022633,9.46175992489,9.075848531723066,0.25279913454900055,0.027854049532160512,False
20260802T192733Z-1ce3398155a9-rtx3080_topk_gate_release_v1,topk_gate.release.main.e7_t256,topk_gate,cuda_vector_pair_top2_v3,L2_operator_steady,warm,5,5,150,9.06751990318,9.047039747235,9.59487974644,9.0865664005274,0.3325321602843498,0.03659601940123929,False
20260802T192733Z-1ce3398155a9-rtx3080_topk_gate_release_v1,topk_gate.release.main.e7_t256,topk_gate,cuda_warp_pair_top2_v1,L1_kernel_body,warm,5,5,150,8.9753600955,8.96000027657,9.487872123719,8.956040533383332,0.32558863120567305,0.03635408191734424,False
20260802T192733Z-1ce3398155a9-rtx3080_topk_gate_release_v1,topk_gate.release.main.e7_t256,topk_gate,cuda_warp_pair_top2_v1,L2_operator_steady,warm,5,5,150,8.93952012062,8.98047983646,9.5288318395635,8.957132788498267,0.41664112435611456,0.046515010349195425,False
20260802T192733Z-1ce3398155a9-rtx3080_topk_gate_release_v1,topk_gate.release.main.e7_t32,topk_gate,cuda_naive,L1_kernel_body,warm,5,5,150,8.16128015518,8.2483202219,9.206272035837497,8.3104426622386,0.5303574188576001,0.06381819120989358,True
20260802T192733Z-1ce3398155a9-rtx3080_topk_gate_release_v1,topk_gate.release.main.e7_t32,topk_gate,cuda_naive,L2_operator_steady,warm,5,5,150,8.75007987022,8.40191990137,9.42080020905,8.425676810741667,0.6299113047731256,0.0747609146330024,True
20260802T192733Z-1ce3398155a9-rtx3080_topk_gate_release_v1,topk_gate.release.main.e7_t32,topk_gate,cuda_subwarp_pair_top2_v2,L1_kernel_body,warm,5,5,150,8.97024005651,8.92928004265,9.50272023678,8.867840007940535,0.40686359309784464,0.04588079991672454,False
20260802T192733Z-1ce3398155a9-rtx3080_topk_gate_release_v1,topk_gate.release.main.e7_t32,topk_gate,cuda_subwarp_pair_top2_v2,L2_operator_steady,warm,5,5,150,8.95999997854,8.975359797475,10.054144263289999,9.047586127122866,0.6693499116243146,0.07398104889189576,False
20260802T192733Z-1ce3398155a9-rtx3080_topk_gate_release_v1,topk_gate.release.main.e7_t32,topk_gate,cuda_vector_pair_top2_v3,L1_kernel_body,warm,5,5,150,9.11360025406,9.08288002014,9.718784093857,9.144183460871734,0.33730499801974584,0.03688738305208827,False
20260802T192733Z-1ce3398155a9-rtx3080_topk_gate_release_v1,topk_gate.release.main.e7_t32,topk_gate,cuda_vector_pair_top2_v3,L2_operator_steady,warm,5,5,150,9.05216008425,9.03168022633,9.627647995949498,9.086429866155067,0.34447820125335643,0.037911281584471504,False
20260802T192733Z-1ce3398155a9-rtx3080_topk_gate_release_v1,topk_gate.release.main.e7_t32,topk_gate,cuda_warp_pair_top2_v1,L1_kernel_body,warm,5,5,150,8.92928004265,8.92928004265,9.5493119955035,8.926958946387133,0.39143266090278306,0.04384837695049571,False
20260802T192733Z-1ce3398155a9-rtx3080_topk_gate_release_v1,topk_gate.release.main.e7_t32,topk_gate,cuda_warp_pair_top2_v1,L2_operator_steady,warm,5,5,150,9.02144014835,8.96000027657,24.137728214245,10.290653864542666,4.7055803635269315,0.45726738314854937,False
20260802T192733Z-1ce3398155a9-rtx3080_topk_gate_release_v1,topk_gate.release.main.e7_t4,topk_gate,cuda_naive,L1_kernel_body,warm,5,5,150,8.25856000185,8.04863989353,9.3547519743415,8.150425604978867,0.667185250859373,0.081858946169855,True
20260802T192733Z-1ce3398155a9-rtx3080_topk_gate_release_v1,topk_gate.release.main.e7_t4,topk_gate,cuda_naive,L2_operator_steady,warm,5,5,150,8.11519980431,8.02815973759,9.3557759821385,8.172202686468067,0.7128164872405373,0.08722452374080904,True
20260802T192733Z-1ce3398155a9-rtx3080_topk_gate_release_v1,topk_gate.release.main.e7_t4,topk_gate,cuda_subwarp_pair_top2_v2,L1_kernel_body,warm,5,5,150,9.00608003139,9.02144014835,9.606143832207,9.0812416036922,0.2906214228857251,0.03200238861254015,False
20260802T192733Z-1ce3398155a9-rtx3080_topk_gate_release_v1,topk_gate.release.main.e7_t4,topk_gate,cuda_subwarp_pair_top2_v2,L2_operator_steady,warm,5,5,150,8.98047983646,8.975359797475,9.5493119955035,8.962935459613933,0.38141460626996304,0.04255465276845718,False
20260802T192733Z-1ce3398155a9-rtx3080_topk_gate_release_v1,topk_gate.release.main.e7_t4,topk_gate,cuda_vector_pair_top2_v3,L1_kernel_body,warm,5,5,150,9.01632010937,8.98047983646,9.595904022454999,8.954948286215535,0.4279580899167813,0.04779012410105624,False
20260802T192733Z-1ce3398155a9-rtx3080_topk_gate_release_v1,topk_gate.release.main.e7_t4,topk_gate,cuda_vector_pair_top2_v3,L2_operator_steady,warm,5,5,150,8.91903996468,8.88832002878,9.518591761589,8.9005397478742,0.35147063277988916,0.0394886875106461,False
20260802T192733Z-1ce3398155a9-rtx3080_topk_gate_release_v1,topk_gate.release.main.e7_t4,topk_gate,cuda_warp_pair_top2_v1,L1_kernel_body,warm,5,5,150,8.98559987545,9.01120007038,9.637888073919498,9.0444458285968,0.3686208868007856,0.04075660286838992,False
20260802T192733Z-1ce3398155a9-rtx3080_topk_gate_release_v1,topk_gate.release.main.e7_t4,topk_gate,cuda_warp_pair_top2_v1,L2_operator_steady,warm,5,5,150,8.99071991444,9.01120007038,9.5288318395635,9.0062165021894,0.31673176320193364,0.035168126718354654,False
20260802T192733Z-1ce3398155a9-rtx3080_topk_gate_release_v1,topk_gate.release.main.e7_t4096,topk_gate,cuda_naive,L1_kernel_body,warm,5,5,150,8.22272002697,8.25344026089,9.145344108342996,8.300407509008668,0.41085620476339363,0.04949831731965927,True
20260802T192733Z-1ce3398155a9-rtx3080_topk_gate_release_v1,topk_gate.release.main.e7_t4096,topk_gate,cuda_naive,L2_operator_steady,warm,5,5,150,8.34048002958,8.391680121425,9.245183736087998,8.4544170578324,0.4073573822504598,0.04818278770303542,True
20260802T192733Z-1ce3398155a9-rtx3080_topk_gate_release_v1,topk_gate.release.main.e7_t4096,topk_gate,cuda_subwarp_pair_top2_v2,L1_kernel_body,warm,5,5,150,8.44799995422,8.46848011017,9.207808047531998,8.528076827526,0.4132751559279626,0.048460533867851416,False
20260802T192733Z-1ce3398155a9-rtx3080_topk_gate_release_v1,topk_gate.release.main.e7_t4096,topk_gate,cuda_subwarp_pair_top2_v2,L2_operator_steady,warm,5,5,150,8.55552017689,8.64767998457,9.402368068699499,8.664951467513667,0.4465757402679573,0.051538169826137334,False
20260802T192733Z-1ce3398155a9-rtx3080_topk_gate_release_v1,topk_gate.release.main.e7_t4096,topk_gate,cuda_vector_pair_top2_v3,L1_kernel_body,warm,5,5,150,8.48384022713,8.44799995422,9.27743971348,8.464793582757068,0.44845007008938964,0.05297826411300687,False
20260802T192733Z-1ce3398155a9-rtx3080_topk_gate_release_v1,topk_gate.release.main.e7_t4096,topk_gate,cuda_vector_pair_top2_v3,L2_operator_steady,warm,5,5,150,8.40192019939,8.44799995422,9.3634560406215,8.567466676235133,0.43955677515956953,0.05130533817876807,False
20260802T192733Z-1ce3398155a9-rtx3080_topk_gate_release_v1,topk_gate.release.main.e7_t4096,topk_gate,cuda_warp_pair_top2_v1,L1_kernel_body,warm,5,5,150,9.4566398859,9.46175992489,10.2661114931,9.486131227016001,0.5273081980469199,0.05558727635404979,False
20260802T192733Z-1ce3398155a9-rtx3080_topk_gate_release_v1,topk_gate.release.main.e7_t4096,topk_gate,cuda_warp_pair_top2_v1,L2_operator_steady,warm,5,5,150,9.48736011982,9.477120041845,10.317311883,9.519991461435268,0.46135360675418213,0.04846155678007581,False
20260802T192733Z-1ce3398155a9-rtx3080_topk_gate_release_v1,topk_gate.release.main.e7_t512,topk_gate,cuda_naive,L1_kernel_body,warm,5,5,150,8.14079999924,8.19711983204,8.787967830897498,8.217395206292467,0.3463436403763736,0.04214761876259293,True
20260802T192733Z-1ce3398155a9-rtx3080_topk_gate_release_v1,topk_gate.release.main.e7_t512,topk_gate,cuda_naive,L2_operator_steady,warm,5,5,150,8.22272002697,8.31488013268,9.25696015358,8.362939747175,0.5192019215607665,0.06208366163778148,True
20260802T192733Z-1ce3398155a9-rtx3080_topk_gate_release_v1,topk_gate.release.main.e7_t512,topk_gate,cuda_subwarp_pair_top2_v2,L1_kernel_body,warm,5,5,150,9.00608003139,9.01120007038,9.716223746537999,9.048814924558332,0.3994536327448571,0.04414430354418529,False
20260802T192733Z-1ce3398155a9-rtx3080_topk_gate_release_v1,topk_gate.release.main.e7_t512,topk_gate,cuda_subwarp_pair_top2_v2,L2_operator_steady,warm,5,5,150,8.95999997854,8.89855980873,9.473024010657,8.904362662633066,0.35927743428462655,0.04034847275395973,False
20260802T192733Z-1ce3398155a9-rtx3080_topk_gate_release_v1,topk_gate.release.main.e7_t512,topk_gate,cuda_vector_pair_top2_v3,L1_kernel_body,warm,5,5,150,9.02656018734,9.01120007038,9.595904022454999,9.012223990757468,0.43668648415352257,0.04845490797847109,False
20260802T192733Z-1ce3398155a9-rtx3080_topk_gate_release_v1,topk_gate.release.main.e7_t512,topk_gate,cuda_vector_pair_top2_v3,L2_operator_steady,warm,5,5,150,9.02143985033,9.03679996729,9.657344222067,9.063628784815133,0.41080299094706235,0.04532433980916191,False
20260802T192733Z-1ce3398155a9-rtx3080_topk_gate_release_v1,topk_gate.release.main.e7_t512,topk_gate,cuda_warp_pair_top2_v1,L1_kernel_body,warm,5,5,150,8.65791976452,8.668159842489999,9.422847896811998,8.7161514719328,0.4302106437448819,0.04935786684412484,False
20260802T192733Z-1ce3398155a9-rtx3080_topk_gate_release_v1,topk_gate.release.main.e7_t512,topk_gate,cuda_warp_pair_top2_v1,L2_operator_steady,warm,5,5,150,8.71935993433,8.760319948195,9.6005117893235,8.772812791664599,0.6106522567578264,0.06960735071629838,False
20260802T192733Z-1ce3398155a9-rtx3080_topk_gate_release_v1,topk_gate.release.main.e7_t64,topk_gate,cuda_naive,L1_kernel_body,warm,5,5,150,8.09471994638,8.11008006334,9.017856121066,8.166604797045334,0.48693430994186654,0.05962506109246754,True
20260802T192733Z-1ce3398155a9-rtx3080_topk_gate_release_v1,topk_gate.release.main.e7_t64,topk_gate,cuda_naive,L2_operator_steady,warm,5,5,150,8.27391982079,8.18175971508,9.042943984269499,8.239854943751999,0.5428429875178802,0.06588016308824703,True
20260802T192733Z-1ce3398155a9-rtx3080_topk_gate_release_v1,topk_gate.release.main.e7_t64,topk_gate,cuda_subwarp_pair_top2_v2,L1_kernel_body,warm,5,5,150,8.81664007902,8.862720131875,9.518591761589,8.797115719318334,0.4550514822758126,0.051727349826321635,False
20260802T192733Z-1ce3398155a9-rtx3080_topk_gate_release_v1,topk_gate.release.main.e7_t64,topk_gate,cuda_subwarp_pair_top2_v2,L2_operator_steady,warm,5,5,150,9.00608003139,9.00095999241,9.524223804472499,8.981162675221867,0.32045948219604575,0.035681291363328885,False
20260802T192733Z-1ce3398155a9-rtx3080_topk_gate_release_v1,topk_gate.release.main.e7_t64,topk_gate,cuda_vector_pair_top2_v3,L1_kernel_body,warm,5,5,150,8.97023975849,9.00095999241,9.508351951836,9.0273109475778,0.3094408394682359,0.03427829630165391,False
20260802T192733Z-1ce3398155a9-rtx3080_topk_gate_release_v1,topk_gate.release.main.e7_t64,topk_gate,cuda_vector_pair_top2_v3,L2_operator_steady,warm,5,5,150,9.03168022633,9.02144014835,9.55392003059,9.046220779418867,0.3194557550229954,0.03531372523538137,False
20260802T192733Z-1ce3398155a9-rtx3080_topk_gate_release_v1,topk_gate.release.main.e7_t64,topk_gate,cuda_warp_pair_top2_v1,L1_kernel_body,warm,5,5,150,8.96000027657,8.92928004265,9.967615872621499,9.000755202771067,0.659337710531805,0.07325359880122219,False
20260802T192733Z-1ce3398155a9-rtx3080_topk_gate_release_v1,topk_gate.release.main.e7_t64,topk_gate,cuda_warp_pair_top2_v1,L2_operator_steady,warm,5,5,150,8.65279972553,8.84223997593,9.47200000286,8.815274655819133,0.40082009099672355,0.04546881482951124,False
20260802T192733Z-1ce3398155a9-rtx3080_topk_gate_release_v1,topk_gate.release.main.e7_t8,topk_gate,cuda_naive,L1_kernel_body,warm,5,5,150,8.76543998718,8.688639998435,9.386495947836,8.627677857875867,0.505262250110147,0.05856294804156521,True
20260802T192733Z-1ce3398155a9-rtx3080_topk_gate_release_v1,topk_gate.release.main.e7_t8,topk_gate,cuda_naive,L2_operator_steady,warm,5,5,150,8.212479949,8.2687997818,9.452543854712498,8.351675705114934,0.5129181807179837,0.06141500207004566,True
20260802T192733Z-1ce3398155a9-rtx3080_topk_gate_release_v1,topk_gate.release.main.e7_t8,topk_gate,cuda_subwarp_pair_top2_v2,L1_kernel_body,warm,5,5,150,9.01632010937,9.03168022633,9.570816159246,9.068134355544734,0.2548052321784808,0.028098969665428422,False
20260802T192733Z-1ce3398155a9-rtx3080_topk_gate_release_v1,topk_gate.release.main.e7_t8,topk_gate,cuda_subwarp_pair_top2_v2,L2_operator_steady,warm,5,5,150,9.08800005913,9.067519903185,9.8073598444455,9.1617279966684,0.5029563498474574,0.0548975422573508,False
20260802T192733Z-1ce3398155a9-rtx3080_topk_gate_release_v1,topk_gate.release.main.e7_t8,topk_gate,cuda_vector_pair_top2_v3,L1_kernel_body,warm,5,5,150,9.0316799283,9.02144014835,9.852927923199498,9.006489590803733,0.5376518802395619,0.059696053031421115,False
20260802T192733Z-1ce3398155a9-rtx3080_topk_gate_release_v1,topk_gate.release.main.e7_t8,topk_gate,cuda_vector_pair_top2_v3,L2_operator_steady,warm,5,5,150,8.89855980873,8.87808024883,9.4776320457435,8.868727477391733,0.4943957757666313,0.05574596547553761,False
20260802T192733Z-1ce3398155a9-rtx3080_topk_gate_release_v1,topk_gate.release.main.e7_t8,topk_gate,cuda_warp_pair_top2_v1,L1_kernel_body,warm,5,5,150,9.01632010937,8.96000027657,9.624064236877999,8.959453880787,0.43613389170311306,0.04867862455750517,False
20260802T192733Z-1ce3398155a9-rtx3080_topk_gate_release_v1,topk_gate.release.main.e7_t8,topk_gate,cuda_warp_pair_top2_v1,L2_operator_steady,warm,5,5,150,8.99583995342,8.98047983646,9.5493119955035,8.963686370849468,0.4008996417640918,0.04472486264890362,False
20260802T192733Z-1ce3398155a9-rtx3080_topk_gate_release_v1,topk_gate.release.main.e8_t1,topk_gate,cuda_naive,L1_kernel_body,warm,5,5,150,8.32000017166,8.504319787025,9.247744083402498,8.454143985112735,0.5294386987662638,0.06262475535058017,True
20260802T192733Z-1ce3398155a9-rtx3080_topk_gate_release_v1,topk_gate.release.main.e8_t1,topk_gate,cuda_naive,L2_operator_steady,warm,5,5,150,8.4582400322,8.25343996286,9.1100158989385,8.272895995775865,0.5694099664088585,0.06882837239820237,True
20260802T192733Z-1ce3398155a9-rtx3080_topk_gate_release_v1,topk_gate.release.main.e8_t1,topk_gate,cuda_subwarp_pair_top2_v2,L1_kernel_body,warm,5,5,150,8.97024005651,8.96000027657,9.518591761589,8.983551975091734,0.2819126159337214,0.0313809745538699,False
20260802T192733Z-1ce3398155a9-rtx3080_topk_gate_release_v1,topk_gate.release.main.e8_t1,topk_gate,cuda_subwarp_pair_top2_v2,L2_operator_steady,warm,5,5,150,8.98047983646,8.97023975849,9.5129597187,8.9399978478754,0.39053007584639693,0.043683464190006134,False
20260802T192733Z-1ce3398155a9-rtx3080_topk_gate_release_v1,topk_gate.release.main.e8_t1,topk_gate,cuda_vector_pair_top2_v3,L1_kernel_body,warm,5,5,150,8.78080010414,8.729600012305,9.518591761589,8.768785071373,0.4359427020858389,0.04971529106227482,False
20260802T192733Z-1ce3398155a9-rtx3080_topk_gate_release_v1,topk_gate.release.main.e8_t1,topk_gate,cuda_vector_pair_top2_v3,L2_operator_steady,warm,5,5,150,8.65791976452,8.58111977577,9.398784041405499,8.580300788084468,0.4861883451450698,0.056663321852334525,False
20260802T192733Z-1ce3398155a9-rtx3080_topk_gate_release_v1,topk_gate.release.main.e8_t1,topk_gate,cuda_warp_pair_top2_v1,L1_kernel_body,warm,5,5,150,8.98048013449,8.965120017530001,9.5390719175335,8.9630720019342,0.3536952656772914,0.0394613884169362,False
20260802T192733Z-1ce3398155a9-rtx3080_topk_gate_release_v1,topk_gate.release.main.e8_t1,topk_gate,cuda_warp_pair_top2_v1,L2_operator_steady,warm,5,5,150,9.01119977236,9.05215978622,9.566208124159498,9.073732264836668,0.31485329002052653,0.03469942476048957,False
20260802T192733Z-1ce3398155a9-rtx3080_topk_gate_release_v1,topk_gate.release.main.e8_t1024,topk_gate,cuda_naive,L1_kernel_body,warm,5,5,150,7.96672016382,8.140799999235,8.9246720075635,8.1484458764394,0.47122426887380153,0.05782995629096709,True
20260802T192733Z-1ce3398155a9-rtx3080_topk_gate_release_v1,topk_gate.release.main.e8_t1024,topk_gate,cuda_naive,L2_operator_steady,warm,5,5,150,8.64255994558,8.60159993172,9.959424078479998,8.691097589334666,0.7397291975804958,0.08511343820235767,True
20260802T192733Z-1ce3398155a9-rtx3080_topk_gate_release_v1,topk_gate.release.main.e8_t1024,topk_gate,cuda_subwarp_pair_top2_v2,L1_kernel_body,warm,5,5,150,9.00608003139,9.00095999241,9.559552073479,9.0352298458416,0.327086373080591,0.036201223284998134,False
20260802T192733Z-1ce3398155a9-rtx3080_topk_gate_release_v1,topk_gate.release.main.e8_t1024,topk_gate,cuda_subwarp_pair_top2_v2,L2_operator_steady,warm,5,5,150,8.75008016825,8.82687985897,9.6721920073015,8.881015451748267,0.683358555271034,0.07694599328013914,False
20260802T192733Z-1ce3398155a9-rtx3080_topk_gate_release_v1,topk_gate.release.main.e8_t1024,topk_gate,cuda_vector_pair_top2_v3,L1_kernel_body,warm,5,5,150,8.77056002617,8.64767998457,9.406976103786,8.649318408965867,0.4367234173207254,0.05049223495668962,False
20260802T192733Z-1ce3398155a9-rtx3080_topk_gate_release_v1,topk_gate.release.main.e8_t1024,topk_gate,cuda_vector_pair_top2_v3,L2_operator_steady,warm,5,5,150,8.59136015177,8.64256024361,9.29791986942,8.564599450429267,0.47602643653428584,0.05558070045067045,False
20260802T192733Z-1ce3398155a9-rtx3080_topk_gate_release_v1,topk_gate.release.main.e8_t1024,topk_gate,cuda_warp_pair_top2_v1,L1_kernel_body,warm,5,5,150,8.42751979828,8.57088029385,9.290752083064499,8.582417082787133,0.42436830981842255,0.04944624640412014,False
20260802T192733Z-1ce3398155a9-rtx3080_topk_gate_release_v1,topk_gate.release.main.e8_t1024,topk_gate,cuda_warp_pair_top2_v1,L2_operator_steady,warm,5,5,150,8.28415989876,8.27391982079,9.058815836906,8.3258026560146,0.37901405190835513,0.04552282435310349,False
20260802T192733Z-1ce3398155a9-rtx3080_topk_gate_release_v1,topk_gate.release.main.e8_t128,topk_gate,cuda_naive,L1_kernel_body,warm,5,5,150,8.01791995764,8.13567996025,10.896383523945,8.561937085786,1.1273704071266413,0.1316723535609987,True
20260802T192733Z-1ce3398155a9-rtx3080_topk_gate_release_v1,topk_gate.release.main.e8_t128,topk_gate,cuda_naive,L2_operator_steady,warm,5,5,150,8.17663997412,8.0588799715,8.8038399517555,8.127010134856,0.47504474238652483,0.05845258397662156,True
20260802T192733Z-1ce3398155a9-rtx3080_topk_gate_release_v1,topk_gate.release.main.e8_t128,topk_gate,cuda_subwarp_pair_top2_v2,L1_kernel_body,warm,5,5,150,9.01120007038,9.016320109365001,9.53343987465,9.0441727717718,0.3002069836640785,0.03319341538908554,False
20260802T192733Z-1ce3398155a9-rtx3080_topk_gate_release_v1,topk_gate.release.main.e8_t128,topk_gate,cuda_subwarp_pair_top2_v2,L2_operator_steady,warm,5,5,150,8.94463986158,8.862720131875,9.49248015881,8.79063038826,0.43016553043157063,0.048934548653764606,False
20260802T192733Z-1ce3398155a9-rtx3080_topk_gate_release_v1,topk_gate.release.main.e8_t128,topk_gate,cuda_vector_pair_top2_v3,L1_kernel_body,warm,5,5,150,8.59136015177,8.504319787025,9.2113918066035,8.397209608554734,0.5358470960571947,0.06381251880521067,False
20260802T192733Z-1ce3398155a9-rtx3080_topk_gate_release_v1,topk_gate.release.main.e8_t128,topk_gate,cuda_vector_pair_top2_v3,L2_operator_steady,warm,5,5,150,8.75007987022,8.750079870225001,10.535423696034998,8.937403734523867,0.6937152782300999,0.07761932870397031,False
20260802T192733Z-1ce3398155a9-rtx3080_topk_gate_release_v1,topk_gate.release.main.e8_t128,topk_gate,cuda_warp_pair_top2_v1,L1_kernel_body,warm,5,5,150,9.00608003139,8.97023975849,9.4673919677735,8.967304511865066,0.32474706115821456,0.03621456823826227,False
20260802T192733Z-1ce3398155a9-rtx3080_topk_gate_release_v1,topk_gate.release.main.e8_t128,topk_gate,cuda_warp_pair_top2_v1,L2_operator_steady,warm,5,5,150,8.9753600955,9.016320109365001,9.5902719795715,9.073322637876066,0.33342312403947705,0.0367476323003903,False
20260802T192733Z-1ce3398155a9-rtx3080_topk_gate_release_v1,topk_gate.release.main.e8_t16,topk_gate,cuda_naive,L1_kernel_body,warm,5,5,150,8.37119996548,8.37632000446,9.446911811829,8.375295984745067,0.5985753496595959,0.07146915771691568,True
20260802T192733Z-1ce3398155a9-rtx3080_topk_gate_release_v1,topk_gate.release.main.e8_t16,topk_gate,cuda_naive,L2_operator_steady,warm,5,5,150,8.21759998798,8.13567996025,9.2134400904155,8.214664542675134,0.58092073786955,0.07071752411211318,True
20260802T192733Z-1ce3398155a9-rtx3080_topk_gate_release_v1,topk_gate.release.main.e8_t16,topk_gate,cuda_subwarp_pair_top2_v2,L1_kernel_body,warm,5,5,150,8.86272013187,8.816639781,9.5037439167495,8.7840767780938,0.4976514592307282,0.056653814829100535,False
20260802T192733Z-1ce3398155a9-rtx3080_topk_gate_release_v1,topk_gate.release.main.e8_t16,topk_gate,cuda_subwarp_pair_top2_v2,L2_operator_steady,warm,5,5,150,8.93440008163,8.88832002878,9.56416010857,8.886681632200933,0.4367894481205132,0.04915101791627198,False
20260802T192733Z-1ce3398155a9-rtx3080_topk_gate_release_v1,topk_gate.release.main.e8_t16,topk_gate,cuda_vector_pair_top2_v3,L1_kernel_body,warm,5,5,150,8.62208008766,8.596479892729999,9.17504012585,8.612795722484668,0.3825236636218719,0.04441341417436048,False
20260802T192733Z-1ce3398155a9-rtx3080_topk_gate_release_v1,topk_gate.release.main.e8_t16,topk_gate,cuda_vector_pair_top2_v3,L2_operator_steady,warm,5,5,150,8.43776017427,8.41727972031,9.076736241581498,8.4140032013262,0.4278577503583863,0.05085067596491384,False
20260802T192733Z-1ce3398155a9-rtx3080_topk_gate_release_v1,topk_gate.release.main.e8_t16,topk_gate,cuda_warp_pair_top2_v1,L1_kernel_body,warm,5,5,150,9.03679996729,9.04191970825,9.729024171827,9.105134924253067,0.385048984692189,0.042289212394485874,False
20260802T192733Z-1ce3398155a9-rtx3080_topk_gate_release_v1,topk_gate.release.main.e8_t16,topk_gate,cuda_warp_pair_top2_v1,L2_operator_steady,warm,5,5,150,9.04192000628,9.00095999241,9.695744186637999,9.019392009576267,0.46256397897227275,0.05128549446361231,False
20260802T192733Z-1ce3398155a9-rtx3080_topk_gate_release_v1,topk_gate.release.main.e8_t2,topk_gate,cuda_naive,L1_kernel_body,warm,5,5,150,8.14592003822,8.140799999235,9.146367907519497,8.245043206214467,0.5720022283526632,0.06937528573792467,True
20260802T192733Z-1ce3398155a9-rtx3080_topk_gate_release_v1,topk_gate.release.main.e8_t2,topk_gate,cuda_naive,L2_operator_steady,warm,5,5,150,8.78592014313,8.78592014313,9.370623826982499,8.666931188107,0.45751248097310937,0.05278829046213272,True
20260802T192733Z-1ce3398155a9-rtx3080_topk_gate_release_v1,topk_gate.release.main.e8_t2,topk_gate,cuda_subwarp_pair_top2_v2,L1_kernel_body,warm,5,5,150,8.99583995342,9.016320109365001,9.714176058766,9.0915498455364,0.3475264290965016,0.03822521297258505,False
20260802T192733Z-1ce3398155a9-rtx3080_topk_gate_release_v1,topk_gate.release.main.e8_t2,topk_gate,cuda_subwarp_pair_top2_v2,L2_operator_steady,warm,5,5,150,9.01632010937,9.02144014835,9.595904022454999,9.031748251120266,0.3216022789791168,0.035607976444563365,False
20260802T192733Z-1ce3398155a9-rtx3080_topk_gate_release_v1,topk_gate.release.main.e8_t2,topk_gate,cuda_vector_pair_top2_v3,L1_kernel_body,warm,5,5,150,8.80640000105,8.801279962065,9.4320639669895,8.890436263878733,0.5631680942900813,0.06334538346314869,False
20260802T192733Z-1ce3398155a9-rtx3080_topk_gate_release_v1,topk_gate.release.main.e8_t2,topk_gate,cuda_vector_pair_top2_v3,L2_operator_steady,warm,5,5,150,8.70912015438,8.709120154379999,9.421824216842499,8.8216917435328,1.6948717108487872,0.19212547435601582,False
20260802T192733Z-1ce3398155a9-rtx3080_topk_gate_release_v1,topk_gate.release.main.e8_t2,topk_gate,cuda_warp_pair_top2_v1,L1_kernel_body,warm,5,5,150,9.02144014835,8.96000027657,9.616383910177,8.938495993613934,0.4257193161915875,0.0476276228680687,False
20260802T192733Z-1ce3398155a9-rtx3080_topk_gate_release_v1,topk_gate.release.main.e8_t2,topk_gate,cuda_warp_pair_top2_v1,L2_operator_steady,warm,5,5,150,8.97024005651,8.99071991444,9.575424194337,9.004236785571,0.37332690764102733,0.041461249468613674,False
20260802T192733Z-1ce3398155a9-rtx3080_topk_gate_release_v1,topk_gate.release.main.e8_t2048,topk_gate,cuda_naive,L1_kernel_body,warm,5,5,150,8.59647989273,8.56064021587,9.20575976372,8.522001047929134,0.4634866370675641,0.05438706642499093,True
20260802T192733Z-1ce3398155a9-rtx3080_topk_gate_release_v1,topk_gate.release.main.e8_t2048,topk_gate,cuda_naive,L2_operator_steady,warm,5,5,150,8.58624011278,8.5504001379,9.165824055672498,8.5396138548854,0.36577453388397213,0.04283267839736305,True
20260802T192733Z-1ce3398155a9-rtx3080_topk_gate_release_v1,topk_gate.release.main.e8_t2048,topk_gate,cuda_subwarp_pair_top2_v2,L1_kernel_body,warm,5,5,150,8.94463986158,8.934400081635,9.650175839661499,8.979251178105667,0.4075604191908578,0.045389132245751466,False
20260802T192733Z-1ce3398155a9-rtx3080_topk_gate_release_v1,topk_gate.release.main.e8_t2048,topk_gate,cuda_subwarp_pair_top2_v2,L2_operator_steady,warm,5,5,150,9.03679996729,9.02656018734,9.876992106439001,9.090730639298867,0.4352733696065504,0.047881010545497954,False
20260802T192733Z-1ce3398155a9-rtx3080_topk_gate_release_v1,topk_gate.release.main.e8_t2048,topk_gate,cuda_vector_pair_top2_v3,L1_kernel_body,warm,5,5,150,8.8524800539,8.72447997332,9.380863904952498,8.561663977304933,0.5825395953545361,0.068040464668868,False
20260802T192733Z-1ce3398155a9-rtx3080_topk_gate_release_v1,topk_gate.release.main.e8_t2048,topk_gate,cuda_vector_pair_top2_v3,L2_operator_steady,warm,5,5,150,8.77056002617,8.58111977577,9.300992161034499,8.488960011800467,0.5502162229783105,0.0648155041622834,False
20260802T192733Z-1ce3398155a9-rtx3080_topk_gate_release_v1,topk_gate.release.main.e8_t2048,topk_gate,cuda_warp_pair_top2_v1,L1_kernel_body,warm,5,5,150,10.0044798851,10.035200118999999,10.7678717375,9.7979050318398,0.8405966860099882,0.08579351231496324,False
20260802T192733Z-1ce3398155a9-rtx3080_topk_gate_release_v1,topk_gate.release.main.e8_t2048,topk_gate,cuda_warp_pair_top2_v1,L2_operator_steady,warm,5,5,150,9.88672018051,9.90208029747,10.5062401295,9.6526335875168,0.7786021876321902,0.08066215096355797,False
20260802T192733Z-1ce3398155a9-rtx3080_topk_gate_release_v1,topk_gate.release.main.e8_t256,topk_gate,cuda_naive,L1_kernel_body,warm,5,5,150,8.40703994036,8.36607992649,8.863232135773499,8.366489589214867,0.30621284335879534,0.03659991924851378,True
20260802T192733Z-1ce3398155a9-rtx3080_topk_gate_release_v1,topk_gate.release.main.e8_t256,topk_gate,cuda_naive,L2_operator_steady,warm,5,5,150,8.36607992649,8.31488013268,9.161727964875997,9.303859178227066,5.813015654500294,0.6247961779240963,True
20260802T192733Z-1ce3398155a9-rtx3080_topk_gate_release_v1,topk_gate.release.main.e8_t256,topk_gate,cuda_subwarp_pair_top2_v2,L1_kernel_body,warm,5,5,150,8.98048013449,8.9087998867,9.391103982927,8.851729075113333,0.42382609468299587,0.047880599494915,False
20260802T192733Z-1ce3398155a9-rtx3080_topk_gate_release_v1,topk_gate.release.main.e8_t256,topk_gate,cuda_subwarp_pair_top2_v2,L2_operator_steady,warm,5,5,150,9.03679996729,9.00095999241,9.5390719175335,8.9711957255998,0.40746856669325127,0.04541964963828816,False
20260802T192733Z-1ce3398155a9-rtx3080_topk_gate_release_v1,topk_gate.release.main.e8_t256,topk_gate,cuda_vector_pair_top2_v3,L1_kernel_body,warm,5,5,150,8.48895996809,8.581120073794999,9.361408025027501,8.616072551409466,0.45044082889571885,0.052279136022599204,False
20260802T192733Z-1ce3398155a9-rtx3080_topk_gate_release_v1,topk_gate.release.main.e8_t256,topk_gate,cuda_vector_pair_top2_v3,L2_operator_steady,warm,5,5,150,8.4582400322,8.43775987625,9.09312009811,8.433800506591666,0.47621292064609166,0.05646480732783453,False
20260802T192733Z-1ce3398155a9-rtx3080_topk_gate_release_v1,topk_gate.release.main.e8_t256,topk_gate,cuda_warp_pair_top2_v1,L1_kernel_body,warm,5,5,150,9.03679996729,8.995839953425,9.642496109006,8.994406382242733,0.42769099970609,0.04755077561877366,False
20260802T192733Z-1ce3398155a9-rtx3080_topk_gate_release_v1,topk_gate.release.main.e8_t256,topk_gate,cuda_warp_pair_top2_v1,L2_operator_steady,warm,5,5,150,9.04703974724,9.02144014835,9.606143832207,9.010380776723133,0.3516213919694708,0.03902403246684402,False
20260802T192733Z-1ce3398155a9-rtx3080_topk_gate_release_v1,topk_gate.release.main.e8_t32,topk_gate,cuda_naive,L1_kernel_body,warm,5,5,150,8.23808014393,8.156160116195,9.416192173959,8.214732809861665,0.6070444496538527,0.07389704129209228,True
20260802T192733Z-1ce3398155a9-rtx3080_topk_gate_release_v1,topk_gate.release.main.e8_t32,topk_gate,cuda_naive,L2_operator_steady,warm,5,5,150,8.19712013006,8.29439997673,9.403392076491999,8.3380223989482,0.6454302842714138,0.07740807752601284,True
20260802T192733Z-1ce3398155a9-rtx3080_topk_gate_release_v1,topk_gate.release.main.e8_t32,topk_gate,cuda_subwarp_pair_top2_v2,L1_kernel_body,warm,5,5,150,8.91392022371,8.94976019859,9.577471882104499,9.028471453985,0.37569150028902076,0.041611861122205517,False
20260802T192733Z-1ce3398155a9-rtx3080_topk_gate_release_v1,topk_gate.release.main.e8_t32,topk_gate,cuda_subwarp_pair_top2_v2,L2_operator_steady,warm,5,5,150,8.91391992569,8.872960209845001,9.629696279761498,8.93747202158,0.4466127355336733,0.04997081215530557,False
20260802T192733Z-1ce3398155a9-rtx3080_topk_gate_release_v1,topk_gate.release.main.e8_t32,topk_gate,cuda_vector_pair_top2_v3,L1_kernel_body,warm,5,5,150,8.56576025486,8.586239814755,9.2216318845735,8.6083584070204,0.3421770650686936,0.03974939807218492,False
20260802T192733Z-1ce3398155a9-rtx3080_topk_gate_release_v1,topk_gate.release.main.e8_t32,topk_gate,cuda_vector_pair_top2_v3,L2_operator_steady,warm,5,5,150,8.59647989273,8.627200126645,9.3532159626515,8.689937071005534,0.37158370589292467,0.0427602297757408,False
20260802T192733Z-1ce3398155a9-rtx3080_topk_gate_release_v1,topk_gate.release.main.e8_t32,topk_gate,cuda_warp_pair_top2_v1,L1_kernel_body,warm,5,5,150,9.06751990318,9.05215978622,9.873408079149499,9.188898126284933,0.6629492950583358,0.0721467673215315,False
20260802T192733Z-1ce3398155a9-rtx3080_topk_gate_release_v1,topk_gate.release.main.e8_t32,topk_gate,cuda_warp_pair_top2_v1,L2_operator_steady,warm,5,5,150,9.00608003139,8.975359797475,9.715200066563,8.966075734298,0.42888056041850536,0.04783369816718201,False
20260802T192733Z-1ce3398155a9-rtx3080_topk_gate_release_v1,topk_gate.release.main.e8_t4,topk_gate,cuda_naive,L1_kernel_body,warm,5,5,150,8.24831992388,8.227840065955,9.3240320682535,8.293785572052267,0.5368094625581934,0.06472429964515732,True
20260802T192733Z-1ce3398155a9-rtx3080_topk_gate_release_v1,topk_gate.release.main.e8_t4,topk_gate,cuda_naive,L2_operator_steady,warm,5,5,150,8.38655978441,8.43775987625,9.44127976894,8.4104533592868,0.6635569053588684,0.07889668689811717,True
20260802T192733Z-1ce3398155a9-rtx3080_topk_gate_release_v1,topk_gate.release.main.e8_t4,topk_gate,cuda_subwarp_pair_top2_v2,L1_kernel_body,warm,5,5,150,8.98559987545,8.801279962065,9.5288318395635,8.709802635510934,0.5495429447459959,0.06309476434120813,False
20260802T192733Z-1ce3398155a9-rtx3080_topk_gate_release_v1,topk_gate.release.main.e8_t4,topk_gate,cuda_subwarp_pair_top2_v2,L2_operator_steady,warm,5,5,150,8.91903996468,8.93952012062,9.5697921514535,9.010517311095867,0.4601406454003379,0.05106706191371549,False
20260802T192733Z-1ce3398155a9-rtx3080_topk_gate_release_v1,topk_gate.release.main.e8_t4,topk_gate,cuda_vector_pair_top2_v3,L1_kernel_body,warm,5,5,150,8.63744020462,8.591359853745,9.347583919767999,8.515447461605133,0.5559973436738019,0.06529279244346349,False
20260802T192733Z-1ce3398155a9-rtx3080_topk_gate_release_v1,topk_gate.release.main.e8_t4,topk_gate,cuda_vector_pair_top2_v3,L2_operator_steady,warm,5,5,150,8.72447997332,8.76543998718,9.4264322519335,8.766532274087266,0.3977536254633273,0.04537183153241054,False
20260802T192733Z-1ce3398155a9-rtx3080_topk_gate_release_v1,topk_gate.release.main.e8_t4,topk_gate,cuda_warp_pair_top2_v1,L1_kernel_body,warm,5,5,150,9.0316799283,8.995839953425,9.5288318395635,8.964027730623934,0.3800827104854926,0.042400885172076234,False
20260802T192733Z-1ce3398155a9-rtx3080_topk_gate_release_v1,topk_gate.release.main.e8_t4,topk_gate,cuda_warp_pair_top2_v1,L2_operator_steady,warm,5,5,150,9.04703974724,9.05215978622,9.5288318395635,9.093188254038601,0.2814876087909666,0.030955876082951233,False
20260802T192733Z-1ce3398155a9-rtx3080_topk_gate_release_v1,topk_gate.release.main.e8_t4096,topk_gate,cuda_naive,L1_kernel_body,warm,5,5,150,8.50943982601,8.48896026611,9.01120007038,8.4484096209208,0.4009233420202782,0.047455480973303134,True
20260802T192733Z-1ce3398155a9-rtx3080_topk_gate_release_v1,topk_gate.release.main.e8_t4096,topk_gate,cuda_naive,L2_operator_steady,warm,5,5,150,8.42751979828,8.483840227125,9.116671949624498,8.455987167358467,0.41045732210548075,0.048540438151315445,True
20260802T192733Z-1ce3398155a9-rtx3080_topk_gate_release_v1,topk_gate.release.main.e8_t4096,topk_gate,cuda_subwarp_pair_top2_v2,L1_kernel_body,warm,5,5,150,8.37632000446,8.43775987625,9.2032000124455,8.477696025371934,0.38019829252575305,0.04484688898822283,False
20260802T192733Z-1ce3398155a9-rtx3080_topk_gate_release_v1,topk_gate.release.main.e8_t4096,topk_gate,cuda_subwarp_pair_top2_v2,L2_operator_steady,warm,5,5,150,8.9087998867,8.872960209845001,9.5390719175335,8.819029335180867,0.4413893947339894,0.05004965716274456,False
20260802T192733Z-1ce3398155a9-rtx3080_topk_gate_release_v1,topk_gate.release.main.e8_t4096,topk_gate,cuda_vector_pair_top2_v3,L1_kernel_body,warm,5,5,150,8.95487993956,8.98047983646,10.37926411630999,9.097625585396667,0.6824619884124595,0.07501539627086153,False
20260802T192733Z-1ce3398155a9-rtx3080_topk_gate_release_v1,topk_gate.release.main.e8_t4096,topk_gate,cuda_vector_pair_top2_v3,L2_operator_steady,warm,5,5,150,9.02144014835,9.02144014835,9.5912959873685,9.023419706026665,0.3327326548514728,0.03687434095847758,False
20260802T192733Z-1ce3398155a9-rtx3080_topk_gate_release_v1,topk_gate.release.main.e8_t4096,topk_gate,cuda_warp_pair_top2_v1,L1_kernel_body,warm,5,5,150,9.32352006435,9.354240000245,10.153471827499999,9.381683194637333,0.3596287548522512,0.0383330738622488,False
20260802T192733Z-1ce3398155a9-rtx3080_topk_gate_release_v1,topk_gate.release.main.e8_t4096,topk_gate,cuda_warp_pair_top2_v1,L2_operator_steady,warm,5,5,150,9.41568017006,9.4003200531,10.230784416199999,9.411993618806067,0.5186012313571426,0.05510004068860901,False
20260802T192733Z-1ce3398155a9-rtx3080_topk_gate_release_v1,topk_gate.release.main.e8_t512,topk_gate,cuda_naive,L1_kernel_body,warm,5,5,150,8.42751979828,8.42751979828,8.9564159214485,8.410385064283867,0.3486104458840272,0.04144999821285958,True
20260802T192733Z-1ce3398155a9-rtx3080_topk_gate_release_v1,topk_gate.release.main.e8_t512,topk_gate,cuda_naive,L2_operator_steady,warm,5,5,150,8.40703994036,8.422399759295,9.104384183882498,8.440217606226668,0.378556413273391,0.04485149920709575,True
20260802T192733Z-1ce3398155a9-rtx3080_topk_gate_release_v1,topk_gate.release.main.e8_t512,topk_gate,cuda_subwarp_pair_top2_v2,L1_kernel_body,warm,5,5,150,8.98559987545,9.006080031395,11.9613444805,9.446536540986001,1.2286354531103134,0.13006200185428723,False
20260802T192733Z-1ce3398155a9-rtx3080_topk_gate_release_v1,topk_gate.release.main.e8_t512,topk_gate,cuda_subwarp_pair_top2_v2,L2_operator_steady,warm,5,5,150,9.03679996729,9.01120007038,9.698303937912499,9.060761582851466,0.3663823008482501,0.04043614849569276,False
20260802T192733Z-1ce3398155a9-rtx3080_topk_gate_release_v1,topk_gate.release.main.e8_t512,topk_gate,cuda_vector_pair_top2_v3,L1_kernel_body,warm,5,5,150,8.7296000123,8.74495983124,9.516032010314499,8.750489604473932,0.40232232423044356,0.04597712155726064,False
20260802T192733Z-1ce3398155a9-rtx3080_topk_gate_release_v1,topk_gate.release.main.e8_t512,topk_gate,cuda_vector_pair_top2_v3,L2_operator_steady,warm,5,5,150,8.69376003742,8.63232016563,9.247744083402498,8.528076807657866,0.5020985215724669,0.058875938021759236,False
20260802T192733Z-1ce3398155a9-rtx3080_topk_gate_release_v1,topk_gate.release.main.e8_t512,topk_gate,cuda_warp_pair_top2_v1,L1_kernel_body,warm,5,5,150,8.84736001492,8.7961602211,9.4673919677735,8.7622997403142,0.4124995004787539,0.0470766251673516,False
20260802T192733Z-1ce3398155a9-rtx3080_topk_gate_release_v1,topk_gate.release.main.e8_t512,topk_gate,cuda_warp_pair_top2_v1,L2_operator_steady,warm,5,5,150,8.71423989534,8.67327988148,9.544703960417,8.726732798418,0.4936471222892254,0.05656723239867213,False
20260802T192733Z-1ce3398155a9-rtx3080_topk_gate_release_v1,topk_gate.release.main.e8_t64,topk_gate,cuda_naive,L1_kernel_body,warm,5,5,150,8.19712013006,8.176639974115,8.962047964332,8.178551471233133,0.5236077444275891,0.06402206384214898,True
20260802T192733Z-1ce3398155a9-rtx3080_topk_gate_release_v1,topk_gate.release.main.e8_t64,topk_gate,cuda_naive,L2_operator_steady,warm,5,5,150,7.93088018894,8.002560138705,8.822271823883499,8.047138142585933,0.44235439499460305,0.05497039906070921,True
20260802T192733Z-1ce3398155a9-rtx3080_topk_gate_release_v1,topk_gate.release.main.e8_t64,topk_gate,cuda_subwarp_pair_top2_v2,L1_kernel_body,warm,5,5,150,9.03679996729,9.03679996729,9.5912959873685,9.078988782565332,0.38708767383750803,0.04263554930047327,False
20260802T192733Z-1ce3398155a9-rtx3080_topk_gate_release_v1,topk_gate.release.main.e8_t64,topk_gate,cuda_subwarp_pair_top2_v2,L2_operator_steady,warm,5,5,150,8.98559987545,8.92928004265,9.518591761589,8.910028799374867,0.4244434423335406,0.04763659600778392,False
20260802T192733Z-1ce3398155a9-rtx3080_topk_gate_release_v1,topk_gate.release.main.e8_t64,topk_gate,cuda_vector_pair_top2_v3,L1_kernel_body,warm,5,5,150,8.50944012403,8.50943982601,9.377280145880999,8.500906666119468,0.6535242575881511,0.07687700656599196,False
20260802T192733Z-1ce3398155a9-rtx3080_topk_gate_release_v1,topk_gate.release.main.e8_t64,topk_gate,cuda_vector_pair_top2_v3,L2_operator_steady,warm,5,5,150,8.61696004868,8.61184000969,9.1909122467035,8.626244258881133,0.3325233361619091,0.038547869290805246,False
20260802T192733Z-1ce3398155a9-rtx3080_topk_gate_release_v1,topk_gate.release.main.e8_t64,topk_gate,cuda_warp_pair_top2_v1,L1_kernel_body,warm,5,5,150,8.98559987545,8.93952012062,9.5129597187,8.925457068284732,0.37204622436633217,0.041683716757581236,False
20260802T192733Z-1ce3398155a9-rtx3080_topk_gate_release_v1,topk_gate.release.main.e8_t64,topk_gate,cuda_warp_pair_top2_v1,L2_operator_steady,warm,5,5,150,9.06751990318,9.04191970825,9.680896073581499,9.134148255983,0.5188672774525378,0.056805217400831234,False
20260802T192733Z-1ce3398155a9-rtx3080_topk_gate_release_v1,topk_gate.release.main.e8_t8,topk_gate,cuda_naive,L1_kernel_body,warm,5,5,150,8.11008006334,8.279039859775,9.3317117989045,8.276172788938068,0.5652626535561451,0.06830000629175785,True
20260802T192733Z-1ce3398155a9-rtx3080_topk_gate_release_v1,topk_gate.release.main.e8_t8,topk_gate,cuda_naive,L2_operator_steady,warm,5,5,150,8.50432008505,8.616960048675,9.380863904952498,8.5363370498026,0.5056411433855195,0.05923397124967227,True
20260802T192733Z-1ce3398155a9-rtx3080_topk_gate_release_v1,topk_gate.release.main.e8_t8,topk_gate,cuda_subwarp_pair_top2_v2,L1_kernel_body,warm,5,5,150,8.87296020985,8.9087998867,9.534463882447,8.940680535634867,0.3532003988329904,0.03950486737841037,False
20260802T192733Z-1ce3398155a9-rtx3080_topk_gate_release_v1,topk_gate.release.main.e8_t8,topk_gate,cuda_subwarp_pair_top2_v2,L2_operator_steady,warm,5,5,150,8.95487993956,8.9087998867,9.50272023678,8.868044793605934,0.43423151305876834,0.04896586825676155,False
20260802T192733Z-1ce3398155a9-rtx3080_topk_gate_release_v1,topk_gate.release.main.e8_t8,topk_gate,cuda_vector_pair_top2_v3,L1_kernel_body,warm,5,5,150,8.83199989796,8.73471975327,9.3967360258105,8.593339745203734,0.5409443530367907,0.06294925710794945,False
20260802T192733Z-1ce3398155a9-rtx3080_topk_gate_release_v1,topk_gate.release.main.e8_t8,topk_gate,cuda_vector_pair_top2_v3,L2_operator_steady,warm,5,5,150,8.77056002617,8.80639970303,9.487872123719,8.809471996625533,0.4612029914291693,0.052353079912829406,False
20260802T192733Z-1ce3398155a9-rtx3080_topk_gate_release_v1,topk_gate.release.main.e8_t8,topk_gate,cuda_warp_pair_top2_v1,L1_kernel_body,warm,5,5,150,9.0623998642,8.99071991444,9.586687952281999,8.9479168017708,0.43789232081734264,0.04893790705906914,False
20260802T192733Z-1ce3398155a9-rtx3080_topk_gate_release_v1,topk_gate.release.main.e8_t8,topk_gate,cuda_warp_pair_top2_v1,L2_operator_steady,warm,5,5,150,9.0316799283,9.01120007038,9.49248015881,9.0126335899036,0.2962671840325204,0.0328724319120677,False
20260802T192733Z-1ce3398155a9-rtx3080_topk_gate_release_v1,topk_gate.release.main.e9_t1,topk_gate,cuda_naive,L1_kernel_body,warm,5,5,150,8.05376023054,7.99744009972,8.764927923682997,8.039355742931532,0.4388862279894269,0.05459221385685168,True
20260802T192733Z-1ce3398155a9-rtx3080_topk_gate_release_v1,topk_gate.release.main.e9_t1,topk_gate,cuda_naive,L2_operator_steady,warm,5,5,150,8.08960020542,8.14079999924,8.887807995080498,8.1606656074522,0.4030750527245397,0.049392423622462545,True
20260802T192733Z-1ce3398155a9-rtx3080_topk_gate_release_v1,topk_gate.release.main.e9_t1,topk_gate,cuda_subwarp_pair_top2_v2,L1_kernel_body,warm,5,5,150,8.52479994297,8.729600012305,9.57440018654,8.759296003977067,0.5038440838082578,0.0575210705951132,False
20260802T192733Z-1ce3398155a9-rtx3080_topk_gate_release_v1,topk_gate.release.main.e9_t1,topk_gate,cuda_subwarp_pair_top2_v2,L2_operator_steady,warm,5,5,150,8.66815984249,8.68351995945,9.41056013107,8.716765868664266,0.3837144187634195,0.04402027363644435,False
20260802T192733Z-1ce3398155a9-rtx3080_topk_gate_release_v1,topk_gate.release.main.e9_t1,topk_gate,cuda_vector_pair_top2_v3,L1_kernel_body,warm,5,5,150,8.76543998718,8.668159842489999,9.5800322294235,8.701269312699532,0.537304674645478,0.06175014878131402,False
20260802T192733Z-1ce3398155a9-rtx3080_topk_gate_release_v1,topk_gate.release.main.e9_t1,topk_gate,cuda_vector_pair_top2_v3,L2_operator_steady,warm,5,5,150,8.7603199482,8.84736001492,9.544703960417,8.7792981306712,0.44286412946987674,0.05044413834435061,False
20260802T192733Z-1ce3398155a9-rtx3080_topk_gate_release_v1,topk_gate.release.main.e9_t1,topk_gate,cuda_warp_pair_top2_v1,L1_kernel_body,warm,5,5,150,8.96512001753,8.95999997854,9.6517121791835,8.986692261695799,0.4206715241509349,0.04681049622050302,False
20260802T192733Z-1ce3398155a9-rtx3080_topk_gate_release_v1,topk_gate.release.main.e9_t1,topk_gate,cuda_warp_pair_top2_v1,L2_operator_steady,warm,5,5,150,8.94975990057,8.908799886705001,9.5390719175335,8.897877339521933,0.3653861491212251,0.041064417408664414,False
20260802T192733Z-1ce3398155a9-rtx3080_topk_gate_release_v1,topk_gate.release.main.e9_t1024,topk_gate,cuda_naive,L1_kernel_body,warm,5,5,150,8.30976009369,8.30976009369,9.0168321132635,8.338090705871533,0.4563513122737309,0.05473091243207231,True
20260802T192733Z-1ce3398155a9-rtx3080_topk_gate_release_v1,topk_gate.release.main.e9_t1024,topk_gate,cuda_naive,L2_operator_steady,warm,5,5,150,8.35071980953,8.28415989876,8.9917439222325,8.302523736158868,0.46096122744872675,0.05552061542939819,True
20260802T192733Z-1ce3398155a9-rtx3080_topk_gate_release_v1,topk_gate.release.main.e9_t1024,topk_gate,cuda_subwarp_pair_top2_v2,L1_kernel_body,warm,5,5,150,8.39679986238,8.51967990398,9.424895912411499,8.567671465874,0.4978720294124915,0.05811054163264451,False
20260802T192733Z-1ce3398155a9-rtx3080_topk_gate_release_v1,topk_gate.release.main.e9_t1024,topk_gate,cuda_subwarp_pair_top2_v2,L2_operator_steady,warm,5,5,150,8.59136015177,8.637439906595,9.989120036352999,8.698129077750934,0.6457864394240578,0.07424429249686854,False
20260802T192733Z-1ce3398155a9-rtx3080_topk_gate_release_v1,topk_gate.release.main.e9_t1024,topk_gate,cuda_vector_pair_top2_v3,L1_kernel_body,warm,5,5,150,8.39679986238,8.401920199395,9.19552028179,8.445269326369132,0.41897272857441126,0.04961034543519287,False
20260802T192733Z-1ce3398155a9-rtx3080_topk_gate_release_v1,topk_gate.release.main.e9_t1024,topk_gate,cuda_vector_pair_top2_v3,L2_operator_steady,warm,5,5,150,8.34560006857,8.45311999321,9.438720017670999,8.5247317314146,0.48027782780133477,0.05633934802094202,False
20260802T192733Z-1ce3398155a9-rtx3080_topk_gate_release_v1,topk_gate.release.main.e9_t1024,topk_gate,cuda_warp_pair_top2_v1,L1_kernel_body,warm,5,5,150,8.31488013268,8.33536028862,9.242112040519,8.404787210623601,0.44971498571782687,0.05350700433550415,False
20260802T192733Z-1ce3398155a9-rtx3080_topk_gate_release_v1,topk_gate.release.main.e9_t1024,topk_gate,cuda_warp_pair_top2_v1,L2_operator_steady,warm,5,5,150,8.41215997934,8.54016005993,9.4776320457435,8.550195201237667,0.5046944997542732,0.05902724883768935,False
20260802T192733Z-1ce3398155a9-rtx3080_topk_gate_release_v1,topk_gate.release.main.e9_t128,topk_gate,cuda_naive,L1_kernel_body,warm,5,5,150,8.05375993252,8.115199804305,9.115647941827499,8.169676788647866,0.537537994511836,0.06579672714332706,True
20260802T192733Z-1ce3398155a9-rtx3080_topk_gate_release_v1,topk_gate.release.main.e9_t128,topk_gate,cuda_naive,L2_operator_steady,warm,5,5,150,8.212479949,8.212479949,9.3250560760505,8.266888531049267,0.5687606460481068,0.06879984457416138,True
20260802T192733Z-1ce3398155a9-rtx3080_topk_gate_release_v1,topk_gate.release.main.e9_t128,topk_gate,cuda_subwarp_pair_top2_v2,L1_kernel_body,warm,5,5,150,8.64767998457,8.709120154379999,9.463807940479498,8.708710432052401,0.42308367276544057,0.04858166729350438,False
20260802T192733Z-1ce3398155a9-rtx3080_topk_gate_release_v1,topk_gate.release.main.e9_t128,topk_gate,cuda_subwarp_pair_top2_v2,L2_operator_steady,warm,5,5,150,8.84223997593,8.826879858969999,9.462783932687,8.771993573506666,0.4294526181076889,0.04895724267340203,False
20260802T192733Z-1ce3398155a9-rtx3080_topk_gate_release_v1,topk_gate.release.main.e9_t128,topk_gate,cuda_vector_pair_top2_v3,L1_kernel_body,warm,5,5,150,8.73471975327,8.77568006516,9.483264088632499,8.8083114663758,0.36784913047073214,0.04176159436174939,False
20260802T192733Z-1ce3398155a9-rtx3080_topk_gate_release_v1,topk_gate.release.main.e9_t128,topk_gate,cuda_vector_pair_top2_v3,L2_operator_steady,warm,5,5,150,8.69888007641,8.64767998457,9.328127771614998,8.631022906302933,0.4483924312308751,0.05195125028615436,False
20260802T192733Z-1ce3398155a9-rtx3080_topk_gate_release_v1,topk_gate.release.main.e9_t128,topk_gate,cuda_warp_pair_top2_v1,L1_kernel_body,warm,5,5,150,8.83199989796,8.872960209845001,9.5129597187,8.855825062592867,0.4546402756974672,0.05133799194135782,False
20260802T192733Z-1ce3398155a9-rtx3080_topk_gate_release_v1,topk_gate.release.main.e9_t128,topk_gate,cuda_warp_pair_top2_v1,L2_operator_steady,warm,5,5,150,8.96512001753,8.91903996468,9.6527361869805,8.887637309233067,0.47146824035072477,0.05304764629188145,False
20260802T192733Z-1ce3398155a9-rtx3080_topk_gate_release_v1,topk_gate.release.main.e9_t16,topk_gate,cuda_naive,L1_kernel_body,warm,5,5,150,8.22272002697,8.25856000185,9.042943984269499,8.271257595221067,0.4659240387553438,0.05633049550101588,True
20260802T192733Z-1ce3398155a9-rtx3080_topk_gate_release_v1,topk_gate.release.main.e9_t16,topk_gate,cuda_naive,L2_operator_steady,warm,5,5,150,7.99232006073,8.40703994036,9.28767979145,8.361096521218867,0.5744371738150601,0.06870356924564239,True
20260802T192733Z-1ce3398155a9-rtx3080_topk_gate_release_v1,topk_gate.release.main.e9_t16,topk_gate,cuda_subwarp_pair_top2_v2,L1_kernel_body,warm,5,5,150,8.94976019859,8.965120017530001,9.544703960417,8.914875713983866,0.43084989153406517,0.048329321165771766,False
20260802T192733Z-1ce3398155a9-rtx3080_topk_gate_release_v1,topk_gate.release.main.e9_t16,topk_gate,cuda_subwarp_pair_top2_v2,L2_operator_steady,warm,5,5,150,8.82175981998,8.811519742015,9.452543854712498,8.801826127370333,0.42599965830690373,0.04839900858552599,False
20260802T192733Z-1ce3398155a9-rtx3080_topk_gate_release_v1,topk_gate.release.main.e9_t16,topk_gate,cuda_vector_pair_top2_v3,L1_kernel_body,warm,5,5,150,8.57087999582,8.62208008766,9.3649917840935,8.7417514642082,1.6448135425274812,0.188156063377222,False
20260802T192733Z-1ce3398155a9-rtx3080_topk_gate_release_v1,topk_gate.release.main.e9_t16,topk_gate,cuda_vector_pair_top2_v3,L2_operator_steady,warm,5,5,150,8.86783987284,8.85760009289,9.65632021427,8.8466772993414,0.48969569575611804,0.05535362929905604,False
20260802T192733Z-1ce3398155a9-rtx3080_topk_gate_release_v1,topk_gate.release.main.e9_t16,topk_gate,cuda_warp_pair_top2_v1,L1_kernel_body,warm,5,5,150,8.94976019859,8.92928004265,9.383935809131994,8.871662930647734,0.33840278714535477,0.038144234039406574,False
20260802T192733Z-1ce3398155a9-rtx3080_topk_gate_release_v1,topk_gate.release.main.e9_t16,topk_gate,cuda_warp_pair_top2_v1,L2_operator_steady,warm,5,5,150,8.63232016563,8.755199909209999,9.559552073479,8.7870122631396,0.4912897666614692,0.05591090030935399,False
20260802T192733Z-1ce3398155a9-rtx3080_topk_gate_release_v1,topk_gate.release.main.e9_t2,topk_gate,cuda_naive,L1_kernel_body,warm,5,5,150,8.13567996025,8.104960024355,9.33888018131,8.2128213405618,0.5775703782925005,0.07032545264804113,True
20260802T192733Z-1ce3398155a9-rtx3080_topk_gate_release_v1,topk_gate.release.main.e9_t2,topk_gate,cuda_naive,L2_operator_steady,warm,5,5,150,7.98720002174,7.98720002174,8.6184960603705,8.0096597075464,0.38820396186616357,0.04846697313500253,True
20260802T192733Z-1ce3398155a9-rtx3080_topk_gate_release_v1,topk_gate.release.main.e9_t2,topk_gate,cuda_subwarp_pair_top2_v2,L1_kernel_body,warm,5,5,150,9.01632010937,9.00095999241,9.647104144097,9.0146133303642,0.3851649710089637,0.04272673235041603,False
20260802T192733Z-1ce3398155a9-rtx3080_topk_gate_release_v1,topk_gate.release.main.e9_t2,topk_gate,cuda_subwarp_pair_top2_v2,L2_operator_steady,warm,5,5,150,8.91903996468,8.91903996468,9.5390719175335,8.9176746447874,0.37673675797404793,0.042246075684568715,False
20260802T192733Z-1ce3398155a9-rtx3080_topk_gate_release_v1,topk_gate.release.main.e9_t2,topk_gate,cuda_vector_pair_top2_v3,L1_kernel_body,warm,5,5,150,9.00095999241,8.96000027657,9.5400959253305,8.9260714570682,0.3963821590198705,0.04440723569448811,False
20260802T192733Z-1ce3398155a9-rtx3080_topk_gate_release_v1,topk_gate.release.main.e9_t2,topk_gate,cuda_vector_pair_top2_v3,L2_operator_steady,warm,5,5,150,8.7859198451,8.91391992569,9.53343987465,8.887842134634468,0.4049663518958586,0.04556408020769979,False
20260802T192733Z-1ce3398155a9-rtx3080_topk_gate_release_v1,topk_gate.release.main.e9_t2,topk_gate,cuda_warp_pair_top2_v1,L1_kernel_body,warm,5,5,150,8.91391992569,8.903679847715,9.6005117893235,8.908800009886132,0.40861230651273667,0.04586614426850955,False
20260802T192733Z-1ce3398155a9-rtx3080_topk_gate_release_v1,topk_gate.release.main.e9_t2,topk_gate,cuda_warp_pair_top2_v1,L2_operator_steady,warm,5,5,150,8.87807995081,8.80639970303,9.473024010657,8.78721704483,0.3958847936214709,0.045052351797136,False
20260802T192733Z-1ce3398155a9-rtx3080_topk_gate_release_v1,topk_gate.release.main.e9_t2048,topk_gate,cuda_naive,L1_kernel_body,warm,5,5,150,8.45311999321,8.47872018814,8.9666559994185,8.4819967905676,0.3330762616063768,0.03926861443484323,True
20260802T192733Z-1ce3398155a9-rtx3080_topk_gate_release_v1,topk_gate.release.main.e9_t2048,topk_gate,cuda_naive,L2_operator_steady,warm,5,5,150,8.60159993172,8.57088029385,9.416192173959,8.602624015012866,0.44927621783581084,0.05222548574153149,True
20260802T192733Z-1ce3398155a9-rtx3080_topk_gate_release_v1,topk_gate.release.main.e9_t2048,topk_gate,cuda_subwarp_pair_top2_v2,L1_kernel_body,warm,5,5,150,8.4582400322,8.44799995422,9.19552028179,8.483839992682666,0.45704786516842744,0.05387275874634981,False
20260802T192733Z-1ce3398155a9-rtx3080_topk_gate_release_v1,topk_gate.release.main.e9_t2048,topk_gate,cuda_subwarp_pair_top2_v2,L2_operator_steady,warm,5,5,150,8.42240005732,8.4582400322,9.58464026451,8.571972246964734,0.6182259934544448,0.07212179130343704,False
20260802T192733Z-1ce3398155a9-rtx3080_topk_gate_release_v1,topk_gate.release.main.e9_t2048,topk_gate,cuda_vector_pair_top2_v3,L1_kernel_body,warm,5,5,150,8.37119996548,8.34560006857,9.3137919902835,8.402261340618,0.4577187017584376,0.054475656398087186,False
20260802T192733Z-1ce3398155a9-rtx3080_topk_gate_release_v1,topk_gate.release.main.e9_t2048,topk_gate,cuda_vector_pair_top2_v3,L2_operator_steady,warm,5,5,150,8.42239975929,8.57600003481,9.676288038490497,8.6173013329504,0.5511437680416047,0.06395781541654684,False
20260802T192733Z-1ce3398155a9-rtx3080_topk_gate_release_v1,topk_gate.release.main.e9_t2048,topk_gate,cuda_warp_pair_top2_v1,L1_kernel_body,warm,5,5,150,10.4550403357,10.3782403469,10.972672104845,10.176375492412866,0.7740353044841177,0.07606198346957718,False
20260802T192733Z-1ce3398155a9-rtx3080_topk_gate_release_v1,topk_gate.release.main.e9_t2048,topk_gate,cuda_warp_pair_top2_v1,L2_operator_steady,warm,5,5,150,10.3833603859,10.368000268900001,11.014656424544999,10.1236736456476,0.7974650972077766,0.0787723039205857,False
20260802T192733Z-1ce3398155a9-rtx3080_topk_gate_release_v1,topk_gate.release.main.e9_t256,topk_gate,cuda_naive,L1_kernel_body,warm,5,5,150,8.37632000446,8.35583984852,9.069055914876,8.347511466343933,0.47423383005809094,0.056811402053191455,True
20260802T192733Z-1ce3398155a9-rtx3080_topk_gate_release_v1,topk_gate.release.main.e9_t256,topk_gate,cuda_naive,L2_operator_steady,warm,5,5,150,8.58623981476,8.565760254859999,9.1545599699,8.559206406275866,0.34615850047025115,0.04044282659388111,True
20260802T192733Z-1ce3398155a9-rtx3080_topk_gate_release_v1,topk_gate.release.main.e9_t256,topk_gate,cuda_subwarp_pair_top2_v2,L1_kernel_body,warm,5,5,150,8.51968020201,8.59135985374,9.4003200531,8.627950954437132,0.47676387283199484,0.05525806478846609,False
20260802T192733Z-1ce3398155a9-rtx3080_topk_gate_release_v1,topk_gate.release.main.e9_t256,topk_gate,cuda_subwarp_pair_top2_v2,L2_operator_steady,warm,5,5,150,8.65280002356,8.78592014313,9.513983994724999,8.768785051504466,0.4594045050166418,0.0523908959243814,False
20260802T192733Z-1ce3398155a9-rtx3080_topk_gate_release_v1,topk_gate.release.main.e9_t256,topk_gate,cuda_vector_pair_top2_v3,L1_kernel_body,warm,5,5,150,8.48895996809,8.560640215875,9.48224008083,8.6149120171866,0.4378519124380908,0.05082488498600843,False
20260802T192733Z-1ce3398155a9-rtx3080_topk_gate_release_v1,topk_gate.release.main.e9_t256,topk_gate,cuda_vector_pair_top2_v3,L2_operator_steady,warm,5,5,150,8.88832002878,8.903679847715,10.720767915234998,8.980002133051332,0.7208507676031549,0.08027289491948213,False
20260802T192733Z-1ce3398155a9-rtx3080_topk_gate_release_v1,topk_gate.release.main.e9_t256,topk_gate,cuda_warp_pair_top2_v1,L1_kernel_body,warm,5,5,150,8.66815984249,8.739839792255,9.392127990719498,8.735061339536799,0.39362009432980094,0.04506208703403035,False
20260802T192733Z-1ce3398155a9-rtx3080_topk_gate_release_v1,topk_gate.release.main.e9_t256,topk_gate,cuda_warp_pair_top2_v1,L2_operator_steady,warm,5,5,150,8.78080010414,8.934400081635,77.24544167519,22.012381871542,26.598822202467183,1.2083572944395724,False
20260802T192733Z-1ce3398155a9-rtx3080_topk_gate_release_v1,topk_gate.release.main.e9_t32,topk_gate,cuda_naive,L1_kernel_body,warm,5,5,150,7.98207998276,8.03839981556,9.017856121066,8.117725865046266,0.5001037923294344,0.061606390834507946,True
20260802T192733Z-1ce3398155a9-rtx3080_topk_gate_release_v1,topk_gate.release.main.e9_t32,topk_gate,cuda_naive,L2_operator_steady,warm,5,5,150,8.38144004345,8.248319923875,9.19552028179,8.417962674299734,1.7785083314017065,0.2112753881448703,True
20260802T192733Z-1ce3398155a9-rtx3080_topk_gate_release_v1,topk_gate.release.main.e9_t32,topk_gate,cuda_subwarp_pair_top2_v2,L1_kernel_body,warm,5,5,150,8.56064021587,8.693760037425,9.5697921514535,8.7117141326266,0.4387023451442469,0.050357752615096105,False
20260802T192733Z-1ce3398155a9-rtx3080_topk_gate_release_v1,topk_gate.release.main.e9_t32,topk_gate,cuda_subwarp_pair_top2_v2,L2_operator_steady,warm,5,5,150,8.82176011801,8.75519990921,9.317887961862999,8.724616551398666,0.4528581196397707,0.051905790583675775,False
20260802T192733Z-1ce3398155a9-rtx3080_topk_gate_release_v1,topk_gate.release.main.e9_t32,topk_gate,cuda_vector_pair_top2_v3,L1_kernel_body,warm,5,5,150,8.80127996206,8.7961602211,9.616383910177,8.862037352720733,0.5214448670516327,0.05884029216955895,False
20260802T192733Z-1ce3398155a9-rtx3080_topk_gate_release_v1,topk_gate.release.main.e9_t32,topk_gate,cuda_vector_pair_top2_v3,L2_operator_steady,warm,5,5,150,8.4838399291,8.50943982601,9.350143939255,8.603443181515201,0.42364908125225037,0.04924180613669597,False
20260802T192733Z-1ce3398155a9-rtx3080_topk_gate_release_v1,topk_gate.release.main.e9_t32,topk_gate,cuda_warp_pair_top2_v1,L1_kernel_body,warm,5,5,150,8.77568006516,8.872960209845001,9.5800322294235,8.939861333370533,0.7347815961371588,0.08219160999672119,False
20260802T192733Z-1ce3398155a9-rtx3080_topk_gate_release_v1,topk_gate.release.main.e9_t32,topk_gate,cuda_warp_pair_top2_v1,L2_operator_steady,warm,5,5,150,8.83199989796,8.74495983124,9.377280145880999,8.7597056229908,0.3972512642084664,0.04534984179900261,False
20260802T192733Z-1ce3398155a9-rtx3080_topk_gate_release_v1,topk_gate.release.main.e9_t4,topk_gate,cuda_naive,L1_kernel_body,warm,5,5,150,8.15104007721,8.16128015518,8.955392241479,8.188723198573067,0.49037565519237514,0.059884263187431466,True
20260802T192733Z-1ce3398155a9-rtx3080_topk_gate_release_v1,topk_gate.release.main.e9_t4,topk_gate,cuda_naive,L2_operator_steady,warm,5,5,150,8.11519980431,8.13055992126,9.094144105912498,8.2322773257888,0.5025822571980754,0.06105020971823479,True
20260802T192733Z-1ce3398155a9-rtx3080_topk_gate_release_v1,topk_gate.release.main.e9_t4,topk_gate,cuda_subwarp_pair_top2_v2,L1_kernel_body,warm,5,5,150,8.84736001492,8.791040182115,9.3649917840935,8.765303456782934,0.3769451006964607,0.0430042271274437,False
20260802T192733Z-1ce3398155a9-rtx3080_topk_gate_release_v1,topk_gate.release.main.e9_t4,topk_gate,cuda_subwarp_pair_top2_v2,L2_operator_steady,warm,5,5,150,8.91391992569,8.86784017086,9.417216181756,8.820326383909068,0.3906320103804858,0.04428770471499969,False
20260802T192733Z-1ce3398155a9-rtx3080_topk_gate_release_v1,topk_gate.release.main.e9_t4,topk_gate,cuda_vector_pair_top2_v3,L1_kernel_body,warm,5,5,150,8.88831973076,8.9087998867,9.58464026451,8.927982962131667,0.4436482143553905,0.04969187511189694,False
20260802T192733Z-1ce3398155a9-rtx3080_topk_gate_release_v1,topk_gate.release.main.e9_t4,topk_gate,cuda_vector_pair_top2_v3,L2_operator_steady,warm,5,5,150,8.86272013187,8.908799886705001,9.653759866950999,8.899037897587267,0.47052820338968154,0.05287405321841056,False
20260802T192733Z-1ce3398155a9-rtx3080_topk_gate_release_v1,topk_gate.release.main.e9_t4,topk_gate,cuda_warp_pair_top2_v1,L1_kernel_body,warm,5,5,150,8.94976019859,8.944640159605001,9.603584080937999,8.978158919016266,0.45083322244956575,0.050214440011155805,False
20260802T192733Z-1ce3398155a9-rtx3080_topk_gate_release_v1,topk_gate.release.main.e9_t4,topk_gate,cuda_warp_pair_top2_v1,L2_operator_steady,warm,5,5,150,9.04191970825,9.02144014835,9.5390719175335,8.993041058380667,0.34437500541315813,0.0382934986260552,False
20260802T192733Z-1ce3398155a9-rtx3080_topk_gate_release_v1,topk_gate.release.main.e9_t4096,topk_gate,cuda_naive,L1_kernel_body,warm,5,5,150,8.68863999844,8.663039803505,9.188351899384498,8.619485863050066,0.36287222604378927,0.04209905692859787,True
20260802T192733Z-1ce3398155a9-rtx3080_topk_gate_release_v1,topk_gate.release.main.e9_t4096,topk_gate,cuda_naive,L2_operator_steady,warm,5,5,150,8.77056002617,8.637440204619999,9.3250560760505,8.665975487232267,0.3598702363760794,0.041526800636152564,True
20260802T192733Z-1ce3398155a9-rtx3080_topk_gate_release_v1,topk_gate.release.main.e9_t4096,topk_gate,cuda_subwarp_pair_top2_v2,L1_kernel_body,warm,5,5,150,10.4499197006,10.3884804249,10.8646404743,10.173917921381866,0.6574692601420683,0.06462301595340253,False
20260802T192733Z-1ce3398155a9-rtx3080_topk_gate_release_v1,topk_gate.release.main.e9_t4096,topk_gate,cuda_subwarp_pair_top2_v2,L2_operator_steady,warm,5,5,150,10.4499197006,10.4191994667,11.090943813345,10.469376007714134,0.4019509762763647,0.03839302132048709,False
20260802T192733Z-1ce3398155a9-rtx3080_topk_gate_release_v1,topk_gate.release.main.e9_t4096,topk_gate,cuda_vector_pair_top2_v3,L1_kernel_body,warm,5,5,150,10.3833603859,10.2195203304,10.88614398239,9.951982899504532,0.7190271585258332,0.07224963766382984,False
20260802T192733Z-1ce3398155a9-rtx3080_topk_gate_release_v1,topk_gate.release.main.e9_t4096,topk_gate,cuda_vector_pair_top2_v3,L2_operator_steady,warm,5,5,150,10.4447996616,10.4755198956,10.9829121828,10.4531968275682,0.4444570042422897,0.04251876354897708,False
20260802T192733Z-1ce3398155a9-rtx3080_topk_gate_release_v1,topk_gate.release.main.e9_t4096,topk_gate,cuda_warp_pair_top2_v1,L1_kernel_body,warm,5,5,150,10.7519996166,10.7315194607,11.664383947845,10.709196813899599,0.5520605197324667,0.05155013296757611,False
20260802T192733Z-1ce3398155a9-rtx3080_topk_gate_release_v1,topk_gate.release.main.e9_t4096,topk_gate,cuda_warp_pair_top2_v1,L2_operator_steady,warm,5,5,150,10.0863999128,10.03008008005,11.4129918814,10.0008618712424,0.8962850273905647,0.08962077858187835,False
20260802T192733Z-1ce3398155a9-rtx3080_topk_gate_release_v1,topk_gate.release.main.e9_t512,topk_gate,cuda_naive,L1_kernel_body,warm,5,5,150,8.53504002094,8.52991998196,9.2216318845735,8.568968518574867,0.45627737821776765,0.05324764319400868,True
20260802T192733Z-1ce3398155a9-rtx3080_topk_gate_release_v1,topk_gate.release.main.e9_t512,topk_gate,cuda_naive,L2_operator_steady,warm,5,5,150,8.44799995422,8.44799995422,9.304575920106,8.557226673761466,0.6371010424787357,0.07445181327640205,True
20260802T192733Z-1ce3398155a9-rtx3080_topk_gate_release_v1,topk_gate.release.main.e9_t512,topk_gate,cuda_subwarp_pair_top2_v2,L1_kernel_body,warm,5,5,150,8.62208008766,8.688639998435,9.392127990719498,8.710826667150332,0.43016560372727614,0.04938286802898822,False
20260802T192733Z-1ce3398155a9-rtx3080_topk_gate_release_v1,topk_gate.release.main.e9_t512,topk_gate,cuda_subwarp_pair_top2_v2,L2_operator_steady,warm,5,5,150,8.54528009892,8.59135985374,9.2840960323785,8.628974914551065,0.4270043220849974,0.049484941874722424,False
20260802T192733Z-1ce3398155a9-rtx3080_topk_gate_release_v1,topk_gate.release.main.e9_t512,topk_gate,cuda_vector_pair_top2_v3,L1_kernel_body,warm,5,5,150,8.50432008505,8.616960048675,9.889792144298497,8.719701341787733,0.6138475604229358,0.07039777354313415,False
20260802T192733Z-1ce3398155a9-rtx3080_topk_gate_release_v1,topk_gate.release.main.e9_t512,topk_gate,cuda_vector_pair_top2_v3,L2_operator_steady,warm,5,5,150,8.59135985374,8.565760254859999,9.7505280077475,8.6630400180816,0.6255782265491233,0.07221232099163907,False
20260802T192733Z-1ce3398155a9-rtx3080_topk_gate_release_v1,topk_gate.release.main.e9_t512,topk_gate,cuda_warp_pair_top2_v1,L1_kernel_body,warm,5,5,150,8.30976009369,8.40704023838,60.40422248838,18.310826627412602,19.941326304351286,1.0890456618980657,False
20260802T192733Z-1ce3398155a9-rtx3080_topk_gate_release_v1,topk_gate.release.main.e9_t512,topk_gate,cuda_warp_pair_top2_v1,L2_operator_steady,warm,5,5,150,8.49408000708,8.50943982601,9.412608146669498,8.564667749404666,0.45655078488626816,0.05330630425424304,False
20260802T192733Z-1ce3398155a9-rtx3080_topk_gate_release_v1,topk_gate.release.main.e9_t64,topk_gate,cuda_naive,L1_kernel_body,warm,5,5,150,7.81311988831,7.88479983807,8.762879967692998,7.9626240015028,0.43619996997151517,0.05478093275397537,True
20260802T192733Z-1ce3398155a9-rtx3080_topk_gate_release_v1,topk_gate.release.main.e9_t64,topk_gate,cuda_naive,L2_operator_steady,warm,5,5,150,8.0025601387,7.956479787825,8.678911924363499,7.9521109263106,0.43520095548473275,0.05472772695421205,True
20260802T192733Z-1ce3398155a9-rtx3080_topk_gate_release_v1,topk_gate.release.main.e9_t64,topk_gate,cuda_subwarp_pair_top2_v2,L1_kernel_body,warm,5,5,150,8.54528009892,8.5504001379,9.369088083504998,8.637030422687467,0.48532362901591525,0.056191029238600705,False
20260802T192733Z-1ce3398155a9-rtx3080_topk_gate_release_v1,topk_gate.release.main.e9_t64,topk_gate,cuda_subwarp_pair_top2_v2,L2_operator_steady,warm,5,5,150,8.49920004606,8.50943982601,9.511423975227999,8.581461358069868,0.46153581343437716,0.053782892467418304,False
20260802T192733Z-1ce3398155a9-rtx3080_topk_gate_release_v1,topk_gate.release.main.e9_t64,topk_gate,cuda_vector_pair_top2_v3,L1_kernel_body,warm,5,5,150,8.69376003742,8.606719970705,10.0771844387,8.790289103984067,0.8191934732157722,0.09319300691082902,False
20260802T192733Z-1ce3398155a9-rtx3080_topk_gate_release_v1,topk_gate.release.main.e9_t64,topk_gate,cuda_vector_pair_top2_v3,L2_operator_steady,warm,5,5,150,8.76543998718,8.77568006516,9.430527955294998,8.7430485367774,0.43138543907397736,0.049340391656224496,False
20260802T192733Z-1ce3398155a9-rtx3080_topk_gate_release_v1,topk_gate.release.main.e9_t64,topk_gate,cuda_warp_pair_top2_v1,L1_kernel_body,warm,5,5,150,8.62720012665,8.709120154379999,9.5390719175335,8.76475735108,0.4452703570179093,0.050802359858033344,False
20260802T192733Z-1ce3398155a9-rtx3080_topk_gate_release_v1,topk_gate.release.main.e9_t64,topk_gate,cuda_warp_pair_top2_v1,L2_operator_steady,warm,5,5,150,8.93440008163,8.852480053905,9.59487974644,8.8520703872044,0.4843777951522804,0.054719153143251646,False
20260802T192733Z-1ce3398155a9-rtx3080_topk_gate_release_v1,topk_gate.release.main.e9_t8,topk_gate,cuda_naive,L1_kernel_body,warm,5,5,150,8.212479949,8.24320018291,9.115647941827499,8.305527480443601,0.477769534334491,0.057524285538692016,True
20260802T192733Z-1ce3398155a9-rtx3080_topk_gate_release_v1,topk_gate.release.main.e9_t8,topk_gate,cuda_naive,L2_operator_steady,warm,5,5,150,8.11520010233,8.053759932515,8.9835521280745,8.120456552505201,0.4763526453751744,0.05866082064415667,True
20260802T192733Z-1ce3398155a9-rtx3080_topk_gate_release_v1,topk_gate.release.main.e9_t8,topk_gate,cuda_subwarp_pair_top2_v2,L1_kernel_body,warm,5,5,150,8.94464015961,8.96000027657,9.56416010857,8.916992008685801,0.4008538386264532,0.04495393045502254,False
20260802T192733Z-1ce3398155a9-rtx3080_topk_gate_release_v1,topk_gate.release.main.e9_t8,topk_gate,cuda_subwarp_pair_top2_v2,L2_operator_steady,warm,5,5,150,8.91903996468,8.903679847715,9.53343987465,8.889002656936468,0.4140973897054802,0.046585360100251785,False
20260802T192733Z-1ce3398155a9-rtx3080_topk_gate_release_v1,topk_gate.release.main.e9_t8,topk_gate,cuda_vector_pair_top2_v3,L1_kernel_body,warm,5,5,150,8.68351995945,8.760319948195,9.55392003059,8.825992536543932,0.5006203736821946,0.056721141742345806,False
20260802T192733Z-1ce3398155a9-rtx3080_topk_gate_release_v1,topk_gate.release.main.e9_t8,topk_gate,cuda_vector_pair_top2_v3,L2_operator_steady,warm,5,5,150,8.91903996468,8.95488023758,9.518591761589,8.914670908450933,0.3967950119516232,0.04451033762507927,False
20260802T192733Z-1ce3398155a9-rtx3080_topk_gate_release_v1,topk_gate.release.main.e9_t8,topk_gate,cuda_warp_pair_top2_v1,L1_kernel_body,warm,5,5,150,8.68863999844,8.729600012305,9.513983994724999,8.7825066765148,0.5040003833949473,0.05738684887569616,False
20260802T192733Z-1ce3398155a9-rtx3080_topk_gate_release_v1,topk_gate.release.main.e9_t8,topk_gate,cuda_warp_pair_top2_v1,L2_operator_steady,warm,5,5,150,8.94976019859,9.108480215075,11.639807760724999,9.520196282862132,0.9946405802955706,0.10447689845282726,False
20260802T192733Z-1ce3398155a9-rtx3080_topk_gate_release_v1,topk_gate.release.ties_t2048_e64,topk_gate,cub_block_radix_top2,L1_kernel_body,warm,5,5,150,35.4611194134,35.40480017665,45.9161615372,37.95421861013067,4.544097152195338,0.11972574640180937,False
20260802T192733Z-1ce3398155a9-rtx3080_topk_gate_release_v1,topk_gate.release.ties_t2048_e64,topk_gate,cuda_naive,L1_kernel_body,warm,5,5,150,12.7999997139,12.887040376649999,18.20518434049,13.882572801912666,2.0599219359262544,0.14838185726225397,True
20260802T192733Z-1ce3398155a9-rtx3080_topk_gate_release_v1,topk_gate.release.ties_t2048_e64,topk_gate,cuda_subwarp_pair_top2_v2,L1_kernel_body,warm,5,5,150,9.62047994137,9.79968011379,10.656256079644999,9.769642659025333,0.5372694982822943,0.05499377173083779,False
20260802T192733Z-1ce3398155a9-rtx3080_topk_gate_release_v1,topk_gate.release.ties_t2048_e64,topk_gate,cuda_vector_pair_top2_v3,L1_kernel_body,warm,5,5,150,8.5811200738,8.545280098915,9.3854719400435,8.573542388280867,0.46382482507007655,0.05409955466063554,False
20260802T192733Z-1ce3398155a9-rtx3080_topk_gate_release_v1,topk_gate.release.ties_t2048_e64,topk_gate,cuda_warp_pair_top2_v1,L1_kernel_body,warm,5,5,150,9.65119987726,9.57440018654,10.451455712345,9.597883717217268,0.5236363186960618,0.054557476848435975,False
20260802T192733Z-1ce3398155a9-rtx3080_topk_gate_release_v1,topk_gate.release.ties_t2048_e64,topk_gate,vllm_row_packed_top2,L1_kernel_body,warm,5,5,150,9.07263994217,9.05727982521,9.681408017876997,9.124044791858333,0.5049728595114664,0.0553452850168019,False
20260802T192733Z-1ce3398155a9-rtx3080_topk_gate_release_v1,topk_gate.release.vllm_pair.e16_t1,topk_gate,cuda_naive,L1_kernel_body,warm,5,5,150,8.48895996809,8.46848011017,9.237504005432498,8.478173855940533,0.42915378774586094,0.05061865857411725,True
20260802T192733Z-1ce3398155a9-rtx3080_topk_gate_release_v1,topk_gate.release.vllm_pair.e16_t1,topk_gate,cuda_subwarp_pair_top2_v2,L1_kernel_body,warm,5,5,150,8.69888007641,8.780800104145,9.6209919452635,8.768375460306666,0.4864554735082292,0.055478403691807225,False
20260802T192733Z-1ce3398155a9-rtx3080_topk_gate_release_v1,topk_gate.release.vllm_pair.e16_t1,topk_gate,cuda_vector_pair_top2_v3,L1_kernel_body,warm,5,5,150,9.02656018734,9.19552028179,11.722239851944998,9.5455914656296,0.9909162633744656,0.10380878617552564,False
20260802T192733Z-1ce3398155a9-rtx3080_topk_gate_release_v1,topk_gate.release.vllm_pair.e16_t1,topk_gate,vllm_row_packed_top2,L1_kernel_body,warm,5,5,150,8.26368004084,8.13567996025,11.542527973659986,8.626722113291667,2.450902842217362,0.2841059222762167,False
20260802T192733Z-1ce3398155a9-rtx3080_topk_gate_release_v1,topk_gate.release.vllm_pair.e16_t1024,topk_gate,cuda_naive,L1_kernel_body,warm,5,5,150,8.24319988489,8.52991998196,9.6414721012135,8.629247991244066,0.6062399960216108,0.07025409359387412,True
20260802T192733Z-1ce3398155a9-rtx3080_topk_gate_release_v1,topk_gate.release.vllm_pair.e16_t1024,topk_gate,cuda_subwarp_pair_top2_v2,L1_kernel_body,warm,5,5,150,8.78079980612,8.586240112785,9.55392003059,8.809608519077866,1.736600537191098,0.1971257330482234,False
20260802T192733Z-1ce3398155a9-rtx3080_topk_gate_release_v1,topk_gate.release.vllm_pair.e16_t1024,topk_gate,cuda_vector_pair_top2_v3,L1_kernel_body,warm,5,5,150,8.71935993433,8.83711993694,9.518591761589,8.941636252402867,1.663308595101775,0.1860183693621844,False
20260802T192733Z-1ce3398155a9-rtx3080_topk_gate_release_v1,topk_gate.release.vllm_pair.e16_t1024,topk_gate,vllm_row_packed_top2,L1_kernel_body,warm,5,5,150,8.25344026089,8.17152023315,9.058815836906,8.281019723414866,0.8004335358034935,0.09665881286820756,False
20260802T192733Z-1ce3398155a9-rtx3080_topk_gate_release_v1,topk_gate.release.vllm_pair.e16_t128,topk_gate,cuda_naive,L1_kernel_body,warm,5,5,150,8.64767998457,8.821759819985001,9.4981122016935,8.7766357541086,0.4061299011188839,0.04627398384725749,True
20260802T192733Z-1ce3398155a9-rtx3080_topk_gate_release_v1,topk_gate.release.vllm_pair.e16_t128,topk_gate,cuda_subwarp_pair_top2_v2,L1_kernel_body,warm,5,5,150,8.87296020985,8.78592014313,9.518591761589,8.794726411501333,0.3855411485739632,0.04383776487575219,False
20260802T192733Z-1ce3398155a9-rtx3080_topk_gate_release_v1,topk_gate.release.vllm_pair.e16_t128,topk_gate,cuda_vector_pair_top2_v3,L1_kernel_body,warm,5,5,150,9.10848021507,9.067519903185,9.6517121791835,9.125068791707399,0.3438402777073543,0.037680842255110064,False
20260802T192733Z-1ce3398155a9-rtx3080_topk_gate_release_v1,topk_gate.release.vllm_pair.e16_t128,topk_gate,vllm_row_packed_top2,L1_kernel_body,warm,5,5,150,8.14592003822,8.13567996025,9.008640050888499,8.199099727471467,0.5037190924307053,0.0614359026202561,False
20260802T192733Z-1ce3398155a9-rtx3080_topk_gate_release_v1,topk_gate.release.vllm_pair.e16_t16,topk_gate,cuda_naive,L1_kernel_body,warm,5,5,150,8.79103988409,8.60159993172,9.417216181756,8.6291797359784,0.5083895389993962,0.05891516396161304,True
20260802T192733Z-1ce3398155a9-rtx3080_topk_gate_release_v1,topk_gate.release.vllm_pair.e16_t16,topk_gate,cuda_subwarp_pair_top2_v2,L1_kernel_body,warm,5,5,150,8.97023975849,8.980479836465001,9.550336003306,8.9586346427598,0.44080342929442384,0.04920430923596967,False
20260802T192733Z-1ce3398155a9-rtx3080_topk_gate_release_v1,topk_gate.release.vllm_pair.e16_t16,topk_gate,cuda_vector_pair_top2_v3,L1_kernel_body,warm,5,5,150,9.01631981134,8.9087998867,9.647104144097,8.887500810622667,0.46313564796324164,0.05211089797141677,False
20260802T192733Z-1ce3398155a9-rtx3080_topk_gate_release_v1,topk_gate.release.vllm_pair.e16_t16,topk_gate,vllm_row_packed_top2,L1_kernel_body,warm,5,5,150,7.79264003038,7.92576014996,9.116671949624498,8.054306113720132,0.5633272707266219,0.06994112997108719,False
20260802T192733Z-1ce3398155a9-rtx3080_topk_gate_release_v1,topk_gate.release.vllm_pair.e16_t2,topk_gate,cuda_naive,L1_kernel_body,warm,5,5,150,8.77056002617,8.831999897955,11.840512096889999,9.274641072751267,1.246977482261591,0.1344502145668137,True
20260802T192733Z-1ce3398155a9-rtx3080_topk_gate_release_v1,topk_gate.release.vllm_pair.e16_t2,topk_gate,cuda_subwarp_pair_top2_v2,L1_kernel_body,warm,5,5,150,9.02656018734,8.87807995081,9.595904022454999,8.8873642524076,0.4807529547637256,0.05409398569812066,False
20260802T192733Z-1ce3398155a9-rtx3080_topk_gate_release_v1,topk_gate.release.vllm_pair.e16_t2,topk_gate,cuda_vector_pair_top2_v3,L1_kernel_body,warm,5,5,150,8.80127996206,8.7961602211,9.559552073479,8.784281599521668,0.44001201744206575,0.0500908369633808,False
20260802T192733Z-1ce3398155a9-rtx3080_topk_gate_release_v1,topk_gate.release.vllm_pair.e16_t2,topk_gate,vllm_row_packed_top2,L1_kernel_body,warm,5,5,150,8.35072010756,8.253439962865,8.9349120855335,8.227089051405999,0.5100607524028824,0.06199771866037036,False
20260802T192733Z-1ce3398155a9-rtx3080_topk_gate_release_v1,topk_gate.release.vllm_pair.e16_t2048,topk_gate,cuda_naive,L1_kernel_body,warm,5,5,150,8.22784006596,8.3353599906,53.01299142837999,16.479163726168732,16.97058957786478,1.0298210430979375,True
20260802T192733Z-1ce3398155a9-rtx3080_topk_gate_release_v1,topk_gate.release.vllm_pair.e16_t2048,topk_gate,cuda_subwarp_pair_top2_v2,L1_kernel_body,warm,5,5,150,8.31487983465,8.279039859775,10.4299515486,8.5024767716722,0.7508262400337837,0.08830676756863602,False
20260802T192733Z-1ce3398155a9-rtx3080_topk_gate_release_v1,topk_gate.release.vllm_pair.e16_t2048,topk_gate,cuda_vector_pair_top2_v3,L1_kernel_body,warm,5,5,150,9.00095999241,9.02656018734,10.121728122269996,9.104452256362066,0.5714166658700807,0.06276233317284767,False
20260802T192733Z-1ce3398155a9-rtx3080_topk_gate_release_v1,topk_gate.release.vllm_pair.e16_t2048,topk_gate,vllm_row_packed_top2,L1_kernel_body,warm,5,5,150,8.02303999662,8.00768017769,9.137152045966996,8.144964257875866,0.6506799760222338,0.07988739488857197,False
20260802T192733Z-1ce3398155a9-rtx3080_topk_gate_release_v1,topk_gate.release.vllm_pair.e16_t256,topk_gate,cuda_naive,L1_kernel_body,warm,5,5,150,8.3046400547,8.581120073795,55.359489917744995,17.744486455124132,18.630941552709867,1.0499566499051738,True
20260802T192733Z-1ce3398155a9-rtx3080_topk_gate_release_v1,topk_gate.release.vllm_pair.e16_t256,topk_gate,cuda_subwarp_pair_top2_v2,L1_kernel_body,warm,5,5,150,8.93952012062,8.94976019859,9.835520058874,8.970513101418733,0.4714493814239992,0.052555453193578974,False
20260802T192733Z-1ce3398155a9-rtx3080_topk_gate_release_v1,topk_gate.release.vllm_pair.e16_t256,topk_gate,cuda_vector_pair_top2_v3,L1_kernel_body,warm,5,5,150,9.00095999241,8.99071991444,9.5493119955035,9.032772258917667,0.31882029721391775,0.03529595212578953,False
20260802T192733Z-1ce3398155a9-rtx3080_topk_gate_release_v1,topk_gate.release.vllm_pair.e16_t256,topk_gate,vllm_row_packed_top2,L1_kernel_body,warm,5,5,150,7.88992017508,7.95647978783,8.83711993694,8.006724226475,0.4710568162668347,0.05883265152423262,False
20260802T192733Z-1ce3398155a9-rtx3080_topk_gate_release_v1,topk_gate.release.vllm_pair.e16_t32,topk_gate,cuda_naive,L1_kernel_body,warm,5,5,150,8.49408000708,8.432639837265,9.150975942610499,8.4004181265834,0.5202526346885663,0.06193175468756843,True
20260802T192733Z-1ce3398155a9-rtx3080_topk_gate_release_v1,topk_gate.release.vllm_pair.e16_t32,topk_gate,cuda_subwarp_pair_top2_v2,L1_kernel_body,warm,5,5,150,8.77056002617,8.780800104145,9.517056018111498,8.804420252641133,0.39036242114474096,0.04433709545243945,False
20260802T192733Z-1ce3398155a9-rtx3080_topk_gate_release_v1,topk_gate.release.vllm_pair.e16_t32,topk_gate,cuda_vector_pair_top2_v3,L1_kernel_body,warm,5,5,150,9.10335987806,9.09312009811,9.9665918648245,9.184119482835532,0.5128656213663115,0.05584265561057007,False
20260802T192733Z-1ce3398155a9-rtx3080_topk_gate_release_v1,topk_gate.release.vllm_pair.e16_t32,topk_gate,vllm_row_packed_top2,L1_kernel_body,warm,5,5,150,8.13055992126,8.17152023315,9.084928035739498,8.188450113932733,0.5297185103142863,0.06469093698366248,False
20260802T192733Z-1ce3398155a9-rtx3080_topk_gate_release_v1,topk_gate.release.vllm_pair.e16_t4,topk_gate,cuda_naive,L1_kernel_body,warm,5,5,150,8.57087999582,8.5504001379,9.27743971348,8.566920526822267,0.38338609912968674,0.04475191498851179,True
20260802T192733Z-1ce3398155a9-rtx3080_topk_gate_release_v1,topk_gate.release.vllm_pair.e16_t4,topk_gate,cuda_subwarp_pair_top2_v2,L1_kernel_body,warm,5,5,150,8.93952012062,8.84736001492,9.524223804472499,8.855347192287866,0.40994607476513906,0.04629361964736534,False
20260802T192733Z-1ce3398155a9-rtx3080_topk_gate_release_v1,topk_gate.release.vllm_pair.e16_t4,topk_gate,cuda_vector_pair_top2_v3,L1_kernel_body,warm,5,5,150,9.03168022633,8.934400081635,9.693183839318998,8.970240004857466,0.41116371110660027,0.045836422535400545,False
20260802T192733Z-1ce3398155a9-rtx3080_topk_gate_release_v1,topk_gate.release.vllm_pair.e16_t4,topk_gate,vllm_row_packed_top2,L1_kernel_body,warm,5,5,150,8.03840011358,8.217599987985,8.973312050104498,8.2210133393602,0.5376723687559705,0.06540220123250826,False
20260802T192733Z-1ce3398155a9-rtx3080_topk_gate_release_v1,topk_gate.release.vllm_pair.e16_t4096,topk_gate,cuda_naive,L1_kernel_body,warm,5,5,150,8.3353599906,8.34559977055,9.242112040519,8.418508791924001,0.4224872775250361,0.05018552429740696,True
20260802T192733Z-1ce3398155a9-rtx3080_topk_gate_release_v1,topk_gate.release.vllm_pair.e16_t4096,topk_gate,cuda_subwarp_pair_top2_v2,L1_kernel_body,warm,5,5,150,10.4703998566,10.24512052535,10.9168636799,10.049740850927066,0.6807788437863818,0.06774093520268053,False
20260802T192733Z-1ce3398155a9-rtx3080_topk_gate_release_v1,topk_gate.release.vllm_pair.e16_t4096,topk_gate,cuda_vector_pair_top2_v3,L1_kernel_body,warm,5,5,150,8.59135985374,8.4582400322,9.298943877222499,8.520567440987067,0.47740508547147487,0.056029729097029454,False
20260802T192733Z-1ce3398155a9-rtx3080_topk_gate_release_v1,topk_gate.release.vllm_pair.e16_t4096,topk_gate,vllm_row_packed_top2,L1_kernel_body,warm,5,5,150,8.6067199707,8.48896026611,9.160192012783499,8.475101852416733,0.4125947343948547,0.048683159397925176,False
20260802T192733Z-1ce3398155a9-rtx3080_topk_gate_release_v1,topk_gate.release.vllm_pair.e16_t512,topk_gate,cuda_naive,L1_kernel_body,warm,5,5,150,8.50432008505,8.67839992046,9.595904022454999,8.689527459939466,0.5760540036753191,0.06629290330585273,True
20260802T192733Z-1ce3398155a9-rtx3080_topk_gate_release_v1,topk_gate.release.vllm_pair.e16_t512,topk_gate,cuda_subwarp_pair_top2_v2,L1_kernel_body,warm,5,5,150,8.83199989796,8.83711993694,9.55392003059,8.817868777116667,0.4250490762667321,0.04820315282642682,False
20260802T192733Z-1ce3398155a9-rtx3080_topk_gate_release_v1,topk_gate.release.vllm_pair.e16_t512,topk_gate,cuda_vector_pair_top2_v3,L1_kernel_body,warm,5,5,150,9.01120007038,9.006080031395,9.65632021427,9.035980816682866,0.37698088050238554,0.041719973531415294,False
20260802T192733Z-1ce3398155a9-rtx3080_topk_gate_release_v1,topk_gate.release.vllm_pair.e16_t512,topk_gate,vllm_row_packed_top2,L1_kernel_body,warm,5,5,150,8.44287991524,8.2483202219,9.009663730857998,8.2748074571294,0.5329654372743199,0.06440819801977725,False
20260802T192733Z-1ce3398155a9-rtx3080_topk_gate_release_v1,topk_gate.release.vllm_pair.e16_t64,topk_gate,cuda_naive,L1_kernel_body,warm,5,5,150,8.26368004084,8.35583984852,9.232895970346,8.4158463915186,0.4836229983936098,0.057465758747806975,True
20260802T192733Z-1ce3398155a9-rtx3080_topk_gate_release_v1,topk_gate.release.vllm_pair.e16_t64,topk_gate,cuda_subwarp_pair_top2_v2,L1_kernel_body,warm,5,5,150,8.81152004004,8.893439769745001,9.54367995262,8.811451721191467,0.41737308884216356,0.04736711974922189,False
20260802T192733Z-1ce3398155a9-rtx3080_topk_gate_release_v1,topk_gate.release.vllm_pair.e16_t64,topk_gate,cuda_vector_pair_top2_v3,L1_kernel_body,warm,5,5,150,9.07775998116,8.965120017530001,9.6721920073015,8.974062939485465,0.4504848234053562,0.05019853620852643,False
20260802T192733Z-1ce3398155a9-rtx3080_topk_gate_release_v1,topk_gate.release.vllm_pair.e16_t64,topk_gate,vllm_row_packed_top2,L1_kernel_body,warm,5,5,150,8.11519980431,8.033279776575,9.237504005432498,8.164283716678733,0.5892661665603494,0.07217610105299788,False
20260802T192733Z-1ce3398155a9-rtx3080_topk_gate_release_v1,topk_gate.release.vllm_pair.e16_t8,topk_gate,cuda_naive,L1_kernel_body,warm,5,5,150,8.45311999321,8.360959887505,9.266176164145495,8.389290634790934,0.555316118502247,0.06619345337725159,True
20260802T192733Z-1ce3398155a9-rtx3080_topk_gate_release_v1,topk_gate.release.vllm_pair.e16_t8,topk_gate,cuda_subwarp_pair_top2_v2,L1_kernel_body,warm,5,5,150,8.9753600955,8.944640159605001,9.5288318395635,8.917947737375867,0.37658170130530527,0.0422273949562431,False
20260802T192733Z-1ce3398155a9-rtx3080_topk_gate_release_v1,topk_gate.release.vllm_pair.e16_t8,topk_gate,cuda_vector_pair_top2_v3,L1_kernel_body,warm,5,5,150,9.04192000628,8.97023975849,9.607168108221998,8.9273002386092,0.47094752855921823,0.05275363390630043,False
20260802T192733Z-1ce3398155a9-rtx3080_topk_gate_release_v1,topk_gate.release.vllm_pair.e16_t8,topk_gate,vllm_row_packed_top2,L1_kernel_body,warm,5,5,150,8.13567996025,8.14079999924,9.243136048316,8.2400597373644,0.5610547366892976,0.06808867345283982,False
20260802T192733Z-1ce3398155a9-rtx3080_topk_gate_release_v1,topk_gate.release.vllm_pair.e2_t1,topk_gate,cuda_naive,L1_kernel_body,warm,5,5,150,8.54528009892,8.46848011017,9.3137919902835,8.437077355385199,0.4984214738417491,0.05907513382268775,True
20260802T192733Z-1ce3398155a9-rtx3080_topk_gate_release_v1,topk_gate.release.vllm_pair.e2_t1,topk_gate,cuda_subwarp_pair_top2_v2,L1_kernel_body,warm,5,5,150,8.09983998537,8.18175971508,8.899583816526999,8.199987204869533,0.46194524949980637,0.05633487442827738,False
20260802T192733Z-1ce3398155a9-rtx3080_topk_gate_release_v1,topk_gate.release.vllm_pair.e2_t1,topk_gate,cuda_vector_pair_top2_v3,L1_kernel_body,warm,5,5,150,8.22784006596,8.29439997673,9.209856063126999,8.325324785709201,0.49159890235278675,0.059048615520278395,False
20260802T192733Z-1ce3398155a9-rtx3080_topk_gate_release_v1,topk_gate.release.vllm_pair.e2_t1,topk_gate,vllm_row_packed_top2,L1_kernel_body,warm,5,5,150,8.17663997412,8.18175971508,9.135103821752498,8.259788771470399,0.5319660234109602,0.06440431324931571,False
20260802T192733Z-1ce3398155a9-rtx3080_topk_gate_release_v1,topk_gate.release.vllm_pair.e2_t1024,topk_gate,cuda_naive,L1_kernel_body,warm,5,5,150,8.72448027134,8.58111977577,9.624064236877999,8.5561344067258,0.7190341987426986,0.08403727250678539,True
20260802T192733Z-1ce3398155a9-rtx3080_topk_gate_release_v1,topk_gate.release.vllm_pair.e2_t1024,topk_gate,cuda_subwarp_pair_top2_v2,L1_kernel_body,warm,5,5,150,8.22784006596,8.238080143925,8.915455937386,8.2971306800842,0.4113382377183503,0.0495759622908791,False
20260802T192733Z-1ce3398155a9-rtx3080_topk_gate_release_v1,topk_gate.release.vllm_pair.e2_t1024,topk_gate,cuda_vector_pair_top2_v3,L1_kernel_body,warm,5,5,150,8.46336007118,8.39680016041,9.104384183882498,8.373452818394,0.5264198368786307,0.06286771398797901,False
20260802T192733Z-1ce3398155a9-rtx3080_topk_gate_release_v1,topk_gate.release.vllm_pair.e2_t1024,topk_gate,vllm_row_packed_top2,L1_kernel_body,warm,5,5,150,8.11519980431,8.29439997673,9.3445122241935,8.345531721909934,0.5093807545992286,0.06103634514526214,False
20260802T192733Z-1ce3398155a9-rtx3080_topk_gate_release_v1,topk_gate.release.vllm_pair.e2_t128,topk_gate,cuda_naive,L1_kernel_body,warm,5,5,150,8.46336007118,8.504319787025,9.34912025928,8.510122684637732,0.504280475716878,0.059256545928202994,True
20260802T192733Z-1ce3398155a9-rtx3080_topk_gate_release_v1,topk_gate.release.vllm_pair.e2_t128,topk_gate,cuda_subwarp_pair_top2_v2,L1_kernel_body,warm,5,5,150,8.68863999844,8.668159842489999,9.380863904952498,8.5546325246496,0.5119825213839132,0.05984856975547107,False
20260802T192733Z-1ce3398155a9-rtx3080_topk_gate_release_v1,topk_gate.release.vllm_pair.e2_t128,topk_gate,cuda_vector_pair_top2_v3,L1_kernel_body,warm,5,5,150,8.48895996809,8.57087999582,9.33888018131,8.540774397055467,0.4988316376110355,0.0584059026056248,False
20260802T192733Z-1ce3398155a9-rtx3080_topk_gate_release_v1,topk_gate.release.vllm_pair.e2_t128,topk_gate,vllm_row_packed_top2,L1_kernel_body,warm,5,5,150,7.92064011097,7.93600022793,8.489983946085,7.9279445449512,0.34369114028671593,0.043351859783831465,False
20260802T192733Z-1ce3398155a9-rtx3080_topk_gate_release_v1,topk_gate.release.vllm_pair.e2_t16,topk_gate,cuda_naive,L1_kernel_body,warm,5,5,150,8.32000017166,8.330240249635,9.271295934917,8.386696513493867,0.5208473544697677,0.062103994538462756,True
20260802T192733Z-1ce3398155a9-rtx3080_topk_gate_release_v1,topk_gate.release.vllm_pair.e2_t16,topk_gate,cuda_subwarp_pair_top2_v2,L1_kernel_body,warm,5,5,150,8.67839992046,8.59135985374,9.380863904952498,8.524595193068533,0.5161443654107984,0.060547668683491575,False
20260802T192733Z-1ce3398155a9-rtx3080_topk_gate_release_v1,topk_gate.release.vllm_pair.e2_t16,topk_gate,cuda_vector_pair_top2_v3,L1_kernel_body,warm,5,5,150,8.22784006596,8.289279937745,9.23647999763,8.350378688176534,0.475678117797712,0.056964855794053276,False
20260802T192733Z-1ce3398155a9-rtx3080_topk_gate_release_v1,topk_gate.release.vllm_pair.e2_t16,topk_gate,vllm_row_packed_top2,L1_kernel_body,warm,5,5,150,8.77056002617,8.360959887505,9.36959981918,8.375091163317267,0.622084184351195,0.07427790005151363,False
20260802T192733Z-1ce3398155a9-rtx3080_topk_gate_release_v1,topk_gate.release.vllm_pair.e2_t2,topk_gate,cuda_naive,L1_kernel_body,warm,5,5,150,8.27392011881,8.422399759295,9.1919359266785,8.412364784877132,0.5157609378693547,0.061309863642211006,True
20260802T192733Z-1ce3398155a9-rtx3080_topk_gate_release_v1,topk_gate.release.vllm_pair.e2_t2,topk_gate,cuda_subwarp_pair_top2_v2,L1_kernel_body,warm,5,5,150,8.02303999662,8.043519854545,9.217023849487,8.195686399937067,0.5526973308762397,0.067437588983454,False
20260802T192733Z-1ce3398155a9-rtx3080_topk_gate_release_v1,topk_gate.release.vllm_pair.e2_t2,topk_gate,cuda_vector_pair_top2_v3,L1_kernel_body,warm,5,5,150,8.27391982079,8.340480029585,9.320448040959498,8.4213760018346,0.5189932639346704,0.061628083560407165,False
20260802T192733Z-1ce3398155a9-rtx3080_topk_gate_release_v1,topk_gate.release.vllm_pair.e2_t2,topk_gate,vllm_row_packed_top2,L1_kernel_body,warm,5,5,150,7.95135974884,8.043519854545,8.72448027134,8.059289602438133,0.39940531623412945,0.04955837746707843,False
20260802T192733Z-1ce3398155a9-rtx3080_topk_gate_release_v1,topk_gate.release.vllm_pair.e2_t2048,topk_gate,cuda_naive,L1_kernel_body,warm,5,5,150,8.38656008244,8.46848011017,9.3342721462235,8.423355746269067,0.5733718630518149,0.06806929213523683,True
20260802T192733Z-1ce3398155a9-rtx3080_topk_gate_release_v1,topk_gate.release.vllm_pair.e2_t2048,topk_gate,cuda_subwarp_pair_top2_v2,L1_kernel_body,warm,5,5,150,8.41215997934,8.61184000969,9.303551912309,8.461516809463665,0.5190650736689395,0.06134421113344577,False
20260802T192733Z-1ce3398155a9-rtx3080_topk_gate_release_v1,topk_gate.release.vllm_pair.e2_t2048,topk_gate,cuda_vector_pair_top2_v3,L1_kernel_body,warm,5,5,150,8.40703994036,8.212479949,9.126912027594498,8.295560499032067,0.5500326372193929,0.06630445733999181,False
20260802T192733Z-1ce3398155a9-rtx3080_topk_gate_release_v1,topk_gate.release.vllm_pair.e2_t2048,topk_gate,vllm_row_packed_top2,L1_kernel_body,warm,5,5,150,8.05375993252,8.053759932515,9.997823595986489,8.197393079599067,0.7252713004851082,0.08847584755818262,False
20260802T192733Z-1ce3398155a9-rtx3080_topk_gate_release_v1,topk_gate.release.vllm_pair.e2_t256,topk_gate,cuda_naive,L1_kernel_body,warm,5,5,150,8.36607992649,8.412159979345,9.3649917840935,8.404036255677667,0.5738464371635902,0.06828224197342156,True
20260802T192733Z-1ce3398155a9-rtx3080_topk_gate_release_v1,topk_gate.release.vllm_pair.e2_t256,topk_gate,cuda_subwarp_pair_top2_v2,L1_kernel_body,warm,5,5,150,8.78592014313,8.760319948195,11.000832319289998,8.989764281115066,1.0137809078664046,0.11277057731047181,False
20260802T192733Z-1ce3398155a9-rtx3080_topk_gate_release_v1,topk_gate.release.vllm_pair.e2_t256,topk_gate,cuda_vector_pair_top2_v3,L1_kernel_body,warm,5,5,150,8.50432008505,8.545280098915,9.32864010334,8.496742391586068,0.5187557342170348,0.06105348500747,False
20260802T192733Z-1ce3398155a9-rtx3080_topk_gate_release_v1,topk_gate.release.vllm_pair.e2_t256,topk_gate,vllm_row_packed_top2,L1_kernel_body,warm,5,5,150,7.99232006073,7.987200021745,9.010176002975498,8.094993078708333,0.6301028566146006,0.07783859114986942,False
20260802T192733Z-1ce3398155a9-rtx3080_topk_gate_release_v1,topk_gate.release.vllm_pair.e2_t32,topk_gate,cuda_naive,L1_kernel_body,warm,5,5,150,8.13567996025,8.06400001049,8.905215859415998,8.162372255325067,0.4588299123594796,0.05621281387407229,True
20260802T192733Z-1ce3398155a9-rtx3080_topk_gate_release_v1,topk_gate.release.vllm_pair.e2_t32,topk_gate,cuda_subwarp_pair_top2_v2,L1_kernel_body,warm,5,5,150,8.13567996025,8.2687997818,9.126912027594498,8.3431423862772,0.49275959911335826,0.05906163125345303,False
20260802T192733Z-1ce3398155a9-rtx3080_topk_gate_release_v1,topk_gate.release.vllm_pair.e2_t32,topk_gate,cuda_vector_pair_top2_v3,L1_kernel_body,warm,5,5,150,8.49919974804,8.49919974804,9.303551912309,8.445201079050934,0.5066705222985285,0.059995080940745085,False
20260802T192733Z-1ce3398155a9-rtx3080_topk_gate_release_v1,topk_gate.release.vllm_pair.e2_t32,topk_gate,vllm_row_packed_top2,L1_kernel_body,warm,5,5,150,7.99744009972,8.00768017769,8.5355520248435,7.988906673590266,0.3281051305065572,0.04107009180507858,False
20260802T192733Z-1ce3398155a9-rtx3080_topk_gate_release_v1,topk_gate.release.vllm_pair.e2_t4,topk_gate,cuda_naive,L1_kernel_body,warm,5,5,150,8.65279972553,8.509440124034999,9.2728319466115,8.462540813287399,0.5122037507267412,0.060526000645398134,True
20260802T192733Z-1ce3398155a9-rtx3080_topk_gate_release_v1,topk_gate.release.vllm_pair.e2_t4,topk_gate,cuda_subwarp_pair_top2_v2,L1_kernel_body,warm,5,5,150,8.05375993252,8.19711983204,9.145343899727,8.275899712244733,0.6177899990316481,0.07464928533602062,False
20260802T192733Z-1ce3398155a9-rtx3080_topk_gate_release_v1,topk_gate.release.vllm_pair.e2_t4,topk_gate,cuda_vector_pair_top2_v3,L1_kernel_body,warm,5,5,150,8.71936023235,8.401920199395,9.33888018131,8.438237873712866,0.5749062697405973,0.06813108119783731,False
20260802T192733Z-1ce3398155a9-rtx3080_topk_gate_release_v1,topk_gate.release.vllm_pair.e2_t4,topk_gate,vllm_row_packed_top2,L1_kernel_body,warm,5,5,150,8.0588799715,8.0588799715,8.668671846389,8.0609962741534,0.4054269451374856,0.050294893006890176,False
20260802T192733Z-1ce3398155a9-rtx3080_topk_gate_release_v1,topk_gate.release.vllm_pair.e2_t4096,topk_gate,cuda_naive,L1_kernel_body,warm,5,5,150,8.51967990398,8.494080007075,9.416192173959,8.457693870862466,0.581319195440317,0.06873258884942798,True
20260802T192733Z-1ce3398155a9-rtx3080_topk_gate_release_v1,topk_gate.release.vllm_pair.e2_t4096,topk_gate,cuda_subwarp_pair_top2_v2,L1_kernel_body,warm,5,5,150,8.75519990921,8.75519990921,9.3649917840935,8.687411181132067,0.5932766103376734,0.06829153104047768,False
20260802T192733Z-1ce3398155a9-rtx3080_topk_gate_release_v1,topk_gate.release.vllm_pair.e2_t4096,topk_gate,cuda_vector_pair_top2_v3,L1_kernel_body,warm,5,5,150,8.212479949,8.07936012745,9.074687957759501,8.167697044214066,0.5463959475991711,0.0668971859070402,False
20260802T192733Z-1ce3398155a9-rtx3080_topk_gate_release_v1,topk_gate.release.vllm_pair.e2_t4096,topk_gate,vllm_row_packed_top2,L1_kernel_body,warm,5,5,150,7.99744009972,8.01792025566,8.8857599794855,8.069256544113133,0.4718436285327334,0.05847423811019659,False
20260802T192733Z-1ce3398155a9-rtx3080_topk_gate_release_v1,topk_gate.release.vllm_pair.e2_t512,topk_gate,cuda_naive,L1_kernel_body,warm,5,5,150,8.38656008244,8.299520015715,9.719807922840491,8.416938662528066,0.692251692025473,0.08224506792562891,True
20260802T192733Z-1ce3398155a9-rtx3080_topk_gate_release_v1,topk_gate.release.vllm_pair.e2_t512,topk_gate,cuda_subwarp_pair_top2_v2,L1_kernel_body,warm,5,5,150,8.65280002356,8.611840009689999,9.3317117989045,8.5385216116908,0.5009807238529457,0.05867300530890632,False
20260802T192733Z-1ce3398155a9-rtx3080_topk_gate_release_v1,topk_gate.release.vllm_pair.e2_t512,topk_gate,cuda_vector_pair_top2_v3,L1_kernel_body,warm,5,5,150,8.26880007982,8.25344026089,9.0680319070835,8.3014314532276,0.47600784442189,0.05734045352344841,False
20260802T192733Z-1ce3398155a9-rtx3080_topk_gate_release_v1,topk_gate.release.vllm_pair.e2_t512,topk_gate,vllm_row_packed_top2,L1_kernel_body,warm,5,5,150,8.04864019156,8.07936012745,8.910847902299498,8.124620811144068,0.4909169819271169,0.06042337154415315,False
20260802T192733Z-1ce3398155a9-rtx3080_topk_gate_release_v1,topk_gate.release.vllm_pair.e2_t64,topk_gate,cuda_naive,L1_kernel_body,warm,5,5,150,8.71424019337,8.65279972553,10.1488637924,8.649932809670533,0.8086083516005232,0.09348146042204024,True
20260802T192733Z-1ce3398155a9-rtx3080_topk_gate_release_v1,topk_gate.release.vllm_pair.e2_t64,topk_gate,cuda_subwarp_pair_top2_v2,L1_kernel_body,warm,5,5,150,8.1561601162,8.094720244405,9.154048234224998,8.112810679276599,0.5091668245870332,0.06276084142917956,False
20260802T192733Z-1ce3398155a9-rtx3080_topk_gate_release_v1,topk_gate.release.vllm_pair.e2_t64,topk_gate,cuda_vector_pair_top2_v3,L1_kernel_body,warm,5,5,150,8.62207978964,8.586239814755,9.29791986942,8.526097067197133,0.48968695481320484,0.05743389395567653,False
20260802T192733Z-1ce3398155a9-rtx3080_topk_gate_release_v1,topk_gate.release.vllm_pair.e2_t64,topk_gate,vllm_row_packed_top2,L1_kernel_body,warm,5,5,150,7.9667198658,8.08960020542,9.013248085979498,8.119705597559467,0.5136673845504063,0.06326182376671377,False
20260802T192733Z-1ce3398155a9-rtx3080_topk_gate_release_v1,topk_gate.release.vllm_pair.e2_t8,topk_gate,cuda_naive,L1_kernel_body,warm,5,5,150,8.52991998196,8.473600149155,9.3445122241935,8.486502389113067,0.5059246689007588,0.05961521551561521,True
20260802T192733Z-1ce3398155a9-rtx3080_topk_gate_release_v1,topk_gate.release.vllm_pair.e2_t8,topk_gate,cuda_subwarp_pair_top2_v2,L1_kernel_body,warm,5,5,150,8.50944012403,8.581120073794999,9.350143939255,8.553540249665733,0.5057439720188626,0.05912685943561518,False
20260802T192733Z-1ce3398155a9-rtx3080_topk_gate_release_v1,topk_gate.release.vllm_pair.e2_t8,topk_gate,cuda_vector_pair_top2_v3,L1_kernel_body,warm,5,5,150,8.57087999582,8.509440124034999,9.2738559544085,8.4454058527946,0.5340087914490096,0.0632306843219743,False
20260802T192733Z-1ce3398155a9-rtx3080_topk_gate_release_v1,topk_gate.release.vllm_pair.e2_t8,topk_gate,vllm_row_packed_top2,L1_kernel_body,warm,5,5,150,8.03327977657,7.99232006073,8.661504060028,8.009591480095933,0.37289424035091184,0.0465559624704412,False
20260802T192733Z-1ce3398155a9-rtx3080_topk_gate_release_v1,topk_gate.release.vllm_pair.e32_t1,topk_gate,cuda_naive,L1_kernel_body,warm,5,5,150,8.35072010756,8.422399759295,9.419263869527999,8.4987221161518,0.5176342304905521,0.060907301523224246,True
20260802T192733Z-1ce3398155a9-rtx3080_topk_gate_release_v1,topk_gate.release.vllm_pair.e32_t1,topk_gate,cuda_subwarp_pair_top2_v2,L1_kernel_body,warm,5,5,150,8.90367984772,8.893439769745001,9.5093759596385,8.840465064843066,0.4542614729538085,0.05138434116552582,False
20260802T192733Z-1ce3398155a9-rtx3080_topk_gate_release_v1,topk_gate.release.vllm_pair.e32_t1,topk_gate,cuda_vector_pair_top2_v3,L1_kernel_body,warm,5,5,150,8.8831999898,8.831999897955,9.595904022454999,8.8279722571374,0.49977235571856127,0.056612361385084346,False
20260802T192733Z-1ce3398155a9-rtx3080_topk_gate_release_v1,topk_gate.release.vllm_pair.e32_t1,topk_gate,vllm_row_packed_top2,L1_kernel_body,warm,5,5,150,8.48895996809,8.32512021065,9.157631993291998,8.349832530816201,0.5333735423085026,0.06387835209149578,False
20260802T192733Z-1ce3398155a9-rtx3080_topk_gate_release_v1,topk_gate.release.vllm_pair.e32_t1024,topk_gate,cuda_naive,L1_kernel_body,warm,5,5,150,11.6019201279,11.5968000889,13.283327817945,11.75442772706,0.7397874766701433,0.06293691992908088,True
20260802T192733Z-1ce3398155a9-rtx3080_topk_gate_release_v1,topk_gate.release.vllm_pair.e32_t1024,topk_gate,cuda_subwarp_pair_top2_v2,L1_kernel_body,warm,5,5,150,8.4838399291,8.529919981955,9.41056013107,8.541047469775068,0.49800651134549095,0.05830742811204703,False
20260802T192733Z-1ce3398155a9-rtx3080_topk_gate_release_v1,topk_gate.release.vllm_pair.e32_t1024,topk_gate,cuda_vector_pair_top2_v3,L1_kernel_body,warm,5,5,150,8.90367984772,8.89855980873,9.6926718950235,8.914534397920134,0.4746347413033778,0.053242796551900194,False
20260802T192733Z-1ce3398155a9-rtx3080_topk_gate_release_v1,topk_gate.release.vllm_pair.e32_t1024,topk_gate,vllm_row_packed_top2,L1_kernel_body,warm,5,5,150,7.95648008585,8.043519854545,8.8038399517555,8.095812253157334,0.4658872181954793,0.05754669249077326,False
20260802T192733Z-1ce3398155a9-rtx3080_topk_gate_release_v1,topk_gate.release.vllm_pair.e32_t128,topk_gate,cuda_naive,L1_kernel_body,warm,5,5,150,10.327039957,10.352640152,11.0796797276,10.344243224462799,0.431990561260394,0.04176144662171053,True
20260802T192733Z-1ce3398155a9-rtx3080_topk_gate_release_v1,topk_gate.release.vllm_pair.e32_t128,topk_gate,cuda_subwarp_pair_top2_v2,L1_kernel_body,warm,5,5,150,8.68351995945,8.637440204619999,10.436607599245,8.7647573272392,0.6735187078880059,0.0768439652966589,False
20260802T192733Z-1ce3398155a9-rtx3080_topk_gate_release_v1,topk_gate.release.vllm_pair.e32_t128,topk_gate,cuda_vector_pair_top2_v3,L1_kernel_body,warm,5,5,150,8.80640000105,8.83711993694,9.516032010314499,8.831590414047534,0.42356256513238105,0.04795994212533477,False
20260802T192733Z-1ce3398155a9-rtx3080_topk_gate_release_v1,topk_gate.release.vllm_pair.e32_t128,topk_gate,vllm_row_packed_top2,L1_kernel_body,warm,5,5,150,7.94624000788,7.971839904785,8.7608319520935,7.989998944600201,0.45393566771199556,0.056812982186784176,False
20260802T192733Z-1ce3398155a9-rtx3080_topk_gate_release_v1,topk_gate.release.vllm_pair.e32_t16,topk_gate,cuda_naive,L1_kernel_body,warm,5,5,150,8.52991998196,8.565760254859999,9.528320103883999,8.609928528466934,0.567558885166214,0.06591911689971627,True
20260802T192733Z-1ce3398155a9-rtx3080_topk_gate_release_v1,topk_gate.release.vllm_pair.e32_t16,topk_gate,cuda_subwarp_pair_top2_v2,L1_kernel_body,warm,5,5,150,8.75519990921,8.77568006516,9.31840002537,8.7561557372412,0.38011847702142093,0.04341157106248373,False
20260802T192733Z-1ce3398155a9-rtx3080_topk_gate_release_v1,topk_gate.release.vllm_pair.e32_t16,topk_gate,cuda_vector_pair_top2_v3,L1_kernel_body,warm,5,5,150,8.76543998718,8.791040182115,9.35935974121,8.722363730271866,0.39168819231436686,0.04490619795583306,False
20260802T192733Z-1ce3398155a9-rtx3080_topk_gate_release_v1,topk_gate.release.vllm_pair.e32_t16,topk_gate,vllm_row_packed_top2,L1_kernel_body,warm,5,5,150,8.10496002436,8.140799999235,8.885247975587998,8.1596415996548,0.4165185817591409,0.05104618587374746,False
20260802T192733Z-1ce3398155a9-rtx3080_topk_gate_release_v1,topk_gate.release.vllm_pair.e32_t2,topk_gate,cuda_naive,L1_kernel_body,warm,5,5,150,8.33023995161,8.320000171665,9.163264036175498,8.335837845007067,0.45002493330217075,0.05398676673775787,True
20260802T192733Z-1ce3398155a9-rtx3080_topk_gate_release_v1,topk_gate.release.vllm_pair.e32_t2,topk_gate,cuda_subwarp_pair_top2_v2,L1_kernel_body,warm,5,5,150,8.75519990921,8.78592014313,9.488896131516,8.762163197994067,0.44286601301481027,0.05054299982864918,False
20260802T192733Z-1ce3398155a9-rtx3080_topk_gate_release_v1,topk_gate.release.vllm_pair.e32_t2,topk_gate,cuda_vector_pair_top2_v3,L1_kernel_body,warm,5,5,150,8.69888007641,8.678399920465,9.5288318395635,8.731170149644202,0.43897163179798676,0.05027638040198713,False
20260802T192733Z-1ce3398155a9-rtx3080_topk_gate_release_v1,topk_gate.release.vllm_pair.e32_t2,topk_gate,vllm_row_packed_top2,L1_kernel_body,warm,5,5,150,7.95647978783,7.971839904785,8.75519990921,7.9932757417361335,0.4730896310503165,0.059185951584295245,False
20260802T192733Z-1ce3398155a9-rtx3080_topk_gate_release_v1,topk_gate.release.vllm_pair.e32_t2048,topk_gate,cuda_naive,L1_kernel_body,warm,5,5,150,11.3868796825,11.4995199442,13.062655866144999,11.612910866736,0.6409510508476822,0.05519297084106804,True
20260802T192733Z-1ce3398155a9-rtx3080_topk_gate_release_v1,topk_gate.release.vllm_pair.e32_t2048,topk_gate,cuda_subwarp_pair_top2_v2,L1_kernel_body,warm,5,5,150,10.1683199406,10.2246403694,11.03513592479,10.214673113823865,0.5663200790769085,0.055441821071149915,False
20260802T192733Z-1ce3398155a9-rtx3080_topk_gate_release_v1,topk_gate.release.vllm_pair.e32_t2048,topk_gate,cuda_vector_pair_top2_v3,L1_kernel_body,warm,5,5,150,8.33024024963,8.41727972031,11.4585602283,8.889890134334134,1.2137498733662149,0.1365314818322135,False
20260802T192733Z-1ce3398155a9-rtx3080_topk_gate_release_v1,topk_gate.release.vllm_pair.e32_t2048,topk_gate,vllm_row_packed_top2,L1_kernel_body,warm,5,5,150,8.64255994558,8.63232016563,9.335296154020499,8.6590122540788,0.41631848981934716,0.048079212455582526,False
20260802T192733Z-1ce3398155a9-rtx3080_topk_gate_release_v1,topk_gate.release.vllm_pair.e32_t256,topk_gate,cuda_naive,L1_kernel_body,warm,5,5,150,11.6428798437,11.5302395821,13.522432446499998,11.5167232434012,1.3255520313948363,0.1150980190614848,True
20260802T192733Z-1ce3398155a9-rtx3080_topk_gate_release_v1,topk_gate.release.vllm_pair.e32_t256,topk_gate,cuda_subwarp_pair_top2_v2,L1_kernel_body,warm,5,5,150,8.5504001379,8.51967990398,9.183743864297998,8.541934947172868,0.37518058953045674,0.04392220168506793,False
20260802T192733Z-1ce3398155a9-rtx3080_topk_gate_release_v1,topk_gate.release.vllm_pair.e32_t256,topk_gate,cuda_vector_pair_top2_v3,L1_kernel_body,warm,5,5,150,8.79104018211,8.780800104145,9.377280145880999,8.750011734168067,0.40459232309495335,0.046239060630633676,False
20260802T192733Z-1ce3398155a9-rtx3080_topk_gate_release_v1,topk_gate.release.vllm_pair.e32_t256,topk_gate,vllm_row_packed_top2,L1_kernel_body,warm,5,5,150,8.02816003561,8.145920038225,9.411584138872499,8.220535457133666,0.5679900797473458,0.06909404900801833,False
20260802T192733Z-1ce3398155a9-rtx3080_topk_gate_release_v1,topk_gate.release.vllm_pair.e32_t32,topk_gate,cuda_naive,L1_kernel_body,warm,5,5,150,9.83551979065,9.697279930115,10.634239912035,9.522175987559933,0.8398121370630878,0.08819540178213935,True
20260802T192733Z-1ce3398155a9-rtx3080_topk_gate_release_v1,topk_gate.release.vllm_pair.e32_t32,topk_gate,cuda_subwarp_pair_top2_v2,L1_kernel_body,warm,5,5,150,8.63231986761,8.688639998435,9.43104028702,8.710280537604934,0.41629312073242275,0.047793308026665565,False
20260802T192733Z-1ce3398155a9-rtx3080_topk_gate_release_v1,topk_gate.release.vllm_pair.e32_t32,topk_gate,cuda_vector_pair_top2_v3,L1_kernel_body,warm,5,5,150,8.81664007902,8.83711993694,9.513983994724999,8.829337604840399,0.3809586103660089,0.0431469072104753,False
20260802T192733Z-1ce3398155a9-rtx3080_topk_gate_release_v1,topk_gate.release.vllm_pair.e32_t32,topk_gate,vllm_row_packed_top2,L1_kernel_body,warm,5,5,150,8.21759998798,8.279039859775,9.181696176526,8.305049582322335,0.49480697458612743,0.059579051236412356,False
20260802T192733Z-1ce3398155a9-rtx3080_topk_gate_release_v1,topk_gate.release.vllm_pair.e32_t4,topk_gate,cuda_naive,L1_kernel_body,warm,5,5,150,8.37119996548,8.39680016041,9.478143990038998,8.516403214136467,0.5367731305428715,0.06302814897865287,True
20260802T192733Z-1ce3398155a9-rtx3080_topk_gate_release_v1,topk_gate.release.vllm_pair.e32_t4,topk_gate,cuda_subwarp_pair_top2_v2,L1_kernel_body,warm,5,5,150,8.83711993694,8.821759819985001,9.46175992489,8.780458676814666,0.3883137171821667,0.04422476449977865,False
20260802T192733Z-1ce3398155a9-rtx3080_topk_gate_release_v1,topk_gate.release.vllm_pair.e32_t4,topk_gate,cuda_vector_pair_top2_v3,L1_kernel_body,warm,5,5,150,8.91903996468,8.924160003665,9.66656029224,8.960341314475066,0.472945254330769,0.05278205792972922,False
20260802T192733Z-1ce3398155a9-rtx3080_topk_gate_release_v1,topk_gate.release.vllm_pair.e32_t4,topk_gate,vllm_row_packed_top2,L1_kernel_body,warm,5,5,150,8.22272002697,8.145920038225,9.237504005432498,8.207496547699266,0.5686691911665739,0.06928655867981862,False
20260802T192733Z-1ce3398155a9-rtx3080_topk_gate_release_v1,topk_gate.release.vllm_pair.e32_t4096,topk_gate,cuda_naive,L1_kernel_body,warm,5,5,150,11.4841604233,11.422719955449999,12.775424063179997,11.166105612118,1.0892577964914347,0.09755037560358727,True
20260802T192733Z-1ce3398155a9-rtx3080_topk_gate_release_v1,topk_gate.release.vllm_pair.e32_t4096,topk_gate,cuda_subwarp_pair_top2_v2,L1_kernel_body,warm,5,5,150,11.9296002388,11.873279809949999,13.570047616945,12.058897066117334,0.8715754590318008,0.07227654853118558,False
20260802T192733Z-1ce3398155a9-rtx3080_topk_gate_release_v1,topk_gate.release.vllm_pair.e32_t4096,topk_gate,cuda_vector_pair_top2_v3,L1_kernel_body,warm,5,5,150,8.58624011278,8.565760254859999,9.406976103786,8.599961586793267,0.43199384618544157,0.050232066948862085,False
20260802T192733Z-1ce3398155a9-rtx3080_topk_gate_release_v1,topk_gate.release.vllm_pair.e32_t4096,topk_gate,vllm_row_packed_top2,L1_kernel_body,warm,5,5,150,9.02144014835,9.04191970825,9.628672003746498,9.100561046600266,0.3117042037408548,0.03425109750319179,False
20260802T192733Z-1ce3398155a9-rtx3080_topk_gate_release_v1,topk_gate.release.vllm_pair.e32_t512,topk_gate,cuda_naive,L1_kernel_body,warm,5,5,150,11.7145597935,11.4790403843,13.2049924135,11.647726949058667,0.7531803234530567,0.06466328810308576,True
20260802T192733Z-1ce3398155a9-rtx3080_topk_gate_release_v1,topk_gate.release.vllm_pair.e32_t512,topk_gate,cuda_subwarp_pair_top2_v2,L1_kernel_body,warm,5,5,150,8.70912015438,8.67327988148,9.504256188872498,8.644539753596,0.5290327813961537,0.06119849020025432,False
20260802T192733Z-1ce3398155a9-rtx3080_topk_gate_release_v1,topk_gate.release.vllm_pair.e32_t512,topk_gate,cuda_vector_pair_top2_v3,L1_kernel_body,warm,5,5,150,8.73471975327,8.791040182115,9.416192173959,8.804898126920467,0.44746090352729373,0.050819543517398334,False
20260802T192733Z-1ce3398155a9-rtx3080_topk_gate_release_v1,topk_gate.release.vllm_pair.e32_t512,topk_gate,vllm_row_packed_top2,L1_kernel_body,warm,5,5,150,7.98207998276,8.07936012745,9.2032000124455,8.146944002310333,0.5694729084842932,0.06990018690723791,False
20260802T192733Z-1ce3398155a9-rtx3080_topk_gate_release_v1,topk_gate.release.vllm_pair.e32_t64,topk_gate,cuda_naive,L1_kernel_body,warm,5,5,150,9.77919995785,9.56416010857,10.420736014845,9.274368019897933,0.8302931100342645,0.08952557287492698,True
20260802T192733Z-1ce3398155a9-rtx3080_topk_gate_release_v1,topk_gate.release.vllm_pair.e32_t64,topk_gate,cuda_subwarp_pair_top2_v2,L1_kernel_body,warm,5,5,150,8.6067199707,8.58111977577,9.415679842233999,8.602214407920734,0.40921109527388694,0.04757043661886574,False
20260802T192733Z-1ce3398155a9-rtx3080_topk_gate_release_v1,topk_gate.release.vllm_pair.e32_t64,topk_gate,cuda_vector_pair_top2_v3,L1_kernel_body,warm,5,5,150,8.83711993694,8.780800104145,9.381375849246998,8.733832534154134,0.4206831945935384,0.04816707819258425,False
20260802T192733Z-1ce3398155a9-rtx3080_topk_gate_release_v1,topk_gate.release.vllm_pair.e32_t64,topk_gate,vllm_row_packed_top2,L1_kernel_body,warm,5,5,150,7.86431998014,7.900159955025,8.736768037082,7.973888003826468,0.45861444134223356,0.05751453257459298,False
20260802T192733Z-1ce3398155a9-rtx3080_topk_gate_release_v1,topk_gate.release.vllm_pair.e32_t8,topk_gate,cuda_naive,L1_kernel_body,warm,5,5,150,8.52991998196,8.473600149155,9.347583919767999,8.494626132646866,0.5180340689571562,0.06098373970412049,True
20260802T192733Z-1ce3398155a9-rtx3080_topk_gate_release_v1,topk_gate.release.vllm_pair.e32_t8,topk_gate,cuda_subwarp_pair_top2_v2,L1_kernel_body,warm,5,5,150,8.7859198451,8.729600012305,9.5902719795715,8.7594325423242,0.49092826212625307,0.05604566959722162,False
20260802T192733Z-1ce3398155a9-rtx3080_topk_gate_release_v1,topk_gate.release.vllm_pair.e32_t8,topk_gate,cuda_vector_pair_top2_v3,L1_kernel_body,warm,5,5,150,8.88832002878,8.87808024883,9.55392003059,8.847701362768934,0.4374904034227332,0.049446786852875686,False
20260802T192733Z-1ce3398155a9-rtx3080_topk_gate_release_v1,topk_gate.release.vllm_pair.e32_t8,topk_gate,vllm_row_packed_top2,L1_kernel_body,warm,5,5,150,8.212479949,8.166400194165,9.083904027937,8.249890164534133,0.5006246358277651,0.06068258193059654,False
20260802T192733Z-1ce3398155a9-rtx3080_topk_gate_release_v1,topk_gate.release.vllm_pair.e4_t1,topk_gate,cuda_naive,L1_kernel_body,warm,5,5,150,8.77056002617,8.77568006516,9.680896073581499,8.668296551704733,0.566772913646008,0.06538457818849595,True
20260802T192733Z-1ce3398155a9-rtx3080_topk_gate_release_v1,topk_gate.release.vllm_pair.e4_t1,topk_gate,cuda_subwarp_pair_top2_v2,L1_kernel_body,warm,5,5,150,8.514559865,8.48895996809,9.257984161377,8.4978346665704,0.43185883196325575,0.05081986752015118,False
20260802T192733Z-1ce3398155a9-rtx3080_topk_gate_release_v1,topk_gate.release.vllm_pair.e4_t1,topk_gate,cuda_vector_pair_top2_v3,L1_kernel_body,warm,5,5,150,8.4582400322,8.44799995422,9.004032015802,8.441514666875667,0.3405707879516344,0.0403447487081942,False
20260802T192733Z-1ce3398155a9-rtx3080_topk_gate_release_v1,topk_gate.release.vllm_pair.e4_t1,topk_gate,vllm_row_packed_top2,L1_kernel_body,warm,5,5,150,8.01279991865,8.033279776575,9.074687957759501,8.133768546581534,0.5557344249256856,0.0683243470407392,False
20260802T192733Z-1ce3398155a9-rtx3080_topk_gate_release_v1,topk_gate.release.vllm_pair.e4_t1024,topk_gate,cuda_naive,L1_kernel_body,warm,5,5,150,8.22272002697,8.30976009369,10.815488100044998,8.5801642735796,1.000110902215,0.11656081053070083,True
20260802T192733Z-1ce3398155a9-rtx3080_topk_gate_release_v1,topk_gate.release.vllm_pair.e4_t1024,topk_gate,cuda_subwarp_pair_top2_v2,L1_kernel_body,warm,5,5,150,8.52991998196,8.65279972553,10.757632195914997,8.9628672162692,1.290150154821912,0.1439439103237031,False
20260802T192733Z-1ce3398155a9-rtx3080_topk_gate_release_v1,topk_gate.release.vllm_pair.e4_t1024,topk_gate,cuda_vector_pair_top2_v3,L1_kernel_body,warm,5,5,150,8.80127996206,8.74495983124,9.446911811829,8.613546653588934,0.6004837282948638,0.06971387657657434,False
20260802T192733Z-1ce3398155a9-rtx3080_topk_gate_release_v1,topk_gate.release.vllm_pair.e4_t1024,topk_gate,vllm_row_packed_top2,L1_kernel_body,warm,5,5,150,8.27904015779,8.26367974281,9.008640050888499,8.289006944497334,0.4500083883900487,0.054289783010591786,False
20260802T192733Z-1ce3398155a9-rtx3080_topk_gate_release_v1,topk_gate.release.vllm_pair.e4_t128,topk_gate,cuda_naive,L1_kernel_body,warm,5,5,150,8.37632000446,8.422399759295,9.310207962989498,8.426564256350199,0.5279159402729093,0.0626490137869744,True
20260802T192733Z-1ce3398155a9-rtx3080_topk_gate_release_v1,topk_gate.release.vllm_pair.e4_t128,topk_gate,cuda_subwarp_pair_top2_v2,L1_kernel_body,warm,5,5,150,8.48895996809,8.47872018814,12.79743969439,9.192584506672267,1.6552901380688692,0.18006798162882348,False
20260802T192733Z-1ce3398155a9-rtx3080_topk_gate_release_v1,topk_gate.release.vllm_pair.e4_t128,topk_gate,cuda_vector_pair_top2_v3,L1_kernel_body,warm,5,5,150,8.71936023235,8.71424019337,9.219072133304499,8.693077325820866,0.33105602939411005,0.0380827199604887,False
20260802T192733Z-1ce3398155a9-rtx3080_topk_gate_release_v1,topk_gate.release.vllm_pair.e4_t128,topk_gate,vllm_row_packed_top2,L1_kernel_body,warm,5,5,150,8.11519980431,8.104960024355,9.092607975005494,8.1682432015736,0.5728622437410633,0.0701328583887784,False
20260802T192733Z-1ce3398155a9-rtx3080_topk_gate_release_v1,topk_gate.release.vllm_pair.e4_t16,topk_gate,cuda_naive,L1_kernel_body,warm,5,5,150,8.47871989012,8.514559864995,9.3649917840935,8.540569595496265,0.47999700491314967,0.05620198975560933,True
20260802T192733Z-1ce3398155a9-rtx3080_topk_gate_release_v1,topk_gate.release.vllm_pair.e4_t16,topk_gate,cuda_subwarp_pair_top2_v2,L1_kernel_body,warm,5,5,150,8.75519990921,8.709120154379999,9.3317117989045,8.726391474406201,0.4098053824332887,0.046961608774396,False
20260802T192733Z-1ce3398155a9-rtx3080_topk_gate_release_v1,topk_gate.release.vllm_pair.e4_t16,topk_gate,cuda_vector_pair_top2_v3,L1_kernel_body,warm,5,5,150,8.72447997332,8.698880076405,9.278463989494998,8.6893909215928,0.34422112182832243,0.03961395279995359,False
20260802T192733Z-1ce3398155a9-rtx3080_topk_gate_release_v1,topk_gate.release.vllm_pair.e4_t16,topk_gate,vllm_row_packed_top2,L1_kernel_body,warm,5,5,150,8.17663997412,8.2687997818,9.4059520959835,8.348603729407333,0.5330698517872292,0.06385137791479197,False
20260802T192733Z-1ce3398155a9-rtx3080_topk_gate_release_v1,topk_gate.release.vllm_pair.e4_t2,topk_gate,cuda_naive,L1_kernel_body,warm,5,5,150,8.57087999582,8.59135985374,9.3854719400435,8.543846376737266,0.4945772117399461,0.05788695043564394,True
20260802T192733Z-1ce3398155a9-rtx3080_topk_gate_release_v1,topk_gate.release.vllm_pair.e4_t2,topk_gate,cuda_subwarp_pair_top2_v2,L1_kernel_body,warm,5,5,150,8.54016005993,8.51967990398,9.341951876879,8.542208007972134,0.5762806681834943,0.06746272950104615,False
20260802T192733Z-1ce3398155a9-rtx3080_topk_gate_release_v1,topk_gate.release.vllm_pair.e4_t2,topk_gate,cuda_vector_pair_top2_v3,L1_kernel_body,warm,5,5,150,8.46336007118,8.304640054705,9.181696176526,8.310988795757467,0.5489794975401149,0.0660546549912754,False
20260802T192733Z-1ce3398155a9-rtx3080_topk_gate_release_v1,topk_gate.release.vllm_pair.e4_t2,topk_gate,vllm_row_packed_top2,L1_kernel_body,warm,5,5,150,8.14079999924,8.13055992126,9.28767979145,8.200806371370932,0.5666018342498279,0.06909099039672958,False
20260802T192733Z-1ce3398155a9-rtx3080_topk_gate_release_v1,topk_gate.release.vllm_pair.e4_t2048,topk_gate,cuda_naive,L1_kernel_body,warm,5,5,150,8.18687975407,8.18175971508,9.091583758588001,8.156706098715267,0.5754424933272463,0.07054839127008415,True
20260802T192733Z-1ce3398155a9-rtx3080_topk_gate_release_v1,topk_gate.release.vllm_pair.e4_t2048,topk_gate,cuda_subwarp_pair_top2_v2,L1_kernel_body,warm,5,5,150,8.83711993694,8.811519742015,9.44127976894,8.763869877656532,0.45428336287141774,0.0518359319813285,False
20260802T192733Z-1ce3398155a9-rtx3080_topk_gate_release_v1,topk_gate.release.vllm_pair.e4_t2048,topk_gate,cuda_vector_pair_top2_v3,L1_kernel_body,warm,5,5,150,8.75007987022,8.68351995945,9.3250560760505,8.614297564824733,0.47180467365317885,0.05476995310444424,False
20260802T192733Z-1ce3398155a9-rtx3080_topk_gate_release_v1,topk_gate.release.vllm_pair.e4_t2048,topk_gate,vllm_row_packed_top2,L1_kernel_body,warm,5,5,150,8.28415989876,8.29439997673,9.199615985151498,8.358775468667734,0.5104306304439125,0.061065240041107076,False
20260802T192733Z-1ce3398155a9-rtx3080_topk_gate_release_v1,topk_gate.release.vllm_pair.e4_t256,topk_gate,cuda_naive,L1_kernel_body,warm,5,5,150,8.73471975327,8.663039803505,10.245632529245,8.611430410544534,0.7779865509695955,0.09034347534376701,True
20260802T192733Z-1ce3398155a9-rtx3080_topk_gate_release_v1,topk_gate.release.vllm_pair.e4_t256,topk_gate,cuda_subwarp_pair_top2_v2,L1_kernel_body,warm,5,5,150,8.57087999582,8.5504001379,9.129471778869,8.486502393086534,0.4522938506946172,0.05329567232115259,False
20260802T192733Z-1ce3398155a9-rtx3080_topk_gate_release_v1,topk_gate.release.vllm_pair.e4_t256,topk_gate,cuda_vector_pair_top2_v3,L1_kernel_body,warm,5,5,150,8.7603199482,8.73471975327,9.463807940479498,8.787763214111532,0.4109818881583926,0.04676751957749968,False
20260802T192733Z-1ce3398155a9-rtx3080_topk_gate_release_v1,topk_gate.release.vllm_pair.e4_t256,topk_gate,vllm_row_packed_top2,L1_kernel_body,warm,5,5,150,8.09471994638,8.15104007721,8.843775987626,8.165239453316,0.4024459719069272,0.0492877121617651,False
20260802T192733Z-1ce3398155a9-rtx3080_topk_gate_release_v1,topk_gate.release.vllm_pair.e4_t32,topk_gate,cuda_naive,L1_kernel_body,warm,5,5,150,8.65280002356,8.73471975327,9.3957120180135,8.523093307018666,0.6218793591611241,0.0729640444800732,True
20260802T192733Z-1ce3398155a9-rtx3080_topk_gate_release_v1,topk_gate.release.vllm_pair.e4_t32,topk_gate,cuda_subwarp_pair_top2_v2,L1_kernel_body,warm,5,5,150,8.42751979828,8.48896026611,9.210880070923999,8.477149883906266,0.45093335738675605,0.053193981888045395,False
20260802T192733Z-1ce3398155a9-rtx3080_topk_gate_release_v1,topk_gate.release.vllm_pair.e4_t32,topk_gate,cuda_vector_pair_top2_v3,L1_kernel_body,warm,5,5,150,8.63744020462,8.586239814755,9.17504012585,8.546986683209866,0.4403179092096605,0.05151732716217323,False
20260802T192733Z-1ce3398155a9-rtx3080_topk_gate_release_v1,topk_gate.release.vllm_pair.e4_t32,topk_gate,vllm_row_packed_top2,L1_kernel_body,warm,5,5,150,8.27391982079,8.26367974281,9.098752140999,8.3101013342542,0.5020631820248128,0.0604160120112267,False
20260802T192733Z-1ce3398155a9-rtx3080_topk_gate_release_v1,topk_gate.release.vllm_pair.e4_t4,topk_gate,cuda_naive,L1_kernel_body,warm,5,5,150,8.514559865,8.504319787025,9.33888018131,8.500633601347932,0.4858741050501485,0.057157398828847794,True
20260802T192733Z-1ce3398155a9-rtx3080_topk_gate_release_v1,topk_gate.release.vllm_pair.e4_t4,topk_gate,cuda_subwarp_pair_top2_v2,L1_kernel_body,warm,5,5,150,8.75007987022,8.78592014313,9.446911811829,8.856712539990667,0.7465139976706553,0.08428793350805105,False
20260802T192733Z-1ce3398155a9-rtx3080_topk_gate_release_v1,topk_gate.release.vllm_pair.e4_t4,topk_gate,cuda_vector_pair_top2_v3,L1_kernel_body,warm,5,5,150,8.71936023235,8.76543998718,9.34912025928,8.734651732445,0.3444913999458005,0.03943962627223955,False
20260802T192733Z-1ce3398155a9-rtx3080_topk_gate_release_v1,topk_gate.release.vllm_pair.e4_t4,topk_gate,vllm_row_packed_top2,L1_kernel_body,warm,5,5,150,8.1254401803,8.16128015518,8.86784017086,8.210500284036268,0.39742758718737414,0.0484047954982835,False
20260802T192733Z-1ce3398155a9-rtx3080_topk_gate_release_v1,topk_gate.release.vllm_pair.e4_t4096,topk_gate,cuda_naive,L1_kernel_body,warm,5,5,150,8.06400001049,8.16128015518,9.107455879451498,8.207837839921334,0.5174508557184966,0.06304350375950604,True
20260802T192733Z-1ce3398155a9-rtx3080_topk_gate_release_v1,topk_gate.release.vllm_pair.e4_t4096,topk_gate,cuda_subwarp_pair_top2_v2,L1_kernel_body,warm,5,5,150,8.99071991444,8.93952012062,9.5308801233755,8.915148814519066,0.4422031130003071,0.04960131593991368,False
20260802T192733Z-1ce3398155a9-rtx3080_topk_gate_release_v1,topk_gate.release.vllm_pair.e4_t4096,topk_gate,cuda_vector_pair_top2_v3,L1_kernel_body,warm,5,5,150,8.96512001753,8.9087998867,9.4264322519335,8.871935987472867,0.40960854504075406,0.04616901492742052,False
20260802T192733Z-1ce3398155a9-rtx3080_topk_gate_release_v1,topk_gate.release.vllm_pair.e4_t4096,topk_gate,vllm_row_packed_top2,L1_kernel_body,warm,5,5,150,8.11007976532,8.11007976532,8.842751979829,8.148377573490134,0.44149711361723093,0.05418221107642264,False
20260802T192733Z-1ce3398155a9-rtx3080_topk_gate_release_v1,topk_gate.release.vllm_pair.e4_t512,topk_gate,cuda_naive,L1_kernel_body,warm,5,5,150,8.09983998537,8.22272002697,9.089536070826,8.298769064744134,0.533162696618181,0.06424599750380203,True
20260802T192733Z-1ce3398155a9-rtx3080_topk_gate_release_v1,topk_gate.release.vllm_pair.e4_t512,topk_gate,cuda_subwarp_pair_top2_v2,L1_kernel_body,warm,5,5,150,8.67839992046,8.657919764515,9.268223911524998,8.658124780654733,0.34571128395285944,0.03992911776061473,False
20260802T192733Z-1ce3398155a9-rtx3080_topk_gate_release_v1,topk_gate.release.vllm_pair.e4_t512,topk_gate,cuda_vector_pair_top2_v3,L1_kernel_body,warm,5,5,150,8.48384022713,8.41728001833,9.21599984169,8.351948809623266,0.6005492150256775,0.0719052796796017,False
20260802T192733Z-1ce3398155a9-rtx3080_topk_gate_release_v1,topk_gate.release.vllm_pair.e4_t512,topk_gate,vllm_row_packed_top2,L1_kernel_body,warm,5,5,150,8.24831992388,8.20223987103,9.0280958712085,8.2540544112522,0.4398978529657362,0.0532947604956484,False
20260802T192733Z-1ce3398155a9-rtx3080_topk_gate_release_v1,topk_gate.release.vllm_pair.e4_t64,topk_gate,cuda_naive,L1_kernel_body,warm,5,5,150,8.17151993513,8.20223987103,9.1315200626855,8.280541892846333,0.5353318825341337,0.06464937795877994,True
20260802T192733Z-1ce3398155a9-rtx3080_topk_gate_release_v1,topk_gate.release.vllm_pair.e4_t64,topk_gate,cuda_subwarp_pair_top2_v2,L1_kernel_body,warm,5,5,150,8.67839992046,8.524799942969999,9.099776148796,8.476194127400866,0.47137071026560695,0.055611127256018585,False
20260802T192733Z-1ce3398155a9-rtx3080_topk_gate_release_v1,topk_gate.release.vllm_pair.e4_t64,topk_gate,cuda_vector_pair_top2_v3,L1_kernel_body,warm,5,5,150,8.51967990398,8.447999954225,9.140735864636,8.429704523086999,0.5156740415304818,0.06117344209612219,False
20260802T192733Z-1ce3398155a9-rtx3080_topk_gate_release_v1,topk_gate.release.vllm_pair.e4_t64,topk_gate,vllm_row_packed_top2,L1_kernel_body,warm,5,5,150,7.92063981295,7.94111996889,8.54016005993,7.984196265538667,0.34133581274552244,0.042751430625370984,False
20260802T192733Z-1ce3398155a9-rtx3080_topk_gate_release_v1,topk_gate.release.vllm_pair.e4_t8,topk_gate,cuda_naive,L1_kernel_body,warm,5,5,150,8.19199979305,8.31488013268,9.35935974121,8.356590938568267,0.5014646838777933,0.060008284187201,True
20260802T192733Z-1ce3398155a9-rtx3080_topk_gate_release_v1,topk_gate.release.vllm_pair.e4_t8,topk_gate,cuda_subwarp_pair_top2_v2,L1_kernel_body,warm,5,5,150,8.57600003481,8.586239814755,9.183743864297998,8.613956268628534,0.3667393709932904,0.0425750212279265,False
20260802T192733Z-1ce3398155a9-rtx3080_topk_gate_release_v1,topk_gate.release.vllm_pair.e4_t8,topk_gate,cuda_vector_pair_top2_v3,L1_kernel_body,warm,5,5,150,8.35071980953,8.39680016041,9.033727914092,8.404787202676399,0.4487314936344675,0.053389988683065596,False
20260802T192733Z-1ce3398155a9-rtx3080_topk_gate_release_v1,topk_gate.release.vllm_pair.e4_t8,topk_gate,vllm_row_packed_top2,L1_kernel_body,warm,5,5,150,8.25856000185,8.26367974281,9.245183736087998,8.395025034745666,0.6656396490829319,0.07928977535242074,False
20260802T192733Z-1ce3398155a9-rtx3080_topk_gate_release_v1,topk_gate.release.vllm_pair.e64_t1,topk_gate,cuda_naive,L1_kernel_body,warm,5,5,150,10.352640152,10.3116798401,10.942975878744999,10.247918971375865,0.4968037817760564,0.0484785040908024,True
20260802T192733Z-1ce3398155a9-rtx3080_topk_gate_release_v1,topk_gate.release.vllm_pair.e64_t1,topk_gate,cuda_subwarp_pair_top2_v2,L1_kernel_body,warm,5,5,150,8.28415989876,8.2483202219,9.116160213949497,8.3421866893768,0.45076116507458613,0.054033934010203746,False
20260802T192733Z-1ce3398155a9-rtx3080_topk_gate_release_v1,topk_gate.release.vllm_pair.e64_t1,topk_gate,cuda_vector_pair_top2_v3,L1_kernel_body,warm,5,5,150,8.17151993513,8.29439997673,9.16480004787,8.370722119013667,0.4835558611820103,0.05776752044887955,False
20260802T192733Z-1ce3398155a9-rtx3080_topk_gate_release_v1,topk_gate.release.vllm_pair.e64_t1,topk_gate,vllm_row_packed_top2,L1_kernel_body,warm,5,5,150,8.37119996548,8.2687997818,9.252864062788998,8.2808832089104,0.5402417045036945,0.06523962370612635,False
20260802T192733Z-1ce3398155a9-rtx3080_topk_gate_release_v1,topk_gate.release.vllm_pair.e64_t1024,topk_gate,cuda_naive,L1_kernel_body,warm,5,5,150,14.7507202625,14.35647964475,18.279423713699998,14.5647616148,1.659997886508486,0.11397357062278843,True
20260802T192733Z-1ce3398155a9-rtx3080_topk_gate_release_v1,topk_gate.release.vllm_pair.e64_t1024,topk_gate,cuda_subwarp_pair_top2_v2,L1_kernel_body,warm,5,5,150,9.85087990761,9.784319996835,10.476543903345,9.8485589385034,0.35561391483052557,0.036108218171923244,False
20260802T192733Z-1ce3398155a9-rtx3080_topk_gate_release_v1,topk_gate.release.vllm_pair.e64_t1024,topk_gate,cuda_vector_pair_top2_v3,L1_kernel_body,warm,5,5,150,8.40703994036,8.371199965475,9.199615985151498,8.417621338367534,0.4747244879709568,0.05639651261184222,False
20260802T192733Z-1ce3398155a9-rtx3080_topk_gate_release_v1,topk_gate.release.vllm_pair.e64_t1024,topk_gate,vllm_row_packed_top2,L1_kernel_body,warm,5,5,150,8.64767998457,8.657919764515,9.401344060897,8.730214409033934,0.5441947140619149,0.062334633327995694,False
20260802T192733Z-1ce3398155a9-rtx3080_topk_gate_release_v1,topk_gate.release.vllm_pair.e64_t128,topk_gate,cuda_naive,L1_kernel_body,warm,5,5,150,13.7215995789,13.690880537,14.337023496645,13.462391416230666,0.6960630656522137,0.051704265916159516,True
20260802T192733Z-1ce3398155a9-rtx3080_topk_gate_release_v1,topk_gate.release.vllm_pair.e64_t128,topk_gate,cuda_subwarp_pair_top2_v2,L1_kernel_body,warm,5,5,150,8.48895996809,8.504319787025,9.298943877222499,8.512170652548,0.4898256052601044,0.0575441476979179,False
20260802T192733Z-1ce3398155a9-rtx3080_topk_gate_release_v1,topk_gate.release.vllm_pair.e64_t128,topk_gate,cuda_vector_pair_top2_v3,L1_kernel_body,warm,5,5,150,8.28927993774,8.299520015715,9.4673919677735,8.423492260773934,0.5630198255640517,0.06683924055891785,False
20260802T192733Z-1ce3398155a9-rtx3080_topk_gate_release_v1,topk_gate.release.vllm_pair.e64_t128,topk_gate,vllm_row_packed_top2,L1_kernel_body,warm,5,5,150,8.18175971508,8.289279937745,9.503743857147496,8.616140810648467,1.900525393995347,0.22057733685672087,False
20260802T192733Z-1ce3398155a9-rtx3080_topk_gate_release_v1,topk_gate.release.vllm_pair.e64_t16,topk_gate,cuda_naive,L1_kernel_body,warm,5,5,150,9.31840002537,9.28767979145,10.172415971789999,9.307613857588134,0.5058460358202196,0.05434755282717526,True
20260802T192733Z-1ce3398155a9-rtx3080_topk_gate_release_v1,topk_gate.release.vllm_pair.e64_t16,topk_gate,cuda_subwarp_pair_top2_v2,L1_kernel_body,warm,5,5,150,8.12031984329,8.23296010494,9.124864012004998,8.305117865403401,0.43330139043928684,0.052172816504421786,False
20260802T192733Z-1ce3398155a9-rtx3080_topk_gate_release_v1,topk_gate.release.vllm_pair.e64_t16,topk_gate,cuda_vector_pair_top2_v3,L1_kernel_body,warm,5,5,150,8.35583984852,8.38144004345,9.170432090759,8.399530680974134,0.4069953296517531,0.04845453217685632,False
20260802T192733Z-1ce3398155a9-rtx3080_topk_gate_release_v1,topk_gate.release.vllm_pair.e64_t16,topk_gate,vllm_row_packed_top2,L1_kernel_body,warm,5,5,150,8.18687975407,8.19199979305,9.090560078623,8.216234664122,0.5284202567001536,0.06431416315403175,False
20260802T192733Z-1ce3398155a9-rtx3080_topk_gate_release_v1,topk_gate.release.vllm_pair.e64_t2,topk_gate,cuda_naive,L1_kernel_body,warm,5,5,150,9.91744011641,10.0044798851,10.868735849834998,9.960311448574133,0.5826744535278074,0.05849962187791027,True
20260802T192733Z-1ce3398155a9-rtx3080_topk_gate_release_v1,topk_gate.release.vllm_pair.e64_t2,topk_gate,cuda_subwarp_pair_top2_v2,L1_kernel_body,warm,5,5,150,8.54016005993,8.760319948195,9.5923199951655,8.719018665949601,0.5890918667980691,0.06756401028233265,False
20260802T192733Z-1ce3398155a9-rtx3080_topk_gate_release_v1,topk_gate.release.vllm_pair.e64_t2,topk_gate,cuda_vector_pair_top2_v3,L1_kernel_body,warm,5,5,150,8.79615992308,8.791040182115,9.56416010857,8.791449606418935,0.4492511502796797,0.0511009185506411,False
20260802T192733Z-1ce3398155a9-rtx3080_topk_gate_release_v1,topk_gate.release.vllm_pair.e64_t2,topk_gate,vllm_row_packed_top2,L1_kernel_body,warm,5,5,150,7.97695994377,8.08960020542,9.20575976372,8.130355191230667,0.5121630783714279,0.06299393646711066,False
20260802T192733Z-1ce3398155a9-rtx3080_topk_gate_release_v1,topk_gate.release.vllm_pair.e64_t2048,topk_gate,cuda_naive,L1_kernel_body,warm,5,5,150,14.2079997063,14.1926395893,18.199039638025,14.551586087542667,1.675064806754943,0.11511218067073346,True
20260802T192733Z-1ce3398155a9-rtx3080_topk_gate_release_v1,topk_gate.release.vllm_pair.e64_t2048,topk_gate,cuda_subwarp_pair_top2_v2,L1_kernel_body,warm,5,5,150,9.42079991102,9.477120041845,10.640895962734998,9.5789056062714,0.5914354399929621,0.061743529407549826,False
20260802T192733Z-1ce3398155a9-rtx3080_topk_gate_release_v1,topk_gate.release.vllm_pair.e64_t2048,topk_gate,cuda_vector_pair_top2_v3,L1_kernel_body,warm,5,5,150,9.87648010254,9.707520008085,10.4345595837,9.612902379035933,0.7174225730514417,0.07463121383777031,False
20260802T192733Z-1ce3398155a9-rtx3080_topk_gate_release_v1,topk_gate.release.vllm_pair.e64_t2048,topk_gate,vllm_row_packed_top2,L1_kernel_body,warm,5,5,150,8.91391992569,8.944640159605001,9.5288318395635,8.9252522587774,0.3494404539641433,0.03915188544060383,False
20260802T192733Z-1ce3398155a9-rtx3080_topk_gate_release_v1,topk_gate.release.vllm_pair.e64_t256,topk_gate,cuda_naive,L1_kernel_body,warm,5,5,150,14.612480402,14.136320352550001,18.492928147334997,14.558003211024,2.312981652677265,0.15888041918590642,True
20260802T192733Z-1ce3398155a9-rtx3080_topk_gate_release_v1,topk_gate.release.vllm_pair.e64_t256,topk_gate,cuda_subwarp_pair_top2_v2,L1_kernel_body,warm,5,5,150,8.5504001379,8.519679903985,9.963007837534999,8.645700271924868,0.6403223621161056,0.07406252148196955,False
20260802T192733Z-1ce3398155a9-rtx3080_topk_gate_release_v1,topk_gate.release.vllm_pair.e64_t256,topk_gate,cuda_vector_pair_top2_v3,L1_kernel_body,warm,5,5,150,8.16127985716,8.23296010494,9.458175897596,8.3646463870998,0.5541281770221009,0.0662464557828402,False
20260802T192733Z-1ce3398155a9-rtx3080_topk_gate_release_v1,topk_gate.release.vllm_pair.e64_t256,topk_gate,vllm_row_packed_top2,L1_kernel_body,warm,5,5,150,7.98720002174,8.0588799715,8.818688064812,8.083933869998067,0.495635089395224,0.061311126162805006,False
20260802T192733Z-1ce3398155a9-rtx3080_topk_gate_release_v1,topk_gate.release.vllm_pair.e64_t32,topk_gate,cuda_naive,L1_kernel_body,warm,5,5,150,9.36959981918,9.36959981918,9.892864227297,9.382570660114666,0.3190668876110678,0.03400633996474143,True
20260802T192733Z-1ce3398155a9-rtx3080_topk_gate_release_v1,topk_gate.release.vllm_pair.e64_t32,topk_gate,cuda_subwarp_pair_top2_v2,L1_kernel_body,warm,5,5,150,8.816639781,8.816639781,9.54367995262,8.758203721045733,0.477334184100262,0.05450137942706682,False
20260802T192733Z-1ce3398155a9-rtx3080_topk_gate_release_v1,topk_gate.release.vllm_pair.e64_t32,topk_gate,cuda_vector_pair_top2_v3,L1_kernel_body,warm,5,5,150,8.43775987625,8.56064021587,9.59487974644,8.620714656512266,0.5653934871583542,0.06558545430235814,False
20260802T192733Z-1ce3398155a9-rtx3080_topk_gate_release_v1,topk_gate.release.vllm_pair.e64_t32,topk_gate,vllm_row_packed_top2,L1_kernel_body,warm,5,5,150,7.92576014996,7.971839904785,8.6630398035,8.020377592245666,0.4329694914708526,0.05398367925837558,False
20260802T192733Z-1ce3398155a9-rtx3080_topk_gate_release_v1,topk_gate.release.vllm_pair.e64_t4,topk_gate,cuda_naive,L1_kernel_body,warm,5,5,150,9.82015997171,9.90208029747,11.294208168989998,9.9224917133634,0.7854700925546507,0.07916056926475397,True
20260802T192733Z-1ce3398155a9-rtx3080_topk_gate_release_v1,topk_gate.release.vllm_pair.e64_t4,topk_gate,cuda_subwarp_pair_top2_v2,L1_kernel_body,warm,5,5,150,8.35071980953,8.37632000446,9.5800322294235,8.489574400583267,0.520781917339535,0.061343701434992466,False
20260802T192733Z-1ce3398155a9-rtx3080_topk_gate_release_v1,topk_gate.release.vllm_pair.e64_t4,topk_gate,cuda_vector_pair_top2_v3,L1_kernel_body,warm,5,5,150,8.43775987625,8.442879915235,9.850880116220496,8.53879468441,0.5876007587272274,0.06881542190024312,False
20260802T192733Z-1ce3398155a9-rtx3080_topk_gate_release_v1,topk_gate.release.vllm_pair.e64_t4,topk_gate,vllm_row_packed_top2,L1_kernel_body,warm,5,5,150,8.09983998537,8.07936012745,9.041407972574998,8.184217588106668,0.6751473610638,0.08249381859604105,False
20260802T192733Z-1ce3398155a9-rtx3080_topk_gate_release_v1,topk_gate.release.vllm_pair.e64_t4096,topk_gate,cuda_naive,L1_kernel_body,warm,5,5,150,14.7814404964,14.70975995065,18.300927877444998,15.256712508200666,1.4385825671796209,0.09429177920252253,True
20260802T192733Z-1ce3398155a9-rtx3080_topk_gate_release_v1,topk_gate.release.vllm_pair.e64_t4096,topk_gate,cuda_subwarp_pair_top2_v2,L1_kernel_body,warm,5,5,150,13.6191999912,13.4092795849,14.3257594109,13.171575490632,0.9427107602794997,0.07157160211775596,False
20260802T192733Z-1ce3398155a9-rtx3080_topk_gate_release_v1,topk_gate.release.vllm_pair.e64_t4096,topk_gate,cuda_vector_pair_top2_v3,L1_kernel_body,warm,5,5,150,9.4668802619,9.456639885905,10.600447654745,9.5304362734166,0.6389306198104809,0.0670410673216147,False
20260802T192733Z-1ce3398155a9-rtx3080_topk_gate_release_v1,topk_gate.release.vllm_pair.e64_t4096,topk_gate,vllm_row_packed_top2,L1_kernel_body,warm,5,5,150,9.50783997774,9.49248015881,10.1488637924,9.537467714149,0.3730863000691156,0.039117962047267064,False
20260802T192733Z-1ce3398155a9-rtx3080_topk_gate_release_v1,topk_gate.release.vllm_pair.e64_t512,topk_gate,cuda_naive,L1_kernel_body,warm,5,5,150,14.5715200901,14.2694401741,17.9200005531,14.425634161628,1.5414271358226497,0.10685333612041999,True
20260802T192733Z-1ce3398155a9-rtx3080_topk_gate_release_v1,topk_gate.release.vllm_pair.e64_t512,topk_gate,cuda_subwarp_pair_top2_v2,L1_kernel_body,warm,5,5,150,8.60159993172,8.63232016563,9.736703902483498,8.747963742414667,0.5704204539685104,0.06520608346863808,False
20260802T192733Z-1ce3398155a9-rtx3080_topk_gate_release_v1,topk_gate.release.vllm_pair.e64_t512,topk_gate,cuda_vector_pair_top2_v3,L1_kernel_body,warm,5,5,150,8.25856000185,8.29439997673,9.319424033167,8.412569594383067,0.5204521408240813,0.06186601311109255,False
20260802T192733Z-1ce3398155a9-rtx3080_topk_gate_release_v1,topk_gate.release.vllm_pair.e64_t512,topk_gate,vllm_row_packed_top2,L1_kernel_body,warm,5,5,150,8.14592003822,8.23808014393,8.971264034509499,8.237124272187668,0.4395940254945214,0.053367414520962574,False
20260802T192733Z-1ce3398155a9-rtx3080_topk_gate_release_v1,topk_gate.release.vllm_pair.e64_t64,topk_gate,cuda_naive,L1_kernel_body,warm,5,5,150,9.59488004446,9.60511982441,10.60607969759,9.6690175811452,0.5342044113481188,0.05524908884123133,True
20260802T192733Z-1ce3398155a9-rtx3080_topk_gate_release_v1,topk_gate.release.vllm_pair.e64_t64,topk_gate,cuda_subwarp_pair_top2_v2,L1_kernel_body,warm,5,5,150,8.24831992388,8.463360071185,9.5493119955035,8.5443242947264,0.5571853666828382,0.06521116795938281,False
20260802T192733Z-1ce3398155a9-rtx3080_topk_gate_release_v1,topk_gate.release.vllm_pair.e64_t64,topk_gate,cuda_vector_pair_top2_v3,L1_kernel_body,warm,5,5,150,8.3353599906,8.35583984852,10.056191623193499,8.466909857590535,0.6675304310473987,0.07883991234995394,False
20260802T192733Z-1ce3398155a9-rtx3080_topk_gate_release_v1,topk_gate.release.vllm_pair.e64_t64,topk_gate,vllm_row_packed_top2,L1_kernel_body,warm,5,5,150,8.01791995764,8.01791995764,8.669695854186,8.055398396651066,0.3995451807247987,0.049599679749036965,False
20260802T192733Z-1ce3398155a9-rtx3080_topk_gate_release_v1,topk_gate.release.vllm_pair.e64_t8,topk_gate,cuda_naive,L1_kernel_body,warm,5,5,150,9.68704015017,9.74848002195,11.024895846844998,9.742540796598334,0.6388515432560803,0.06557340190755363,True
20260802T192733Z-1ce3398155a9-rtx3080_topk_gate_release_v1,topk_gate.release.vllm_pair.e64_t8,topk_gate,cuda_subwarp_pair_top2_v2,L1_kernel_body,warm,5,5,150,8.63231986761,8.683519959449999,9.56416010857,8.677922113735667,0.5928097101066663,0.0683124027085182,False
20260802T192733Z-1ce3398155a9-rtx3080_topk_gate_release_v1,topk_gate.release.vllm_pair.e64_t8,topk_gate,cuda_vector_pair_top2_v3,L1_kernel_body,warm,5,5,150,8.52991998196,8.473600149155,9.2625921964635,8.5249365448956,0.52382744753032,0.0614464922725985,False
20260802T192733Z-1ce3398155a9-rtx3080_topk_gate_release_v1,topk_gate.release.vllm_pair.e64_t8,topk_gate,vllm_row_packed_top2,L1_kernel_body,warm,5,5,150,8.14592003822,8.09984028339,9.212927758695997,8.161279988288667,0.6160180433263401,0.07548056728972884,False
20260802T192733Z-1ce3398155a9-rtx3080_topk_gate_release_v1,topk_gate.release.vllm_pair.e8_t1,topk_gate,cuda_naive,L1_kernel_body,warm,5,5,150,8.37632000446,8.35583984852,9.140224128960998,8.3965269207956,0.5262841219265357,0.06267878694262181,True
20260802T192733Z-1ce3398155a9-rtx3080_topk_gate_release_v1,topk_gate.release.vllm_pair.e8_t1,topk_gate,cuda_subwarp_pair_top2_v2,L1_kernel_body,warm,5,5,150,8.97535979748,9.006080031395,9.6015360653385,9.0419199983282,0.35466295590062724,0.03922429704821569,False
20260802T192733Z-1ce3398155a9-rtx3080_topk_gate_release_v1,topk_gate.release.vllm_pair.e8_t1,topk_gate,cuda_vector_pair_top2_v3,L1_kernel_body,warm,5,5,150,8.50432008505,8.5504001379,9.19552028179,8.568012801806,0.37937070137415363,0.04427756005385383,False
20260802T192733Z-1ce3398155a9-rtx3080_topk_gate_release_v1,topk_gate.release.vllm_pair.e8_t1,topk_gate,vllm_row_packed_top2,L1_kernel_body,warm,5,5,150,8.07936012745,8.11007976532,8.899583816526999,8.117043193181733,0.48416949577409407,0.05964850552733211,False
20260802T192733Z-1ce3398155a9-rtx3080_topk_gate_release_v1,topk_gate.release.vllm_pair.e8_t1024,topk_gate,cuda_naive,L1_kernel_body,warm,5,5,150,8.46336007118,8.48896026611,9.218048125501998,8.5118293404578,0.3744806088641603,0.04399531450709505,True
20260802T192733Z-1ce3398155a9-rtx3080_topk_gate_release_v1,topk_gate.release.vllm_pair.e8_t1024,topk_gate,cuda_subwarp_pair_top2_v2,L1_kernel_body,warm,5,5,150,8.59647989273,8.76543998718,9.559552073479,8.892757320404533,1.8277308612612626,0.20553027541497318,False
20260802T192733Z-1ce3398155a9-rtx3080_topk_gate_release_v1,topk_gate.release.vllm_pair.e8_t1024,topk_gate,cuda_vector_pair_top2_v3,L1_kernel_body,warm,5,5,150,8.77056002617,8.750079870225001,9.351167947052,8.794316788514866,0.35362080180557837,0.04021015052214145,False
20260802T192733Z-1ce3398155a9-rtx3080_topk_gate_release_v1,topk_gate.release.vllm_pair.e8_t1024,topk_gate,vllm_row_packed_top2,L1_kernel_body,warm,5,5,150,8.11520010233,8.16127985716,9.0823679566375,8.198075711727467,0.5226669411151342,0.0637548321696336,False
20260802T192733Z-1ce3398155a9-rtx3080_topk_gate_release_v1,topk_gate.release.vllm_pair.e8_t128,topk_gate,cuda_naive,L1_kernel_body,warm,5,5,150,7.99744009972,8.043519854545,9.065472155809001,8.143121043841134,0.5183708053566832,0.06365750951826281,True
20260802T192733Z-1ce3398155a9-rtx3080_topk_gate_release_v1,topk_gate.release.vllm_pair.e8_t128,topk_gate,cuda_subwarp_pair_top2_v2,L1_kernel_body,warm,5,5,150,9.00608003139,9.04191970825,22.767616391204996,11.434666641553333,5.7824330910485475,0.5056931935414112,False
20260802T192733Z-1ce3398155a9-rtx3080_topk_gate_release_v1,topk_gate.release.vllm_pair.e8_t128,topk_gate,cuda_vector_pair_top2_v3,L1_kernel_body,warm,5,5,150,8.77568006516,8.73471975327,9.377280145880999,8.733218137423334,0.4133805558315476,0.047334275787769595,False
20260802T192733Z-1ce3398155a9-rtx3080_topk_gate_release_v1,topk_gate.release.vllm_pair.e8_t128,topk_gate,vllm_row_packed_top2,L1_kernel_body,warm,5,5,150,7.88479983807,8.043519854545,8.876543909308,8.071304515997534,0.45748484028375475,0.05668040889511825,False
20260802T192733Z-1ce3398155a9-rtx3080_topk_gate_release_v1,topk_gate.release.vllm_pair.e8_t16,topk_gate,cuda_naive,L1_kernel_body,warm,5,5,150,8.74495983124,8.739839792255,9.45151984692,8.646792534987533,0.5488871515571303,0.06347870026211073,True
20260802T192733Z-1ce3398155a9-rtx3080_topk_gate_release_v1,topk_gate.release.vllm_pair.e8_t16,topk_gate,cuda_subwarp_pair_top2_v2,L1_kernel_body,warm,5,5,150,8.98048013449,9.006080031395,9.752576023341499,9.073186143239933,0.3753297567156085,0.04136691905028881,False
20260802T192733Z-1ce3398155a9-rtx3080_topk_gate_release_v1,topk_gate.release.vllm_pair.e8_t16,topk_gate,cuda_vector_pair_top2_v3,L1_kernel_body,warm,5,5,150,8.53504002094,8.51967990398,76.087806701685,21.728460840384866,26.62247877150214,1.225235370653644,False
20260802T192733Z-1ce3398155a9-rtx3080_topk_gate_release_v1,topk_gate.release.vllm_pair.e8_t16,topk_gate,vllm_row_packed_top2,L1_kernel_body,warm,5,5,150,7.98720002174,8.043519854545,8.868864178656999,8.0990890542662,0.461421726384005,0.056972052448410956,False
20260802T192733Z-1ce3398155a9-rtx3080_topk_gate_release_v1,topk_gate.release.vllm_pair.e8_t2,topk_gate,cuda_naive,L1_kernel_body,warm,5,5,150,8.08960020542,8.28415989876,9.350143939255,8.337476265430134,0.6138710463554833,0.07362792130525045,True
20260802T192733Z-1ce3398155a9-rtx3080_topk_gate_release_v1,topk_gate.release.vllm_pair.e8_t2,topk_gate,cuda_subwarp_pair_top2_v2,L1_kernel_body,warm,5,5,150,9.04704004526,9.01120007038,9.658367902041999,9.118788250288533,0.36608584971976305,0.04014632642754694,False
20260802T192733Z-1ce3398155a9-rtx3080_topk_gate_release_v1,topk_gate.release.vllm_pair.e8_t2,topk_gate,cuda_vector_pair_top2_v3,L1_kernel_body,warm,5,5,150,8.82175981998,8.852480053905,9.41056013107,8.8560981551804,0.3394378879551274,0.03832815332523977,False
20260802T192733Z-1ce3398155a9-rtx3080_topk_gate_release_v1,topk_gate.release.vllm_pair.e8_t2,topk_gate,vllm_row_packed_top2,L1_kernel_body,warm,5,5,150,8.04863989353,8.02815973759,8.99071991444,8.1405952095988,0.585517252295369,0.07192560706187301,False
20260802T192733Z-1ce3398155a9-rtx3080_topk_gate_release_v1,topk_gate.release.vllm_pair.e8_t2048,topk_gate,cuda_naive,L1_kernel_body,warm,5,5,150,8.42239975929,8.47872018814,9.0383359491785,8.4910080075266,0.35700269579342836,0.04204479556219638,True
20260802T192733Z-1ce3398155a9-rtx3080_topk_gate_release_v1,topk_gate.release.vllm_pair.e8_t2048,topk_gate,cuda_subwarp_pair_top2_v2,L1_kernel_body,warm,5,5,150,8.87807995081,8.85760009289,9.367040067910999,8.8492714683218,0.3464680588534997,0.03915215620786067,False
20260802T192733Z-1ce3398155a9-rtx3080_topk_gate_release_v1,topk_gate.release.vllm_pair.e8_t2048,topk_gate,cuda_vector_pair_top2_v3,L1_kernel_body,warm,5,5,150,8.95487993956,8.780800104145,9.3854719400435,8.6805845101672,0.5191028144981722,0.05980044476154447,False
20260802T192733Z-1ce3398155a9-rtx3080_topk_gate_release_v1,topk_gate.release.vllm_pair.e8_t2048,topk_gate,vllm_row_packed_top2,L1_kernel_body,warm,5,5,150,7.98207998276,8.002560138705,8.9574399292455,8.076697587967132,0.5091774883010428,0.06304278236932237,False
20260802T192733Z-1ce3398155a9-rtx3080_topk_gate_release_v1,topk_gate.release.vllm_pair.e8_t256,topk_gate,cuda_naive,L1_kernel_body,warm,5,5,150,8.45311999321,8.371199965475,9.165824055672498,8.415027181307467,0.39289565854826536,0.046689767018342536,True
20260802T192733Z-1ce3398155a9-rtx3080_topk_gate_release_v1,topk_gate.release.vllm_pair.e8_t256,topk_gate,cuda_subwarp_pair_top2_v2,L1_kernel_body,warm,5,5,150,9.0623998642,9.0623998642,9.8565119504935,9.126297593116332,0.40385899898371147,0.044252227681938525,False
20260802T192733Z-1ce3398155a9-rtx3080_topk_gate_release_v1,topk_gate.release.vllm_pair.e8_t256,topk_gate,cuda_vector_pair_top2_v3,L1_kernel_body,warm,5,5,150,8.68351995945,8.62208008766,9.16480004787,8.638327463468,0.3420674742996913,0.03959880842053221,False
20260802T192733Z-1ce3398155a9-rtx3080_topk_gate_release_v1,topk_gate.release.vllm_pair.e8_t256,topk_gate,vllm_row_packed_top2,L1_kernel_body,warm,5,5,150,8.12032014132,8.09984028339,8.908288151024998,8.113971213499466,0.48553392551634966,0.059839246743758685,False
20260802T192733Z-1ce3398155a9-rtx3080_topk_gate_release_v1,topk_gate.release.vllm_pair.e8_t32,topk_gate,cuda_naive,L1_kernel_body,warm,5,5,150,8.39680016041,8.212479948995,9.248255968094995,8.2831359744074,0.5783484964260619,0.069822407625928,True
20260802T192733Z-1ce3398155a9-rtx3080_topk_gate_release_v1,topk_gate.release.vllm_pair.e8_t32,topk_gate,cuda_subwarp_pair_top2_v2,L1_kernel_body,warm,5,5,150,8.98559987545,8.98047983646,9.546751976011999,9.010517326990934,0.31955071017250375,0.035464191297351164,False
20260802T192733Z-1ce3398155a9-rtx3080_topk_gate_release_v1,topk_gate.release.vllm_pair.e8_t32,topk_gate,cuda_vector_pair_top2_v3,L1_kernel_body,warm,5,5,150,8.67327988148,8.71424019337,9.443328052761998,8.723524296283534,0.40710124810005965,0.046667061874693945,False
20260802T192733Z-1ce3398155a9-rtx3080_topk_gate_release_v1,topk_gate.release.vllm_pair.e8_t32,topk_gate,vllm_row_packed_top2,L1_kernel_body,warm,5,5,150,7.9667198658,8.06400001049,8.9359360933305,8.1077589432402,0.49410185460458733,0.06094185311423721,False
20260802T192733Z-1ce3398155a9-rtx3080_topk_gate_release_v1,topk_gate.release.vllm_pair.e8_t4,topk_gate,cuda_naive,L1_kernel_body,warm,5,5,150,8.1561601162,8.156160116195,9.135103821752498,8.208247462908734,0.4920561543118078,0.059946554552028485,True
20260802T192733Z-1ce3398155a9-rtx3080_topk_gate_release_v1,topk_gate.release.vllm_pair.e8_t4,topk_gate,cuda_subwarp_pair_top2_v2,L1_kernel_body,warm,5,5,150,8.95999997854,8.86784017086,9.487872123719,8.927982918421266,1.6750692530909561,0.1876201229770227,False
20260802T192733Z-1ce3398155a9-rtx3080_topk_gate_release_v1,topk_gate.release.vllm_pair.e8_t4,topk_gate,cuda_vector_pair_top2_v3,L1_kernel_body,warm,5,5,150,8.88832002878,8.83711993694,9.544703960417,8.8002560178436,0.5302672430421999,0.060255888234048864,False
20260802T192733Z-1ce3398155a9-rtx3080_topk_gate_release_v1,topk_gate.release.vllm_pair.e8_t4,topk_gate,vllm_row_packed_top2,L1_kernel_body,warm,5,5,150,8.36096018553,8.28415989876,9.2011519968515,8.317952009042534,0.6084280901610155,0.07314638140489232,False
20260802T192733Z-1ce3398155a9-rtx3080_topk_gate_release_v1,topk_gate.release.vllm_pair.e8_t4096,topk_gate,cuda_naive,L1_kernel_body,warm,5,5,150,8.50944012403,8.51967990398,9.3967360258105,8.591428275902802,0.5120812002221604,0.05960373336974056,True
20260802T192733Z-1ce3398155a9-rtx3080_topk_gate_release_v1,topk_gate.release.vllm_pair.e8_t4096,topk_gate,cuda_subwarp_pair_top2_v2,L1_kernel_body,warm,5,5,150,8.91391992569,8.89855980873,10.075647771335,8.946141854922466,0.6518810498434278,0.07286728294887712,False
20260802T192733Z-1ce3398155a9-rtx3080_topk_gate_release_v1,topk_gate.release.vllm_pair.e8_t4096,topk_gate,cuda_vector_pair_top2_v3,L1_kernel_body,warm,5,5,150,8.88831973076,8.872960209845001,9.617407917979499,8.880947180589265,0.3901768968854939,0.043934153525683396,False
20260802T192733Z-1ce3398155a9-rtx3080_topk_gate_release_v1,topk_gate.release.vllm_pair.e8_t4096,topk_gate,vllm_row_packed_top2,L1_kernel_body,warm,5,5,150,8.13055992126,8.156160116195,9.104384183882498,8.232072540124067,0.5060037806895499,0.06146736173949262,False
20260802T192733Z-1ce3398155a9-rtx3080_topk_gate_release_v1,topk_gate.release.vllm_pair.e8_t512,topk_gate,cuda_naive,L1_kernel_body,warm,5,5,150,8.40191990137,8.41727972031,8.9758718013735,8.4223317344986,0.3605153887320313,0.04280470065734042,True
20260802T192733Z-1ce3398155a9-rtx3080_topk_gate_release_v1,topk_gate.release.vllm_pair.e8_t512,topk_gate,cuda_subwarp_pair_top2_v2,L1_kernel_body,warm,5,5,150,9.01120007038,9.04191970825,9.583103924987999,9.0853375951452,0.3359296007975843,0.03697491670283008,False
20260802T192733Z-1ce3398155a9-rtx3080_topk_gate_release_v1,topk_gate.release.vllm_pair.e8_t512,topk_gate,cuda_vector_pair_top2_v3,L1_kernel_body,warm,5,5,150,8.77056002617,8.714240193365,9.3649917840935,8.630954662958935,0.5034383256658905,0.058329390586011685,False
20260802T192733Z-1ce3398155a9-rtx3080_topk_gate_release_v1,topk_gate.release.vllm_pair.e8_t512,topk_gate,vllm_row_packed_top2,L1_kernel_body,warm,5,5,150,7.9359999299,8.002560138705,8.834559917452998,8.0205141464874,0.52662704252738,0.06566001043187704,False
20260802T192733Z-1ce3398155a9-rtx3080_topk_gate_release_v1,topk_gate.release.vllm_pair.e8_t64,topk_gate,cuda_naive,L1_kernel_body,warm,5,5,150,8.06912004948,8.053759932515,8.8837119638915,8.130969611803799,0.48571561099902144,0.05973649320911296,True
20260802T192733Z-1ce3398155a9-rtx3080_topk_gate_release_v1,topk_gate.release.vllm_pair.e8_t64,topk_gate,cuda_subwarp_pair_top2_v2,L1_kernel_body,warm,5,5,150,9.00608003139,8.97023975849,9.589759975674,9.0031445225082,0.3729733393931494,0.041427007914923736,False
20260802T192733Z-1ce3398155a9-rtx3080_topk_gate_release_v1,topk_gate.release.vllm_pair.e8_t64,topk_gate,cuda_vector_pair_top2_v3,L1_kernel_body,warm,5,5,150,8.37632000446,8.28415989876,9.4264322519335,8.353245858351066,0.6248550454899395,0.07480386140738902,False
20260802T192733Z-1ce3398155a9-rtx3080_topk_gate_release_v1,topk_gate.release.vllm_pair.e8_t64,topk_gate,vllm_row_packed_top2,L1_kernel_body,warm,5,5,150,8.1817600131,8.07936012745,8.979968100784998,8.148104532559934,0.46243149465704364,0.05675325995256458,False
20260802T192733Z-1ce3398155a9-rtx3080_topk_gate_release_v1,topk_gate.release.vllm_pair.e8_t8,topk_gate,cuda_naive,L1_kernel_body,warm,5,5,150,8.2687997818,8.299520015715,9.377280145880999,8.371746134758267,0.6812143316877635,0.08137063889926871,True
20260802T192733Z-1ce3398155a9-rtx3080_topk_gate_release_v1,topk_gate.release.vllm_pair.e8_t8,topk_gate,cuda_subwarp_pair_top2_v2,L1_kernel_body,warm,5,5,150,8.89855980873,8.88831973076,9.534463882447,8.855620265007467,0.4540493397787032,0.051272449155578194,False
20260802T192733Z-1ce3398155a9-rtx3080_topk_gate_release_v1,topk_gate.release.vllm_pair.e8_t8,topk_gate,cuda_vector_pair_top2_v3,L1_kernel_body,warm,5,5,150,8.78592014313,8.791040182115,9.3829121887645,8.789947736263333,0.3735339083852039,0.04249557785698459,False
20260802T192733Z-1ce3398155a9-rtx3080_topk_gate_release_v1,topk_gate.release.vllm_pair.e8_t8,topk_gate,vllm_row_packed_top2,L1_kernel_body,warm,5,5,150,8.05375993252,8.13055992126,9.189375907181498,8.2164394537606,0.6131184186878378,0.07462093795472664,False
