Start (ns),Duration (ns),CorrId,GrdX,GrdY,GrdZ,BlkX,BlkY,BlkZ,Reg/Trd,StcSMem (MB),DymSMem (MB),Bytes (MB),Throughput (MB/s),SrcMemKd,DstMemKd,Device,Ctx,GreenCtx,Strm,Name
879309690,1278022,135,,,,,,,,,,1.049,819.986,Pageable,Device,NVIDIA GeForce RTX 3080 (0),1,,13,[CUDA memcpy Host-to-Device]
880589952,40955569,136,,,,,,,,,,33.554,805.306,Pageable,Device,NVIDIA GeForce RTX 3080 (0),1,,13,[CUDA memcpy Host-to-Device]
921597680,68127,137,,,,,,,,,,0.066,961.937,Pageable,Device,NVIDIA GeForce RTX 3080 (0),1,,13,[CUDA memcpy Host-to-Device]
960597514,1344,296,8,1,1,256,1,1,16,0.000,0.000,,,,,NVIDIA GeForce RTX 3080 (0),1,,13,"raggedroute::benchmark::library_baseline::<unnamed>::initialize_source_rows(int *, int)"
961138879,448,302,,,,,,,,,,0.001,1714.285,Pageable,Device,NVIDIA GeForce RTX 3080 (0),1,,7,[CUDA memcpy Host-to-Device]
961150463,1504,304,,,,,,,,,,0.001,340.425,Pageable,Device,NVIDIA GeForce RTX 3080 (0),1,,7,[CUDA memcpy Host-to-Device]
961161566,1472,306,,,,,,,,,,0.001,347.826,Pageable,Device,NVIDIA GeForce RTX 3080 (0),1,,7,[CUDA memcpy Host-to-Device]
961172702,1472,308,,,,,,,,,,0.001,347.826,Pageable,Device,NVIDIA GeForce RTX 3080 (0),1,,7,[CUDA memcpy Host-to-Device]
961183614,1600,310,,,,,,,,,,0.001,320.000,Pageable,Device,NVIDIA GeForce RTX 3080 (0),1,,7,[CUDA memcpy Host-to-Device]
961195422,1472,312,,,,,,,,,,0.001,347.826,Pageable,Device,NVIDIA GeForce RTX 3080 (0),1,,7,[CUDA memcpy Host-to-Device]
961206781,1504,314,,,,,,,,,,0.001,340.425,Pageable,Device,NVIDIA GeForce RTX 3080 (0),1,,7,[CUDA memcpy Host-to-Device]
961217757,1504,316,,,,,,,,,,0.001,340.425,Pageable,Device,NVIDIA GeForce RTX 3080 (0),1,,7,[CUDA memcpy Host-to-Device]
961228765,1504,318,,,,,,,,,,0.001,340.425,Pageable,Device,NVIDIA GeForce RTX 3080 (0),1,,7,[CUDA memcpy Host-to-Device]
961317147,8064,323,2,32,2,128,1,1,86,0.033,0.000,,,,,NVIDIA GeForce RTX 3080 (0),1,,13,ampere_sgemm_32x32_sliced1x4_nn
970692217,1984,328,2,64,1,32,16,1,43,0.000,0.000,,,,,NVIDIA GeForce RTX 3080 (0),1,,13,"void cublasLt::splitKreduce_kernel<(int)32, (int)16, int, float, float, float, float, (bool)0, float, float, float, (bool)1, (bool)0, (bool)0, (bool)0>(cublasLt::cublasSplitKParams<T6>, const T4 *, const T10 *, T9 *, T5 *, const T6 *, const T6 *, const T11 *, const T4 *, T11 *, void *, long long, T6 *, int *, T6 *, T6 *, const T6 *, const T6 *, const T6 *, const T6 *, const T6 *)"
971060722,18975,333,1024,1,1,32,1,1,32,0.001,0.000,,,,,NVIDIA GeForce RTX 3080 (0),1,,13,"raggedroute::benchmark::library_baseline::<unnamed>::cub_block_radix_top2_kernel(const float *, int *, float *, int, int)"
971260302,1152,348,1,1,1,256,1,1,16,0.000,0.000,,,,,NVIDIA GeForce RTX 3080 (0),1,,13,"void cub::_V_300304_SM_860::detail::histogram::DeviceHistogramInitKernel<cub::_V_300304_SM_860::detail::histogram::policy_hub<int, int, (int)1, (int)1, (bool)1>::Policy1000, (int)1, int, int>(cuda::std::__4::array<int, T2>, cuda::std::__4::array<T3 *, T2>, cub::_V_300304_SM_860::GridQueue<int>)"
971265038,5727,351,1,1,1,384,1,1,54,0.001,0.000,,,,,NVIDIA GeForce RTX 3080 (0),1,,13,"void cub::_V_300304_SM_860::detail::histogram::DeviceHistogramSweepKernel<cub::_V_300304_SM_860::detail::histogram::policy_hub<int, int, (int)1, (int)1, (bool)1>::Policy1000, (int)256, (int)1, (int)1, const int *, int, cub::_V_300304_SM_860::detail::histogram::Transforms<int, int, int>::ScaleTransform, cub::_V_300304_SM_860::detail::histogram::Transforms<int, int, int>::PassThruTransform, int>(T5, cuda::std::__4::array<int, T4>, cuda::std::__4::array<int, T4>, cuda::std::__4::array<T6 *, T4>, cuda::std::__4::array<T6 *, T4>, cuda::std::__4::array<T8, T4>, cuda::std::__4::array<T7, T4>, T9, T9, T9, int, cub::_V_300304_SM_860::GridQueue<int>)"
971865089,1504,360,1,1,1,128,1,1,16,0.001,0.000,,,,,NVIDIA GeForce RTX 3080 (0),1,,13,"void raggedroute::benchmark::library_baseline::<unnamed>::block_scan_kernel<(int)128>(const int *, int *, int)"
971950591,7520,372,1,1,1,256,1,1,128,0.034,0.000,,,,,NVIDIA GeForce RTX 3080 (0),1,,13,"void cub::_V_300304_SM_860::detail::radix_sort::DeviceRadixSortSingleTileKernel<cub::_V_300304_SM_860::detail::radix_sort::policy_selector_from_types<int, int, unsigned int>, (cub::_V_300304_SM_860::SortOrder)0, int, int, unsigned int, cub::_V_300304_SM_860::detail::identity_decomposer_t>(const T3 *, T3 *, const T4 *, T4 *, T5, int, int, T6)"
972044061,3072,379,1,1,1,256,1,1,16,0.000,0.000,,,,,NVIDIA GeForce RTX 3080 (0),1,,13,"raggedroute::benchmark::library_baseline::<unnamed>::compute_expert_offsets(const int *, int, int, long long *)"
972114332,5248,387,2048,1,1,256,1,1,18,0.000,0.000,,,,,NVIDIA GeForce RTX 3080 (0),1,,13,"void raggedroute::benchmark::library_baseline::<unnamed>::expand_rows<(bool)1>(const float *, float *, const int *, int *, int *, int, int, int)"
972122716,137469,390,68,1,1,256,1,1,144,0.000,0.017,,,,,NVIDIA GeForce RTX 3080 (0),1,,13,"void cutlass::Kernel<cutlass::gemm::kernel::GemmGrouped<cutlass::gemm::threadblock::MmaPipelined<cutlass::gemm::GemmShape<(int)128, (int)128, (int)8>, cutlass::transform::threadblock::PredicatedTileIterator<cutlass::MatrixShape<(int)128, (int)8>, float, cutlass::layout::RowMajor, (int)1, cutlass::transform::PitchLinearStripminedThreadMap<cutlass::PitchLinearShape<(int)8, (int)128>, (int)256, (int)1>, (int)1, (bool)0, cutlass::layout::NoPermute>, cutlass::transform::threadblock::RegularTileIterator<cutlass::MatrixShape<(int)128, (int)8>, float, cutlass::layout::ColumnMajor, (int)1, cutlass::transform::TransposePitchLinearThreadMapSimt<cutlass::transform::PitchLinearStripminedThreadMap<cutlass::PitchLinearShape<(int)8, (int)128>, (int)256, (int)1>>, (int)4>, cutlass::transform::threadblock::PredicatedTileIterator<cutlass::MatrixShape<(int)8, (int)128>, float, cutlass::layout::RowMajor, (int)0, cutlass::transform::PitchLinearStripminedThreadMap<cutlass::PitchLinearShape<(int)128, (int)8>, (int)256, (int)1>, (int)1, (bool)0, cutlass::layout::NoPermute>, cutlass::transform::threadblock::RegularTileIterator<cutlass::MatrixShape<(int)8, (int)128>, float, cutlass::layout::RowMajor, (int)0, cutlass::transform::PitchLinearStripminedThreadMap<cutlass::PitchLinearShape<(int)128, (int)8>, (int)256, (int)1>, (int)4>, float, cutlass::layout::RowMajor, cutlass::gemm::threadblock::MmaPolicy<cutlass::gemm::warp::MmaSimt<cutlass::gemm::GemmShape<(int)32, (int)64, (int)8>, float, cutlass::layout::ColumnMajor, float, cutlass::layout::RowMajor, float, cutlass::layout::RowMajor, cutlass::gemm::warp::MmaSimtPolicy<cutlass::MatrixShape<(int)4, (int)8>, cutlass::layout::RowMajorInterleaved<(int)2>, cutlass::gemm::GemmShape<(int)4, (int)4, (int)1>>, (int)1, (cutlass::ComplexTransform)0, (cutlass::ComplexTransform)0, bool>, cutlass::MatrixShape<(int)4, (int)0>, cutlass::MatrixShape<(int)0, (int)0>, (int)1>, cutlass::NumericArrayConverter<float, float, (int)4, (cutlass::FloatRoundStyle)2, cutlass::transform::thread::UnaryTransform::Identity>, cutlass::NumericArrayConverter<float, float, (int)4, (cutlass::FloatRoundStyle)2, cutlass::transform::thread::UnaryTransform::Identity>, bool>, cutlass::epilogue::threadblock::Epilogue<cutlass::gemm::GemmShape<(int)128, (int)128, (int)8>, cutlass::gemm::warp::MmaSimt<cutlass::gemm::GemmShape<(int)32, (int)64, (int)8>, float, cutlass::layout::ColumnMajor, float, cutlass::layout::RowMajor, float, cutlass::layout::RowMajor, cutlass::gemm::warp::MmaSimtPolicy<cutlass::MatrixShape<(int)4, (int)8>, cutlass::layout::RowMajorInterleaved<(int)2>, cutlass::gemm::GemmShape<(int)4, (int)4, (int)1>>, (int)1, (cutlass::ComplexTransform)0, (cutlass::ComplexTransform)0, bool>, (int)1, cutlass::epilogue::threadblock::PredicatedTileIterator<cutlass::epilogue::threadblock::OutputTileOptimalThreadMap<cutlass::epilogue::threadblock::OutputTileShape<(int)128, (int)1, (int)4, (int)4, (int)1>, cutlass::epilogue::threadblock::OutputTileShape<(int)1, (int)4, (int)2, (int)1, (int)8>, (int)256, (int)1, (int)32>, float, (bool)0, cutlass::layout::NoPermute, (bool)0>, cutlass::epilogue::warp::FragmentIteratorSimt<cutlass::gemm::GemmShape<(int)32, (int)64, (int)8>, cutlass::gemm::thread::Mma<cutlass::gemm::GemmShape<(int)8, (int)8, (int)1>, float, cutlass::layout::ColumnMajor, float, cutlass::layout::RowMajor, float, cutlass::layout::RowMajor, cutlass::arch::OpMultiplyAdd, bool>, cutlass::layout::RowMajor, cutlass::gemm::warp::MmaSimtPolicy<cutlass::MatrixShape<(int)4, (int)8>, cutlass::layout::RowMajorInterleaved<(int)2>, cutlass::gemm::GemmShape<(int)4, (int)4, (int)1>>>, cutlass::epilogue::warp::TileIteratorSimt<cutlass::gemm::GemmShape<(int)32, (int)64, (int)8>, cutlass::gemm::thread::Mma<cutlass::gemm::GemmShape<(int)8, (int)8, (int)1>, float, cutlass::layout::ColumnMajor, float, cutlass::layout::RowMajor, float, cutlass::layout::RowMajor, cutlass::arch::OpMultiplyAdd, bool>, float, cutlass::layout::RowMajor, cutlass::gemm::warp::MmaSimtPolicy<cutlass::MatrixShape<(int)4, (int)8>, cutlass::layout::RowMajorInterleaved<(int)2>, cutlass::gemm::GemmShape<(int)4, (int)4, (int)1>>>, cutlass::epilogue::threadblock::SharedLoadIterator<cutlass::epilogue::threadblock::OutputTileOptimalThreadMap<cutlass::epilogue::threadblock::OutputTileShape<(int)128, (int)1, (int)4, (int)4, (int)1>, cutlass::epilogue::threadblock::OutputTileShape<(int)1, (int)4, (int)2, (int)1, (int)8>, (int)256, (int)1, (int)32>::CompactedThreadMap, float, (int)4>, cutlass::epilogue::thread::LinearCombination<float, (int)1, float, float, (cutlass::epilogue::thread::ScaleType::Kind)0, (cutlass::FloatRoundStyle)2, float>, cutlass::MatrixShape<(int)0, (int)17>, (int)1, (int)1>, cutlass::gemm::threadblock::GemmBatchedIdentityThreadblockSwizzle, (cutlass::gemm::kernel::GroupScheduleMode)0, (bool)0>>(T1::Params)"
972392758,7808,395,1024,1,1,256,1,1,40,0.000,0.000,,,,,NVIDIA GeForce RTX 3080 (0),1,,13,"void raggedroute::benchmark::library_baseline::<unnamed>::finalize_routing<(bool)1>(const float *, float *, const float *, const int *, int, int, int)"
972413078,8704,400,2,32,2,128,1,1,86,0.033,0.000,,,,,NVIDIA GeForce RTX 3080 (0),1,,13,ampere_sgemm_32x32_sliced1x4_nn
972425206,2111,403,2,64,1,32,16,1,43,0.000,0.000,,,,,NVIDIA GeForce RTX 3080 (0),1,,13,"void cublasLt::splitKreduce_kernel<(int)32, (int)16, int, float, float, float, float, (bool)0, float, float, float, (bool)1, (bool)0, (bool)0, (bool)0>(cublasLt::cublasSplitKParams<T6>, const T4 *, const T10 *, T9 *, T5 *, const T6 *, const T6 *, const T11 *, const T4 *, T11 *, void *, long long, T6 *, int *, T6 *, T6 *, const T6 *, const T6 *, const T6 *, const T6 *, const T6 *)"
972430901,18944,406,1024,1,1,32,1,1,32,0.001,0.000,,,,,NVIDIA GeForce RTX 3080 (0),1,,13,"raggedroute::benchmark::library_baseline::<unnamed>::cub_block_radix_top2_kernel(const float *, int *, float *, int, int)"
972452437,1152,420,1,1,1,256,1,1,16,0.000,0.000,,,,,NVIDIA GeForce RTX 3080 (0),1,,13,"void cub::_V_300304_SM_860::detail::histogram::DeviceHistogramInitKernel<cub::_V_300304_SM_860::detail::histogram::policy_hub<int, int, (int)1, (int)1, (bool)1>::Policy1000, (int)1, int, int>(cuda::std::__4::array<int, T2>, cuda::std::__4::array<T3 *, T2>, cub::_V_300304_SM_860::GridQueue<int>)"
972457269,5792,423,1,1,1,384,1,1,54,0.001,0.000,,,,,NVIDIA GeForce RTX 3080 (0),1,,13,"void cub::_V_300304_SM_860::detail::histogram::DeviceHistogramSweepKernel<cub::_V_300304_SM_860::detail::histogram::policy_hub<int, int, (int)1, (int)1, (bool)1>::Policy1000, (int)256, (int)1, (int)1, const int *, int, cub::_V_300304_SM_860::detail::histogram::Transforms<int, int, int>::ScaleTransform, cub::_V_300304_SM_860::detail::histogram::Transforms<int, int, int>::PassThruTransform, int>(T5, cuda::std::__4::array<int, T4>, cuda::std::__4::array<int, T4>, cuda::std::__4::array<T6 *, T4>, cuda::std::__4::array<T6 *, T4>, cuda::std::__4::array<T8, T4>, cuda::std::__4::array<T7, T4>, T9, T9, T9, int, cub::_V_300304_SM_860::GridQueue<int>)"
972465621,1504,430,1,1,1,128,1,1,16,0.001,0.000,,,,,NVIDIA GeForce RTX 3080 (0),1,,13,"void raggedroute::benchmark::library_baseline::<unnamed>::block_scan_kernel<(int)128>(const int *, int *, int)"
972469813,7519,441,1,1,1,256,1,1,128,0.034,0.000,,,,,NVIDIA GeForce RTX 3080 (0),1,,13,"void cub::_V_300304_SM_860::detail::radix_sort::DeviceRadixSortSingleTileKernel<cub::_V_300304_SM_860::detail::radix_sort::policy_selector_from_types<int, int, unsigned int>, (cub::_V_300304_SM_860::SortOrder)0, int, int, unsigned int, cub::_V_300304_SM_860::detail::identity_decomposer_t>(const T3 *, T3 *, const T4 *, T4 *, T5, int, int, T6)"
972479636,3104,447,1,1,1,256,1,1,16,0.000,0.000,,,,,NVIDIA GeForce RTX 3080 (0),1,,13,"raggedroute::benchmark::library_baseline::<unnamed>::compute_expert_offsets(const int *, int, int, long long *)"
972485236,5184,454,2048,1,1,256,1,1,18,0.000,0.000,,,,,NVIDIA GeForce RTX 3080 (0),1,,13,"void raggedroute::benchmark::library_baseline::<unnamed>::expand_rows<(bool)1>(const float *, float *, const int *, int *, int *, int, int, int)"
972493812,137885,457,68,1,1,256,1,1,144,0.000,0.017,,,,,NVIDIA GeForce RTX 3080 (0),1,,13,"void cutlass::Kernel<cutlass::gemm::kernel::GemmGrouped<cutlass::gemm::threadblock::MmaPipelined<cutlass::gemm::GemmShape<(int)128, (int)128, (int)8>, cutlass::transform::threadblock::PredicatedTileIterator<cutlass::MatrixShape<(int)128, (int)8>, float, cutlass::layout::RowMajor, (int)1, cutlass::transform::PitchLinearStripminedThreadMap<cutlass::PitchLinearShape<(int)8, (int)128>, (int)256, (int)1>, (int)1, (bool)0, cutlass::layout::NoPermute>, cutlass::transform::threadblock::RegularTileIterator<cutlass::MatrixShape<(int)128, (int)8>, float, cutlass::layout::ColumnMajor, (int)1, cutlass::transform::TransposePitchLinearThreadMapSimt<cutlass::transform::PitchLinearStripminedThreadMap<cutlass::PitchLinearShape<(int)8, (int)128>, (int)256, (int)1>>, (int)4>, cutlass::transform::threadblock::PredicatedTileIterator<cutlass::MatrixShape<(int)8, (int)128>, float, cutlass::layout::RowMajor, (int)0, cutlass::transform::PitchLinearStripminedThreadMap<cutlass::PitchLinearShape<(int)128, (int)8>, (int)256, (int)1>, (int)1, (bool)0, cutlass::layout::NoPermute>, cutlass::transform::threadblock::RegularTileIterator<cutlass::MatrixShape<(int)8, (int)128>, float, cutlass::layout::RowMajor, (int)0, cutlass::transform::PitchLinearStripminedThreadMap<cutlass::PitchLinearShape<(int)128, (int)8>, (int)256, (int)1>, (int)4>, float, cutlass::layout::RowMajor, cutlass::gemm::threadblock::MmaPolicy<cutlass::gemm::warp::MmaSimt<cutlass::gemm::GemmShape<(int)32, (int)64, (int)8>, float, cutlass::layout::ColumnMajor, float, cutlass::layout::RowMajor, float, cutlass::layout::RowMajor, cutlass::gemm::warp::MmaSimtPolicy<cutlass::MatrixShape<(int)4, (int)8>, cutlass::layout::RowMajorInterleaved<(int)2>, cutlass::gemm::GemmShape<(int)4, (int)4, (int)1>>, (int)1, (cutlass::ComplexTransform)0, (cutlass::ComplexTransform)0, bool>, cutlass::MatrixShape<(int)4, (int)0>, cutlass::MatrixShape<(int)0, (int)0>, (int)1>, cutlass::NumericArrayConverter<float, float, (int)4, (cutlass::FloatRoundStyle)2, cutlass::transform::thread::UnaryTransform::Identity>, cutlass::NumericArrayConverter<float, float, (int)4, (cutlass::FloatRoundStyle)2, cutlass::transform::thread::UnaryTransform::Identity>, bool>, cutlass::epilogue::threadblock::Epilogue<cutlass::gemm::GemmShape<(int)128, (int)128, (int)8>, cutlass::gemm::warp::MmaSimt<cutlass::gemm::GemmShape<(int)32, (int)64, (int)8>, float, cutlass::layout::ColumnMajor, float, cutlass::layout::RowMajor, float, cutlass::layout::RowMajor, cutlass::gemm::warp::MmaSimtPolicy<cutlass::MatrixShape<(int)4, (int)8>, cutlass::layout::RowMajorInterleaved<(int)2>, cutlass::gemm::GemmShape<(int)4, (int)4, (int)1>>, (int)1, (cutlass::ComplexTransform)0, (cutlass::ComplexTransform)0, bool>, (int)1, cutlass::epilogue::threadblock::PredicatedTileIterator<cutlass::epilogue::threadblock::OutputTileOptimalThreadMap<cutlass::epilogue::threadblock::OutputTileShape<(int)128, (int)1, (int)4, (int)4, (int)1>, cutlass::epilogue::threadblock::OutputTileShape<(int)1, (int)4, (int)2, (int)1, (int)8>, (int)256, (int)1, (int)32>, float, (bool)0, cutlass::layout::NoPermute, (bool)0>, cutlass::epilogue::warp::FragmentIteratorSimt<cutlass::gemm::GemmShape<(int)32, (int)64, (int)8>, cutlass::gemm::thread::Mma<cutlass::gemm::GemmShape<(int)8, (int)8, (int)1>, float, cutlass::layout::ColumnMajor, float, cutlass::layout::RowMajor, float, cutlass::layout::RowMajor, cutlass::arch::OpMultiplyAdd, bool>, cutlass::layout::RowMajor, cutlass::gemm::warp::MmaSimtPolicy<cutlass::MatrixShape<(int)4, (int)8>, cutlass::layout::RowMajorInterleaved<(int)2>, cutlass::gemm::GemmShape<(int)4, (int)4, (int)1>>>, cutlass::epilogue::warp::TileIteratorSimt<cutlass::gemm::GemmShape<(int)32, (int)64, (int)8>, cutlass::gemm::thread::Mma<cutlass::gemm::GemmShape<(int)8, (int)8, (int)1>, float, cutlass::layout::ColumnMajor, float, cutlass::layout::RowMajor, float, cutlass::layout::RowMajor, cutlass::arch::OpMultiplyAdd, bool>, float, cutlass::layout::RowMajor, cutlass::gemm::warp::MmaSimtPolicy<cutlass::MatrixShape<(int)4, (int)8>, cutlass::layout::RowMajorInterleaved<(int)2>, cutlass::gemm::GemmShape<(int)4, (int)4, (int)1>>>, cutlass::epilogue::threadblock::SharedLoadIterator<cutlass::epilogue::threadblock::OutputTileOptimalThreadMap<cutlass::epilogue::threadblock::OutputTileShape<(int)128, (int)1, (int)4, (int)4, (int)1>, cutlass::epilogue::threadblock::OutputTileShape<(int)1, (int)4, (int)2, (int)1, (int)8>, (int)256, (int)1, (int)32>::CompactedThreadMap, float, (int)4>, cutlass::epilogue::thread::LinearCombination<float, (int)1, float, float, (cutlass::epilogue::thread::ScaleType::Kind)0, (cutlass::FloatRoundStyle)2, float>, cutlass::MatrixShape<(int)0, (int)17>, (int)1, (int)1>, cutlass::gemm::threadblock::GemmBatchedIdentityThreadblockSwizzle, (cutlass::gemm::kernel::GroupScheduleMode)0, (bool)0>>(T1::Params)"
972634897,7936,460,1024,1,1,256,1,1,40,0.000,0.000,,,,,NVIDIA GeForce RTX 3080 (0),1,,13,"void raggedroute::benchmark::library_baseline::<unnamed>::finalize_routing<(bool)1>(const float *, float *, const float *, const int *, int, int, int)"
972645425,8864,465,2,32,2,128,1,1,86,0.033,0.000,,,,,NVIDIA GeForce RTX 3080 (0),1,,13,ampere_sgemm_32x32_sliced1x4_nn
972659057,2080,468,2,64,1,32,16,1,43,0.000,0.000,,,,,NVIDIA GeForce RTX 3080 (0),1,,13,"void cublasLt::splitKreduce_kernel<(int)32, (int)16, int, float, float, float, float, (bool)0, float, float, float, (bool)1, (bool)0, (bool)0, (bool)0>(cublasLt::cublasSplitKParams<T6>, const T4 *, const T10 *, T9 *, T5 *, const T6 *, const T6 *, const T11 *, const T4 *, T11 *, void *, long long, T6 *, int *, T6 *, T6 *, const T6 *, const T6 *, const T6 *, const T6 *, const T6 *)"
972668017,19071,471,1024,1,1,32,1,1,32,0.001,0.000,,,,,NVIDIA GeForce RTX 3080 (0),1,,13,"raggedroute::benchmark::library_baseline::<unnamed>::cub_block_radix_top2_kernel(const float *, int *, float *, int, int)"
972689360,1152,485,1,1,1,256,1,1,16,0.000,0.000,,,,,NVIDIA GeForce RTX 3080 (0),1,,13,"void cub::_V_300304_SM_860::detail::histogram::DeviceHistogramInitKernel<cub::_V_300304_SM_860::detail::histogram::policy_hub<int, int, (int)1, (int)1, (bool)1>::Policy1000, (int)1, int, int>(cuda::std::__4::array<int, T2>, cuda::std::__4::array<T3 *, T2>, cub::_V_300304_SM_860::GridQueue<int>)"
972693488,5536,488,1,1,1,384,1,1,54,0.001,0.000,,,,,NVIDIA GeForce RTX 3080 (0),1,,13,"void cub::_V_300304_SM_860::detail::histogram::DeviceHistogramSweepKernel<cub::_V_300304_SM_860::detail::histogram::policy_hub<int, int, (int)1, (int)1, (bool)1>::Policy1000, (int)256, (int)1, (int)1, const int *, int, cub::_V_300304_SM_860::detail::histogram::Transforms<int, int, int>::ScaleTransform, cub::_V_300304_SM_860::detail::histogram::Transforms<int, int, int>::PassThruTransform, int>(T5, cuda::std::__4::array<int, T4>, cuda::std::__4::array<int, T4>, cuda::std::__4::array<T6 *, T4>, cuda::std::__4::array<T6 *, T4>, cuda::std::__4::array<T8, T4>, cuda::std::__4::array<T7, T4>, T9, T9, T9, int, cub::_V_300304_SM_860::GridQueue<int>)"
972702960,1472,495,1,1,1,128,1,1,16,0.001,0.000,,,,,NVIDIA GeForce RTX 3080 (0),1,,13,"void raggedroute::benchmark::library_baseline::<unnamed>::block_scan_kernel<(int)128>(const int *, int *, int)"
972706992,7552,506,1,1,1,256,1,1,128,0.034,0.000,,,,,NVIDIA GeForce RTX 3080 (0),1,,13,"void cub::_V_300304_SM_860::detail::radix_sort::DeviceRadixSortSingleTileKernel<cub::_V_300304_SM_860::detail::radix_sort::policy_selector_from_types<int, int, unsigned int>, (cub::_V_300304_SM_860::SortOrder)0, int, int, unsigned int, cub::_V_300304_SM_860::detail::identity_decomposer_t>(const T3 *, T3 *, const T4 *, T4 *, T5, int, int, T6)"
972717135,3104,512,1,1,1,256,1,1,16,0.000,0.000,,,,,NVIDIA GeForce RTX 3080 (0),1,,13,"raggedroute::benchmark::library_baseline::<unnamed>::compute_expert_offsets(const int *, int, int, long long *)"
972722671,5184,519,2048,1,1,256,1,1,18,0.000,0.000,,,,,NVIDIA GeForce RTX 3080 (0),1,,13,"void raggedroute::benchmark::library_baseline::<unnamed>::expand_rows<(bool)1>(const float *, float *, const int *, int *, int *, int, int, int)"
972731855,138077,522,68,1,1,256,1,1,144,0.000,0.017,,,,,NVIDIA GeForce RTX 3080 (0),1,,13,"void cutlass::Kernel<cutlass::gemm::kernel::GemmGrouped<cutlass::gemm::threadblock::MmaPipelined<cutlass::gemm::GemmShape<(int)128, (int)128, (int)8>, cutlass::transform::threadblock::PredicatedTileIterator<cutlass::MatrixShape<(int)128, (int)8>, float, cutlass::layout::RowMajor, (int)1, cutlass::transform::PitchLinearStripminedThreadMap<cutlass::PitchLinearShape<(int)8, (int)128>, (int)256, (int)1>, (int)1, (bool)0, cutlass::layout::NoPermute>, cutlass::transform::threadblock::RegularTileIterator<cutlass::MatrixShape<(int)128, (int)8>, float, cutlass::layout::ColumnMajor, (int)1, cutlass::transform::TransposePitchLinearThreadMapSimt<cutlass::transform::PitchLinearStripminedThreadMap<cutlass::PitchLinearShape<(int)8, (int)128>, (int)256, (int)1>>, (int)4>, cutlass::transform::threadblock::PredicatedTileIterator<cutlass::MatrixShape<(int)8, (int)128>, float, cutlass::layout::RowMajor, (int)0, cutlass::transform::PitchLinearStripminedThreadMap<cutlass::PitchLinearShape<(int)128, (int)8>, (int)256, (int)1>, (int)1, (bool)0, cutlass::layout::NoPermute>, cutlass::transform::threadblock::RegularTileIterator<cutlass::MatrixShape<(int)8, (int)128>, float, cutlass::layout::RowMajor, (int)0, cutlass::transform::PitchLinearStripminedThreadMap<cutlass::PitchLinearShape<(int)128, (int)8>, (int)256, (int)1>, (int)4>, float, cutlass::layout::RowMajor, cutlass::gemm::threadblock::MmaPolicy<cutlass::gemm::warp::MmaSimt<cutlass::gemm::GemmShape<(int)32, (int)64, (int)8>, float, cutlass::layout::ColumnMajor, float, cutlass::layout::RowMajor, float, cutlass::layout::RowMajor, cutlass::gemm::warp::MmaSimtPolicy<cutlass::MatrixShape<(int)4, (int)8>, cutlass::layout::RowMajorInterleaved<(int)2>, cutlass::gemm::GemmShape<(int)4, (int)4, (int)1>>, (int)1, (cutlass::ComplexTransform)0, (cutlass::ComplexTransform)0, bool>, cutlass::MatrixShape<(int)4, (int)0>, cutlass::MatrixShape<(int)0, (int)0>, (int)1>, cutlass::NumericArrayConverter<float, float, (int)4, (cutlass::FloatRoundStyle)2, cutlass::transform::thread::UnaryTransform::Identity>, cutlass::NumericArrayConverter<float, float, (int)4, (cutlass::FloatRoundStyle)2, cutlass::transform::thread::UnaryTransform::Identity>, bool>, cutlass::epilogue::threadblock::Epilogue<cutlass::gemm::GemmShape<(int)128, (int)128, (int)8>, cutlass::gemm::warp::MmaSimt<cutlass::gemm::GemmShape<(int)32, (int)64, (int)8>, float, cutlass::layout::ColumnMajor, float, cutlass::layout::RowMajor, float, cutlass::layout::RowMajor, cutlass::gemm::warp::MmaSimtPolicy<cutlass::MatrixShape<(int)4, (int)8>, cutlass::layout::RowMajorInterleaved<(int)2>, cutlass::gemm::GemmShape<(int)4, (int)4, (int)1>>, (int)1, (cutlass::ComplexTransform)0, (cutlass::ComplexTransform)0, bool>, (int)1, cutlass::epilogue::threadblock::PredicatedTileIterator<cutlass::epilogue::threadblock::OutputTileOptimalThreadMap<cutlass::epilogue::threadblock::OutputTileShape<(int)128, (int)1, (int)4, (int)4, (int)1>, cutlass::epilogue::threadblock::OutputTileShape<(int)1, (int)4, (int)2, (int)1, (int)8>, (int)256, (int)1, (int)32>, float, (bool)0, cutlass::layout::NoPermute, (bool)0>, cutlass::epilogue::warp::FragmentIteratorSimt<cutlass::gemm::GemmShape<(int)32, (int)64, (int)8>, cutlass::gemm::thread::Mma<cutlass::gemm::GemmShape<(int)8, (int)8, (int)1>, float, cutlass::layout::ColumnMajor, float, cutlass::layout::RowMajor, float, cutlass::layout::RowMajor, cutlass::arch::OpMultiplyAdd, bool>, cutlass::layout::RowMajor, cutlass::gemm::warp::MmaSimtPolicy<cutlass::MatrixShape<(int)4, (int)8>, cutlass::layout::RowMajorInterleaved<(int)2>, cutlass::gemm::GemmShape<(int)4, (int)4, (int)1>>>, cutlass::epilogue::warp::TileIteratorSimt<cutlass::gemm::GemmShape<(int)32, (int)64, (int)8>, cutlass::gemm::thread::Mma<cutlass::gemm::GemmShape<(int)8, (int)8, (int)1>, float, cutlass::layout::ColumnMajor, float, cutlass::layout::RowMajor, float, cutlass::layout::RowMajor, cutlass::arch::OpMultiplyAdd, bool>, float, cutlass::layout::RowMajor, cutlass::gemm::warp::MmaSimtPolicy<cutlass::MatrixShape<(int)4, (int)8>, cutlass::layout::RowMajorInterleaved<(int)2>, cutlass::gemm::GemmShape<(int)4, (int)4, (int)1>>>, cutlass::epilogue::threadblock::SharedLoadIterator<cutlass::epilogue::threadblock::OutputTileOptimalThreadMap<cutlass::epilogue::threadblock::OutputTileShape<(int)128, (int)1, (int)4, (int)4, (int)1>, cutlass::epilogue::threadblock::OutputTileShape<(int)1, (int)4, (int)2, (int)1, (int)8>, (int)256, (int)1, (int)32>::CompactedThreadMap, float, (int)4>, cutlass::epilogue::thread::LinearCombination<float, (int)1, float, float, (cutlass::epilogue::thread::ScaleType::Kind)0, (cutlass::FloatRoundStyle)2, float>, cutlass::MatrixShape<(int)0, (int)17>, (int)1, (int)1>, cutlass::gemm::threadblock::GemmBatchedIdentityThreadblockSwizzle, (cutlass::gemm::kernel::GroupScheduleMode)0, (bool)0>>(T1::Params)"
972873292,7840,525,1024,1,1,256,1,1,40,0.000,0.000,,,,,NVIDIA GeForce RTX 3080 (0),1,,13,"void raggedroute::benchmark::library_baseline::<unnamed>::finalize_routing<(bool)1>(const float *, float *, const float *, const int *, int, int, int)"
972884012,8672,530,2,32,2,128,1,1,86,0.033,0.000,,,,,NVIDIA GeForce RTX 3080 (0),1,,13,ampere_sgemm_32x32_sliced1x4_nn
972895500,2144,533,2,64,1,32,16,1,43,0.000,0.000,,,,,NVIDIA GeForce RTX 3080 (0),1,,13,"void cublasLt::splitKreduce_kernel<(int)32, (int)16, int, float, float, float, float, (bool)0, float, float, float, (bool)1, (bool)0, (bool)0, (bool)0>(cublasLt::cublasSplitKParams<T6>, const T4 *, const T10 *, T9 *, T5 *, const T6 *, const T6 *, const T11 *, const T4 *, T11 *, void *, long long, T6 *, int *, T6 *, T6 *, const T6 *, const T6 *, const T6 *, const T6 *, const T6 *)"
972902668,19103,536,1024,1,1,32,1,1,32,0.001,0.000,,,,,NVIDIA GeForce RTX 3080 (0),1,,13,"raggedroute::benchmark::library_baseline::<unnamed>::cub_block_radix_top2_kernel(const float *, int *, float *, int, int)"
972924363,1120,550,1,1,1,256,1,1,16,0.000,0.000,,,,,NVIDIA GeForce RTX 3080 (0),1,,13,"void cub::_V_300304_SM_860::detail::histogram::DeviceHistogramInitKernel<cub::_V_300304_SM_860::detail::histogram::policy_hub<int, int, (int)1, (int)1, (bool)1>::Policy1000, (int)1, int, int>(cuda::std::__4::array<int, T2>, cuda::std::__4::array<T3 *, T2>, cub::_V_300304_SM_860::GridQueue<int>)"
972930379,5696,553,1,1,1,384,1,1,54,0.001,0.000,,,,,NVIDIA GeForce RTX 3080 (0),1,,13,"void cub::_V_300304_SM_860::detail::histogram::DeviceHistogramSweepKernel<cub::_V_300304_SM_860::detail::histogram::policy_hub<int, int, (int)1, (int)1, (bool)1>::Policy1000, (int)256, (int)1, (int)1, const int *, int, cub::_V_300304_SM_860::detail::histogram::Transforms<int, int, int>::ScaleTransform, cub::_V_300304_SM_860::detail::histogram::Transforms<int, int, int>::PassThruTransform, int>(T5, cuda::std::__4::array<int, T4>, cuda::std::__4::array<int, T4>, cuda::std::__4::array<T6 *, T4>, cuda::std::__4::array<T6 *, T4>, cuda::std::__4::array<T8, T4>, cuda::std::__4::array<T7, T4>, T9, T9, T9, int, cub::_V_300304_SM_860::GridQueue<int>)"
972938667,1472,560,1,1,1,128,1,1,16,0.001,0.000,,,,,NVIDIA GeForce RTX 3080 (0),1,,13,"void raggedroute::benchmark::library_baseline::<unnamed>::block_scan_kernel<(int)128>(const int *, int *, int)"
972942635,7520,571,1,1,1,256,1,1,128,0.034,0.000,,,,,NVIDIA GeForce RTX 3080 (0),1,,13,"void cub::_V_300304_SM_860::detail::radix_sort::DeviceRadixSortSingleTileKernel<cub::_V_300304_SM_860::detail::radix_sort::policy_selector_from_types<int, int, unsigned int>, (cub::_V_300304_SM_860::SortOrder)0, int, int, unsigned int, cub::_V_300304_SM_860::detail::identity_decomposer_t>(const T3 *, T3 *, const T4 *, T4 *, T5, int, int, T6)"
972952619,3104,577,1,1,1,256,1,1,16,0.000,0.000,,,,,NVIDIA GeForce RTX 3080 (0),1,,13,"raggedroute::benchmark::library_baseline::<unnamed>::compute_expert_offsets(const int *, int, int, long long *)"
972958410,5184,584,2048,1,1,256,1,1,18,0.000,0.000,,,,,NVIDIA GeForce RTX 3080 (0),1,,13,"void raggedroute::benchmark::library_baseline::<unnamed>::expand_rows<(bool)1>(const float *, float *, const int *, int *, int *, int, int, int)"
972966794,137917,587,68,1,1,256,1,1,144,0.000,0.017,,,,,NVIDIA GeForce RTX 3080 (0),1,,13,"void cutlass::Kernel<cutlass::gemm::kernel::GemmGrouped<cutlass::gemm::threadblock::MmaPipelined<cutlass::gemm::GemmShape<(int)128, (int)128, (int)8>, cutlass::transform::threadblock::PredicatedTileIterator<cutlass::MatrixShape<(int)128, (int)8>, float, cutlass::layout::RowMajor, (int)1, cutlass::transform::PitchLinearStripminedThreadMap<cutlass::PitchLinearShape<(int)8, (int)128>, (int)256, (int)1>, (int)1, (bool)0, cutlass::layout::NoPermute>, cutlass::transform::threadblock::RegularTileIterator<cutlass::MatrixShape<(int)128, (int)8>, float, cutlass::layout::ColumnMajor, (int)1, cutlass::transform::TransposePitchLinearThreadMapSimt<cutlass::transform::PitchLinearStripminedThreadMap<cutlass::PitchLinearShape<(int)8, (int)128>, (int)256, (int)1>>, (int)4>, cutlass::transform::threadblock::PredicatedTileIterator<cutlass::MatrixShape<(int)8, (int)128>, float, cutlass::layout::RowMajor, (int)0, cutlass::transform::PitchLinearStripminedThreadMap<cutlass::PitchLinearShape<(int)128, (int)8>, (int)256, (int)1>, (int)1, (bool)0, cutlass::layout::NoPermute>, cutlass::transform::threadblock::RegularTileIterator<cutlass::MatrixShape<(int)8, (int)128>, float, cutlass::layout::RowMajor, (int)0, cutlass::transform::PitchLinearStripminedThreadMap<cutlass::PitchLinearShape<(int)128, (int)8>, (int)256, (int)1>, (int)4>, float, cutlass::layout::RowMajor, cutlass::gemm::threadblock::MmaPolicy<cutlass::gemm::warp::MmaSimt<cutlass::gemm::GemmShape<(int)32, (int)64, (int)8>, float, cutlass::layout::ColumnMajor, float, cutlass::layout::RowMajor, float, cutlass::layout::RowMajor, cutlass::gemm::warp::MmaSimtPolicy<cutlass::MatrixShape<(int)4, (int)8>, cutlass::layout::RowMajorInterleaved<(int)2>, cutlass::gemm::GemmShape<(int)4, (int)4, (int)1>>, (int)1, (cutlass::ComplexTransform)0, (cutlass::ComplexTransform)0, bool>, cutlass::MatrixShape<(int)4, (int)0>, cutlass::MatrixShape<(int)0, (int)0>, (int)1>, cutlass::NumericArrayConverter<float, float, (int)4, (cutlass::FloatRoundStyle)2, cutlass::transform::thread::UnaryTransform::Identity>, cutlass::NumericArrayConverter<float, float, (int)4, (cutlass::FloatRoundStyle)2, cutlass::transform::thread::UnaryTransform::Identity>, bool>, cutlass::epilogue::threadblock::Epilogue<cutlass::gemm::GemmShape<(int)128, (int)128, (int)8>, cutlass::gemm::warp::MmaSimt<cutlass::gemm::GemmShape<(int)32, (int)64, (int)8>, float, cutlass::layout::ColumnMajor, float, cutlass::layout::RowMajor, float, cutlass::layout::RowMajor, cutlass::gemm::warp::MmaSimtPolicy<cutlass::MatrixShape<(int)4, (int)8>, cutlass::layout::RowMajorInterleaved<(int)2>, cutlass::gemm::GemmShape<(int)4, (int)4, (int)1>>, (int)1, (cutlass::ComplexTransform)0, (cutlass::ComplexTransform)0, bool>, (int)1, cutlass::epilogue::threadblock::PredicatedTileIterator<cutlass::epilogue::threadblock::OutputTileOptimalThreadMap<cutlass::epilogue::threadblock::OutputTileShape<(int)128, (int)1, (int)4, (int)4, (int)1>, cutlass::epilogue::threadblock::OutputTileShape<(int)1, (int)4, (int)2, (int)1, (int)8>, (int)256, (int)1, (int)32>, float, (bool)0, cutlass::layout::NoPermute, (bool)0>, cutlass::epilogue::warp::FragmentIteratorSimt<cutlass::gemm::GemmShape<(int)32, (int)64, (int)8>, cutlass::gemm::thread::Mma<cutlass::gemm::GemmShape<(int)8, (int)8, (int)1>, float, cutlass::layout::ColumnMajor, float, cutlass::layout::RowMajor, float, cutlass::layout::RowMajor, cutlass::arch::OpMultiplyAdd, bool>, cutlass::layout::RowMajor, cutlass::gemm::warp::MmaSimtPolicy<cutlass::MatrixShape<(int)4, (int)8>, cutlass::layout::RowMajorInterleaved<(int)2>, cutlass::gemm::GemmShape<(int)4, (int)4, (int)1>>>, cutlass::epilogue::warp::TileIteratorSimt<cutlass::gemm::GemmShape<(int)32, (int)64, (int)8>, cutlass::gemm::thread::Mma<cutlass::gemm::GemmShape<(int)8, (int)8, (int)1>, float, cutlass::layout::ColumnMajor, float, cutlass::layout::RowMajor, float, cutlass::layout::RowMajor, cutlass::arch::OpMultiplyAdd, bool>, float, cutlass::layout::RowMajor, cutlass::gemm::warp::MmaSimtPolicy<cutlass::MatrixShape<(int)4, (int)8>, cutlass::layout::RowMajorInterleaved<(int)2>, cutlass::gemm::GemmShape<(int)4, (int)4, (int)1>>>, cutlass::epilogue::threadblock::SharedLoadIterator<cutlass::epilogue::threadblock::OutputTileOptimalThreadMap<cutlass::epilogue::threadblock::OutputTileShape<(int)128, (int)1, (int)4, (int)4, (int)1>, cutlass::epilogue::threadblock::OutputTileShape<(int)1, (int)4, (int)2, (int)1, (int)8>, (int)256, (int)1, (int)32>::CompactedThreadMap, float, (int)4>, cutlass::epilogue::thread::LinearCombination<float, (int)1, float, float, (cutlass::epilogue::thread::ScaleType::Kind)0, (cutlass::FloatRoundStyle)2, float>, cutlass::MatrixShape<(int)0, (int)17>, (int)1, (int)1>, cutlass::gemm::threadblock::GemmBatchedIdentityThreadblockSwizzle, (cutlass::gemm::kernel::GroupScheduleMode)0, (bool)0>>(T1::Params)"
973109607,7840,590,1024,1,1,256,1,1,40,0.000,0.000,,,,,NVIDIA GeForce RTX 3080 (0),1,,13,"void raggedroute::benchmark::library_baseline::<unnamed>::finalize_routing<(bool)1>(const float *, float *, const float *, const int *, int, int, int)"
973120039,8704,595,2,32,2,128,1,1,86,0.033,0.000,,,,,NVIDIA GeForce RTX 3080 (0),1,,13,ampere_sgemm_32x32_sliced1x4_nn
973132039,2144,598,2,64,1,32,16,1,43,0.000,0.000,,,,,NVIDIA GeForce RTX 3080 (0),1,,13,"void cublasLt::splitKreduce_kernel<(int)32, (int)16, int, float, float, float, float, (bool)0, float, float, float, (bool)1, (bool)0, (bool)0, (bool)0>(cublasLt::cublasSplitKParams<T6>, const T4 *, const T10 *, T9 *, T5 *, const T6 *, const T6 *, const T11 *, const T4 *, T11 *, void *, long long, T6 *, int *, T6 *, T6 *, const T6 *, const T6 *, const T6 *, const T6 *, const T6 *)"
973137735,18943,601,1024,1,1,32,1,1,32,0.001,0.000,,,,,NVIDIA GeForce RTX 3080 (0),1,,13,"raggedroute::benchmark::library_baseline::<unnamed>::cub_block_radix_top2_kernel(const float *, int *, float *, int, int)"
973160710,1120,615,1,1,1,256,1,1,16,0.000,0.000,,,,,NVIDIA GeForce RTX 3080 (0),1,,13,"void cub::_V_300304_SM_860::detail::histogram::DeviceHistogramInitKernel<cub::_V_300304_SM_860::detail::histogram::policy_hub<int, int, (int)1, (int)1, (bool)1>::Policy1000, (int)1, int, int>(cuda::std::__4::array<int, T2>, cuda::std::__4::array<T3 *, T2>, cub::_V_300304_SM_860::GridQueue<int>)"
973168518,5664,618,1,1,1,384,1,1,54,0.001,0.000,,,,,NVIDIA GeForce RTX 3080 (0),1,,13,"void cub::_V_300304_SM_860::detail::histogram::DeviceHistogramSweepKernel<cub::_V_300304_SM_860::detail::histogram::policy_hub<int, int, (int)1, (int)1, (bool)1>::Policy1000, (int)256, (int)1, (int)1, const int *, int, cub::_V_300304_SM_860::detail::histogram::Transforms<int, int, int>::ScaleTransform, cub::_V_300304_SM_860::detail::histogram::Transforms<int, int, int>::PassThruTransform, int>(T5, cuda::std::__4::array<int, T4>, cuda::std::__4::array<int, T4>, cuda::std::__4::array<T6 *, T4>, cuda::std::__4::array<T6 *, T4>, cuda::std::__4::array<T8, T4>, cuda::std::__4::array<T7, T4>, T9, T9, T9, int, cub::_V_300304_SM_860::GridQueue<int>)"
973176678,1472,625,1,1,1,128,1,1,16,0.001,0.000,,,,,NVIDIA GeForce RTX 3080 (0),1,,13,"void raggedroute::benchmark::library_baseline::<unnamed>::block_scan_kernel<(int)128>(const int *, int *, int)"
973180678,7488,636,1,1,1,256,1,1,128,0.034,0.000,,,,,NVIDIA GeForce RTX 3080 (0),1,,13,"void cub::_V_300304_SM_860::detail::radix_sort::DeviceRadixSortSingleTileKernel<cub::_V_300304_SM_860::detail::radix_sort::policy_selector_from_types<int, int, unsigned int>, (cub::_V_300304_SM_860::SortOrder)0, int, int, unsigned int, cub::_V_300304_SM_860::detail::identity_decomposer_t>(const T3 *, T3 *, const T4 *, T4 *, T5, int, int, T6)"
973191718,3104,642,1,1,1,256,1,1,16,0.000,0.000,,,,,NVIDIA GeForce RTX 3080 (0),1,,13,"raggedroute::benchmark::library_baseline::<unnamed>::compute_expert_offsets(const int *, int, int, long long *)"
973197414,5151,649,2048,1,1,256,1,1,18,0.000,0.000,,,,,NVIDIA GeForce RTX 3080 (0),1,,13,"void raggedroute::benchmark::library_baseline::<unnamed>::expand_rows<(bool)1>(const float *, float *, const int *, int *, int *, int, int, int)"
973205925,138046,652,68,1,1,256,1,1,144,0.000,0.017,,,,,NVIDIA GeForce RTX 3080 (0),1,,13,"void cutlass::Kernel<cutlass::gemm::kernel::GemmGrouped<cutlass::gemm::threadblock::MmaPipelined<cutlass::gemm::GemmShape<(int)128, (int)128, (int)8>, cutlass::transform::threadblock::PredicatedTileIterator<cutlass::MatrixShape<(int)128, (int)8>, float, cutlass::layout::RowMajor, (int)1, cutlass::transform::PitchLinearStripminedThreadMap<cutlass::PitchLinearShape<(int)8, (int)128>, (int)256, (int)1>, (int)1, (bool)0, cutlass::layout::NoPermute>, cutlass::transform::threadblock::RegularTileIterator<cutlass::MatrixShape<(int)128, (int)8>, float, cutlass::layout::ColumnMajor, (int)1, cutlass::transform::TransposePitchLinearThreadMapSimt<cutlass::transform::PitchLinearStripminedThreadMap<cutlass::PitchLinearShape<(int)8, (int)128>, (int)256, (int)1>>, (int)4>, cutlass::transform::threadblock::PredicatedTileIterator<cutlass::MatrixShape<(int)8, (int)128>, float, cutlass::layout::RowMajor, (int)0, cutlass::transform::PitchLinearStripminedThreadMap<cutlass::PitchLinearShape<(int)128, (int)8>, (int)256, (int)1>, (int)1, (bool)0, cutlass::layout::NoPermute>, cutlass::transform::threadblock::RegularTileIterator<cutlass::MatrixShape<(int)8, (int)128>, float, cutlass::layout::RowMajor, (int)0, cutlass::transform::PitchLinearStripminedThreadMap<cutlass::PitchLinearShape<(int)128, (int)8>, (int)256, (int)1>, (int)4>, float, cutlass::layout::RowMajor, cutlass::gemm::threadblock::MmaPolicy<cutlass::gemm::warp::MmaSimt<cutlass::gemm::GemmShape<(int)32, (int)64, (int)8>, float, cutlass::layout::ColumnMajor, float, cutlass::layout::RowMajor, float, cutlass::layout::RowMajor, cutlass::gemm::warp::MmaSimtPolicy<cutlass::MatrixShape<(int)4, (int)8>, cutlass::layout::RowMajorInterleaved<(int)2>, cutlass::gemm::GemmShape<(int)4, (int)4, (int)1>>, (int)1, (cutlass::ComplexTransform)0, (cutlass::ComplexTransform)0, bool>, cutlass::MatrixShape<(int)4, (int)0>, cutlass::MatrixShape<(int)0, (int)0>, (int)1>, cutlass::NumericArrayConverter<float, float, (int)4, (cutlass::FloatRoundStyle)2, cutlass::transform::thread::UnaryTransform::Identity>, cutlass::NumericArrayConverter<float, float, (int)4, (cutlass::FloatRoundStyle)2, cutlass::transform::thread::UnaryTransform::Identity>, bool>, cutlass::epilogue::threadblock::Epilogue<cutlass::gemm::GemmShape<(int)128, (int)128, (int)8>, cutlass::gemm::warp::MmaSimt<cutlass::gemm::GemmShape<(int)32, (int)64, (int)8>, float, cutlass::layout::ColumnMajor, float, cutlass::layout::RowMajor, float, cutlass::layout::RowMajor, cutlass::gemm::warp::MmaSimtPolicy<cutlass::MatrixShape<(int)4, (int)8>, cutlass::layout::RowMajorInterleaved<(int)2>, cutlass::gemm::GemmShape<(int)4, (int)4, (int)1>>, (int)1, (cutlass::ComplexTransform)0, (cutlass::ComplexTransform)0, bool>, (int)1, cutlass::epilogue::threadblock::PredicatedTileIterator<cutlass::epilogue::threadblock::OutputTileOptimalThreadMap<cutlass::epilogue::threadblock::OutputTileShape<(int)128, (int)1, (int)4, (int)4, (int)1>, cutlass::epilogue::threadblock::OutputTileShape<(int)1, (int)4, (int)2, (int)1, (int)8>, (int)256, (int)1, (int)32>, float, (bool)0, cutlass::layout::NoPermute, (bool)0>, cutlass::epilogue::warp::FragmentIteratorSimt<cutlass::gemm::GemmShape<(int)32, (int)64, (int)8>, cutlass::gemm::thread::Mma<cutlass::gemm::GemmShape<(int)8, (int)8, (int)1>, float, cutlass::layout::ColumnMajor, float, cutlass::layout::RowMajor, float, cutlass::layout::RowMajor, cutlass::arch::OpMultiplyAdd, bool>, cutlass::layout::RowMajor, cutlass::gemm::warp::MmaSimtPolicy<cutlass::MatrixShape<(int)4, (int)8>, cutlass::layout::RowMajorInterleaved<(int)2>, cutlass::gemm::GemmShape<(int)4, (int)4, (int)1>>>, cutlass::epilogue::warp::TileIteratorSimt<cutlass::gemm::GemmShape<(int)32, (int)64, (int)8>, cutlass::gemm::thread::Mma<cutlass::gemm::GemmShape<(int)8, (int)8, (int)1>, float, cutlass::layout::ColumnMajor, float, cutlass::layout::RowMajor, float, cutlass::layout::RowMajor, cutlass::arch::OpMultiplyAdd, bool>, float, cutlass::layout::RowMajor, cutlass::gemm::warp::MmaSimtPolicy<cutlass::MatrixShape<(int)4, (int)8>, cutlass::layout::RowMajorInterleaved<(int)2>, cutlass::gemm::GemmShape<(int)4, (int)4, (int)1>>>, cutlass::epilogue::threadblock::SharedLoadIterator<cutlass::epilogue::threadblock::OutputTileOptimalThreadMap<cutlass::epilogue::threadblock::OutputTileShape<(int)128, (int)1, (int)4, (int)4, (int)1>, cutlass::epilogue::threadblock::OutputTileShape<(int)1, (int)4, (int)2, (int)1, (int)8>, (int)256, (int)1, (int)32>::CompactedThreadMap, float, (int)4>, cutlass::epilogue::thread::LinearCombination<float, (int)1, float, float, (cutlass::epilogue::thread::ScaleType::Kind)0, (cutlass::FloatRoundStyle)2, float>, cutlass::MatrixShape<(int)0, (int)17>, (int)1, (int)1>, cutlass::gemm::threadblock::GemmBatchedIdentityThreadblockSwizzle, (cutlass::gemm::kernel::GroupScheduleMode)0, (bool)0>>(T1::Params)"
973347330,7680,655,1024,1,1,256,1,1,40,0.000,0.000,,,,,NVIDIA GeForce RTX 3080 (0),1,,13,"void raggedroute::benchmark::library_baseline::<unnamed>::finalize_routing<(bool)1>(const float *, float *, const float *, const int *, int, int, int)"
973358562,8640,660,2,32,2,128,1,1,86,0.033,0.000,,,,,NVIDIA GeForce RTX 3080 (0),1,,13,ampere_sgemm_32x32_sliced1x4_nn
973370306,2144,663,2,64,1,32,16,1,43,0.000,0.000,,,,,NVIDIA GeForce RTX 3080 (0),1,,13,"void cublasLt::splitKreduce_kernel<(int)32, (int)16, int, float, float, float, float, (bool)0, float, float, float, (bool)1, (bool)0, (bool)0, (bool)0>(cublasLt::cublasSplitKParams<T6>, const T4 *, const T10 *, T9 *, T5 *, const T6 *, const T6 *, const T11 *, const T4 *, T11 *, void *, long long, T6 *, int *, T6 *, T6 *, const T6 *, const T6 *, const T6 *, const T6 *, const T6 *)"
973375874,19103,666,1024,1,1,32,1,1,32,0.001,0.000,,,,,NVIDIA GeForce RTX 3080 (0),1,,13,"raggedroute::benchmark::library_baseline::<unnamed>::cub_block_radix_top2_kernel(const float *, int *, float *, int, int)"
973397665,1152,680,1,1,1,256,1,1,16,0.000,0.000,,,,,NVIDIA GeForce RTX 3080 (0),1,,13,"void cub::_V_300304_SM_860::detail::histogram::DeviceHistogramInitKernel<cub::_V_300304_SM_860::detail::histogram::policy_hub<int, int, (int)1, (int)1, (bool)1>::Policy1000, (int)1, int, int>(cuda::std::__4::array<int, T2>, cuda::std::__4::array<T3 *, T2>, cub::_V_300304_SM_860::GridQueue<int>)"
973402433,5696,683,1,1,1,384,1,1,54,0.001,0.000,,,,,NVIDIA GeForce RTX 3080 (0),1,,13,"void cub::_V_300304_SM_860::detail::histogram::DeviceHistogramSweepKernel<cub::_V_300304_SM_860::detail::histogram::policy_hub<int, int, (int)1, (int)1, (bool)1>::Policy1000, (int)256, (int)1, (int)1, const int *, int, cub::_V_300304_SM_860::detail::histogram::Transforms<int, int, int>::ScaleTransform, cub::_V_300304_SM_860::detail::histogram::Transforms<int, int, int>::PassThruTransform, int>(T5, cuda::std::__4::array<int, T4>, cuda::std::__4::array<int, T4>, cuda::std::__4::array<T6 *, T4>, cuda::std::__4::array<T6 *, T4>, cuda::std::__4::array<T8, T4>, cuda::std::__4::array<T7, T4>, T9, T9, T9, int, cub::_V_300304_SM_860::GridQueue<int>)"
973410689,1440,690,1,1,1,128,1,1,16,0.001,0.000,,,,,NVIDIA GeForce RTX 3080 (0),1,,13,"void raggedroute::benchmark::library_baseline::<unnamed>::block_scan_kernel<(int)128>(const int *, int *, int)"
973414913,7520,701,1,1,1,256,1,1,128,0.034,0.000,,,,,NVIDIA GeForce RTX 3080 (0),1,,13,"void cub::_V_300304_SM_860::detail::radix_sort::DeviceRadixSortSingleTileKernel<cub::_V_300304_SM_860::detail::radix_sort::policy_selector_from_types<int, int, unsigned int>, (cub::_V_300304_SM_860::SortOrder)0, int, int, unsigned int, cub::_V_300304_SM_860::detail::identity_decomposer_t>(const T3 *, T3 *, const T4 *, T4 *, T5, int, int, T6)"
973425121,3104,707,1,1,1,256,1,1,16,0.000,0.000,,,,,NVIDIA GeForce RTX 3080 (0),1,,13,"raggedroute::benchmark::library_baseline::<unnamed>::compute_expert_offsets(const int *, int, int, long long *)"
973431841,5184,714,2048,1,1,256,1,1,18,0.000,0.000,,,,,NVIDIA GeForce RTX 3080 (0),1,,13,"void raggedroute::benchmark::library_baseline::<unnamed>::expand_rows<(bool)1>(const float *, float *, const int *, int *, int *, int, int, int)"
973440161,138045,717,68,1,1,256,1,1,144,0.000,0.017,,,,,NVIDIA GeForce RTX 3080 (0),1,,13,"void cutlass::Kernel<cutlass::gemm::kernel::GemmGrouped<cutlass::gemm::threadblock::MmaPipelined<cutlass::gemm::GemmShape<(int)128, (int)128, (int)8>, cutlass::transform::threadblock::PredicatedTileIterator<cutlass::MatrixShape<(int)128, (int)8>, float, cutlass::layout::RowMajor, (int)1, cutlass::transform::PitchLinearStripminedThreadMap<cutlass::PitchLinearShape<(int)8, (int)128>, (int)256, (int)1>, (int)1, (bool)0, cutlass::layout::NoPermute>, cutlass::transform::threadblock::RegularTileIterator<cutlass::MatrixShape<(int)128, (int)8>, float, cutlass::layout::ColumnMajor, (int)1, cutlass::transform::TransposePitchLinearThreadMapSimt<cutlass::transform::PitchLinearStripminedThreadMap<cutlass::PitchLinearShape<(int)8, (int)128>, (int)256, (int)1>>, (int)4>, cutlass::transform::threadblock::PredicatedTileIterator<cutlass::MatrixShape<(int)8, (int)128>, float, cutlass::layout::RowMajor, (int)0, cutlass::transform::PitchLinearStripminedThreadMap<cutlass::PitchLinearShape<(int)128, (int)8>, (int)256, (int)1>, (int)1, (bool)0, cutlass::layout::NoPermute>, cutlass::transform::threadblock::RegularTileIterator<cutlass::MatrixShape<(int)8, (int)128>, float, cutlass::layout::RowMajor, (int)0, cutlass::transform::PitchLinearStripminedThreadMap<cutlass::PitchLinearShape<(int)128, (int)8>, (int)256, (int)1>, (int)4>, float, cutlass::layout::RowMajor, cutlass::gemm::threadblock::MmaPolicy<cutlass::gemm::warp::MmaSimt<cutlass::gemm::GemmShape<(int)32, (int)64, (int)8>, float, cutlass::layout::ColumnMajor, float, cutlass::layout::RowMajor, float, cutlass::layout::RowMajor, cutlass::gemm::warp::MmaSimtPolicy<cutlass::MatrixShape<(int)4, (int)8>, cutlass::layout::RowMajorInterleaved<(int)2>, cutlass::gemm::GemmShape<(int)4, (int)4, (int)1>>, (int)1, (cutlass::ComplexTransform)0, (cutlass::ComplexTransform)0, bool>, cutlass::MatrixShape<(int)4, (int)0>, cutlass::MatrixShape<(int)0, (int)0>, (int)1>, cutlass::NumericArrayConverter<float, float, (int)4, (cutlass::FloatRoundStyle)2, cutlass::transform::thread::UnaryTransform::Identity>, cutlass::NumericArrayConverter<float, float, (int)4, (cutlass::FloatRoundStyle)2, cutlass::transform::thread::UnaryTransform::Identity>, bool>, cutlass::epilogue::threadblock::Epilogue<cutlass::gemm::GemmShape<(int)128, (int)128, (int)8>, cutlass::gemm::warp::MmaSimt<cutlass::gemm::GemmShape<(int)32, (int)64, (int)8>, float, cutlass::layout::ColumnMajor, float, cutlass::layout::RowMajor, float, cutlass::layout::RowMajor, cutlass::gemm::warp::MmaSimtPolicy<cutlass::MatrixShape<(int)4, (int)8>, cutlass::layout::RowMajorInterleaved<(int)2>, cutlass::gemm::GemmShape<(int)4, (int)4, (int)1>>, (int)1, (cutlass::ComplexTransform)0, (cutlass::ComplexTransform)0, bool>, (int)1, cutlass::epilogue::threadblock::PredicatedTileIterator<cutlass::epilogue::threadblock::OutputTileOptimalThreadMap<cutlass::epilogue::threadblock::OutputTileShape<(int)128, (int)1, (int)4, (int)4, (int)1>, cutlass::epilogue::threadblock::OutputTileShape<(int)1, (int)4, (int)2, (int)1, (int)8>, (int)256, (int)1, (int)32>, float, (bool)0, cutlass::layout::NoPermute, (bool)0>, cutlass::epilogue::warp::FragmentIteratorSimt<cutlass::gemm::GemmShape<(int)32, (int)64, (int)8>, cutlass::gemm::thread::Mma<cutlass::gemm::GemmShape<(int)8, (int)8, (int)1>, float, cutlass::layout::ColumnMajor, float, cutlass::layout::RowMajor, float, cutlass::layout::RowMajor, cutlass::arch::OpMultiplyAdd, bool>, cutlass::layout::RowMajor, cutlass::gemm::warp::MmaSimtPolicy<cutlass::MatrixShape<(int)4, (int)8>, cutlass::layout::RowMajorInterleaved<(int)2>, cutlass::gemm::GemmShape<(int)4, (int)4, (int)1>>>, cutlass::epilogue::warp::TileIteratorSimt<cutlass::gemm::GemmShape<(int)32, (int)64, (int)8>, cutlass::gemm::thread::Mma<cutlass::gemm::GemmShape<(int)8, (int)8, (int)1>, float, cutlass::layout::ColumnMajor, float, cutlass::layout::RowMajor, float, cutlass::layout::RowMajor, cutlass::arch::OpMultiplyAdd, bool>, float, cutlass::layout::RowMajor, cutlass::gemm::warp::MmaSimtPolicy<cutlass::MatrixShape<(int)4, (int)8>, cutlass::layout::RowMajorInterleaved<(int)2>, cutlass::gemm::GemmShape<(int)4, (int)4, (int)1>>>, cutlass::epilogue::threadblock::SharedLoadIterator<cutlass::epilogue::threadblock::OutputTileOptimalThreadMap<cutlass::epilogue::threadblock::OutputTileShape<(int)128, (int)1, (int)4, (int)4, (int)1>, cutlass::epilogue::threadblock::OutputTileShape<(int)1, (int)4, (int)2, (int)1, (int)8>, (int)256, (int)1, (int)32>::CompactedThreadMap, float, (int)4>, cutlass::epilogue::thread::LinearCombination<float, (int)1, float, float, (cutlass::epilogue::thread::ScaleType::Kind)0, (cutlass::FloatRoundStyle)2, float>, cutlass::MatrixShape<(int)0, (int)17>, (int)1, (int)1>, cutlass::gemm::threadblock::GemmBatchedIdentityThreadblockSwizzle, (cutlass::gemm::kernel::GroupScheduleMode)0, (bool)0>>(T1::Params)"
973581534,7839,720,1024,1,1,256,1,1,40,0.000,0.000,,,,,NVIDIA GeForce RTX 3080 (0),1,,13,"void raggedroute::benchmark::library_baseline::<unnamed>::finalize_routing<(bool)1>(const float *, float *, const float *, const int *, int, int, int)"
973592093,8704,725,2,32,2,128,1,1,86,0.033,0.000,,,,,NVIDIA GeForce RTX 3080 (0),1,,13,ampere_sgemm_32x32_sliced1x4_nn
973604861,2048,728,2,64,1,32,16,1,43,0.000,0.000,,,,,NVIDIA GeForce RTX 3080 (0),1,,13,"void cublasLt::splitKreduce_kernel<(int)32, (int)16, int, float, float, float, float, (bool)0, float, float, float, (bool)1, (bool)0, (bool)0, (bool)0>(cublasLt::cublasSplitKParams<T6>, const T4 *, const T10 *, T9 *, T5 *, const T6 *, const T6 *, const T11 *, const T4 *, T11 *, void *, long long, T6 *, int *, T6 *, T6 *, const T6 *, const T6 *, const T6 *, const T6 *, const T6 *)"
973610301,18944,731,1024,1,1,32,1,1,32,0.001,0.000,,,,,NVIDIA GeForce RTX 3080 (0),1,,13,"raggedroute::benchmark::library_baseline::<unnamed>::cub_block_radix_top2_kernel(const float *, int *, float *, int, int)"
973632669,1120,745,1,1,1,256,1,1,16,0.000,0.000,,,,,NVIDIA GeForce RTX 3080 (0),1,,13,"void cub::_V_300304_SM_860::detail::histogram::DeviceHistogramInitKernel<cub::_V_300304_SM_860::detail::histogram::policy_hub<int, int, (int)1, (int)1, (bool)1>::Policy1000, (int)1, int, int>(cuda::std::__4::array<int, T2>, cuda::std::__4::array<T3 *, T2>, cub::_V_300304_SM_860::GridQueue<int>)"
973639612,5696,748,1,1,1,384,1,1,54,0.001,0.000,,,,,NVIDIA GeForce RTX 3080 (0),1,,13,"void cub::_V_300304_SM_860::detail::histogram::DeviceHistogramSweepKernel<cub::_V_300304_SM_860::detail::histogram::policy_hub<int, int, (int)1, (int)1, (bool)1>::Policy1000, (int)256, (int)1, (int)1, const int *, int, cub::_V_300304_SM_860::detail::histogram::Transforms<int, int, int>::ScaleTransform, cub::_V_300304_SM_860::detail::histogram::Transforms<int, int, int>::PassThruTransform, int>(T5, cuda::std::__4::array<int, T4>, cuda::std::__4::array<int, T4>, cuda::std::__4::array<T6 *, T4>, cuda::std::__4::array<T6 *, T4>, cuda::std::__4::array<T8, T4>, cuda::std::__4::array<T7, T4>, T9, T9, T9, int, cub::_V_300304_SM_860::GridQueue<int>)"
973648796,1472,755,1,1,1,128,1,1,16,0.001,0.000,,,,,NVIDIA GeForce RTX 3080 (0),1,,13,"void raggedroute::benchmark::library_baseline::<unnamed>::block_scan_kernel<(int)128>(const int *, int *, int)"
973652892,7552,766,1,1,1,256,1,1,128,0.034,0.000,,,,,NVIDIA GeForce RTX 3080 (0),1,,13,"void cub::_V_300304_SM_860::detail::radix_sort::DeviceRadixSortSingleTileKernel<cub::_V_300304_SM_860::detail::radix_sort::policy_selector_from_types<int, int, unsigned int>, (cub::_V_300304_SM_860::SortOrder)0, int, int, unsigned int, cub::_V_300304_SM_860::detail::identity_decomposer_t>(const T3 *, T3 *, const T4 *, T4 *, T5, int, int, T6)"
973663036,3104,772,1,1,1,256,1,1,16,0.000,0.000,,,,,NVIDIA GeForce RTX 3080 (0),1,,13,"raggedroute::benchmark::library_baseline::<unnamed>::compute_expert_offsets(const int *, int, int, long long *)"
973668668,5152,779,2048,1,1,256,1,1,18,0.000,0.000,,,,,NVIDIA GeForce RTX 3080 (0),1,,13,"void raggedroute::benchmark::library_baseline::<unnamed>::expand_rows<(bool)1>(const float *, float *, const int *, int *, int *, int, int, int)"
973678172,138205,782,68,1,1,256,1,1,144,0.000,0.017,,,,,NVIDIA GeForce RTX 3080 (0),1,,13,"void cutlass::Kernel<cutlass::gemm::kernel::GemmGrouped<cutlass::gemm::threadblock::MmaPipelined<cutlass::gemm::GemmShape<(int)128, (int)128, (int)8>, cutlass::transform::threadblock::PredicatedTileIterator<cutlass::MatrixShape<(int)128, (int)8>, float, cutlass::layout::RowMajor, (int)1, cutlass::transform::PitchLinearStripminedThreadMap<cutlass::PitchLinearShape<(int)8, (int)128>, (int)256, (int)1>, (int)1, (bool)0, cutlass::layout::NoPermute>, cutlass::transform::threadblock::RegularTileIterator<cutlass::MatrixShape<(int)128, (int)8>, float, cutlass::layout::ColumnMajor, (int)1, cutlass::transform::TransposePitchLinearThreadMapSimt<cutlass::transform::PitchLinearStripminedThreadMap<cutlass::PitchLinearShape<(int)8, (int)128>, (int)256, (int)1>>, (int)4>, cutlass::transform::threadblock::PredicatedTileIterator<cutlass::MatrixShape<(int)8, (int)128>, float, cutlass::layout::RowMajor, (int)0, cutlass::transform::PitchLinearStripminedThreadMap<cutlass::PitchLinearShape<(int)128, (int)8>, (int)256, (int)1>, (int)1, (bool)0, cutlass::layout::NoPermute>, cutlass::transform::threadblock::RegularTileIterator<cutlass::MatrixShape<(int)8, (int)128>, float, cutlass::layout::RowMajor, (int)0, cutlass::transform::PitchLinearStripminedThreadMap<cutlass::PitchLinearShape<(int)128, (int)8>, (int)256, (int)1>, (int)4>, float, cutlass::layout::RowMajor, cutlass::gemm::threadblock::MmaPolicy<cutlass::gemm::warp::MmaSimt<cutlass::gemm::GemmShape<(int)32, (int)64, (int)8>, float, cutlass::layout::ColumnMajor, float, cutlass::layout::RowMajor, float, cutlass::layout::RowMajor, cutlass::gemm::warp::MmaSimtPolicy<cutlass::MatrixShape<(int)4, (int)8>, cutlass::layout::RowMajorInterleaved<(int)2>, cutlass::gemm::GemmShape<(int)4, (int)4, (int)1>>, (int)1, (cutlass::ComplexTransform)0, (cutlass::ComplexTransform)0, bool>, cutlass::MatrixShape<(int)4, (int)0>, cutlass::MatrixShape<(int)0, (int)0>, (int)1>, cutlass::NumericArrayConverter<float, float, (int)4, (cutlass::FloatRoundStyle)2, cutlass::transform::thread::UnaryTransform::Identity>, cutlass::NumericArrayConverter<float, float, (int)4, (cutlass::FloatRoundStyle)2, cutlass::transform::thread::UnaryTransform::Identity>, bool>, cutlass::epilogue::threadblock::Epilogue<cutlass::gemm::GemmShape<(int)128, (int)128, (int)8>, cutlass::gemm::warp::MmaSimt<cutlass::gemm::GemmShape<(int)32, (int)64, (int)8>, float, cutlass::layout::ColumnMajor, float, cutlass::layout::RowMajor, float, cutlass::layout::RowMajor, cutlass::gemm::warp::MmaSimtPolicy<cutlass::MatrixShape<(int)4, (int)8>, cutlass::layout::RowMajorInterleaved<(int)2>, cutlass::gemm::GemmShape<(int)4, (int)4, (int)1>>, (int)1, (cutlass::ComplexTransform)0, (cutlass::ComplexTransform)0, bool>, (int)1, cutlass::epilogue::threadblock::PredicatedTileIterator<cutlass::epilogue::threadblock::OutputTileOptimalThreadMap<cutlass::epilogue::threadblock::OutputTileShape<(int)128, (int)1, (int)4, (int)4, (int)1>, cutlass::epilogue::threadblock::OutputTileShape<(int)1, (int)4, (int)2, (int)1, (int)8>, (int)256, (int)1, (int)32>, float, (bool)0, cutlass::layout::NoPermute, (bool)0>, cutlass::epilogue::warp::FragmentIteratorSimt<cutlass::gemm::GemmShape<(int)32, (int)64, (int)8>, cutlass::gemm::thread::Mma<cutlass::gemm::GemmShape<(int)8, (int)8, (int)1>, float, cutlass::layout::ColumnMajor, float, cutlass::layout::RowMajor, float, cutlass::layout::RowMajor, cutlass::arch::OpMultiplyAdd, bool>, cutlass::layout::RowMajor, cutlass::gemm::warp::MmaSimtPolicy<cutlass::MatrixShape<(int)4, (int)8>, cutlass::layout::RowMajorInterleaved<(int)2>, cutlass::gemm::GemmShape<(int)4, (int)4, (int)1>>>, cutlass::epilogue::warp::TileIteratorSimt<cutlass::gemm::GemmShape<(int)32, (int)64, (int)8>, cutlass::gemm::thread::Mma<cutlass::gemm::GemmShape<(int)8, (int)8, (int)1>, float, cutlass::layout::ColumnMajor, float, cutlass::layout::RowMajor, float, cutlass::layout::RowMajor, cutlass::arch::OpMultiplyAdd, bool>, float, cutlass::layout::RowMajor, cutlass::gemm::warp::MmaSimtPolicy<cutlass::MatrixShape<(int)4, (int)8>, cutlass::layout::RowMajorInterleaved<(int)2>, cutlass::gemm::GemmShape<(int)4, (int)4, (int)1>>>, cutlass::epilogue::threadblock::SharedLoadIterator<cutlass::epilogue::threadblock::OutputTileOptimalThreadMap<cutlass::epilogue::threadblock::OutputTileShape<(int)128, (int)1, (int)4, (int)4, (int)1>, cutlass::epilogue::threadblock::OutputTileShape<(int)1, (int)4, (int)2, (int)1, (int)8>, (int)256, (int)1, (int)32>::CompactedThreadMap, float, (int)4>, cutlass::epilogue::thread::LinearCombination<float, (int)1, float, float, (cutlass::epilogue::thread::ScaleType::Kind)0, (cutlass::FloatRoundStyle)2, float>, cutlass::MatrixShape<(int)0, (int)17>, (int)1, (int)1>, cutlass::gemm::threadblock::GemmBatchedIdentityThreadblockSwizzle, (cutlass::gemm::kernel::GroupScheduleMode)0, (bool)0>>(T1::Params)"
973819737,7872,785,1024,1,1,256,1,1,40,0.000,0.000,,,,,NVIDIA GeForce RTX 3080 (0),1,,13,"void raggedroute::benchmark::library_baseline::<unnamed>::finalize_routing<(bool)1>(const float *, float *, const float *, const int *, int, int, int)"
973830424,8608,790,2,32,2,128,1,1,86,0.033,0.000,,,,,NVIDIA GeForce RTX 3080 (0),1,,13,ampere_sgemm_32x32_sliced1x4_nn
973842616,2112,793,2,64,1,32,16,1,43,0.000,0.000,,,,,NVIDIA GeForce RTX 3080 (0),1,,13,"void cublasLt::splitKreduce_kernel<(int)32, (int)16, int, float, float, float, float, (bool)0, float, float, float, (bool)1, (bool)0, (bool)0, (bool)0>(cublasLt::cublasSplitKParams<T6>, const T4 *, const T10 *, T9 *, T5 *, const T6 *, const T6 *, const T11 *, const T4 *, T11 *, void *, long long, T6 *, int *, T6 *, T6 *, const T6 *, const T6 *, const T6 *, const T6 *, const T6 *)"
973849816,19008,796,1024,1,1,32,1,1,32,0.001,0.000,,,,,NVIDIA GeForce RTX 3080 (0),1,,13,"raggedroute::benchmark::library_baseline::<unnamed>::cub_block_radix_top2_kernel(const float *, int *, float *, int, int)"
973871064,1120,810,1,1,1,256,1,1,16,0.000,0.000,,,,,NVIDIA GeForce RTX 3080 (0),1,,13,"void cub::_V_300304_SM_860::detail::histogram::DeviceHistogramInitKernel<cub::_V_300304_SM_860::detail::histogram::policy_hub<int, int, (int)1, (int)1, (bool)1>::Policy1000, (int)1, int, int>(cuda::std::__4::array<int, T2>, cuda::std::__4::array<T3 *, T2>, cub::_V_300304_SM_860::GridQueue<int>)"
973875128,5663,813,1,1,1,384,1,1,54,0.001,0.000,,,,,NVIDIA GeForce RTX 3080 (0),1,,13,"void cub::_V_300304_SM_860::detail::histogram::DeviceHistogramSweepKernel<cub::_V_300304_SM_860::detail::histogram::policy_hub<int, int, (int)1, (int)1, (bool)1>::Policy1000, (int)256, (int)1, (int)1, const int *, int, cub::_V_300304_SM_860::detail::histogram::Transforms<int, int, int>::ScaleTransform, cub::_V_300304_SM_860::detail::histogram::Transforms<int, int, int>::PassThruTransform, int>(T5, cuda::std::__4::array<int, T4>, cuda::std::__4::array<int, T4>, cuda::std::__4::array<T6 *, T4>, cuda::std::__4::array<T6 *, T4>, cuda::std::__4::array<T8, T4>, cuda::std::__4::array<T7, T4>, T9, T9, T9, int, cub::_V_300304_SM_860::GridQueue<int>)"
973883415,1472,820,1,1,1,128,1,1,16,0.001,0.000,,,,,NVIDIA GeForce RTX 3080 (0),1,,13,"void raggedroute::benchmark::library_baseline::<unnamed>::block_scan_kernel<(int)128>(const int *, int *, int)"
973887607,7488,831,1,1,1,256,1,1,128,0.034,0.000,,,,,NVIDIA GeForce RTX 3080 (0),1,,13,"void cub::_V_300304_SM_860::detail::radix_sort::DeviceRadixSortSingleTileKernel<cub::_V_300304_SM_860::detail::radix_sort::policy_selector_from_types<int, int, unsigned int>, (cub::_V_300304_SM_860::SortOrder)0, int, int, unsigned int, cub::_V_300304_SM_860::detail::identity_decomposer_t>(const T3 *, T3 *, const T4 *, T4 *, T5, int, int, T6)"
973897687,3104,837,1,1,1,256,1,1,16,0.000,0.000,,,,,NVIDIA GeForce RTX 3080 (0),1,,13,"raggedroute::benchmark::library_baseline::<unnamed>::compute_expert_offsets(const int *, int, int, long long *)"
973905879,5152,844,2048,1,1,256,1,1,18,0.000,0.000,,,,,NVIDIA GeForce RTX 3080 (0),1,,13,"void raggedroute::benchmark::library_baseline::<unnamed>::expand_rows<(bool)1>(const float *, float *, const int *, int *, int *, int, int, int)"
973914263,137853,847,68,1,1,256,1,1,144,0.000,0.017,,,,,NVIDIA GeForce RTX 3080 (0),1,,13,"void cutlass::Kernel<cutlass::gemm::kernel::GemmGrouped<cutlass::gemm::threadblock::MmaPipelined<cutlass::gemm::GemmShape<(int)128, (int)128, (int)8>, cutlass::transform::threadblock::PredicatedTileIterator<cutlass::MatrixShape<(int)128, (int)8>, float, cutlass::layout::RowMajor, (int)1, cutlass::transform::PitchLinearStripminedThreadMap<cutlass::PitchLinearShape<(int)8, (int)128>, (int)256, (int)1>, (int)1, (bool)0, cutlass::layout::NoPermute>, cutlass::transform::threadblock::RegularTileIterator<cutlass::MatrixShape<(int)128, (int)8>, float, cutlass::layout::ColumnMajor, (int)1, cutlass::transform::TransposePitchLinearThreadMapSimt<cutlass::transform::PitchLinearStripminedThreadMap<cutlass::PitchLinearShape<(int)8, (int)128>, (int)256, (int)1>>, (int)4>, cutlass::transform::threadblock::PredicatedTileIterator<cutlass::MatrixShape<(int)8, (int)128>, float, cutlass::layout::RowMajor, (int)0, cutlass::transform::PitchLinearStripminedThreadMap<cutlass::PitchLinearShape<(int)128, (int)8>, (int)256, (int)1>, (int)1, (bool)0, cutlass::layout::NoPermute>, cutlass::transform::threadblock::RegularTileIterator<cutlass::MatrixShape<(int)8, (int)128>, float, cutlass::layout::RowMajor, (int)0, cutlass::transform::PitchLinearStripminedThreadMap<cutlass::PitchLinearShape<(int)128, (int)8>, (int)256, (int)1>, (int)4>, float, cutlass::layout::RowMajor, cutlass::gemm::threadblock::MmaPolicy<cutlass::gemm::warp::MmaSimt<cutlass::gemm::GemmShape<(int)32, (int)64, (int)8>, float, cutlass::layout::ColumnMajor, float, cutlass::layout::RowMajor, float, cutlass::layout::RowMajor, cutlass::gemm::warp::MmaSimtPolicy<cutlass::MatrixShape<(int)4, (int)8>, cutlass::layout::RowMajorInterleaved<(int)2>, cutlass::gemm::GemmShape<(int)4, (int)4, (int)1>>, (int)1, (cutlass::ComplexTransform)0, (cutlass::ComplexTransform)0, bool>, cutlass::MatrixShape<(int)4, (int)0>, cutlass::MatrixShape<(int)0, (int)0>, (int)1>, cutlass::NumericArrayConverter<float, float, (int)4, (cutlass::FloatRoundStyle)2, cutlass::transform::thread::UnaryTransform::Identity>, cutlass::NumericArrayConverter<float, float, (int)4, (cutlass::FloatRoundStyle)2, cutlass::transform::thread::UnaryTransform::Identity>, bool>, cutlass::epilogue::threadblock::Epilogue<cutlass::gemm::GemmShape<(int)128, (int)128, (int)8>, cutlass::gemm::warp::MmaSimt<cutlass::gemm::GemmShape<(int)32, (int)64, (int)8>, float, cutlass::layout::ColumnMajor, float, cutlass::layout::RowMajor, float, cutlass::layout::RowMajor, cutlass::gemm::warp::MmaSimtPolicy<cutlass::MatrixShape<(int)4, (int)8>, cutlass::layout::RowMajorInterleaved<(int)2>, cutlass::gemm::GemmShape<(int)4, (int)4, (int)1>>, (int)1, (cutlass::ComplexTransform)0, (cutlass::ComplexTransform)0, bool>, (int)1, cutlass::epilogue::threadblock::PredicatedTileIterator<cutlass::epilogue::threadblock::OutputTileOptimalThreadMap<cutlass::epilogue::threadblock::OutputTileShape<(int)128, (int)1, (int)4, (int)4, (int)1>, cutlass::epilogue::threadblock::OutputTileShape<(int)1, (int)4, (int)2, (int)1, (int)8>, (int)256, (int)1, (int)32>, float, (bool)0, cutlass::layout::NoPermute, (bool)0>, cutlass::epilogue::warp::FragmentIteratorSimt<cutlass::gemm::GemmShape<(int)32, (int)64, (int)8>, cutlass::gemm::thread::Mma<cutlass::gemm::GemmShape<(int)8, (int)8, (int)1>, float, cutlass::layout::ColumnMajor, float, cutlass::layout::RowMajor, float, cutlass::layout::RowMajor, cutlass::arch::OpMultiplyAdd, bool>, cutlass::layout::RowMajor, cutlass::gemm::warp::MmaSimtPolicy<cutlass::MatrixShape<(int)4, (int)8>, cutlass::layout::RowMajorInterleaved<(int)2>, cutlass::gemm::GemmShape<(int)4, (int)4, (int)1>>>, cutlass::epilogue::warp::TileIteratorSimt<cutlass::gemm::GemmShape<(int)32, (int)64, (int)8>, cutlass::gemm::thread::Mma<cutlass::gemm::GemmShape<(int)8, (int)8, (int)1>, float, cutlass::layout::ColumnMajor, float, cutlass::layout::RowMajor, float, cutlass::layout::RowMajor, cutlass::arch::OpMultiplyAdd, bool>, float, cutlass::layout::RowMajor, cutlass::gemm::warp::MmaSimtPolicy<cutlass::MatrixShape<(int)4, (int)8>, cutlass::layout::RowMajorInterleaved<(int)2>, cutlass::gemm::GemmShape<(int)4, (int)4, (int)1>>>, cutlass::epilogue::threadblock::SharedLoadIterator<cutlass::epilogue::threadblock::OutputTileOptimalThreadMap<cutlass::epilogue::threadblock::OutputTileShape<(int)128, (int)1, (int)4, (int)4, (int)1>, cutlass::epilogue::threadblock::OutputTileShape<(int)1, (int)4, (int)2, (int)1, (int)8>, (int)256, (int)1, (int)32>::CompactedThreadMap, float, (int)4>, cutlass::epilogue::thread::LinearCombination<float, (int)1, float, float, (cutlass::epilogue::thread::ScaleType::Kind)0, (cutlass::FloatRoundStyle)2, float>, cutlass::MatrixShape<(int)0, (int)17>, (int)1, (int)1>, cutlass::gemm::threadblock::GemmBatchedIdentityThreadblockSwizzle, (cutlass::gemm::kernel::GroupScheduleMode)0, (bool)0>>(T1::Params)"
974057140,7744,850,1024,1,1,256,1,1,40,0.000,0.000,,,,,NVIDIA GeForce RTX 3080 (0),1,,13,"void raggedroute::benchmark::library_baseline::<unnamed>::finalize_routing<(bool)1>(const float *, float *, const float *, const int *, int, int, int)"
974067572,8671,855,2,32,2,128,1,1,86,0.033,0.000,,,,,NVIDIA GeForce RTX 3080 (0),1,,13,ampere_sgemm_32x32_sliced1x4_nn
974079507,2080,858,2,64,1,32,16,1,43,0.000,0.000,,,,,NVIDIA GeForce RTX 3080 (0),1,,13,"void cublasLt::splitKreduce_kernel<(int)32, (int)16, int, float, float, float, float, (bool)0, float, float, float, (bool)1, (bool)0, (bool)0, (bool)0>(cublasLt::cublasSplitKParams<T6>, const T4 *, const T10 *, T9 *, T5 *, const T6 *, const T6 *, const T11 *, const T4 *, T11 *, void *, long long, T6 *, int *, T6 *, T6 *, const T6 *, const T6 *, const T6 *, const T6 *, const T6 *)"
974084851,18944,861,1024,1,1,32,1,1,32,0.001,0.000,,,,,NVIDIA GeForce RTX 3080 (0),1,,13,"raggedroute::benchmark::library_baseline::<unnamed>::cub_block_radix_top2_kernel(const float *, int *, float *, int, int)"
974112083,1120,875,1,1,1,256,1,1,16,0.000,0.000,,,,,NVIDIA GeForce RTX 3080 (0),1,,13,"void cub::_V_300304_SM_860::detail::histogram::DeviceHistogramInitKernel<cub::_V_300304_SM_860::detail::histogram::policy_hub<int, int, (int)1, (int)1, (bool)1>::Policy1000, (int)1, int, int>(cuda::std::__4::array<int, T2>, cuda::std::__4::array<T3 *, T2>, cub::_V_300304_SM_860::GridQueue<int>)"
974115795,5663,878,1,1,1,384,1,1,54,0.001,0.000,,,,,NVIDIA GeForce RTX 3080 (0),1,,13,"void cub::_V_300304_SM_860::detail::histogram::DeviceHistogramSweepKernel<cub::_V_300304_SM_860::detail::histogram::policy_hub<int, int, (int)1, (int)1, (bool)1>::Policy1000, (int)256, (int)1, (int)1, const int *, int, cub::_V_300304_SM_860::detail::histogram::Transforms<int, int, int>::ScaleTransform, cub::_V_300304_SM_860::detail::histogram::Transforms<int, int, int>::PassThruTransform, int>(T5, cuda::std::__4::array<int, T4>, cuda::std::__4::array<int, T4>, cuda::std::__4::array<T6 *, T4>, cuda::std::__4::array<T6 *, T4>, cuda::std::__4::array<T8, T4>, cuda::std::__4::array<T7, T4>, T9, T9, T9, int, cub::_V_300304_SM_860::GridQueue<int>)"
974124178,1472,885,1,1,1,128,1,1,16,0.001,0.000,,,,,NVIDIA GeForce RTX 3080 (0),1,,13,"void raggedroute::benchmark::library_baseline::<unnamed>::block_scan_kernel<(int)128>(const int *, int *, int)"
974128178,7488,896,1,1,1,256,1,1,128,0.034,0.000,,,,,NVIDIA GeForce RTX 3080 (0),1,,13,"void cub::_V_300304_SM_860::detail::radix_sort::DeviceRadixSortSingleTileKernel<cub::_V_300304_SM_860::detail::radix_sort::policy_selector_from_types<int, int, unsigned int>, (cub::_V_300304_SM_860::SortOrder)0, int, int, unsigned int, cub::_V_300304_SM_860::detail::identity_decomposer_t>(const T3 *, T3 *, const T4 *, T4 *, T5, int, int, T6)"
974141298,3104,902,1,1,1,256,1,1,16,0.000,0.000,,,,,NVIDIA GeForce RTX 3080 (0),1,,13,"raggedroute::benchmark::library_baseline::<unnamed>::compute_expert_offsets(const int *, int, int, long long *)"
974148210,5184,909,2048,1,1,256,1,1,18,0.000,0.000,,,,,NVIDIA GeForce RTX 3080 (0),1,,13,"void raggedroute::benchmark::library_baseline::<unnamed>::expand_rows<(bool)1>(const float *, float *, const int *, int *, int *, int, int, int)"
974156754,137949,912,68,1,1,256,1,1,144,0.000,0.017,,,,,NVIDIA GeForce RTX 3080 (0),1,,13,"void cutlass::Kernel<cutlass::gemm::kernel::GemmGrouped<cutlass::gemm::threadblock::MmaPipelined<cutlass::gemm::GemmShape<(int)128, (int)128, (int)8>, cutlass::transform::threadblock::PredicatedTileIterator<cutlass::MatrixShape<(int)128, (int)8>, float, cutlass::layout::RowMajor, (int)1, cutlass::transform::PitchLinearStripminedThreadMap<cutlass::PitchLinearShape<(int)8, (int)128>, (int)256, (int)1>, (int)1, (bool)0, cutlass::layout::NoPermute>, cutlass::transform::threadblock::RegularTileIterator<cutlass::MatrixShape<(int)128, (int)8>, float, cutlass::layout::ColumnMajor, (int)1, cutlass::transform::TransposePitchLinearThreadMapSimt<cutlass::transform::PitchLinearStripminedThreadMap<cutlass::PitchLinearShape<(int)8, (int)128>, (int)256, (int)1>>, (int)4>, cutlass::transform::threadblock::PredicatedTileIterator<cutlass::MatrixShape<(int)8, (int)128>, float, cutlass::layout::RowMajor, (int)0, cutlass::transform::PitchLinearStripminedThreadMap<cutlass::PitchLinearShape<(int)128, (int)8>, (int)256, (int)1>, (int)1, (bool)0, cutlass::layout::NoPermute>, cutlass::transform::threadblock::RegularTileIterator<cutlass::MatrixShape<(int)8, (int)128>, float, cutlass::layout::RowMajor, (int)0, cutlass::transform::PitchLinearStripminedThreadMap<cutlass::PitchLinearShape<(int)128, (int)8>, (int)256, (int)1>, (int)4>, float, cutlass::layout::RowMajor, cutlass::gemm::threadblock::MmaPolicy<cutlass::gemm::warp::MmaSimt<cutlass::gemm::GemmShape<(int)32, (int)64, (int)8>, float, cutlass::layout::ColumnMajor, float, cutlass::layout::RowMajor, float, cutlass::layout::RowMajor, cutlass::gemm::warp::MmaSimtPolicy<cutlass::MatrixShape<(int)4, (int)8>, cutlass::layout::RowMajorInterleaved<(int)2>, cutlass::gemm::GemmShape<(int)4, (int)4, (int)1>>, (int)1, (cutlass::ComplexTransform)0, (cutlass::ComplexTransform)0, bool>, cutlass::MatrixShape<(int)4, (int)0>, cutlass::MatrixShape<(int)0, (int)0>, (int)1>, cutlass::NumericArrayConverter<float, float, (int)4, (cutlass::FloatRoundStyle)2, cutlass::transform::thread::UnaryTransform::Identity>, cutlass::NumericArrayConverter<float, float, (int)4, (cutlass::FloatRoundStyle)2, cutlass::transform::thread::UnaryTransform::Identity>, bool>, cutlass::epilogue::threadblock::Epilogue<cutlass::gemm::GemmShape<(int)128, (int)128, (int)8>, cutlass::gemm::warp::MmaSimt<cutlass::gemm::GemmShape<(int)32, (int)64, (int)8>, float, cutlass::layout::ColumnMajor, float, cutlass::layout::RowMajor, float, cutlass::layout::RowMajor, cutlass::gemm::warp::MmaSimtPolicy<cutlass::MatrixShape<(int)4, (int)8>, cutlass::layout::RowMajorInterleaved<(int)2>, cutlass::gemm::GemmShape<(int)4, (int)4, (int)1>>, (int)1, (cutlass::ComplexTransform)0, (cutlass::ComplexTransform)0, bool>, (int)1, cutlass::epilogue::threadblock::PredicatedTileIterator<cutlass::epilogue::threadblock::OutputTileOptimalThreadMap<cutlass::epilogue::threadblock::OutputTileShape<(int)128, (int)1, (int)4, (int)4, (int)1>, cutlass::epilogue::threadblock::OutputTileShape<(int)1, (int)4, (int)2, (int)1, (int)8>, (int)256, (int)1, (int)32>, float, (bool)0, cutlass::layout::NoPermute, (bool)0>, cutlass::epilogue::warp::FragmentIteratorSimt<cutlass::gemm::GemmShape<(int)32, (int)64, (int)8>, cutlass::gemm::thread::Mma<cutlass::gemm::GemmShape<(int)8, (int)8, (int)1>, float, cutlass::layout::ColumnMajor, float, cutlass::layout::RowMajor, float, cutlass::layout::RowMajor, cutlass::arch::OpMultiplyAdd, bool>, cutlass::layout::RowMajor, cutlass::gemm::warp::MmaSimtPolicy<cutlass::MatrixShape<(int)4, (int)8>, cutlass::layout::RowMajorInterleaved<(int)2>, cutlass::gemm::GemmShape<(int)4, (int)4, (int)1>>>, cutlass::epilogue::warp::TileIteratorSimt<cutlass::gemm::GemmShape<(int)32, (int)64, (int)8>, cutlass::gemm::thread::Mma<cutlass::gemm::GemmShape<(int)8, (int)8, (int)1>, float, cutlass::layout::ColumnMajor, float, cutlass::layout::RowMajor, float, cutlass::layout::RowMajor, cutlass::arch::OpMultiplyAdd, bool>, float, cutlass::layout::RowMajor, cutlass::gemm::warp::MmaSimtPolicy<cutlass::MatrixShape<(int)4, (int)8>, cutlass::layout::RowMajorInterleaved<(int)2>, cutlass::gemm::GemmShape<(int)4, (int)4, (int)1>>>, cutlass::epilogue::threadblock::SharedLoadIterator<cutlass::epilogue::threadblock::OutputTileOptimalThreadMap<cutlass::epilogue::threadblock::OutputTileShape<(int)128, (int)1, (int)4, (int)4, (int)1>, cutlass::epilogue::threadblock::OutputTileShape<(int)1, (int)4, (int)2, (int)1, (int)8>, (int)256, (int)1, (int)32>::CompactedThreadMap, float, (int)4>, cutlass::epilogue::thread::LinearCombination<float, (int)1, float, float, (cutlass::epilogue::thread::ScaleType::Kind)0, (cutlass::FloatRoundStyle)2, float>, cutlass::MatrixShape<(int)0, (int)17>, (int)1, (int)1>, cutlass::gemm::threadblock::GemmBatchedIdentityThreadblockSwizzle, (cutlass::gemm::kernel::GroupScheduleMode)0, (bool)0>>(T1::Params)"
974297967,7936,915,1024,1,1,256,1,1,40,0.000,0.000,,,,,NVIDIA GeForce RTX 3080 (0),1,,13,"void raggedroute::benchmark::library_baseline::<unnamed>::finalize_routing<(bool)1>(const float *, float *, const float *, const int *, int, int, int)"
974310063,8671,920,2,32,2,128,1,1,86,0.033,0.000,,,,,NVIDIA GeForce RTX 3080 (0),1,,13,ampere_sgemm_32x32_sliced1x4_nn
974321838,2112,923,2,64,1,32,16,1,43,0.000,0.000,,,,,NVIDIA GeForce RTX 3080 (0),1,,13,"void cublasLt::splitKreduce_kernel<(int)32, (int)16, int, float, float, float, float, (bool)0, float, float, float, (bool)1, (bool)0, (bool)0, (bool)0>(cublasLt::cublasSplitKParams<T6>, const T4 *, const T10 *, T9 *, T5 *, const T6 *, const T6 *, const T11 *, const T4 *, T11 *, void *, long long, T6 *, int *, T6 *, T6 *, const T6 *, const T6 *, const T6 *, const T6 *, const T6 *)"
974327502,19040,926,1024,1,1,32,1,1,32,0.001,0.000,,,,,NVIDIA GeForce RTX 3080 (0),1,,13,"raggedroute::benchmark::library_baseline::<unnamed>::cub_block_radix_top2_kernel(const float *, int *, float *, int, int)"
974349134,1120,940,1,1,1,256,1,1,16,0.000,0.000,,,,,NVIDIA GeForce RTX 3080 (0),1,,13,"void cub::_V_300304_SM_860::detail::histogram::DeviceHistogramInitKernel<cub::_V_300304_SM_860::detail::histogram::policy_hub<int, int, (int)1, (int)1, (bool)1>::Policy1000, (int)1, int, int>(cuda::std::__4::array<int, T2>, cuda::std::__4::array<T3 *, T2>, cub::_V_300304_SM_860::GridQueue<int>)"
974355470,5664,943,1,1,1,384,1,1,54,0.001,0.000,,,,,NVIDIA GeForce RTX 3080 (0),1,,13,"void cub::_V_300304_SM_860::detail::histogram::DeviceHistogramSweepKernel<cub::_V_300304_SM_860::detail::histogram::policy_hub<int, int, (int)1, (int)1, (bool)1>::Policy1000, (int)256, (int)1, (int)1, const int *, int, cub::_V_300304_SM_860::detail::histogram::Transforms<int, int, int>::ScaleTransform, cub::_V_300304_SM_860::detail::histogram::Transforms<int, int, int>::PassThruTransform, int>(T5, cuda::std::__4::array<int, T4>, cuda::std::__4::array<int, T4>, cuda::std::__4::array<T6 *, T4>, cuda::std::__4::array<T6 *, T4>, cuda::std::__4::array<T8, T4>, cuda::std::__4::array<T7, T4>, T9, T9, T9, int, cub::_V_300304_SM_860::GridQueue<int>)"
974363757,1472,950,1,1,1,128,1,1,16,0.001,0.000,,,,,NVIDIA GeForce RTX 3080 (0),1,,13,"void raggedroute::benchmark::library_baseline::<unnamed>::block_scan_kernel<(int)128>(const int *, int *, int)"
974367725,7520,961,1,1,1,256,1,1,128,0.034,0.000,,,,,NVIDIA GeForce RTX 3080 (0),1,,13,"void cub::_V_300304_SM_860::detail::radix_sort::DeviceRadixSortSingleTileKernel<cub::_V_300304_SM_860::detail::radix_sort::policy_selector_from_types<int, int, unsigned int>, (cub::_V_300304_SM_860::SortOrder)0, int, int, unsigned int, cub::_V_300304_SM_860::detail::identity_decomposer_t>(const T3 *, T3 *, const T4 *, T4 *, T5, int, int, T6)"
974377837,3104,967,1,1,1,256,1,1,16,0.000,0.000,,,,,NVIDIA GeForce RTX 3080 (0),1,,13,"raggedroute::benchmark::library_baseline::<unnamed>::compute_expert_offsets(const int *, int, int, long long *)"
974384557,5184,974,2048,1,1,256,1,1,18,0.000,0.000,,,,,NVIDIA GeForce RTX 3080 (0),1,,13,"void raggedroute::benchmark::library_baseline::<unnamed>::expand_rows<(bool)1>(const float *, float *, const int *, int *, int *, int, int, int)"
974392973,137757,977,68,1,1,256,1,1,144,0.000,0.017,,,,,NVIDIA GeForce RTX 3080 (0),1,,13,"void cutlass::Kernel<cutlass::gemm::kernel::GemmGrouped<cutlass::gemm::threadblock::MmaPipelined<cutlass::gemm::GemmShape<(int)128, (int)128, (int)8>, cutlass::transform::threadblock::PredicatedTileIterator<cutlass::MatrixShape<(int)128, (int)8>, float, cutlass::layout::RowMajor, (int)1, cutlass::transform::PitchLinearStripminedThreadMap<cutlass::PitchLinearShape<(int)8, (int)128>, (int)256, (int)1>, (int)1, (bool)0, cutlass::layout::NoPermute>, cutlass::transform::threadblock::RegularTileIterator<cutlass::MatrixShape<(int)128, (int)8>, float, cutlass::layout::ColumnMajor, (int)1, cutlass::transform::TransposePitchLinearThreadMapSimt<cutlass::transform::PitchLinearStripminedThreadMap<cutlass::PitchLinearShape<(int)8, (int)128>, (int)256, (int)1>>, (int)4>, cutlass::transform::threadblock::PredicatedTileIterator<cutlass::MatrixShape<(int)8, (int)128>, float, cutlass::layout::RowMajor, (int)0, cutlass::transform::PitchLinearStripminedThreadMap<cutlass::PitchLinearShape<(int)128, (int)8>, (int)256, (int)1>, (int)1, (bool)0, cutlass::layout::NoPermute>, cutlass::transform::threadblock::RegularTileIterator<cutlass::MatrixShape<(int)8, (int)128>, float, cutlass::layout::RowMajor, (int)0, cutlass::transform::PitchLinearStripminedThreadMap<cutlass::PitchLinearShape<(int)128, (int)8>, (int)256, (int)1>, (int)4>, float, cutlass::layout::RowMajor, cutlass::gemm::threadblock::MmaPolicy<cutlass::gemm::warp::MmaSimt<cutlass::gemm::GemmShape<(int)32, (int)64, (int)8>, float, cutlass::layout::ColumnMajor, float, cutlass::layout::RowMajor, float, cutlass::layout::RowMajor, cutlass::gemm::warp::MmaSimtPolicy<cutlass::MatrixShape<(int)4, (int)8>, cutlass::layout::RowMajorInterleaved<(int)2>, cutlass::gemm::GemmShape<(int)4, (int)4, (int)1>>, (int)1, (cutlass::ComplexTransform)0, (cutlass::ComplexTransform)0, bool>, cutlass::MatrixShape<(int)4, (int)0>, cutlass::MatrixShape<(int)0, (int)0>, (int)1>, cutlass::NumericArrayConverter<float, float, (int)4, (cutlass::FloatRoundStyle)2, cutlass::transform::thread::UnaryTransform::Identity>, cutlass::NumericArrayConverter<float, float, (int)4, (cutlass::FloatRoundStyle)2, cutlass::transform::thread::UnaryTransform::Identity>, bool>, cutlass::epilogue::threadblock::Epilogue<cutlass::gemm::GemmShape<(int)128, (int)128, (int)8>, cutlass::gemm::warp::MmaSimt<cutlass::gemm::GemmShape<(int)32, (int)64, (int)8>, float, cutlass::layout::ColumnMajor, float, cutlass::layout::RowMajor, float, cutlass::layout::RowMajor, cutlass::gemm::warp::MmaSimtPolicy<cutlass::MatrixShape<(int)4, (int)8>, cutlass::layout::RowMajorInterleaved<(int)2>, cutlass::gemm::GemmShape<(int)4, (int)4, (int)1>>, (int)1, (cutlass::ComplexTransform)0, (cutlass::ComplexTransform)0, bool>, (int)1, cutlass::epilogue::threadblock::PredicatedTileIterator<cutlass::epilogue::threadblock::OutputTileOptimalThreadMap<cutlass::epilogue::threadblock::OutputTileShape<(int)128, (int)1, (int)4, (int)4, (int)1>, cutlass::epilogue::threadblock::OutputTileShape<(int)1, (int)4, (int)2, (int)1, (int)8>, (int)256, (int)1, (int)32>, float, (bool)0, cutlass::layout::NoPermute, (bool)0>, cutlass::epilogue::warp::FragmentIteratorSimt<cutlass::gemm::GemmShape<(int)32, (int)64, (int)8>, cutlass::gemm::thread::Mma<cutlass::gemm::GemmShape<(int)8, (int)8, (int)1>, float, cutlass::layout::ColumnMajor, float, cutlass::layout::RowMajor, float, cutlass::layout::RowMajor, cutlass::arch::OpMultiplyAdd, bool>, cutlass::layout::RowMajor, cutlass::gemm::warp::MmaSimtPolicy<cutlass::MatrixShape<(int)4, (int)8>, cutlass::layout::RowMajorInterleaved<(int)2>, cutlass::gemm::GemmShape<(int)4, (int)4, (int)1>>>, cutlass::epilogue::warp::TileIteratorSimt<cutlass::gemm::GemmShape<(int)32, (int)64, (int)8>, cutlass::gemm::thread::Mma<cutlass::gemm::GemmShape<(int)8, (int)8, (int)1>, float, cutlass::layout::ColumnMajor, float, cutlass::layout::RowMajor, float, cutlass::layout::RowMajor, cutlass::arch::OpMultiplyAdd, bool>, float, cutlass::layout::RowMajor, cutlass::gemm::warp::MmaSimtPolicy<cutlass::MatrixShape<(int)4, (int)8>, cutlass::layout::RowMajorInterleaved<(int)2>, cutlass::gemm::GemmShape<(int)4, (int)4, (int)1>>>, cutlass::epilogue::threadblock::SharedLoadIterator<cutlass::epilogue::threadblock::OutputTileOptimalThreadMap<cutlass::epilogue::threadblock::OutputTileShape<(int)128, (int)1, (int)4, (int)4, (int)1>, cutlass::epilogue::threadblock::OutputTileShape<(int)1, (int)4, (int)2, (int)1, (int)8>, (int)256, (int)1, (int)32>::CompactedThreadMap, float, (int)4>, cutlass::epilogue::thread::LinearCombination<float, (int)1, float, float, (cutlass::epilogue::thread::ScaleType::Kind)0, (cutlass::FloatRoundStyle)2, float>, cutlass::MatrixShape<(int)0, (int)17>, (int)1, (int)1>, cutlass::gemm::threadblock::GemmBatchedIdentityThreadblockSwizzle, (cutlass::gemm::kernel::GroupScheduleMode)0, (bool)0>>(T1::Params)"
974534026,7936,980,1024,1,1,256,1,1,40,0.000,0.000,,,,,NVIDIA GeForce RTX 3080 (0),1,,13,"void raggedroute::benchmark::library_baseline::<unnamed>::finalize_routing<(bool)1>(const float *, float *, const float *, const int *, int, int, int)"
974544490,8736,985,2,32,2,128,1,1,86,0.033,0.000,,,,,NVIDIA GeForce RTX 3080 (0),1,,13,ampere_sgemm_32x32_sliced1x4_nn
974558121,2176,988,2,64,1,32,16,1,43,0.000,0.000,,,,,NVIDIA GeForce RTX 3080 (0),1,,13,"void cublasLt::splitKreduce_kernel<(int)32, (int)16, int, float, float, float, float, (bool)0, float, float, float, (bool)1, (bool)0, (bool)0, (bool)0>(cublasLt::cublasSplitKParams<T6>, const T4 *, const T10 *, T9 *, T5 *, const T6 *, const T6 *, const T11 *, const T4 *, T11 *, void *, long long, T6 *, int *, T6 *, T6 *, const T6 *, const T6 *, const T6 *, const T6 *, const T6 *)"
974563913,19008,991,1024,1,1,32,1,1,32,0.001,0.000,,,,,NVIDIA GeForce RTX 3080 (0),1,,13,"raggedroute::benchmark::library_baseline::<unnamed>::cub_block_radix_top2_kernel(const float *, int *, float *, int, int)"
974586121,1152,1005,1,1,1,256,1,1,16,0.000,0.000,,,,,NVIDIA GeForce RTX 3080 (0),1,,13,"void cub::_V_300304_SM_860::detail::histogram::DeviceHistogramInitKernel<cub::_V_300304_SM_860::detail::histogram::policy_hub<int, int, (int)1, (int)1, (bool)1>::Policy1000, (int)1, int, int>(cuda::std::__4::array<int, T2>, cuda::std::__4::array<T3 *, T2>, cub::_V_300304_SM_860::GridQueue<int>)"
974591753,5664,1008,1,1,1,384,1,1,54,0.001,0.000,,,,,NVIDIA GeForce RTX 3080 (0),1,,13,"void cub::_V_300304_SM_860::detail::histogram::DeviceHistogramSweepKernel<cub::_V_300304_SM_860::detail::histogram::policy_hub<int, int, (int)1, (int)1, (bool)1>::Policy1000, (int)256, (int)1, (int)1, const int *, int, cub::_V_300304_SM_860::detail::histogram::Transforms<int, int, int>::ScaleTransform, cub::_V_300304_SM_860::detail::histogram::Transforms<int, int, int>::PassThruTransform, int>(T5, cuda::std::__4::array<int, T4>, cuda::std::__4::array<int, T4>, cuda::std::__4::array<T6 *, T4>, cuda::std::__4::array<T6 *, T4>, cuda::std::__4::array<T8, T4>, cuda::std::__4::array<T7, T4>, T9, T9, T9, int, cub::_V_300304_SM_860::GridQueue<int>)"
974600969,1472,1015,1,1,1,128,1,1,16,0.001,0.000,,,,,NVIDIA GeForce RTX 3080 (0),1,,13,"void raggedroute::benchmark::library_baseline::<unnamed>::block_scan_kernel<(int)128>(const int *, int *, int)"
974604968,7520,1026,1,1,1,256,1,1,128,0.034,0.000,,,,,NVIDIA GeForce RTX 3080 (0),1,,13,"void cub::_V_300304_SM_860::detail::radix_sort::DeviceRadixSortSingleTileKernel<cub::_V_300304_SM_860::detail::radix_sort::policy_selector_from_types<int, int, unsigned int>, (cub::_V_300304_SM_860::SortOrder)0, int, int, unsigned int, cub::_V_300304_SM_860::detail::identity_decomposer_t>(const T3 *, T3 *, const T4 *, T4 *, T5, int, int, T6)"
974614792,3104,1032,1,1,1,256,1,1,16,0.000,0.000,,,,,NVIDIA GeForce RTX 3080 (0),1,,13,"raggedroute::benchmark::library_baseline::<unnamed>::compute_expert_offsets(const int *, int, int, long long *)"
974620520,5184,1039,2048,1,1,256,1,1,18,0.000,0.000,,,,,NVIDIA GeForce RTX 3080 (0),1,,13,"void raggedroute::benchmark::library_baseline::<unnamed>::expand_rows<(bool)1>(const float *, float *, const int *, int *, int *, int, int, int)"
974630216,137885,1042,68,1,1,256,1,1,144,0.000,0.017,,,,,NVIDIA GeForce RTX 3080 (0),1,,13,"void cutlass::Kernel<cutlass::gemm::kernel::GemmGrouped<cutlass::gemm::threadblock::MmaPipelined<cutlass::gemm::GemmShape<(int)128, (int)128, (int)8>, cutlass::transform::threadblock::PredicatedTileIterator<cutlass::MatrixShape<(int)128, (int)8>, float, cutlass::layout::RowMajor, (int)1, cutlass::transform::PitchLinearStripminedThreadMap<cutlass::PitchLinearShape<(int)8, (int)128>, (int)256, (int)1>, (int)1, (bool)0, cutlass::layout::NoPermute>, cutlass::transform::threadblock::RegularTileIterator<cutlass::MatrixShape<(int)128, (int)8>, float, cutlass::layout::ColumnMajor, (int)1, cutlass::transform::TransposePitchLinearThreadMapSimt<cutlass::transform::PitchLinearStripminedThreadMap<cutlass::PitchLinearShape<(int)8, (int)128>, (int)256, (int)1>>, (int)4>, cutlass::transform::threadblock::PredicatedTileIterator<cutlass::MatrixShape<(int)8, (int)128>, float, cutlass::layout::RowMajor, (int)0, cutlass::transform::PitchLinearStripminedThreadMap<cutlass::PitchLinearShape<(int)128, (int)8>, (int)256, (int)1>, (int)1, (bool)0, cutlass::layout::NoPermute>, cutlass::transform::threadblock::RegularTileIterator<cutlass::MatrixShape<(int)8, (int)128>, float, cutlass::layout::RowMajor, (int)0, cutlass::transform::PitchLinearStripminedThreadMap<cutlass::PitchLinearShape<(int)128, (int)8>, (int)256, (int)1>, (int)4>, float, cutlass::layout::RowMajor, cutlass::gemm::threadblock::MmaPolicy<cutlass::gemm::warp::MmaSimt<cutlass::gemm::GemmShape<(int)32, (int)64, (int)8>, float, cutlass::layout::ColumnMajor, float, cutlass::layout::RowMajor, float, cutlass::layout::RowMajor, cutlass::gemm::warp::MmaSimtPolicy<cutlass::MatrixShape<(int)4, (int)8>, cutlass::layout::RowMajorInterleaved<(int)2>, cutlass::gemm::GemmShape<(int)4, (int)4, (int)1>>, (int)1, (cutlass::ComplexTransform)0, (cutlass::ComplexTransform)0, bool>, cutlass::MatrixShape<(int)4, (int)0>, cutlass::MatrixShape<(int)0, (int)0>, (int)1>, cutlass::NumericArrayConverter<float, float, (int)4, (cutlass::FloatRoundStyle)2, cutlass::transform::thread::UnaryTransform::Identity>, cutlass::NumericArrayConverter<float, float, (int)4, (cutlass::FloatRoundStyle)2, cutlass::transform::thread::UnaryTransform::Identity>, bool>, cutlass::epilogue::threadblock::Epilogue<cutlass::gemm::GemmShape<(int)128, (int)128, (int)8>, cutlass::gemm::warp::MmaSimt<cutlass::gemm::GemmShape<(int)32, (int)64, (int)8>, float, cutlass::layout::ColumnMajor, float, cutlass::layout::RowMajor, float, cutlass::layout::RowMajor, cutlass::gemm::warp::MmaSimtPolicy<cutlass::MatrixShape<(int)4, (int)8>, cutlass::layout::RowMajorInterleaved<(int)2>, cutlass::gemm::GemmShape<(int)4, (int)4, (int)1>>, (int)1, (cutlass::ComplexTransform)0, (cutlass::ComplexTransform)0, bool>, (int)1, cutlass::epilogue::threadblock::PredicatedTileIterator<cutlass::epilogue::threadblock::OutputTileOptimalThreadMap<cutlass::epilogue::threadblock::OutputTileShape<(int)128, (int)1, (int)4, (int)4, (int)1>, cutlass::epilogue::threadblock::OutputTileShape<(int)1, (int)4, (int)2, (int)1, (int)8>, (int)256, (int)1, (int)32>, float, (bool)0, cutlass::layout::NoPermute, (bool)0>, cutlass::epilogue::warp::FragmentIteratorSimt<cutlass::gemm::GemmShape<(int)32, (int)64, (int)8>, cutlass::gemm::thread::Mma<cutlass::gemm::GemmShape<(int)8, (int)8, (int)1>, float, cutlass::layout::ColumnMajor, float, cutlass::layout::RowMajor, float, cutlass::layout::RowMajor, cutlass::arch::OpMultiplyAdd, bool>, cutlass::layout::RowMajor, cutlass::gemm::warp::MmaSimtPolicy<cutlass::MatrixShape<(int)4, (int)8>, cutlass::layout::RowMajorInterleaved<(int)2>, cutlass::gemm::GemmShape<(int)4, (int)4, (int)1>>>, cutlass::epilogue::warp::TileIteratorSimt<cutlass::gemm::GemmShape<(int)32, (int)64, (int)8>, cutlass::gemm::thread::Mma<cutlass::gemm::GemmShape<(int)8, (int)8, (int)1>, float, cutlass::layout::ColumnMajor, float, cutlass::layout::RowMajor, float, cutlass::layout::RowMajor, cutlass::arch::OpMultiplyAdd, bool>, float, cutlass::layout::RowMajor, cutlass::gemm::warp::MmaSimtPolicy<cutlass::MatrixShape<(int)4, (int)8>, cutlass::layout::RowMajorInterleaved<(int)2>, cutlass::gemm::GemmShape<(int)4, (int)4, (int)1>>>, cutlass::epilogue::threadblock::SharedLoadIterator<cutlass::epilogue::threadblock::OutputTileOptimalThreadMap<cutlass::epilogue::threadblock::OutputTileShape<(int)128, (int)1, (int)4, (int)4, (int)1>, cutlass::epilogue::threadblock::OutputTileShape<(int)1, (int)4, (int)2, (int)1, (int)8>, (int)256, (int)1, (int)32>::CompactedThreadMap, float, (int)4>, cutlass::epilogue::thread::LinearCombination<float, (int)1, float, float, (cutlass::epilogue::thread::ScaleType::Kind)0, (cutlass::FloatRoundStyle)2, float>, cutlass::MatrixShape<(int)0, (int)17>, (int)1, (int)1>, cutlass::gemm::threadblock::GemmBatchedIdentityThreadblockSwizzle, (cutlass::gemm::kernel::GroupScheduleMode)0, (bool)0>>(T1::Params)"
974771365,7712,1045,1024,1,1,256,1,1,40,0.000,0.000,,,,,NVIDIA GeForce RTX 3080 (0),1,,13,"void raggedroute::benchmark::library_baseline::<unnamed>::finalize_routing<(bool)1>(const float *, float *, const float *, const int *, int, int, int)"
974781573,8704,1050,2,32,2,128,1,1,86,0.033,0.000,,,,,NVIDIA GeForce RTX 3080 (0),1,,13,ampere_sgemm_32x32_sliced1x4_nn
974793765,2176,1053,2,64,1,32,16,1,43,0.000,0.000,,,,,NVIDIA GeForce RTX 3080 (0),1,,13,"void cublasLt::splitKreduce_kernel<(int)32, (int)16, int, float, float, float, float, (bool)0, float, float, float, (bool)1, (bool)0, (bool)0, (bool)0>(cublasLt::cublasSplitKParams<T6>, const T4 *, const T10 *, T9 *, T5 *, const T6 *, const T6 *, const T11 *, const T4 *, T11 *, void *, long long, T6 *, int *, T6 *, T6 *, const T6 *, const T6 *, const T6 *, const T6 *, const T6 *)"
974800740,18944,1056,1024,1,1,32,1,1,32,0.001,0.000,,,,,NVIDIA GeForce RTX 3080 (0),1,,13,"raggedroute::benchmark::library_baseline::<unnamed>::cub_block_radix_top2_kernel(const float *, int *, float *, int, int)"
974824772,1152,1070,1,1,1,256,1,1,16,0.000,0.000,,,,,NVIDIA GeForce RTX 3080 (0),1,,13,"void cub::_V_300304_SM_860::detail::histogram::DeviceHistogramInitKernel<cub::_V_300304_SM_860::detail::histogram::policy_hub<int, int, (int)1, (int)1, (bool)1>::Policy1000, (int)1, int, int>(cuda::std::__4::array<int, T2>, cuda::std::__4::array<T3 *, T2>, cub::_V_300304_SM_860::GridQueue<int>)"
974828740,5664,1073,1,1,1,384,1,1,54,0.001,0.000,,,,,NVIDIA GeForce RTX 3080 (0),1,,13,"void cub::_V_300304_SM_860::detail::histogram::DeviceHistogramSweepKernel<cub::_V_300304_SM_860::detail::histogram::policy_hub<int, int, (int)1, (int)1, (bool)1>::Policy1000, (int)256, (int)1, (int)1, const int *, int, cub::_V_300304_SM_860::detail::histogram::Transforms<int, int, int>::ScaleTransform, cub::_V_300304_SM_860::detail::histogram::Transforms<int, int, int>::PassThruTransform, int>(T5, cuda::std::__4::array<int, T4>, cuda::std::__4::array<int, T4>, cuda::std::__4::array<T6 *, T4>, cuda::std::__4::array<T6 *, T4>, cuda::std::__4::array<T8, T4>, cuda::std::__4::array<T7, T4>, T9, T9, T9, int, cub::_V_300304_SM_860::GridQueue<int>)"
974837124,1472,1080,1,1,1,128,1,1,16,0.001,0.000,,,,,NVIDIA GeForce RTX 3080 (0),1,,13,"void raggedroute::benchmark::library_baseline::<unnamed>::block_scan_kernel<(int)128>(const int *, int *, int)"
974841380,7519,1091,1,1,1,256,1,1,128,0.034,0.000,,,,,NVIDIA GeForce RTX 3080 (0),1,,13,"void cub::_V_300304_SM_860::detail::radix_sort::DeviceRadixSortSingleTileKernel<cub::_V_300304_SM_860::detail::radix_sort::policy_selector_from_types<int, int, unsigned int>, (cub::_V_300304_SM_860::SortOrder)0, int, int, unsigned int, cub::_V_300304_SM_860::detail::identity_decomposer_t>(const T3 *, T3 *, const T4 *, T4 *, T5, int, int, T6)"
974851171,3104,1097,1,1,1,256,1,1,16,0.000,0.000,,,,,NVIDIA GeForce RTX 3080 (0),1,,13,"raggedroute::benchmark::library_baseline::<unnamed>::compute_expert_offsets(const int *, int, int, long long *)"
974858051,5152,1104,2048,1,1,256,1,1,18,0.000,0.000,,,,,NVIDIA GeForce RTX 3080 (0),1,,13,"void raggedroute::benchmark::library_baseline::<unnamed>::expand_rows<(bool)1>(const float *, float *, const int *, int *, int *, int, int, int)"
974866339,137949,1107,68,1,1,256,1,1,144,0.000,0.017,,,,,NVIDIA GeForce RTX 3080 (0),1,,13,"void cutlass::Kernel<cutlass::gemm::kernel::GemmGrouped<cutlass::gemm::threadblock::MmaPipelined<cutlass::gemm::GemmShape<(int)128, (int)128, (int)8>, cutlass::transform::threadblock::PredicatedTileIterator<cutlass::MatrixShape<(int)128, (int)8>, float, cutlass::layout::RowMajor, (int)1, cutlass::transform::PitchLinearStripminedThreadMap<cutlass::PitchLinearShape<(int)8, (int)128>, (int)256, (int)1>, (int)1, (bool)0, cutlass::layout::NoPermute>, cutlass::transform::threadblock::RegularTileIterator<cutlass::MatrixShape<(int)128, (int)8>, float, cutlass::layout::ColumnMajor, (int)1, cutlass::transform::TransposePitchLinearThreadMapSimt<cutlass::transform::PitchLinearStripminedThreadMap<cutlass::PitchLinearShape<(int)8, (int)128>, (int)256, (int)1>>, (int)4>, cutlass::transform::threadblock::PredicatedTileIterator<cutlass::MatrixShape<(int)8, (int)128>, float, cutlass::layout::RowMajor, (int)0, cutlass::transform::PitchLinearStripminedThreadMap<cutlass::PitchLinearShape<(int)128, (int)8>, (int)256, (int)1>, (int)1, (bool)0, cutlass::layout::NoPermute>, cutlass::transform::threadblock::RegularTileIterator<cutlass::MatrixShape<(int)8, (int)128>, float, cutlass::layout::RowMajor, (int)0, cutlass::transform::PitchLinearStripminedThreadMap<cutlass::PitchLinearShape<(int)128, (int)8>, (int)256, (int)1>, (int)4>, float, cutlass::layout::RowMajor, cutlass::gemm::threadblock::MmaPolicy<cutlass::gemm::warp::MmaSimt<cutlass::gemm::GemmShape<(int)32, (int)64, (int)8>, float, cutlass::layout::ColumnMajor, float, cutlass::layout::RowMajor, float, cutlass::layout::RowMajor, cutlass::gemm::warp::MmaSimtPolicy<cutlass::MatrixShape<(int)4, (int)8>, cutlass::layout::RowMajorInterleaved<(int)2>, cutlass::gemm::GemmShape<(int)4, (int)4, (int)1>>, (int)1, (cutlass::ComplexTransform)0, (cutlass::ComplexTransform)0, bool>, cutlass::MatrixShape<(int)4, (int)0>, cutlass::MatrixShape<(int)0, (int)0>, (int)1>, cutlass::NumericArrayConverter<float, float, (int)4, (cutlass::FloatRoundStyle)2, cutlass::transform::thread::UnaryTransform::Identity>, cutlass::NumericArrayConverter<float, float, (int)4, (cutlass::FloatRoundStyle)2, cutlass::transform::thread::UnaryTransform::Identity>, bool>, cutlass::epilogue::threadblock::Epilogue<cutlass::gemm::GemmShape<(int)128, (int)128, (int)8>, cutlass::gemm::warp::MmaSimt<cutlass::gemm::GemmShape<(int)32, (int)64, (int)8>, float, cutlass::layout::ColumnMajor, float, cutlass::layout::RowMajor, float, cutlass::layout::RowMajor, cutlass::gemm::warp::MmaSimtPolicy<cutlass::MatrixShape<(int)4, (int)8>, cutlass::layout::RowMajorInterleaved<(int)2>, cutlass::gemm::GemmShape<(int)4, (int)4, (int)1>>, (int)1, (cutlass::ComplexTransform)0, (cutlass::ComplexTransform)0, bool>, (int)1, cutlass::epilogue::threadblock::PredicatedTileIterator<cutlass::epilogue::threadblock::OutputTileOptimalThreadMap<cutlass::epilogue::threadblock::OutputTileShape<(int)128, (int)1, (int)4, (int)4, (int)1>, cutlass::epilogue::threadblock::OutputTileShape<(int)1, (int)4, (int)2, (int)1, (int)8>, (int)256, (int)1, (int)32>, float, (bool)0, cutlass::layout::NoPermute, (bool)0>, cutlass::epilogue::warp::FragmentIteratorSimt<cutlass::gemm::GemmShape<(int)32, (int)64, (int)8>, cutlass::gemm::thread::Mma<cutlass::gemm::GemmShape<(int)8, (int)8, (int)1>, float, cutlass::layout::ColumnMajor, float, cutlass::layout::RowMajor, float, cutlass::layout::RowMajor, cutlass::arch::OpMultiplyAdd, bool>, cutlass::layout::RowMajor, cutlass::gemm::warp::MmaSimtPolicy<cutlass::MatrixShape<(int)4, (int)8>, cutlass::layout::RowMajorInterleaved<(int)2>, cutlass::gemm::GemmShape<(int)4, (int)4, (int)1>>>, cutlass::epilogue::warp::TileIteratorSimt<cutlass::gemm::GemmShape<(int)32, (int)64, (int)8>, cutlass::gemm::thread::Mma<cutlass::gemm::GemmShape<(int)8, (int)8, (int)1>, float, cutlass::layout::ColumnMajor, float, cutlass::layout::RowMajor, float, cutlass::layout::RowMajor, cutlass::arch::OpMultiplyAdd, bool>, float, cutlass::layout::RowMajor, cutlass::gemm::warp::MmaSimtPolicy<cutlass::MatrixShape<(int)4, (int)8>, cutlass::layout::RowMajorInterleaved<(int)2>, cutlass::gemm::GemmShape<(int)4, (int)4, (int)1>>>, cutlass::epilogue::threadblock::SharedLoadIterator<cutlass::epilogue::threadblock::OutputTileOptimalThreadMap<cutlass::epilogue::threadblock::OutputTileShape<(int)128, (int)1, (int)4, (int)4, (int)1>, cutlass::epilogue::threadblock::OutputTileShape<(int)1, (int)4, (int)2, (int)1, (int)8>, (int)256, (int)1, (int)32>::CompactedThreadMap, float, (int)4>, cutlass::epilogue::thread::LinearCombination<float, (int)1, float, float, (cutlass::epilogue::thread::ScaleType::Kind)0, (cutlass::FloatRoundStyle)2, float>, cutlass::MatrixShape<(int)0, (int)17>, (int)1, (int)1>, cutlass::gemm::threadblock::GemmBatchedIdentityThreadblockSwizzle, (cutlass::gemm::kernel::GroupScheduleMode)0, (bool)0>>(T1::Params)"
975009312,7776,1110,1024,1,1,256,1,1,40,0.000,0.000,,,,,NVIDIA GeForce RTX 3080 (0),1,,13,"void raggedroute::benchmark::library_baseline::<unnamed>::finalize_routing<(bool)1>(const float *, float *, const float *, const int *, int, int, int)"
975019648,8704,1115,2,32,2,128,1,1,86,0.033,0.000,,,,,NVIDIA GeForce RTX 3080 (0),1,,13,ampere_sgemm_32x32_sliced1x4_nn
975031584,2112,1118,2,64,1,32,16,1,43,0.000,0.000,,,,,NVIDIA GeForce RTX 3080 (0),1,,13,"void cublasLt::splitKreduce_kernel<(int)32, (int)16, int, float, float, float, float, (bool)0, float, float, float, (bool)1, (bool)0, (bool)0, (bool)0>(cublasLt::cublasSplitKParams<T6>, const T4 *, const T10 *, T9 *, T5 *, const T6 *, const T6 *, const T11 *, const T4 *, T11 *, void *, long long, T6 *, int *, T6 *, T6 *, const T6 *, const T6 *, const T6 *, const T6 *, const T6 *)"
975036928,18943,1121,1024,1,1,32,1,1,32,0.001,0.000,,,,,NVIDIA GeForce RTX 3080 (0),1,,13,"raggedroute::benchmark::library_baseline::<unnamed>::cub_block_radix_top2_kernel(const float *, int *, float *, int, int)"
975062335,1152,1135,1,1,1,256,1,1,16,0.000,0.000,,,,,NVIDIA GeForce RTX 3080 (0),1,,13,"void cub::_V_300304_SM_860::detail::histogram::DeviceHistogramInitKernel<cub::_V_300304_SM_860::detail::histogram::policy_hub<int, int, (int)1, (int)1, (bool)1>::Policy1000, (int)1, int, int>(cuda::std::__4::array<int, T2>, cuda::std::__4::array<T3 *, T2>, cub::_V_300304_SM_860::GridQueue<int>)"
975066111,5728,1138,1,1,1,384,1,1,54,0.001,0.000,,,,,NVIDIA GeForce RTX 3080 (0),1,,13,"void cub::_V_300304_SM_860::detail::histogram::DeviceHistogramSweepKernel<cub::_V_300304_SM_860::detail::histogram::policy_hub<int, int, (int)1, (int)1, (bool)1>::Policy1000, (int)256, (int)1, (int)1, const int *, int, cub::_V_300304_SM_860::detail::histogram::Transforms<int, int, int>::ScaleTransform, cub::_V_300304_SM_860::detail::histogram::Transforms<int, int, int>::PassThruTransform, int>(T5, cuda::std::__4::array<int, T4>, cuda::std::__4::array<int, T4>, cuda::std::__4::array<T6 *, T4>, cuda::std::__4::array<T6 *, T4>, cuda::std::__4::array<T8, T4>, cuda::std::__4::array<T7, T4>, T9, T9, T9, int, cub::_V_300304_SM_860::GridQueue<int>)"
975074591,1472,1145,1,1,1,128,1,1,16,0.001,0.000,,,,,NVIDIA GeForce RTX 3080 (0),1,,13,"void raggedroute::benchmark::library_baseline::<unnamed>::block_scan_kernel<(int)128>(const int *, int *, int)"
975078559,7520,1156,1,1,1,256,1,1,128,0.034,0.000,,,,,NVIDIA GeForce RTX 3080 (0),1,,13,"void cub::_V_300304_SM_860::detail::radix_sort::DeviceRadixSortSingleTileKernel<cub::_V_300304_SM_860::detail::radix_sort::policy_selector_from_types<int, int, unsigned int>, (cub::_V_300304_SM_860::SortOrder)0, int, int, unsigned int, cub::_V_300304_SM_860::detail::identity_decomposer_t>(const T3 *, T3 *, const T4 *, T4 *, T5, int, int, T6)"
975090046,3072,1162,1,1,1,256,1,1,16,0.000,0.000,,,,,NVIDIA GeForce RTX 3080 (0),1,,13,"raggedroute::benchmark::library_baseline::<unnamed>::compute_expert_offsets(const int *, int, int, long long *)"
975095710,5184,1169,2048,1,1,256,1,1,18,0.000,0.000,,,,,NVIDIA GeForce RTX 3080 (0),1,,13,"void raggedroute::benchmark::library_baseline::<unnamed>::expand_rows<(bool)1>(const float *, float *, const int *, int *, int *, int, int, int)"
975104542,138269,1172,68,1,1,256,1,1,144,0.000,0.017,,,,,NVIDIA GeForce RTX 3080 (0),1,,13,"void cutlass::Kernel<cutlass::gemm::kernel::GemmGrouped<cutlass::gemm::threadblock::MmaPipelined<cutlass::gemm::GemmShape<(int)128, (int)128, (int)8>, cutlass::transform::threadblock::PredicatedTileIterator<cutlass::MatrixShape<(int)128, (int)8>, float, cutlass::layout::RowMajor, (int)1, cutlass::transform::PitchLinearStripminedThreadMap<cutlass::PitchLinearShape<(int)8, (int)128>, (int)256, (int)1>, (int)1, (bool)0, cutlass::layout::NoPermute>, cutlass::transform::threadblock::RegularTileIterator<cutlass::MatrixShape<(int)128, (int)8>, float, cutlass::layout::ColumnMajor, (int)1, cutlass::transform::TransposePitchLinearThreadMapSimt<cutlass::transform::PitchLinearStripminedThreadMap<cutlass::PitchLinearShape<(int)8, (int)128>, (int)256, (int)1>>, (int)4>, cutlass::transform::threadblock::PredicatedTileIterator<cutlass::MatrixShape<(int)8, (int)128>, float, cutlass::layout::RowMajor, (int)0, cutlass::transform::PitchLinearStripminedThreadMap<cutlass::PitchLinearShape<(int)128, (int)8>, (int)256, (int)1>, (int)1, (bool)0, cutlass::layout::NoPermute>, cutlass::transform::threadblock::RegularTileIterator<cutlass::MatrixShape<(int)8, (int)128>, float, cutlass::layout::RowMajor, (int)0, cutlass::transform::PitchLinearStripminedThreadMap<cutlass::PitchLinearShape<(int)128, (int)8>, (int)256, (int)1>, (int)4>, float, cutlass::layout::RowMajor, cutlass::gemm::threadblock::MmaPolicy<cutlass::gemm::warp::MmaSimt<cutlass::gemm::GemmShape<(int)32, (int)64, (int)8>, float, cutlass::layout::ColumnMajor, float, cutlass::layout::RowMajor, float, cutlass::layout::RowMajor, cutlass::gemm::warp::MmaSimtPolicy<cutlass::MatrixShape<(int)4, (int)8>, cutlass::layout::RowMajorInterleaved<(int)2>, cutlass::gemm::GemmShape<(int)4, (int)4, (int)1>>, (int)1, (cutlass::ComplexTransform)0, (cutlass::ComplexTransform)0, bool>, cutlass::MatrixShape<(int)4, (int)0>, cutlass::MatrixShape<(int)0, (int)0>, (int)1>, cutlass::NumericArrayConverter<float, float, (int)4, (cutlass::FloatRoundStyle)2, cutlass::transform::thread::UnaryTransform::Identity>, cutlass::NumericArrayConverter<float, float, (int)4, (cutlass::FloatRoundStyle)2, cutlass::transform::thread::UnaryTransform::Identity>, bool>, cutlass::epilogue::threadblock::Epilogue<cutlass::gemm::GemmShape<(int)128, (int)128, (int)8>, cutlass::gemm::warp::MmaSimt<cutlass::gemm::GemmShape<(int)32, (int)64, (int)8>, float, cutlass::layout::ColumnMajor, float, cutlass::layout::RowMajor, float, cutlass::layout::RowMajor, cutlass::gemm::warp::MmaSimtPolicy<cutlass::MatrixShape<(int)4, (int)8>, cutlass::layout::RowMajorInterleaved<(int)2>, cutlass::gemm::GemmShape<(int)4, (int)4, (int)1>>, (int)1, (cutlass::ComplexTransform)0, (cutlass::ComplexTransform)0, bool>, (int)1, cutlass::epilogue::threadblock::PredicatedTileIterator<cutlass::epilogue::threadblock::OutputTileOptimalThreadMap<cutlass::epilogue::threadblock::OutputTileShape<(int)128, (int)1, (int)4, (int)4, (int)1>, cutlass::epilogue::threadblock::OutputTileShape<(int)1, (int)4, (int)2, (int)1, (int)8>, (int)256, (int)1, (int)32>, float, (bool)0, cutlass::layout::NoPermute, (bool)0>, cutlass::epilogue::warp::FragmentIteratorSimt<cutlass::gemm::GemmShape<(int)32, (int)64, (int)8>, cutlass::gemm::thread::Mma<cutlass::gemm::GemmShape<(int)8, (int)8, (int)1>, float, cutlass::layout::ColumnMajor, float, cutlass::layout::RowMajor, float, cutlass::layout::RowMajor, cutlass::arch::OpMultiplyAdd, bool>, cutlass::layout::RowMajor, cutlass::gemm::warp::MmaSimtPolicy<cutlass::MatrixShape<(int)4, (int)8>, cutlass::layout::RowMajorInterleaved<(int)2>, cutlass::gemm::GemmShape<(int)4, (int)4, (int)1>>>, cutlass::epilogue::warp::TileIteratorSimt<cutlass::gemm::GemmShape<(int)32, (int)64, (int)8>, cutlass::gemm::thread::Mma<cutlass::gemm::GemmShape<(int)8, (int)8, (int)1>, float, cutlass::layout::ColumnMajor, float, cutlass::layout::RowMajor, float, cutlass::layout::RowMajor, cutlass::arch::OpMultiplyAdd, bool>, float, cutlass::layout::RowMajor, cutlass::gemm::warp::MmaSimtPolicy<cutlass::MatrixShape<(int)4, (int)8>, cutlass::layout::RowMajorInterleaved<(int)2>, cutlass::gemm::GemmShape<(int)4, (int)4, (int)1>>>, cutlass::epilogue::threadblock::SharedLoadIterator<cutlass::epilogue::threadblock::OutputTileOptimalThreadMap<cutlass::epilogue::threadblock::OutputTileShape<(int)128, (int)1, (int)4, (int)4, (int)1>, cutlass::epilogue::threadblock::OutputTileShape<(int)1, (int)4, (int)2, (int)1, (int)8>, (int)256, (int)1, (int)32>::CompactedThreadMap, float, (int)4>, cutlass::epilogue::thread::LinearCombination<float, (int)1, float, float, (cutlass::epilogue::thread::ScaleType::Kind)0, (cutlass::FloatRoundStyle)2, float>, cutlass::MatrixShape<(int)0, (int)17>, (int)1, (int)1>, cutlass::gemm::threadblock::GemmBatchedIdentityThreadblockSwizzle, (cutlass::gemm::kernel::GroupScheduleMode)0, (bool)0>>(T1::Params)"
975246107,7776,1175,1024,1,1,256,1,1,40,0.000,0.000,,,,,NVIDIA GeForce RTX 3080 (0),1,,13,"void raggedroute::benchmark::library_baseline::<unnamed>::finalize_routing<(bool)1>(const float *, float *, const float *, const int *, int, int, int)"
975258043,8768,1180,2,32,2,128,1,1,86,0.033,0.000,,,,,NVIDIA GeForce RTX 3080 (0),1,,13,ampere_sgemm_32x32_sliced1x4_nn
975269851,2016,1183,2,64,1,32,16,1,43,0.000,0.000,,,,,NVIDIA GeForce RTX 3080 (0),1,,13,"void cublasLt::splitKreduce_kernel<(int)32, (int)16, int, float, float, float, float, (bool)0, float, float, float, (bool)1, (bool)0, (bool)0, (bool)0>(cublasLt::cublasSplitKParams<T6>, const T4 *, const T10 *, T9 *, T5 *, const T6 *, const T6 *, const T11 *, const T4 *, T11 *, void *, long long, T6 *, int *, T6 *, T6 *, const T6 *, const T6 *, const T6 *, const T6 *, const T6 *)"
975275355,18975,1186,1024,1,1,32,1,1,32,0.001,0.000,,,,,NVIDIA GeForce RTX 3080 (0),1,,13,"raggedroute::benchmark::library_baseline::<unnamed>::cub_block_radix_top2_kernel(const float *, int *, float *, int, int)"
975296954,1120,1200,1,1,1,256,1,1,16,0.000,0.000,,,,,NVIDIA GeForce RTX 3080 (0),1,,13,"void cub::_V_300304_SM_860::detail::histogram::DeviceHistogramInitKernel<cub::_V_300304_SM_860::detail::histogram::policy_hub<int, int, (int)1, (int)1, (bool)1>::Policy1000, (int)1, int, int>(cuda::std::__4::array<int, T2>, cuda::std::__4::array<T3 *, T2>, cub::_V_300304_SM_860::GridQueue<int>)"
975301786,5664,1203,1,1,1,384,1,1,54,0.001,0.000,,,,,NVIDIA GeForce RTX 3080 (0),1,,13,"void cub::_V_300304_SM_860::detail::histogram::DeviceHistogramSweepKernel<cub::_V_300304_SM_860::detail::histogram::policy_hub<int, int, (int)1, (int)1, (bool)1>::Policy1000, (int)256, (int)1, (int)1, const int *, int, cub::_V_300304_SM_860::detail::histogram::Transforms<int, int, int>::ScaleTransform, cub::_V_300304_SM_860::detail::histogram::Transforms<int, int, int>::PassThruTransform, int>(T5, cuda::std::__4::array<int, T4>, cuda::std::__4::array<int, T4>, cuda::std::__4::array<T6 *, T4>, cuda::std::__4::array<T6 *, T4>, cuda::std::__4::array<T8, T4>, cuda::std::__4::array<T7, T4>, T9, T9, T9, int, cub::_V_300304_SM_860::GridQueue<int>)"
975310074,1472,1210,1,1,1,128,1,1,16,0.001,0.000,,,,,NVIDIA GeForce RTX 3080 (0),1,,13,"void raggedroute::benchmark::library_baseline::<unnamed>::block_scan_kernel<(int)128>(const int *, int *, int)"
975314042,7520,1221,1,1,1,256,1,1,128,0.034,0.000,,,,,NVIDIA GeForce RTX 3080 (0),1,,13,"void cub::_V_300304_SM_860::detail::radix_sort::DeviceRadixSortSingleTileKernel<cub::_V_300304_SM_860::detail::radix_sort::policy_selector_from_types<int, int, unsigned int>, (cub::_V_300304_SM_860::SortOrder)0, int, int, unsigned int, cub::_V_300304_SM_860::detail::identity_decomposer_t>(const T3 *, T3 *, const T4 *, T4 *, T5, int, int, T6)"
975327194,3103,1227,1,1,1,256,1,1,16,0.000,0.000,,,,,NVIDIA GeForce RTX 3080 (0),1,,13,"raggedroute::benchmark::library_baseline::<unnamed>::compute_expert_offsets(const int *, int, int, long long *)"
975336697,5152,1234,2048,1,1,256,1,1,18,0.000,0.000,,,,,NVIDIA GeForce RTX 3080 (0),1,,13,"void raggedroute::benchmark::library_baseline::<unnamed>::expand_rows<(bool)1>(const float *, float *, const int *, int *, int *, int, int, int)"
975345209,138141,1237,68,1,1,256,1,1,144,0.000,0.017,,,,,NVIDIA GeForce RTX 3080 (0),1,,13,"void cutlass::Kernel<cutlass::gemm::kernel::GemmGrouped<cutlass::gemm::threadblock::MmaPipelined<cutlass::gemm::GemmShape<(int)128, (int)128, (int)8>, cutlass::transform::threadblock::PredicatedTileIterator<cutlass::MatrixShape<(int)128, (int)8>, float, cutlass::layout::RowMajor, (int)1, cutlass::transform::PitchLinearStripminedThreadMap<cutlass::PitchLinearShape<(int)8, (int)128>, (int)256, (int)1>, (int)1, (bool)0, cutlass::layout::NoPermute>, cutlass::transform::threadblock::RegularTileIterator<cutlass::MatrixShape<(int)128, (int)8>, float, cutlass::layout::ColumnMajor, (int)1, cutlass::transform::TransposePitchLinearThreadMapSimt<cutlass::transform::PitchLinearStripminedThreadMap<cutlass::PitchLinearShape<(int)8, (int)128>, (int)256, (int)1>>, (int)4>, cutlass::transform::threadblock::PredicatedTileIterator<cutlass::MatrixShape<(int)8, (int)128>, float, cutlass::layout::RowMajor, (int)0, cutlass::transform::PitchLinearStripminedThreadMap<cutlass::PitchLinearShape<(int)128, (int)8>, (int)256, (int)1>, (int)1, (bool)0, cutlass::layout::NoPermute>, cutlass::transform::threadblock::RegularTileIterator<cutlass::MatrixShape<(int)8, (int)128>, float, cutlass::layout::RowMajor, (int)0, cutlass::transform::PitchLinearStripminedThreadMap<cutlass::PitchLinearShape<(int)128, (int)8>, (int)256, (int)1>, (int)4>, float, cutlass::layout::RowMajor, cutlass::gemm::threadblock::MmaPolicy<cutlass::gemm::warp::MmaSimt<cutlass::gemm::GemmShape<(int)32, (int)64, (int)8>, float, cutlass::layout::ColumnMajor, float, cutlass::layout::RowMajor, float, cutlass::layout::RowMajor, cutlass::gemm::warp::MmaSimtPolicy<cutlass::MatrixShape<(int)4, (int)8>, cutlass::layout::RowMajorInterleaved<(int)2>, cutlass::gemm::GemmShape<(int)4, (int)4, (int)1>>, (int)1, (cutlass::ComplexTransform)0, (cutlass::ComplexTransform)0, bool>, cutlass::MatrixShape<(int)4, (int)0>, cutlass::MatrixShape<(int)0, (int)0>, (int)1>, cutlass::NumericArrayConverter<float, float, (int)4, (cutlass::FloatRoundStyle)2, cutlass::transform::thread::UnaryTransform::Identity>, cutlass::NumericArrayConverter<float, float, (int)4, (cutlass::FloatRoundStyle)2, cutlass::transform::thread::UnaryTransform::Identity>, bool>, cutlass::epilogue::threadblock::Epilogue<cutlass::gemm::GemmShape<(int)128, (int)128, (int)8>, cutlass::gemm::warp::MmaSimt<cutlass::gemm::GemmShape<(int)32, (int)64, (int)8>, float, cutlass::layout::ColumnMajor, float, cutlass::layout::RowMajor, float, cutlass::layout::RowMajor, cutlass::gemm::warp::MmaSimtPolicy<cutlass::MatrixShape<(int)4, (int)8>, cutlass::layout::RowMajorInterleaved<(int)2>, cutlass::gemm::GemmShape<(int)4, (int)4, (int)1>>, (int)1, (cutlass::ComplexTransform)0, (cutlass::ComplexTransform)0, bool>, (int)1, cutlass::epilogue::threadblock::PredicatedTileIterator<cutlass::epilogue::threadblock::OutputTileOptimalThreadMap<cutlass::epilogue::threadblock::OutputTileShape<(int)128, (int)1, (int)4, (int)4, (int)1>, cutlass::epilogue::threadblock::OutputTileShape<(int)1, (int)4, (int)2, (int)1, (int)8>, (int)256, (int)1, (int)32>, float, (bool)0, cutlass::layout::NoPermute, (bool)0>, cutlass::epilogue::warp::FragmentIteratorSimt<cutlass::gemm::GemmShape<(int)32, (int)64, (int)8>, cutlass::gemm::thread::Mma<cutlass::gemm::GemmShape<(int)8, (int)8, (int)1>, float, cutlass::layout::ColumnMajor, float, cutlass::layout::RowMajor, float, cutlass::layout::RowMajor, cutlass::arch::OpMultiplyAdd, bool>, cutlass::layout::RowMajor, cutlass::gemm::warp::MmaSimtPolicy<cutlass::MatrixShape<(int)4, (int)8>, cutlass::layout::RowMajorInterleaved<(int)2>, cutlass::gemm::GemmShape<(int)4, (int)4, (int)1>>>, cutlass::epilogue::warp::TileIteratorSimt<cutlass::gemm::GemmShape<(int)32, (int)64, (int)8>, cutlass::gemm::thread::Mma<cutlass::gemm::GemmShape<(int)8, (int)8, (int)1>, float, cutlass::layout::ColumnMajor, float, cutlass::layout::RowMajor, float, cutlass::layout::RowMajor, cutlass::arch::OpMultiplyAdd, bool>, float, cutlass::layout::RowMajor, cutlass::gemm::warp::MmaSimtPolicy<cutlass::MatrixShape<(int)4, (int)8>, cutlass::layout::RowMajorInterleaved<(int)2>, cutlass::gemm::GemmShape<(int)4, (int)4, (int)1>>>, cutlass::epilogue::threadblock::SharedLoadIterator<cutlass::epilogue::threadblock::OutputTileOptimalThreadMap<cutlass::epilogue::threadblock::OutputTileShape<(int)128, (int)1, (int)4, (int)4, (int)1>, cutlass::epilogue::threadblock::OutputTileShape<(int)1, (int)4, (int)2, (int)1, (int)8>, (int)256, (int)1, (int)32>::CompactedThreadMap, float, (int)4>, cutlass::epilogue::thread::LinearCombination<float, (int)1, float, float, (cutlass::epilogue::thread::ScaleType::Kind)0, (cutlass::FloatRoundStyle)2, float>, cutlass::MatrixShape<(int)0, (int)17>, (int)1, (int)1>, cutlass::gemm::threadblock::GemmBatchedIdentityThreadblockSwizzle, (cutlass::gemm::kernel::GroupScheduleMode)0, (bool)0>>(T1::Params)"
975486678,8064,1240,1024,1,1,256,1,1,40,0.000,0.000,,,,,NVIDIA GeForce RTX 3080 (0),1,,13,"void raggedroute::benchmark::library_baseline::<unnamed>::finalize_routing<(bool)1>(const float *, float *, const float *, const int *, int, int, int)"
975497462,8672,1245,2,32,2,128,1,1,86,0.033,0.000,,,,,NVIDIA GeForce RTX 3080 (0),1,,13,ampere_sgemm_32x32_sliced1x4_nn
975511030,2080,1248,2,64,1,32,16,1,43,0.000,0.000,,,,,NVIDIA GeForce RTX 3080 (0),1,,13,"void cublasLt::splitKreduce_kernel<(int)32, (int)16, int, float, float, float, float, (bool)0, float, float, float, (bool)1, (bool)0, (bool)0, (bool)0>(cublasLt::cublasSplitKParams<T6>, const T4 *, const T10 *, T9 *, T5 *, const T6 *, const T6 *, const T11 *, const T4 *, T11 *, void *, long long, T6 *, int *, T6 *, T6 *, const T6 *, const T6 *, const T6 *, const T6 *, const T6 *)"
975519222,18975,1251,1024,1,1,32,1,1,32,0.001,0.000,,,,,NVIDIA GeForce RTX 3080 (0),1,,13,"raggedroute::benchmark::library_baseline::<unnamed>::cub_block_radix_top2_kernel(const float *, int *, float *, int, int)"
975543637,1120,1265,1,1,1,256,1,1,16,0.000,0.000,,,,,NVIDIA GeForce RTX 3080 (0),1,,13,"void cub::_V_300304_SM_860::detail::histogram::DeviceHistogramInitKernel<cub::_V_300304_SM_860::detail::histogram::policy_hub<int, int, (int)1, (int)1, (bool)1>::Policy1000, (int)1, int, int>(cuda::std::__4::array<int, T2>, cuda::std::__4::array<T3 *, T2>, cub::_V_300304_SM_860::GridQueue<int>)"
975547349,5696,1268,1,1,1,384,1,1,54,0.001,0.000,,,,,NVIDIA GeForce RTX 3080 (0),1,,13,"void cub::_V_300304_SM_860::detail::histogram::DeviceHistogramSweepKernel<cub::_V_300304_SM_860::detail::histogram::policy_hub<int, int, (int)1, (int)1, (bool)1>::Policy1000, (int)256, (int)1, (int)1, const int *, int, cub::_V_300304_SM_860::detail::histogram::Transforms<int, int, int>::ScaleTransform, cub::_V_300304_SM_860::detail::histogram::Transforms<int, int, int>::PassThruTransform, int>(T5, cuda::std::__4::array<int, T4>, cuda::std::__4::array<int, T4>, cuda::std::__4::array<T6 *, T4>, cuda::std::__4::array<T6 *, T4>, cuda::std::__4::array<T8, T4>, cuda::std::__4::array<T7, T4>, T9, T9, T9, int, cub::_V_300304_SM_860::GridQueue<int>)"
975556693,1472,1275,1,1,1,128,1,1,16,0.001,0.000,,,,,NVIDIA GeForce RTX 3080 (0),1,,13,"void raggedroute::benchmark::library_baseline::<unnamed>::block_scan_kernel<(int)128>(const int *, int *, int)"
975560629,7520,1286,1,1,1,256,1,1,128,0.034,0.000,,,,,NVIDIA GeForce RTX 3080 (0),1,,13,"void cub::_V_300304_SM_860::detail::radix_sort::DeviceRadixSortSingleTileKernel<cub::_V_300304_SM_860::detail::radix_sort::policy_selector_from_types<int, int, unsigned int>, (cub::_V_300304_SM_860::SortOrder)0, int, int, unsigned int, cub::_V_300304_SM_860::detail::identity_decomposer_t>(const T3 *, T3 *, const T4 *, T4 *, T5, int, int, T6)"
975570868,3104,1292,1,1,1,256,1,1,16,0.000,0.000,,,,,NVIDIA GeForce RTX 3080 (0),1,,13,"raggedroute::benchmark::library_baseline::<unnamed>::compute_expert_offsets(const int *, int, int, long long *)"
975576500,5152,1299,2048,1,1,256,1,1,18,0.000,0.000,,,,,NVIDIA GeForce RTX 3080 (0),1,,13,"void raggedroute::benchmark::library_baseline::<unnamed>::expand_rows<(bool)1>(const float *, float *, const int *, int *, int *, int, int, int)"
975586068,138045,1302,68,1,1,256,1,1,144,0.000,0.017,,,,,NVIDIA GeForce RTX 3080 (0),1,,13,"void cutlass::Kernel<cutlass::gemm::kernel::GemmGrouped<cutlass::gemm::threadblock::MmaPipelined<cutlass::gemm::GemmShape<(int)128, (int)128, (int)8>, cutlass::transform::threadblock::PredicatedTileIterator<cutlass::MatrixShape<(int)128, (int)8>, float, cutlass::layout::RowMajor, (int)1, cutlass::transform::PitchLinearStripminedThreadMap<cutlass::PitchLinearShape<(int)8, (int)128>, (int)256, (int)1>, (int)1, (bool)0, cutlass::layout::NoPermute>, cutlass::transform::threadblock::RegularTileIterator<cutlass::MatrixShape<(int)128, (int)8>, float, cutlass::layout::ColumnMajor, (int)1, cutlass::transform::TransposePitchLinearThreadMapSimt<cutlass::transform::PitchLinearStripminedThreadMap<cutlass::PitchLinearShape<(int)8, (int)128>, (int)256, (int)1>>, (int)4>, cutlass::transform::threadblock::PredicatedTileIterator<cutlass::MatrixShape<(int)8, (int)128>, float, cutlass::layout::RowMajor, (int)0, cutlass::transform::PitchLinearStripminedThreadMap<cutlass::PitchLinearShape<(int)128, (int)8>, (int)256, (int)1>, (int)1, (bool)0, cutlass::layout::NoPermute>, cutlass::transform::threadblock::RegularTileIterator<cutlass::MatrixShape<(int)8, (int)128>, float, cutlass::layout::RowMajor, (int)0, cutlass::transform::PitchLinearStripminedThreadMap<cutlass::PitchLinearShape<(int)128, (int)8>, (int)256, (int)1>, (int)4>, float, cutlass::layout::RowMajor, cutlass::gemm::threadblock::MmaPolicy<cutlass::gemm::warp::MmaSimt<cutlass::gemm::GemmShape<(int)32, (int)64, (int)8>, float, cutlass::layout::ColumnMajor, float, cutlass::layout::RowMajor, float, cutlass::layout::RowMajor, cutlass::gemm::warp::MmaSimtPolicy<cutlass::MatrixShape<(int)4, (int)8>, cutlass::layout::RowMajorInterleaved<(int)2>, cutlass::gemm::GemmShape<(int)4, (int)4, (int)1>>, (int)1, (cutlass::ComplexTransform)0, (cutlass::ComplexTransform)0, bool>, cutlass::MatrixShape<(int)4, (int)0>, cutlass::MatrixShape<(int)0, (int)0>, (int)1>, cutlass::NumericArrayConverter<float, float, (int)4, (cutlass::FloatRoundStyle)2, cutlass::transform::thread::UnaryTransform::Identity>, cutlass::NumericArrayConverter<float, float, (int)4, (cutlass::FloatRoundStyle)2, cutlass::transform::thread::UnaryTransform::Identity>, bool>, cutlass::epilogue::threadblock::Epilogue<cutlass::gemm::GemmShape<(int)128, (int)128, (int)8>, cutlass::gemm::warp::MmaSimt<cutlass::gemm::GemmShape<(int)32, (int)64, (int)8>, float, cutlass::layout::ColumnMajor, float, cutlass::layout::RowMajor, float, cutlass::layout::RowMajor, cutlass::gemm::warp::MmaSimtPolicy<cutlass::MatrixShape<(int)4, (int)8>, cutlass::layout::RowMajorInterleaved<(int)2>, cutlass::gemm::GemmShape<(int)4, (int)4, (int)1>>, (int)1, (cutlass::ComplexTransform)0, (cutlass::ComplexTransform)0, bool>, (int)1, cutlass::epilogue::threadblock::PredicatedTileIterator<cutlass::epilogue::threadblock::OutputTileOptimalThreadMap<cutlass::epilogue::threadblock::OutputTileShape<(int)128, (int)1, (int)4, (int)4, (int)1>, cutlass::epilogue::threadblock::OutputTileShape<(int)1, (int)4, (int)2, (int)1, (int)8>, (int)256, (int)1, (int)32>, float, (bool)0, cutlass::layout::NoPermute, (bool)0>, cutlass::epilogue::warp::FragmentIteratorSimt<cutlass::gemm::GemmShape<(int)32, (int)64, (int)8>, cutlass::gemm::thread::Mma<cutlass::gemm::GemmShape<(int)8, (int)8, (int)1>, float, cutlass::layout::ColumnMajor, float, cutlass::layout::RowMajor, float, cutlass::layout::RowMajor, cutlass::arch::OpMultiplyAdd, bool>, cutlass::layout::RowMajor, cutlass::gemm::warp::MmaSimtPolicy<cutlass::MatrixShape<(int)4, (int)8>, cutlass::layout::RowMajorInterleaved<(int)2>, cutlass::gemm::GemmShape<(int)4, (int)4, (int)1>>>, cutlass::epilogue::warp::TileIteratorSimt<cutlass::gemm::GemmShape<(int)32, (int)64, (int)8>, cutlass::gemm::thread::Mma<cutlass::gemm::GemmShape<(int)8, (int)8, (int)1>, float, cutlass::layout::ColumnMajor, float, cutlass::layout::RowMajor, float, cutlass::layout::RowMajor, cutlass::arch::OpMultiplyAdd, bool>, float, cutlass::layout::RowMajor, cutlass::gemm::warp::MmaSimtPolicy<cutlass::MatrixShape<(int)4, (int)8>, cutlass::layout::RowMajorInterleaved<(int)2>, cutlass::gemm::GemmShape<(int)4, (int)4, (int)1>>>, cutlass::epilogue::threadblock::SharedLoadIterator<cutlass::epilogue::threadblock::OutputTileOptimalThreadMap<cutlass::epilogue::threadblock::OutputTileShape<(int)128, (int)1, (int)4, (int)4, (int)1>, cutlass::epilogue::threadblock::OutputTileShape<(int)1, (int)4, (int)2, (int)1, (int)8>, (int)256, (int)1, (int)32>::CompactedThreadMap, float, (int)4>, cutlass::epilogue::thread::LinearCombination<float, (int)1, float, float, (cutlass::epilogue::thread::ScaleType::Kind)0, (cutlass::FloatRoundStyle)2, float>, cutlass::MatrixShape<(int)0, (int)17>, (int)1, (int)1>, cutlass::gemm::threadblock::GemmBatchedIdentityThreadblockSwizzle, (cutlass::gemm::kernel::GroupScheduleMode)0, (bool)0>>(T1::Params)"
975727441,7840,1305,1024,1,1,256,1,1,40,0.000,0.000,,,,,NVIDIA GeForce RTX 3080 (0),1,,13,"void raggedroute::benchmark::library_baseline::<unnamed>::finalize_routing<(bool)1>(const float *, float *, const float *, const int *, int, int, int)"
975737777,8768,1310,2,32,2,128,1,1,86,0.033,0.000,,,,,NVIDIA GeForce RTX 3080 (0),1,,13,ampere_sgemm_32x32_sliced1x4_nn
975749745,2176,1313,2,64,1,32,16,1,43,0.000,0.000,,,,,NVIDIA GeForce RTX 3080 (0),1,,13,"void cublasLt::splitKreduce_kernel<(int)32, (int)16, int, float, float, float, float, (bool)0, float, float, float, (bool)1, (bool)0, (bool)0, (bool)0>(cublasLt::cublasSplitKParams<T6>, const T4 *, const T10 *, T9 *, T5 *, const T6 *, const T6 *, const T11 *, const T4 *, T11 *, void *, long long, T6 *, int *, T6 *, T6 *, const T6 *, const T6 *, const T6 *, const T6 *, const T6 *)"
975756305,18943,1316,1024,1,1,32,1,1,32,0.001,0.000,,,,,NVIDIA GeForce RTX 3080 (0),1,,13,"raggedroute::benchmark::library_baseline::<unnamed>::cub_block_radix_top2_kernel(const float *, int *, float *, int, int)"
975777872,1152,1330,1,1,1,256,1,1,16,0.000,0.000,,,,,NVIDIA GeForce RTX 3080 (0),1,,13,"void cub::_V_300304_SM_860::detail::histogram::DeviceHistogramInitKernel<cub::_V_300304_SM_860::detail::histogram::policy_hub<int, int, (int)1, (int)1, (bool)1>::Policy1000, (int)1, int, int>(cuda::std::__4::array<int, T2>, cuda::std::__4::array<T3 *, T2>, cub::_V_300304_SM_860::GridQueue<int>)"
975783408,5664,1333,1,1,1,384,1,1,54,0.001,0.000,,,,,NVIDIA GeForce RTX 3080 (0),1,,13,"void cub::_V_300304_SM_860::detail::histogram::DeviceHistogramSweepKernel<cub::_V_300304_SM_860::detail::histogram::policy_hub<int, int, (int)1, (int)1, (bool)1>::Policy1000, (int)256, (int)1, (int)1, const int *, int, cub::_V_300304_SM_860::detail::histogram::Transforms<int, int, int>::ScaleTransform, cub::_V_300304_SM_860::detail::histogram::Transforms<int, int, int>::PassThruTransform, int>(T5, cuda::std::__4::array<int, T4>, cuda::std::__4::array<int, T4>, cuda::std::__4::array<T6 *, T4>, cuda::std::__4::array<T6 *, T4>, cuda::std::__4::array<T8, T4>, cuda::std::__4::array<T7, T4>, T9, T9, T9, int, cub::_V_300304_SM_860::GridQueue<int>)"
975791728,1472,1340,1,1,1,128,1,1,16,0.001,0.000,,,,,NVIDIA GeForce RTX 3080 (0),1,,13,"void raggedroute::benchmark::library_baseline::<unnamed>::block_scan_kernel<(int)128>(const int *, int *, int)"
975795792,7488,1351,1,1,1,256,1,1,128,0.034,0.000,,,,,NVIDIA GeForce RTX 3080 (0),1,,13,"void cub::_V_300304_SM_860::detail::radix_sort::DeviceRadixSortSingleTileKernel<cub::_V_300304_SM_860::detail::radix_sort::policy_selector_from_types<int, int, unsigned int>, (cub::_V_300304_SM_860::SortOrder)0, int, int, unsigned int, cub::_V_300304_SM_860::detail::identity_decomposer_t>(const T3 *, T3 *, const T4 *, T4 *, T5, int, int, T6)"
975805904,3104,1357,1,1,1,256,1,1,16,0.000,0.000,,,,,NVIDIA GeForce RTX 3080 (0),1,,13,"raggedroute::benchmark::library_baseline::<unnamed>::compute_expert_offsets(const int *, int, int, long long *)"
975812975,5152,1364,2048,1,1,256,1,1,18,0.000,0.000,,,,,NVIDIA GeForce RTX 3080 (0),1,,13,"void raggedroute::benchmark::library_baseline::<unnamed>::expand_rows<(bool)1>(const float *, float *, const int *, int *, int *, int, int, int)"
975821647,137917,1367,68,1,1,256,1,1,144,0.000,0.017,,,,,NVIDIA GeForce RTX 3080 (0),1,,13,"void cutlass::Kernel<cutlass::gemm::kernel::GemmGrouped<cutlass::gemm::threadblock::MmaPipelined<cutlass::gemm::GemmShape<(int)128, (int)128, (int)8>, cutlass::transform::threadblock::PredicatedTileIterator<cutlass::MatrixShape<(int)128, (int)8>, float, cutlass::layout::RowMajor, (int)1, cutlass::transform::PitchLinearStripminedThreadMap<cutlass::PitchLinearShape<(int)8, (int)128>, (int)256, (int)1>, (int)1, (bool)0, cutlass::layout::NoPermute>, cutlass::transform::threadblock::RegularTileIterator<cutlass::MatrixShape<(int)128, (int)8>, float, cutlass::layout::ColumnMajor, (int)1, cutlass::transform::TransposePitchLinearThreadMapSimt<cutlass::transform::PitchLinearStripminedThreadMap<cutlass::PitchLinearShape<(int)8, (int)128>, (int)256, (int)1>>, (int)4>, cutlass::transform::threadblock::PredicatedTileIterator<cutlass::MatrixShape<(int)8, (int)128>, float, cutlass::layout::RowMajor, (int)0, cutlass::transform::PitchLinearStripminedThreadMap<cutlass::PitchLinearShape<(int)128, (int)8>, (int)256, (int)1>, (int)1, (bool)0, cutlass::layout::NoPermute>, cutlass::transform::threadblock::RegularTileIterator<cutlass::MatrixShape<(int)8, (int)128>, float, cutlass::layout::RowMajor, (int)0, cutlass::transform::PitchLinearStripminedThreadMap<cutlass::PitchLinearShape<(int)128, (int)8>, (int)256, (int)1>, (int)4>, float, cutlass::layout::RowMajor, cutlass::gemm::threadblock::MmaPolicy<cutlass::gemm::warp::MmaSimt<cutlass::gemm::GemmShape<(int)32, (int)64, (int)8>, float, cutlass::layout::ColumnMajor, float, cutlass::layout::RowMajor, float, cutlass::layout::RowMajor, cutlass::gemm::warp::MmaSimtPolicy<cutlass::MatrixShape<(int)4, (int)8>, cutlass::layout::RowMajorInterleaved<(int)2>, cutlass::gemm::GemmShape<(int)4, (int)4, (int)1>>, (int)1, (cutlass::ComplexTransform)0, (cutlass::ComplexTransform)0, bool>, cutlass::MatrixShape<(int)4, (int)0>, cutlass::MatrixShape<(int)0, (int)0>, (int)1>, cutlass::NumericArrayConverter<float, float, (int)4, (cutlass::FloatRoundStyle)2, cutlass::transform::thread::UnaryTransform::Identity>, cutlass::NumericArrayConverter<float, float, (int)4, (cutlass::FloatRoundStyle)2, cutlass::transform::thread::UnaryTransform::Identity>, bool>, cutlass::epilogue::threadblock::Epilogue<cutlass::gemm::GemmShape<(int)128, (int)128, (int)8>, cutlass::gemm::warp::MmaSimt<cutlass::gemm::GemmShape<(int)32, (int)64, (int)8>, float, cutlass::layout::ColumnMajor, float, cutlass::layout::RowMajor, float, cutlass::layout::RowMajor, cutlass::gemm::warp::MmaSimtPolicy<cutlass::MatrixShape<(int)4, (int)8>, cutlass::layout::RowMajorInterleaved<(int)2>, cutlass::gemm::GemmShape<(int)4, (int)4, (int)1>>, (int)1, (cutlass::ComplexTransform)0, (cutlass::ComplexTransform)0, bool>, (int)1, cutlass::epilogue::threadblock::PredicatedTileIterator<cutlass::epilogue::threadblock::OutputTileOptimalThreadMap<cutlass::epilogue::threadblock::OutputTileShape<(int)128, (int)1, (int)4, (int)4, (int)1>, cutlass::epilogue::threadblock::OutputTileShape<(int)1, (int)4, (int)2, (int)1, (int)8>, (int)256, (int)1, (int)32>, float, (bool)0, cutlass::layout::NoPermute, (bool)0>, cutlass::epilogue::warp::FragmentIteratorSimt<cutlass::gemm::GemmShape<(int)32, (int)64, (int)8>, cutlass::gemm::thread::Mma<cutlass::gemm::GemmShape<(int)8, (int)8, (int)1>, float, cutlass::layout::ColumnMajor, float, cutlass::layout::RowMajor, float, cutlass::layout::RowMajor, cutlass::arch::OpMultiplyAdd, bool>, cutlass::layout::RowMajor, cutlass::gemm::warp::MmaSimtPolicy<cutlass::MatrixShape<(int)4, (int)8>, cutlass::layout::RowMajorInterleaved<(int)2>, cutlass::gemm::GemmShape<(int)4, (int)4, (int)1>>>, cutlass::epilogue::warp::TileIteratorSimt<cutlass::gemm::GemmShape<(int)32, (int)64, (int)8>, cutlass::gemm::thread::Mma<cutlass::gemm::GemmShape<(int)8, (int)8, (int)1>, float, cutlass::layout::ColumnMajor, float, cutlass::layout::RowMajor, float, cutlass::layout::RowMajor, cutlass::arch::OpMultiplyAdd, bool>, float, cutlass::layout::RowMajor, cutlass::gemm::warp::MmaSimtPolicy<cutlass::MatrixShape<(int)4, (int)8>, cutlass::layout::RowMajorInterleaved<(int)2>, cutlass::gemm::GemmShape<(int)4, (int)4, (int)1>>>, cutlass::epilogue::threadblock::SharedLoadIterator<cutlass::epilogue::threadblock::OutputTileOptimalThreadMap<cutlass::epilogue::threadblock::OutputTileShape<(int)128, (int)1, (int)4, (int)4, (int)1>, cutlass::epilogue::threadblock::OutputTileShape<(int)1, (int)4, (int)2, (int)1, (int)8>, (int)256, (int)1, (int)32>::CompactedThreadMap, float, (int)4>, cutlass::epilogue::thread::LinearCombination<float, (int)1, float, float, (cutlass::epilogue::thread::ScaleType::Kind)0, (cutlass::FloatRoundStyle)2, float>, cutlass::MatrixShape<(int)0, (int)17>, (int)1, (int)1>, cutlass::gemm::threadblock::GemmBatchedIdentityThreadblockSwizzle, (cutlass::gemm::kernel::GroupScheduleMode)0, (bool)0>>(T1::Params)"
975964332,7840,1370,1024,1,1,256,1,1,40,0.000,0.000,,,,,NVIDIA GeForce RTX 3080 (0),1,,13,"void raggedroute::benchmark::library_baseline::<unnamed>::finalize_routing<(bool)1>(const float *, float *, const float *, const int *, int, int, int)"
975974764,8672,1375,2,32,2,128,1,1,86,0.033,0.000,,,,,NVIDIA GeForce RTX 3080 (0),1,,13,ampere_sgemm_32x32_sliced1x4_nn
975986828,2080,1378,2,64,1,32,16,1,43,0.000,0.000,,,,,NVIDIA GeForce RTX 3080 (0),1,,13,"void cublasLt::splitKreduce_kernel<(int)32, (int)16, int, float, float, float, float, (bool)0, float, float, float, (bool)1, (bool)0, (bool)0, (bool)0>(cublasLt::cublasSplitKParams<T6>, const T4 *, const T10 *, T9 *, T5 *, const T6 *, const T6 *, const T11 *, const T4 *, T11 *, void *, long long, T6 *, int *, T6 *, T6 *, const T6 *, const T6 *, const T6 *, const T6 *, const T6 *)"
975993452,19071,1381,1024,1,1,32,1,1,32,0.001,0.000,,,,,NVIDIA GeForce RTX 3080 (0),1,,13,"raggedroute::benchmark::library_baseline::<unnamed>::cub_block_radix_top2_kernel(const float *, int *, float *, int, int)"
976019851,1152,1395,1,1,1,256,1,1,16,0.000,0.000,,,,,NVIDIA GeForce RTX 3080 (0),1,,13,"void cub::_V_300304_SM_860::detail::histogram::DeviceHistogramInitKernel<cub::_V_300304_SM_860::detail::histogram::policy_hub<int, int, (int)1, (int)1, (bool)1>::Policy1000, (int)1, int, int>(cuda::std::__4::array<int, T2>, cuda::std::__4::array<T3 *, T2>, cub::_V_300304_SM_860::GridQueue<int>)"
976023499,5696,1398,1,1,1,384,1,1,54,0.001,0.000,,,,,NVIDIA GeForce RTX 3080 (0),1,,13,"void cub::_V_300304_SM_860::detail::histogram::DeviceHistogramSweepKernel<cub::_V_300304_SM_860::detail::histogram::policy_hub<int, int, (int)1, (int)1, (bool)1>::Policy1000, (int)256, (int)1, (int)1, const int *, int, cub::_V_300304_SM_860::detail::histogram::Transforms<int, int, int>::ScaleTransform, cub::_V_300304_SM_860::detail::histogram::Transforms<int, int, int>::PassThruTransform, int>(T5, cuda::std::__4::array<int, T4>, cuda::std::__4::array<int, T4>, cuda::std::__4::array<T6 *, T4>, cuda::std::__4::array<T6 *, T4>, cuda::std::__4::array<T8, T4>, cuda::std::__4::array<T7, T4>, T9, T9, T9, int, cub::_V_300304_SM_860::GridQueue<int>)"
976031947,1472,1405,1,1,1,128,1,1,16,0.001,0.000,,,,,NVIDIA GeForce RTX 3080 (0),1,,13,"void raggedroute::benchmark::library_baseline::<unnamed>::block_scan_kernel<(int)128>(const int *, int *, int)"
976036011,7552,1416,1,1,1,256,1,1,128,0.034,0.000,,,,,NVIDIA GeForce RTX 3080 (0),1,,13,"void cub::_V_300304_SM_860::detail::radix_sort::DeviceRadixSortSingleTileKernel<cub::_V_300304_SM_860::detail::radix_sort::policy_selector_from_types<int, int, unsigned int>, (cub::_V_300304_SM_860::SortOrder)0, int, int, unsigned int, cub::_V_300304_SM_860::detail::identity_decomposer_t>(const T3 *, T3 *, const T4 *, T4 *, T5, int, int, T6)"
976047211,3104,1422,1,1,1,256,1,1,16,0.000,0.000,,,,,NVIDIA GeForce RTX 3080 (0),1,,13,"raggedroute::benchmark::library_baseline::<unnamed>::compute_expert_offsets(const int *, int, int, long long *)"
976055210,5152,1429,2048,1,1,256,1,1,18,0.000,0.000,,,,,NVIDIA GeForce RTX 3080 (0),1,,13,"void raggedroute::benchmark::library_baseline::<unnamed>::expand_rows<(bool)1>(const float *, float *, const int *, int *, int *, int, int, int)"
976063754,137853,1432,68,1,1,256,1,1,144,0.000,0.017,,,,,NVIDIA GeForce RTX 3080 (0),1,,13,"void cutlass::Kernel<cutlass::gemm::kernel::GemmGrouped<cutlass::gemm::threadblock::MmaPipelined<cutlass::gemm::GemmShape<(int)128, (int)128, (int)8>, cutlass::transform::threadblock::PredicatedTileIterator<cutlass::MatrixShape<(int)128, (int)8>, float, cutlass::layout::RowMajor, (int)1, cutlass::transform::PitchLinearStripminedThreadMap<cutlass::PitchLinearShape<(int)8, (int)128>, (int)256, (int)1>, (int)1, (bool)0, cutlass::layout::NoPermute>, cutlass::transform::threadblock::RegularTileIterator<cutlass::MatrixShape<(int)128, (int)8>, float, cutlass::layout::ColumnMajor, (int)1, cutlass::transform::TransposePitchLinearThreadMapSimt<cutlass::transform::PitchLinearStripminedThreadMap<cutlass::PitchLinearShape<(int)8, (int)128>, (int)256, (int)1>>, (int)4>, cutlass::transform::threadblock::PredicatedTileIterator<cutlass::MatrixShape<(int)8, (int)128>, float, cutlass::layout::RowMajor, (int)0, cutlass::transform::PitchLinearStripminedThreadMap<cutlass::PitchLinearShape<(int)128, (int)8>, (int)256, (int)1>, (int)1, (bool)0, cutlass::layout::NoPermute>, cutlass::transform::threadblock::RegularTileIterator<cutlass::MatrixShape<(int)8, (int)128>, float, cutlass::layout::RowMajor, (int)0, cutlass::transform::PitchLinearStripminedThreadMap<cutlass::PitchLinearShape<(int)128, (int)8>, (int)256, (int)1>, (int)4>, float, cutlass::layout::RowMajor, cutlass::gemm::threadblock::MmaPolicy<cutlass::gemm::warp::MmaSimt<cutlass::gemm::GemmShape<(int)32, (int)64, (int)8>, float, cutlass::layout::ColumnMajor, float, cutlass::layout::RowMajor, float, cutlass::layout::RowMajor, cutlass::gemm::warp::MmaSimtPolicy<cutlass::MatrixShape<(int)4, (int)8>, cutlass::layout::RowMajorInterleaved<(int)2>, cutlass::gemm::GemmShape<(int)4, (int)4, (int)1>>, (int)1, (cutlass::ComplexTransform)0, (cutlass::ComplexTransform)0, bool>, cutlass::MatrixShape<(int)4, (int)0>, cutlass::MatrixShape<(int)0, (int)0>, (int)1>, cutlass::NumericArrayConverter<float, float, (int)4, (cutlass::FloatRoundStyle)2, cutlass::transform::thread::UnaryTransform::Identity>, cutlass::NumericArrayConverter<float, float, (int)4, (cutlass::FloatRoundStyle)2, cutlass::transform::thread::UnaryTransform::Identity>, bool>, cutlass::epilogue::threadblock::Epilogue<cutlass::gemm::GemmShape<(int)128, (int)128, (int)8>, cutlass::gemm::warp::MmaSimt<cutlass::gemm::GemmShape<(int)32, (int)64, (int)8>, float, cutlass::layout::ColumnMajor, float, cutlass::layout::RowMajor, float, cutlass::layout::RowMajor, cutlass::gemm::warp::MmaSimtPolicy<cutlass::MatrixShape<(int)4, (int)8>, cutlass::layout::RowMajorInterleaved<(int)2>, cutlass::gemm::GemmShape<(int)4, (int)4, (int)1>>, (int)1, (cutlass::ComplexTransform)0, (cutlass::ComplexTransform)0, bool>, (int)1, cutlass::epilogue::threadblock::PredicatedTileIterator<cutlass::epilogue::threadblock::OutputTileOptimalThreadMap<cutlass::epilogue::threadblock::OutputTileShape<(int)128, (int)1, (int)4, (int)4, (int)1>, cutlass::epilogue::threadblock::OutputTileShape<(int)1, (int)4, (int)2, (int)1, (int)8>, (int)256, (int)1, (int)32>, float, (bool)0, cutlass::layout::NoPermute, (bool)0>, cutlass::epilogue::warp::FragmentIteratorSimt<cutlass::gemm::GemmShape<(int)32, (int)64, (int)8>, cutlass::gemm::thread::Mma<cutlass::gemm::GemmShape<(int)8, (int)8, (int)1>, float, cutlass::layout::ColumnMajor, float, cutlass::layout::RowMajor, float, cutlass::layout::RowMajor, cutlass::arch::OpMultiplyAdd, bool>, cutlass::layout::RowMajor, cutlass::gemm::warp::MmaSimtPolicy<cutlass::MatrixShape<(int)4, (int)8>, cutlass::layout::RowMajorInterleaved<(int)2>, cutlass::gemm::GemmShape<(int)4, (int)4, (int)1>>>, cutlass::epilogue::warp::TileIteratorSimt<cutlass::gemm::GemmShape<(int)32, (int)64, (int)8>, cutlass::gemm::thread::Mma<cutlass::gemm::GemmShape<(int)8, (int)8, (int)1>, float, cutlass::layout::ColumnMajor, float, cutlass::layout::RowMajor, float, cutlass::layout::RowMajor, cutlass::arch::OpMultiplyAdd, bool>, float, cutlass::layout::RowMajor, cutlass::gemm::warp::MmaSimtPolicy<cutlass::MatrixShape<(int)4, (int)8>, cutlass::layout::RowMajorInterleaved<(int)2>, cutlass::gemm::GemmShape<(int)4, (int)4, (int)1>>>, cutlass::epilogue::threadblock::SharedLoadIterator<cutlass::epilogue::threadblock::OutputTileOptimalThreadMap<cutlass::epilogue::threadblock::OutputTileShape<(int)128, (int)1, (int)4, (int)4, (int)1>, cutlass::epilogue::threadblock::OutputTileShape<(int)1, (int)4, (int)2, (int)1, (int)8>, (int)256, (int)1, (int)32>::CompactedThreadMap, float, (int)4>, cutlass::epilogue::thread::LinearCombination<float, (int)1, float, float, (cutlass::epilogue::thread::ScaleType::Kind)0, (cutlass::FloatRoundStyle)2, float>, cutlass::MatrixShape<(int)0, (int)17>, (int)1, (int)1>, cutlass::gemm::threadblock::GemmBatchedIdentityThreadblockSwizzle, (cutlass::gemm::kernel::GroupScheduleMode)0, (bool)0>>(T1::Params)"
976204903,7904,1435,1024,1,1,256,1,1,40,0.000,0.000,,,,,NVIDIA GeForce RTX 3080 (0),1,,13,"void raggedroute::benchmark::library_baseline::<unnamed>::finalize_routing<(bool)1>(const float *, float *, const float *, const int *, int, int, int)"
976216391,8768,1440,2,32,2,128,1,1,86,0.033,0.000,,,,,NVIDIA GeForce RTX 3080 (0),1,,13,ampere_sgemm_32x32_sliced1x4_nn
976228487,2176,1443,2,64,1,32,16,1,43,0.000,0.000,,,,,NVIDIA GeForce RTX 3080 (0),1,,13,"void cublasLt::splitKreduce_kernel<(int)32, (int)16, int, float, float, float, float, (bool)0, float, float, float, (bool)1, (bool)0, (bool)0, (bool)0>(cublasLt::cublasSplitKParams<T6>, const T4 *, const T10 *, T9 *, T5 *, const T6 *, const T6 *, const T11 *, const T4 *, T11 *, void *, long long, T6 *, int *, T6 *, T6 *, const T6 *, const T6 *, const T6 *, const T6 *, const T6 *)"
976233991,19007,1446,1024,1,1,32,1,1,32,0.001,0.000,,,,,NVIDIA GeForce RTX 3080 (0),1,,13,"raggedroute::benchmark::library_baseline::<unnamed>::cub_block_radix_top2_kernel(const float *, int *, float *, int, int)"
976258278,1152,1460,1,1,1,256,1,1,16,0.000,0.000,,,,,NVIDIA GeForce RTX 3080 (0),1,,13,"void cub::_V_300304_SM_860::detail::histogram::DeviceHistogramInitKernel<cub::_V_300304_SM_860::detail::histogram::policy_hub<int, int, (int)1, (int)1, (bool)1>::Policy1000, (int)1, int, int>(cuda::std::__4::array<int, T2>, cuda::std::__4::array<T3 *, T2>, cub::_V_300304_SM_860::GridQueue<int>)"
976263590,5696,1463,1,1,1,384,1,1,54,0.001,0.000,,,,,NVIDIA GeForce RTX 3080 (0),1,,13,"void cub::_V_300304_SM_860::detail::histogram::DeviceHistogramSweepKernel<cub::_V_300304_SM_860::detail::histogram::policy_hub<int, int, (int)1, (int)1, (bool)1>::Policy1000, (int)256, (int)1, (int)1, const int *, int, cub::_V_300304_SM_860::detail::histogram::Transforms<int, int, int>::ScaleTransform, cub::_V_300304_SM_860::detail::histogram::Transforms<int, int, int>::PassThruTransform, int>(T5, cuda::std::__4::array<int, T4>, cuda::std::__4::array<int, T4>, cuda::std::__4::array<T6 *, T4>, cuda::std::__4::array<T6 *, T4>, cuda::std::__4::array<T8, T4>, cuda::std::__4::array<T7, T4>, T9, T9, T9, int, cub::_V_300304_SM_860::GridQueue<int>)"
976271782,1472,1470,1,1,1,128,1,1,16,0.001,0.000,,,,,NVIDIA GeForce RTX 3080 (0),1,,13,"void raggedroute::benchmark::library_baseline::<unnamed>::block_scan_kernel<(int)128>(const int *, int *, int)"
976275782,7488,1481,1,1,1,256,1,1,128,0.034,0.000,,,,,NVIDIA GeForce RTX 3080 (0),1,,13,"void cub::_V_300304_SM_860::detail::radix_sort::DeviceRadixSortSingleTileKernel<cub::_V_300304_SM_860::detail::radix_sort::policy_selector_from_types<int, int, unsigned int>, (cub::_V_300304_SM_860::SortOrder)0, int, int, unsigned int, cub::_V_300304_SM_860::detail::identity_decomposer_t>(const T3 *, T3 *, const T4 *, T4 *, T5, int, int, T6)"
976285830,3104,1487,1,1,1,256,1,1,16,0.000,0.000,,,,,NVIDIA GeForce RTX 3080 (0),1,,13,"raggedroute::benchmark::library_baseline::<unnamed>::compute_expert_offsets(const int *, int, int, long long *)"
976292838,5151,1494,2048,1,1,256,1,1,18,0.000,0.000,,,,,NVIDIA GeForce RTX 3080 (0),1,,13,"void raggedroute::benchmark::library_baseline::<unnamed>::expand_rows<(bool)1>(const float *, float *, const int *, int *, int *, int, int, int)"
976301317,138046,1497,68,1,1,256,1,1,144,0.000,0.017,,,,,NVIDIA GeForce RTX 3080 (0),1,,13,"void cutlass::Kernel<cutlass::gemm::kernel::GemmGrouped<cutlass::gemm::threadblock::MmaPipelined<cutlass::gemm::GemmShape<(int)128, (int)128, (int)8>, cutlass::transform::threadblock::PredicatedTileIterator<cutlass::MatrixShape<(int)128, (int)8>, float, cutlass::layout::RowMajor, (int)1, cutlass::transform::PitchLinearStripminedThreadMap<cutlass::PitchLinearShape<(int)8, (int)128>, (int)256, (int)1>, (int)1, (bool)0, cutlass::layout::NoPermute>, cutlass::transform::threadblock::RegularTileIterator<cutlass::MatrixShape<(int)128, (int)8>, float, cutlass::layout::ColumnMajor, (int)1, cutlass::transform::TransposePitchLinearThreadMapSimt<cutlass::transform::PitchLinearStripminedThreadMap<cutlass::PitchLinearShape<(int)8, (int)128>, (int)256, (int)1>>, (int)4>, cutlass::transform::threadblock::PredicatedTileIterator<cutlass::MatrixShape<(int)8, (int)128>, float, cutlass::layout::RowMajor, (int)0, cutlass::transform::PitchLinearStripminedThreadMap<cutlass::PitchLinearShape<(int)128, (int)8>, (int)256, (int)1>, (int)1, (bool)0, cutlass::layout::NoPermute>, cutlass::transform::threadblock::RegularTileIterator<cutlass::MatrixShape<(int)8, (int)128>, float, cutlass::layout::RowMajor, (int)0, cutlass::transform::PitchLinearStripminedThreadMap<cutlass::PitchLinearShape<(int)128, (int)8>, (int)256, (int)1>, (int)4>, float, cutlass::layout::RowMajor, cutlass::gemm::threadblock::MmaPolicy<cutlass::gemm::warp::MmaSimt<cutlass::gemm::GemmShape<(int)32, (int)64, (int)8>, float, cutlass::layout::ColumnMajor, float, cutlass::layout::RowMajor, float, cutlass::layout::RowMajor, cutlass::gemm::warp::MmaSimtPolicy<cutlass::MatrixShape<(int)4, (int)8>, cutlass::layout::RowMajorInterleaved<(int)2>, cutlass::gemm::GemmShape<(int)4, (int)4, (int)1>>, (int)1, (cutlass::ComplexTransform)0, (cutlass::ComplexTransform)0, bool>, cutlass::MatrixShape<(int)4, (int)0>, cutlass::MatrixShape<(int)0, (int)0>, (int)1>, cutlass::NumericArrayConverter<float, float, (int)4, (cutlass::FloatRoundStyle)2, cutlass::transform::thread::UnaryTransform::Identity>, cutlass::NumericArrayConverter<float, float, (int)4, (cutlass::FloatRoundStyle)2, cutlass::transform::thread::UnaryTransform::Identity>, bool>, cutlass::epilogue::threadblock::Epilogue<cutlass::gemm::GemmShape<(int)128, (int)128, (int)8>, cutlass::gemm::warp::MmaSimt<cutlass::gemm::GemmShape<(int)32, (int)64, (int)8>, float, cutlass::layout::ColumnMajor, float, cutlass::layout::RowMajor, float, cutlass::layout::RowMajor, cutlass::gemm::warp::MmaSimtPolicy<cutlass::MatrixShape<(int)4, (int)8>, cutlass::layout::RowMajorInterleaved<(int)2>, cutlass::gemm::GemmShape<(int)4, (int)4, (int)1>>, (int)1, (cutlass::ComplexTransform)0, (cutlass::ComplexTransform)0, bool>, (int)1, cutlass::epilogue::threadblock::PredicatedTileIterator<cutlass::epilogue::threadblock::OutputTileOptimalThreadMap<cutlass::epilogue::threadblock::OutputTileShape<(int)128, (int)1, (int)4, (int)4, (int)1>, cutlass::epilogue::threadblock::OutputTileShape<(int)1, (int)4, (int)2, (int)1, (int)8>, (int)256, (int)1, (int)32>, float, (bool)0, cutlass::layout::NoPermute, (bool)0>, cutlass::epilogue::warp::FragmentIteratorSimt<cutlass::gemm::GemmShape<(int)32, (int)64, (int)8>, cutlass::gemm::thread::Mma<cutlass::gemm::GemmShape<(int)8, (int)8, (int)1>, float, cutlass::layout::ColumnMajor, float, cutlass::layout::RowMajor, float, cutlass::layout::RowMajor, cutlass::arch::OpMultiplyAdd, bool>, cutlass::layout::RowMajor, cutlass::gemm::warp::MmaSimtPolicy<cutlass::MatrixShape<(int)4, (int)8>, cutlass::layout::RowMajorInterleaved<(int)2>, cutlass::gemm::GemmShape<(int)4, (int)4, (int)1>>>, cutlass::epilogue::warp::TileIteratorSimt<cutlass::gemm::GemmShape<(int)32, (int)64, (int)8>, cutlass::gemm::thread::Mma<cutlass::gemm::GemmShape<(int)8, (int)8, (int)1>, float, cutlass::layout::ColumnMajor, float, cutlass::layout::RowMajor, float, cutlass::layout::RowMajor, cutlass::arch::OpMultiplyAdd, bool>, float, cutlass::layout::RowMajor, cutlass::gemm::warp::MmaSimtPolicy<cutlass::MatrixShape<(int)4, (int)8>, cutlass::layout::RowMajorInterleaved<(int)2>, cutlass::gemm::GemmShape<(int)4, (int)4, (int)1>>>, cutlass::epilogue::threadblock::SharedLoadIterator<cutlass::epilogue::threadblock::OutputTileOptimalThreadMap<cutlass::epilogue::threadblock::OutputTileShape<(int)128, (int)1, (int)4, (int)4, (int)1>, cutlass::epilogue::threadblock::OutputTileShape<(int)1, (int)4, (int)2, (int)1, (int)8>, (int)256, (int)1, (int)32>::CompactedThreadMap, float, (int)4>, cutlass::epilogue::thread::LinearCombination<float, (int)1, float, float, (cutlass::epilogue::thread::ScaleType::Kind)0, (cutlass::FloatRoundStyle)2, float>, cutlass::MatrixShape<(int)0, (int)17>, (int)1, (int)1>, cutlass::gemm::threadblock::GemmBatchedIdentityThreadblockSwizzle, (cutlass::gemm::kernel::GroupScheduleMode)0, (bool)0>>(T1::Params)"
976442594,7712,1500,1024,1,1,256,1,1,40,0.000,0.000,,,,,NVIDIA GeForce RTX 3080 (0),1,,13,"void raggedroute::benchmark::library_baseline::<unnamed>::finalize_routing<(bool)1>(const float *, float *, const float *, const int *, int, int, int)"
976452930,8800,1505,2,32,2,128,1,1,86,0.033,0.000,,,,,NVIDIA GeForce RTX 3080 (0),1,,13,ampere_sgemm_32x32_sliced1x4_nn
976465986,2112,1508,2,64,1,32,16,1,43,0.000,0.000,,,,,NVIDIA GeForce RTX 3080 (0),1,,13,"void cublasLt::splitKreduce_kernel<(int)32, (int)16, int, float, float, float, float, (bool)0, float, float, float, (bool)1, (bool)0, (bool)0, (bool)0>(cublasLt::cublasSplitKParams<T6>, const T4 *, const T10 *, T9 *, T5 *, const T6 *, const T6 *, const T11 *, const T4 *, T11 *, void *, long long, T6 *, int *, T6 *, T6 *, const T6 *, const T6 *, const T6 *, const T6 *, const T6 *)"
976471554,18975,1511,1024,1,1,32,1,1,32,0.001,0.000,,,,,NVIDIA GeForce RTX 3080 (0),1,,13,"raggedroute::benchmark::library_baseline::<unnamed>::cub_block_radix_top2_kernel(const float *, int *, float *, int, int)"
976492993,1152,1525,1,1,1,256,1,1,16,0.000,0.000,,,,,NVIDIA GeForce RTX 3080 (0),1,,13,"void cub::_V_300304_SM_860::detail::histogram::DeviceHistogramInitKernel<cub::_V_300304_SM_860::detail::histogram::policy_hub<int, int, (int)1, (int)1, (bool)1>::Policy1000, (int)1, int, int>(cuda::std::__4::array<int, T2>, cuda::std::__4::array<T3 *, T2>, cub::_V_300304_SM_860::GridQueue<int>)"
976496769,5696,1528,1,1,1,384,1,1,54,0.001,0.000,,,,,NVIDIA GeForce RTX 3080 (0),1,,13,"void cub::_V_300304_SM_860::detail::histogram::DeviceHistogramSweepKernel<cub::_V_300304_SM_860::detail::histogram::policy_hub<int, int, (int)1, (int)1, (bool)1>::Policy1000, (int)256, (int)1, (int)1, const int *, int, cub::_V_300304_SM_860::detail::histogram::Transforms<int, int, int>::ScaleTransform, cub::_V_300304_SM_860::detail::histogram::Transforms<int, int, int>::PassThruTransform, int>(T5, cuda::std::__4::array<int, T4>, cuda::std::__4::array<int, T4>, cuda::std::__4::array<T6 *, T4>, cuda::std::__4::array<T6 *, T4>, cuda::std::__4::array<T8, T4>, cuda::std::__4::array<T7, T4>, T9, T9, T9, int, cub::_V_300304_SM_860::GridQueue<int>)"
976506241,1472,1535,1,1,1,128,1,1,16,0.001,0.000,,,,,NVIDIA GeForce RTX 3080 (0),1,,13,"void raggedroute::benchmark::library_baseline::<unnamed>::block_scan_kernel<(int)128>(const int *, int *, int)"
976510337,7520,1546,1,1,1,256,1,1,128,0.034,0.000,,,,,NVIDIA GeForce RTX 3080 (0),1,,13,"void cub::_V_300304_SM_860::detail::radix_sort::DeviceRadixSortSingleTileKernel<cub::_V_300304_SM_860::detail::radix_sort::policy_selector_from_types<int, int, unsigned int>, (cub::_V_300304_SM_860::SortOrder)0, int, int, unsigned int, cub::_V_300304_SM_860::detail::identity_decomposer_t>(const T3 *, T3 *, const T4 *, T4 *, T5, int, int, T6)"
976520641,3136,1552,1,1,1,256,1,1,16,0.000,0.000,,,,,NVIDIA GeForce RTX 3080 (0),1,,13,"raggedroute::benchmark::library_baseline::<unnamed>::compute_expert_offsets(const int *, int, int, long long *)"
976526305,5120,1559,2048,1,1,256,1,1,18,0.000,0.000,,,,,NVIDIA GeForce RTX 3080 (0),1,,13,"void raggedroute::benchmark::library_baseline::<unnamed>::expand_rows<(bool)1>(const float *, float *, const int *, int *, int *, int, int, int)"
976535681,137949,1562,68,1,1,256,1,1,144,0.000,0.017,,,,,NVIDIA GeForce RTX 3080 (0),1,,13,"void cutlass::Kernel<cutlass::gemm::kernel::GemmGrouped<cutlass::gemm::threadblock::MmaPipelined<cutlass::gemm::GemmShape<(int)128, (int)128, (int)8>, cutlass::transform::threadblock::PredicatedTileIterator<cutlass::MatrixShape<(int)128, (int)8>, float, cutlass::layout::RowMajor, (int)1, cutlass::transform::PitchLinearStripminedThreadMap<cutlass::PitchLinearShape<(int)8, (int)128>, (int)256, (int)1>, (int)1, (bool)0, cutlass::layout::NoPermute>, cutlass::transform::threadblock::RegularTileIterator<cutlass::MatrixShape<(int)128, (int)8>, float, cutlass::layout::ColumnMajor, (int)1, cutlass::transform::TransposePitchLinearThreadMapSimt<cutlass::transform::PitchLinearStripminedThreadMap<cutlass::PitchLinearShape<(int)8, (int)128>, (int)256, (int)1>>, (int)4>, cutlass::transform::threadblock::PredicatedTileIterator<cutlass::MatrixShape<(int)8, (int)128>, float, cutlass::layout::RowMajor, (int)0, cutlass::transform::PitchLinearStripminedThreadMap<cutlass::PitchLinearShape<(int)128, (int)8>, (int)256, (int)1>, (int)1, (bool)0, cutlass::layout::NoPermute>, cutlass::transform::threadblock::RegularTileIterator<cutlass::MatrixShape<(int)8, (int)128>, float, cutlass::layout::RowMajor, (int)0, cutlass::transform::PitchLinearStripminedThreadMap<cutlass::PitchLinearShape<(int)128, (int)8>, (int)256, (int)1>, (int)4>, float, cutlass::layout::RowMajor, cutlass::gemm::threadblock::MmaPolicy<cutlass::gemm::warp::MmaSimt<cutlass::gemm::GemmShape<(int)32, (int)64, (int)8>, float, cutlass::layout::ColumnMajor, float, cutlass::layout::RowMajor, float, cutlass::layout::RowMajor, cutlass::gemm::warp::MmaSimtPolicy<cutlass::MatrixShape<(int)4, (int)8>, cutlass::layout::RowMajorInterleaved<(int)2>, cutlass::gemm::GemmShape<(int)4, (int)4, (int)1>>, (int)1, (cutlass::ComplexTransform)0, (cutlass::ComplexTransform)0, bool>, cutlass::MatrixShape<(int)4, (int)0>, cutlass::MatrixShape<(int)0, (int)0>, (int)1>, cutlass::NumericArrayConverter<float, float, (int)4, (cutlass::FloatRoundStyle)2, cutlass::transform::thread::UnaryTransform::Identity>, cutlass::NumericArrayConverter<float, float, (int)4, (cutlass::FloatRoundStyle)2, cutlass::transform::thread::UnaryTransform::Identity>, bool>, cutlass::epilogue::threadblock::Epilogue<cutlass::gemm::GemmShape<(int)128, (int)128, (int)8>, cutlass::gemm::warp::MmaSimt<cutlass::gemm::GemmShape<(int)32, (int)64, (int)8>, float, cutlass::layout::ColumnMajor, float, cutlass::layout::RowMajor, float, cutlass::layout::RowMajor, cutlass::gemm::warp::MmaSimtPolicy<cutlass::MatrixShape<(int)4, (int)8>, cutlass::layout::RowMajorInterleaved<(int)2>, cutlass::gemm::GemmShape<(int)4, (int)4, (int)1>>, (int)1, (cutlass::ComplexTransform)0, (cutlass::ComplexTransform)0, bool>, (int)1, cutlass::epilogue::threadblock::PredicatedTileIterator<cutlass::epilogue::threadblock::OutputTileOptimalThreadMap<cutlass::epilogue::threadblock::OutputTileShape<(int)128, (int)1, (int)4, (int)4, (int)1>, cutlass::epilogue::threadblock::OutputTileShape<(int)1, (int)4, (int)2, (int)1, (int)8>, (int)256, (int)1, (int)32>, float, (bool)0, cutlass::layout::NoPermute, (bool)0>, cutlass::epilogue::warp::FragmentIteratorSimt<cutlass::gemm::GemmShape<(int)32, (int)64, (int)8>, cutlass::gemm::thread::Mma<cutlass::gemm::GemmShape<(int)8, (int)8, (int)1>, float, cutlass::layout::ColumnMajor, float, cutlass::layout::RowMajor, float, cutlass::layout::RowMajor, cutlass::arch::OpMultiplyAdd, bool>, cutlass::layout::RowMajor, cutlass::gemm::warp::MmaSimtPolicy<cutlass::MatrixShape<(int)4, (int)8>, cutlass::layout::RowMajorInterleaved<(int)2>, cutlass::gemm::GemmShape<(int)4, (int)4, (int)1>>>, cutlass::epilogue::warp::TileIteratorSimt<cutlass::gemm::GemmShape<(int)32, (int)64, (int)8>, cutlass::gemm::thread::Mma<cutlass::gemm::GemmShape<(int)8, (int)8, (int)1>, float, cutlass::layout::ColumnMajor, float, cutlass::layout::RowMajor, float, cutlass::layout::RowMajor, cutlass::arch::OpMultiplyAdd, bool>, float, cutlass::layout::RowMajor, cutlass::gemm::warp::MmaSimtPolicy<cutlass::MatrixShape<(int)4, (int)8>, cutlass::layout::RowMajorInterleaved<(int)2>, cutlass::gemm::GemmShape<(int)4, (int)4, (int)1>>>, cutlass::epilogue::threadblock::SharedLoadIterator<cutlass::epilogue::threadblock::OutputTileOptimalThreadMap<cutlass::epilogue::threadblock::OutputTileShape<(int)128, (int)1, (int)4, (int)4, (int)1>, cutlass::epilogue::threadblock::OutputTileShape<(int)1, (int)4, (int)2, (int)1, (int)8>, (int)256, (int)1, (int)32>::CompactedThreadMap, float, (int)4>, cutlass::epilogue::thread::LinearCombination<float, (int)1, float, float, (cutlass::epilogue::thread::ScaleType::Kind)0, (cutlass::FloatRoundStyle)2, float>, cutlass::MatrixShape<(int)0, (int)17>, (int)1, (int)1>, cutlass::gemm::threadblock::GemmBatchedIdentityThreadblockSwizzle, (cutlass::gemm::kernel::GroupScheduleMode)0, (bool)0>>(T1::Params)"
976676990,7871,1565,1024,1,1,256,1,1,40,0.000,0.000,,,,,NVIDIA GeForce RTX 3080 (0),1,,13,"void raggedroute::benchmark::library_baseline::<unnamed>::finalize_routing<(bool)1>(const float *, float *, const float *, const int *, int, int, int)"
976687485,8736,1570,2,32,2,128,1,1,86,0.033,0.000,,,,,NVIDIA GeForce RTX 3080 (0),1,,13,ampere_sgemm_32x32_sliced1x4_nn
976699677,2048,1573,2,64,1,32,16,1,43,0.000,0.000,,,,,NVIDIA GeForce RTX 3080 (0),1,,13,"void cublasLt::splitKreduce_kernel<(int)32, (int)16, int, float, float, float, float, (bool)0, float, float, float, (bool)1, (bool)0, (bool)0, (bool)0>(cublasLt::cublasSplitKParams<T6>, const T4 *, const T10 *, T9 *, T5 *, const T6 *, const T6 *, const T11 *, const T4 *, T11 *, void *, long long, T6 *, int *, T6 *, T6 *, const T6 *, const T6 *, const T6 *, const T6 *, const T6 *)"
976706301,18944,1576,1024,1,1,32,1,1,32,0.001,0.000,,,,,NVIDIA GeForce RTX 3080 (0),1,,13,"raggedroute::benchmark::library_baseline::<unnamed>::cub_block_radix_top2_kernel(const float *, int *, float *, int, int)"
976728317,1152,1590,1,1,1,256,1,1,16,0.000,0.000,,,,,NVIDIA GeForce RTX 3080 (0),1,,13,"void cub::_V_300304_SM_860::detail::histogram::DeviceHistogramInitKernel<cub::_V_300304_SM_860::detail::histogram::policy_hub<int, int, (int)1, (int)1, (bool)1>::Policy1000, (int)1, int, int>(cuda::std::__4::array<int, T2>, cuda::std::__4::array<T3 *, T2>, cub::_V_300304_SM_860::GridQueue<int>)"
976732028,5792,1593,1,1,1,384,1,1,54,0.001,0.000,,,,,NVIDIA GeForce RTX 3080 (0),1,,13,"void cub::_V_300304_SM_860::detail::histogram::DeviceHistogramSweepKernel<cub::_V_300304_SM_860::detail::histogram::policy_hub<int, int, (int)1, (int)1, (bool)1>::Policy1000, (int)256, (int)1, (int)1, const int *, int, cub::_V_300304_SM_860::detail::histogram::Transforms<int, int, int>::ScaleTransform, cub::_V_300304_SM_860::detail::histogram::Transforms<int, int, int>::PassThruTransform, int>(T5, cuda::std::__4::array<int, T4>, cuda::std::__4::array<int, T4>, cuda::std::__4::array<T6 *, T4>, cuda::std::__4::array<T6 *, T4>, cuda::std::__4::array<T8, T4>, cuda::std::__4::array<T7, T4>, T9, T9, T9, int, cub::_V_300304_SM_860::GridQueue<int>)"
976740316,1472,1600,1,1,1,128,1,1,16,0.001,0.000,,,,,NVIDIA GeForce RTX 3080 (0),1,,13,"void raggedroute::benchmark::library_baseline::<unnamed>::block_scan_kernel<(int)128>(const int *, int *, int)"
976744508,7488,1611,1,1,1,256,1,1,128,0.034,0.000,,,,,NVIDIA GeForce RTX 3080 (0),1,,13,"void cub::_V_300304_SM_860::detail::radix_sort::DeviceRadixSortSingleTileKernel<cub::_V_300304_SM_860::detail::radix_sort::policy_selector_from_types<int, int, unsigned int>, (cub::_V_300304_SM_860::SortOrder)0, int, int, unsigned int, cub::_V_300304_SM_860::detail::identity_decomposer_t>(const T3 *, T3 *, const T4 *, T4 *, T5, int, int, T6)"
976754716,3104,1617,1,1,1,256,1,1,16,0.000,0.000,,,,,NVIDIA GeForce RTX 3080 (0),1,,13,"raggedroute::benchmark::library_baseline::<unnamed>::compute_expert_offsets(const int *, int, int, long long *)"
976760412,5152,1624,2048,1,1,256,1,1,18,0.000,0.000,,,,,NVIDIA GeForce RTX 3080 (0),1,,13,"void raggedroute::benchmark::library_baseline::<unnamed>::expand_rows<(bool)1>(const float *, float *, const int *, int *, int *, int, int, int)"
976768764,137853,1627,68,1,1,256,1,1,144,0.000,0.017,,,,,NVIDIA GeForce RTX 3080 (0),1,,13,"void cutlass::Kernel<cutlass::gemm::kernel::GemmGrouped<cutlass::gemm::threadblock::MmaPipelined<cutlass::gemm::GemmShape<(int)128, (int)128, (int)8>, cutlass::transform::threadblock::PredicatedTileIterator<cutlass::MatrixShape<(int)128, (int)8>, float, cutlass::layout::RowMajor, (int)1, cutlass::transform::PitchLinearStripminedThreadMap<cutlass::PitchLinearShape<(int)8, (int)128>, (int)256, (int)1>, (int)1, (bool)0, cutlass::layout::NoPermute>, cutlass::transform::threadblock::RegularTileIterator<cutlass::MatrixShape<(int)128, (int)8>, float, cutlass::layout::ColumnMajor, (int)1, cutlass::transform::TransposePitchLinearThreadMapSimt<cutlass::transform::PitchLinearStripminedThreadMap<cutlass::PitchLinearShape<(int)8, (int)128>, (int)256, (int)1>>, (int)4>, cutlass::transform::threadblock::PredicatedTileIterator<cutlass::MatrixShape<(int)8, (int)128>, float, cutlass::layout::RowMajor, (int)0, cutlass::transform::PitchLinearStripminedThreadMap<cutlass::PitchLinearShape<(int)128, (int)8>, (int)256, (int)1>, (int)1, (bool)0, cutlass::layout::NoPermute>, cutlass::transform::threadblock::RegularTileIterator<cutlass::MatrixShape<(int)8, (int)128>, float, cutlass::layout::RowMajor, (int)0, cutlass::transform::PitchLinearStripminedThreadMap<cutlass::PitchLinearShape<(int)128, (int)8>, (int)256, (int)1>, (int)4>, float, cutlass::layout::RowMajor, cutlass::gemm::threadblock::MmaPolicy<cutlass::gemm::warp::MmaSimt<cutlass::gemm::GemmShape<(int)32, (int)64, (int)8>, float, cutlass::layout::ColumnMajor, float, cutlass::layout::RowMajor, float, cutlass::layout::RowMajor, cutlass::gemm::warp::MmaSimtPolicy<cutlass::MatrixShape<(int)4, (int)8>, cutlass::layout::RowMajorInterleaved<(int)2>, cutlass::gemm::GemmShape<(int)4, (int)4, (int)1>>, (int)1, (cutlass::ComplexTransform)0, (cutlass::ComplexTransform)0, bool>, cutlass::MatrixShape<(int)4, (int)0>, cutlass::MatrixShape<(int)0, (int)0>, (int)1>, cutlass::NumericArrayConverter<float, float, (int)4, (cutlass::FloatRoundStyle)2, cutlass::transform::thread::UnaryTransform::Identity>, cutlass::NumericArrayConverter<float, float, (int)4, (cutlass::FloatRoundStyle)2, cutlass::transform::thread::UnaryTransform::Identity>, bool>, cutlass::epilogue::threadblock::Epilogue<cutlass::gemm::GemmShape<(int)128, (int)128, (int)8>, cutlass::gemm::warp::MmaSimt<cutlass::gemm::GemmShape<(int)32, (int)64, (int)8>, float, cutlass::layout::ColumnMajor, float, cutlass::layout::RowMajor, float, cutlass::layout::RowMajor, cutlass::gemm::warp::MmaSimtPolicy<cutlass::MatrixShape<(int)4, (int)8>, cutlass::layout::RowMajorInterleaved<(int)2>, cutlass::gemm::GemmShape<(int)4, (int)4, (int)1>>, (int)1, (cutlass::ComplexTransform)0, (cutlass::ComplexTransform)0, bool>, (int)1, cutlass::epilogue::threadblock::PredicatedTileIterator<cutlass::epilogue::threadblock::OutputTileOptimalThreadMap<cutlass::epilogue::threadblock::OutputTileShape<(int)128, (int)1, (int)4, (int)4, (int)1>, cutlass::epilogue::threadblock::OutputTileShape<(int)1, (int)4, (int)2, (int)1, (int)8>, (int)256, (int)1, (int)32>, float, (bool)0, cutlass::layout::NoPermute, (bool)0>, cutlass::epilogue::warp::FragmentIteratorSimt<cutlass::gemm::GemmShape<(int)32, (int)64, (int)8>, cutlass::gemm::thread::Mma<cutlass::gemm::GemmShape<(int)8, (int)8, (int)1>, float, cutlass::layout::ColumnMajor, float, cutlass::layout::RowMajor, float, cutlass::layout::RowMajor, cutlass::arch::OpMultiplyAdd, bool>, cutlass::layout::RowMajor, cutlass::gemm::warp::MmaSimtPolicy<cutlass::MatrixShape<(int)4, (int)8>, cutlass::layout::RowMajorInterleaved<(int)2>, cutlass::gemm::GemmShape<(int)4, (int)4, (int)1>>>, cutlass::epilogue::warp::TileIteratorSimt<cutlass::gemm::GemmShape<(int)32, (int)64, (int)8>, cutlass::gemm::thread::Mma<cutlass::gemm::GemmShape<(int)8, (int)8, (int)1>, float, cutlass::layout::ColumnMajor, float, cutlass::layout::RowMajor, float, cutlass::layout::RowMajor, cutlass::arch::OpMultiplyAdd, bool>, float, cutlass::layout::RowMajor, cutlass::gemm::warp::MmaSimtPolicy<cutlass::MatrixShape<(int)4, (int)8>, cutlass::layout::RowMajorInterleaved<(int)2>, cutlass::gemm::GemmShape<(int)4, (int)4, (int)1>>>, cutlass::epilogue::threadblock::SharedLoadIterator<cutlass::epilogue::threadblock::OutputTileOptimalThreadMap<cutlass::epilogue::threadblock::OutputTileShape<(int)128, (int)1, (int)4, (int)4, (int)1>, cutlass::epilogue::threadblock::OutputTileShape<(int)1, (int)4, (int)2, (int)1, (int)8>, (int)256, (int)1, (int)32>::CompactedThreadMap, float, (int)4>, cutlass::epilogue::thread::LinearCombination<float, (int)1, float, float, (cutlass::epilogue::thread::ScaleType::Kind)0, (cutlass::FloatRoundStyle)2, float>, cutlass::MatrixShape<(int)0, (int)17>, (int)1, (int)1>, cutlass::gemm::threadblock::GemmBatchedIdentityThreadblockSwizzle, (cutlass::gemm::kernel::GroupScheduleMode)0, (bool)0>>(T1::Params)"
976910809,7872,1630,1024,1,1,256,1,1,40,0.000,0.000,,,,,NVIDIA GeForce RTX 3080 (0),1,,13,"void raggedroute::benchmark::library_baseline::<unnamed>::finalize_routing<(bool)1>(const float *, float *, const float *, const int *, int, int, int)"
976948600,8640,1637,2,32,2,128,1,1,86,0.033,0.000,,,,,NVIDIA GeForce RTX 3080 (0),1,,13,ampere_sgemm_32x32_sliced1x4_nn
976960184,2080,1640,2,64,1,32,16,1,43,0.000,0.000,,,,,NVIDIA GeForce RTX 3080 (0),1,,13,"void cublasLt::splitKreduce_kernel<(int)32, (int)16, int, float, float, float, float, (bool)0, float, float, float, (bool)1, (bool)0, (bool)0, (bool)0>(cublasLt::cublasSplitKParams<T6>, const T4 *, const T10 *, T9 *, T5 *, const T6 *, const T6 *, const T11 *, const T4 *, T11 *, void *, long long, T6 *, int *, T6 *, T6 *, const T6 *, const T6 *, const T6 *, const T6 *, const T6 *)"
976966936,18911,1643,1024,1,1,32,1,1,32,0.001,0.000,,,,,NVIDIA GeForce RTX 3080 (0),1,,13,"raggedroute::benchmark::library_baseline::<unnamed>::cub_block_radix_top2_kernel(const float *, int *, float *, int, int)"
976989431,1120,1657,1,1,1,256,1,1,16,0.000,0.000,,,,,NVIDIA GeForce RTX 3080 (0),1,,13,"void cub::_V_300304_SM_860::detail::histogram::DeviceHistogramInitKernel<cub::_V_300304_SM_860::detail::histogram::policy_hub<int, int, (int)1, (int)1, (bool)1>::Policy1000, (int)1, int, int>(cuda::std::__4::array<int, T2>, cuda::std::__4::array<T3 *, T2>, cub::_V_300304_SM_860::GridQueue<int>)"
976993143,5664,1660,1,1,1,384,1,1,54,0.001,0.000,,,,,NVIDIA GeForce RTX 3080 (0),1,,13,"void cub::_V_300304_SM_860::detail::histogram::DeviceHistogramSweepKernel<cub::_V_300304_SM_860::detail::histogram::policy_hub<int, int, (int)1, (int)1, (bool)1>::Policy1000, (int)256, (int)1, (int)1, const int *, int, cub::_V_300304_SM_860::detail::histogram::Transforms<int, int, int>::ScaleTransform, cub::_V_300304_SM_860::detail::histogram::Transforms<int, int, int>::PassThruTransform, int>(T5, cuda::std::__4::array<int, T4>, cuda::std::__4::array<int, T4>, cuda::std::__4::array<T6 *, T4>, cuda::std::__4::array<T6 *, T4>, cuda::std::__4::array<T8, T4>, cuda::std::__4::array<T7, T4>, T9, T9, T9, int, cub::_V_300304_SM_860::GridQueue<int>)"
977001463,1472,1667,1,1,1,128,1,1,16,0.001,0.000,,,,,NVIDIA GeForce RTX 3080 (0),1,,13,"void raggedroute::benchmark::library_baseline::<unnamed>::block_scan_kernel<(int)128>(const int *, int *, int)"
977005655,7520,1678,1,1,1,256,1,1,128,0.034,0.000,,,,,NVIDIA GeForce RTX 3080 (0),1,,13,"void cub::_V_300304_SM_860::detail::radix_sort::DeviceRadixSortSingleTileKernel<cub::_V_300304_SM_860::detail::radix_sort::policy_selector_from_types<int, int, unsigned int>, (cub::_V_300304_SM_860::SortOrder)0, int, int, unsigned int, cub::_V_300304_SM_860::detail::identity_decomposer_t>(const T3 *, T3 *, const T4 *, T4 *, T5, int, int, T6)"
977017271,3104,1684,1,1,1,256,1,1,16,0.000,0.000,,,,,NVIDIA GeForce RTX 3080 (0),1,,13,"raggedroute::benchmark::library_baseline::<unnamed>::compute_expert_offsets(const int *, int, int, long long *)"
977023414,5184,1691,2048,1,1,256,1,1,18,0.000,0.000,,,,,NVIDIA GeForce RTX 3080 (0),1,,13,"void raggedroute::benchmark::library_baseline::<unnamed>::expand_rows<(bool)1>(const float *, float *, const int *, int *, int *, int, int, int)"
977031734,137789,1694,68,1,1,256,1,1,144,0.000,0.017,,,,,NVIDIA GeForce RTX 3080 (0),1,,13,"void cutlass::Kernel<cutlass::gemm::kernel::GemmGrouped<cutlass::gemm::threadblock::MmaPipelined<cutlass::gemm::GemmShape<(int)128, (int)128, (int)8>, cutlass::transform::threadblock::PredicatedTileIterator<cutlass::MatrixShape<(int)128, (int)8>, float, cutlass::layout::RowMajor, (int)1, cutlass::transform::PitchLinearStripminedThreadMap<cutlass::PitchLinearShape<(int)8, (int)128>, (int)256, (int)1>, (int)1, (bool)0, cutlass::layout::NoPermute>, cutlass::transform::threadblock::RegularTileIterator<cutlass::MatrixShape<(int)128, (int)8>, float, cutlass::layout::ColumnMajor, (int)1, cutlass::transform::TransposePitchLinearThreadMapSimt<cutlass::transform::PitchLinearStripminedThreadMap<cutlass::PitchLinearShape<(int)8, (int)128>, (int)256, (int)1>>, (int)4>, cutlass::transform::threadblock::PredicatedTileIterator<cutlass::MatrixShape<(int)8, (int)128>, float, cutlass::layout::RowMajor, (int)0, cutlass::transform::PitchLinearStripminedThreadMap<cutlass::PitchLinearShape<(int)128, (int)8>, (int)256, (int)1>, (int)1, (bool)0, cutlass::layout::NoPermute>, cutlass::transform::threadblock::RegularTileIterator<cutlass::MatrixShape<(int)8, (int)128>, float, cutlass::layout::RowMajor, (int)0, cutlass::transform::PitchLinearStripminedThreadMap<cutlass::PitchLinearShape<(int)128, (int)8>, (int)256, (int)1>, (int)4>, float, cutlass::layout::RowMajor, cutlass::gemm::threadblock::MmaPolicy<cutlass::gemm::warp::MmaSimt<cutlass::gemm::GemmShape<(int)32, (int)64, (int)8>, float, cutlass::layout::ColumnMajor, float, cutlass::layout::RowMajor, float, cutlass::layout::RowMajor, cutlass::gemm::warp::MmaSimtPolicy<cutlass::MatrixShape<(int)4, (int)8>, cutlass::layout::RowMajorInterleaved<(int)2>, cutlass::gemm::GemmShape<(int)4, (int)4, (int)1>>, (int)1, (cutlass::ComplexTransform)0, (cutlass::ComplexTransform)0, bool>, cutlass::MatrixShape<(int)4, (int)0>, cutlass::MatrixShape<(int)0, (int)0>, (int)1>, cutlass::NumericArrayConverter<float, float, (int)4, (cutlass::FloatRoundStyle)2, cutlass::transform::thread::UnaryTransform::Identity>, cutlass::NumericArrayConverter<float, float, (int)4, (cutlass::FloatRoundStyle)2, cutlass::transform::thread::UnaryTransform::Identity>, bool>, cutlass::epilogue::threadblock::Epilogue<cutlass::gemm::GemmShape<(int)128, (int)128, (int)8>, cutlass::gemm::warp::MmaSimt<cutlass::gemm::GemmShape<(int)32, (int)64, (int)8>, float, cutlass::layout::ColumnMajor, float, cutlass::layout::RowMajor, float, cutlass::layout::RowMajor, cutlass::gemm::warp::MmaSimtPolicy<cutlass::MatrixShape<(int)4, (int)8>, cutlass::layout::RowMajorInterleaved<(int)2>, cutlass::gemm::GemmShape<(int)4, (int)4, (int)1>>, (int)1, (cutlass::ComplexTransform)0, (cutlass::ComplexTransform)0, bool>, (int)1, cutlass::epilogue::threadblock::PredicatedTileIterator<cutlass::epilogue::threadblock::OutputTileOptimalThreadMap<cutlass::epilogue::threadblock::OutputTileShape<(int)128, (int)1, (int)4, (int)4, (int)1>, cutlass::epilogue::threadblock::OutputTileShape<(int)1, (int)4, (int)2, (int)1, (int)8>, (int)256, (int)1, (int)32>, float, (bool)0, cutlass::layout::NoPermute, (bool)0>, cutlass::epilogue::warp::FragmentIteratorSimt<cutlass::gemm::GemmShape<(int)32, (int)64, (int)8>, cutlass::gemm::thread::Mma<cutlass::gemm::GemmShape<(int)8, (int)8, (int)1>, float, cutlass::layout::ColumnMajor, float, cutlass::layout::RowMajor, float, cutlass::layout::RowMajor, cutlass::arch::OpMultiplyAdd, bool>, cutlass::layout::RowMajor, cutlass::gemm::warp::MmaSimtPolicy<cutlass::MatrixShape<(int)4, (int)8>, cutlass::layout::RowMajorInterleaved<(int)2>, cutlass::gemm::GemmShape<(int)4, (int)4, (int)1>>>, cutlass::epilogue::warp::TileIteratorSimt<cutlass::gemm::GemmShape<(int)32, (int)64, (int)8>, cutlass::gemm::thread::Mma<cutlass::gemm::GemmShape<(int)8, (int)8, (int)1>, float, cutlass::layout::ColumnMajor, float, cutlass::layout::RowMajor, float, cutlass::layout::RowMajor, cutlass::arch::OpMultiplyAdd, bool>, float, cutlass::layout::RowMajor, cutlass::gemm::warp::MmaSimtPolicy<cutlass::MatrixShape<(int)4, (int)8>, cutlass::layout::RowMajorInterleaved<(int)2>, cutlass::gemm::GemmShape<(int)4, (int)4, (int)1>>>, cutlass::epilogue::threadblock::SharedLoadIterator<cutlass::epilogue::threadblock::OutputTileOptimalThreadMap<cutlass::epilogue::threadblock::OutputTileShape<(int)128, (int)1, (int)4, (int)4, (int)1>, cutlass::epilogue::threadblock::OutputTileShape<(int)1, (int)4, (int)2, (int)1, (int)8>, (int)256, (int)1, (int)32>::CompactedThreadMap, float, (int)4>, cutlass::epilogue::thread::LinearCombination<float, (int)1, float, float, (cutlass::epilogue::thread::ScaleType::Kind)0, (cutlass::FloatRoundStyle)2, float>, cutlass::MatrixShape<(int)0, (int)17>, (int)1, (int)1>, cutlass::gemm::threadblock::GemmBatchedIdentityThreadblockSwizzle, (cutlass::gemm::kernel::GroupScheduleMode)0, (bool)0>>(T1::Params)"
977172147,7936,1697,1024,1,1,256,1,1,40,0.000,0.000,,,,,NVIDIA GeForce RTX 3080 (0),1,,13,"void raggedroute::benchmark::library_baseline::<unnamed>::finalize_routing<(bool)1>(const float *, float *, const float *, const int *, int, int, int)"
977227602,6336,1700,,,,,,,,,,0.008,1292.927,Device,Pageable,NVIDIA GeForce RTX 3080 (0),1,,13,[CUDA memcpy Device-to-Host]
977279761,2432,1702,,,,,,,,,,0.000,105.263,Device,Pageable,NVIDIA GeForce RTX 3080 (0),1,,13,[CUDA memcpy Device-to-Host]
977295697,2304,1704,,,,,,,,,,0.000,112.847,Device,Pageable,NVIDIA GeForce RTX 3080 (0),1,,13,[CUDA memcpy Device-to-Host]
977313872,5728,1706,,,,,,,,,,0.008,1430.168,Device,Pageable,NVIDIA GeForce RTX 3080 (0),1,,13,[CUDA memcpy Device-to-Host]
977801382,2545708,1708,,,,,,,,,,2.097,822.084,Device,Pageable,NVIDIA GeForce RTX 3080 (0),1,,13,[CUDA memcpy Device-to-Host]
