Start (ns),Duration (ns),CorrId,GrdX,GrdY,GrdZ,BlkX,BlkY,BlkZ,Reg/Trd,StcSMem (MB),DymSMem (MB),Bytes (MB),Throughput (MB/s),SrcMemKd,DstMemKd,Device,Ctx,GreenCtx,Strm,Name
9334212446,637298,135,,,,,,,,,,0.131,205.652,Pageable,Device,NVIDIA GeForce RTX 3080 (0),1,,13,[CUDA memcpy Host-to-Device]
9334863024,2425285868,136,,,,,,,,,,1879.048,0.000,Pageable,Device,NVIDIA GeForce RTX 3080 (0),1,,13,[CUDA memcpy Host-to-Device]
11760150908,162749,137,,,,,,,,,,0.131,805.306,Pageable,Device,NVIDIA GeForce RTX 3080 (0),1,,13,[CUDA memcpy Host-to-Device]
11800527711,1376,295,1,1,1,256,1,1,16,0.000,0.000,,,,,NVIDIA GeForce RTX 3080 (0),1,,13,"raggedroute::benchmark::library_baseline::<unnamed>::initialize_source_rows(int *, int)"
11801022166,384,301,,,,,,,,,,0.000,218.750,Pageable,Device,NVIDIA GeForce RTX 3080 (0),1,,7,[CUDA memcpy Host-to-Device]
11801032246,352,303,,,,,,,,,,0.000,159.091,Pageable,Device,NVIDIA GeForce RTX 3080 (0),1,,7,[CUDA memcpy Host-to-Device]
11801042261,352,305,,,,,,,,,,0.000,159.091,Pageable,Device,NVIDIA GeForce RTX 3080 (0),1,,7,[CUDA memcpy Host-to-Device]
11801053045,352,307,,,,,,,,,,0.000,159.091,Pageable,Device,NVIDIA GeForce RTX 3080 (0),1,,7,[CUDA memcpy Host-to-Device]
11801062837,352,309,,,,,,,,,,0.000,159.091,Pageable,Device,NVIDIA GeForce RTX 3080 (0),1,,7,[CUDA memcpy Host-to-Device]
11801072757,352,311,,,,,,,,,,0.000,159.091,Pageable,Device,NVIDIA GeForce RTX 3080 (0),1,,7,[CUDA memcpy Host-to-Device]
11801082421,352,313,,,,,,,,,,0.000,159.091,Pageable,Device,NVIDIA GeForce RTX 3080 (0),1,,7,[CUDA memcpy Host-to-Device]
11801092404,384,315,,,,,,,,,,0.000,145.833,Pageable,Device,NVIDIA GeForce RTX 3080 (0),1,,7,[CUDA memcpy Host-to-Device]
11801102260,352,317,,,,,,,,,,0.000,159.091,Pageable,Device,NVIDIA GeForce RTX 3080 (0),1,,7,[CUDA memcpy Host-to-Device]
11801180499,51743,322,1,2,1,256,1,1,64,0.012,0.000,,,,,NVIDIA GeForce RTX 3080 (0),1,,13,"void gemmSN_NN_kernel<float, (int)256, (int)4, (int)2, (int)8, (int)4, (int)4, (bool)0, cublasGemvTensorStridedBatched<const float>, cublasGemvTensorStridedBatched<const float>, cublasGemvTensorStridedBatched<float>>(cublasGemmSmallNParams<T9, T10, T11, T1>)"
11801524620,6944,327,8,1,1,32,1,1,32,0.001,0.000,,,,,NVIDIA GeForce RTX 3080 (0),1,,13,"raggedroute::benchmark::library_baseline::<unnamed>::cub_block_radix_top2_kernel(const float *, int *, float *, int, int)"
11801662121,992,342,1,1,1,256,1,1,16,0.000,0.000,,,,,NVIDIA GeForce RTX 3080 (0),1,,13,"void cub::_V_300304_SM_860::detail::histogram::DeviceHistogramInitKernel<cub::_V_300304_SM_860::detail::histogram::policy_hub<int, int, (int)1, (int)1, (bool)1>::Policy1000, (int)1, int, int>(cuda::std::__4::array<int, T2>, cuda::std::__4::array<T3 *, T2>, cub::_V_300304_SM_860::GridQueue<int>)"
11801666921,4960,345,1,1,1,384,1,1,54,0.001,0.000,,,,,NVIDIA GeForce RTX 3080 (0),1,,13,"void cub::_V_300304_SM_860::detail::histogram::DeviceHistogramSweepKernel<cub::_V_300304_SM_860::detail::histogram::policy_hub<int, int, (int)1, (int)1, (bool)1>::Policy1000, (int)256, (int)1, (int)1, const int *, int, cub::_V_300304_SM_860::detail::histogram::Transforms<int, int, int>::ScaleTransform, cub::_V_300304_SM_860::detail::histogram::Transforms<int, int, int>::PassThruTransform, int>(T5, cuda::std::__4::array<int, T4>, cuda::std::__4::array<int, T4>, cuda::std::__4::array<T6 *, T4>, cuda::std::__4::array<T6 *, T4>, cuda::std::__4::array<T8, T4>, cuda::std::__4::array<T7, T4>, T9, T9, T9, int, cub::_V_300304_SM_860::GridQueue<int>)"
11802394459,1312,354,1,1,1,128,1,1,16,0.001,0.000,,,,,NVIDIA GeForce RTX 3080 (0),1,,13,"void raggedroute::benchmark::library_baseline::<unnamed>::block_scan_kernel<(int)128>(const int *, int *, int)"
11802480089,4000,366,1,1,1,256,1,1,128,0.034,0.000,,,,,NVIDIA GeForce RTX 3080 (0),1,,13,"void cub::_V_300304_SM_860::detail::radix_sort::DeviceRadixSortSingleTileKernel<cub::_V_300304_SM_860::detail::radix_sort::policy_selector_from_types<int, int, unsigned int>, (cub::_V_300304_SM_860::SortOrder)0, int, int, unsigned int, cub::_V_300304_SM_860::detail::identity_decomposer_t>(const T3 *, T3 *, const T4 *, T4 *, T5, int, int, T6)"
11802552408,1471,373,1,1,1,256,1,1,16,0.000,0.000,,,,,NVIDIA GeForce RTX 3080 (0),1,,13,"raggedroute::benchmark::library_baseline::<unnamed>::compute_expert_offsets(const int *, int, int, long long *)"
11802620726,2048,381,16,1,1,256,1,1,18,0.000,0.000,,,,,NVIDIA GeForce RTX 3080 (0),1,,13,"void raggedroute::benchmark::library_baseline::<unnamed>::expand_rows<(bool)1>(const float *, float *, const int *, int *, int *, int, int, int)"
11802625430,4973438,384,68,1,1,256,1,1,144,0.000,0.017,,,,,NVIDIA GeForce RTX 3080 (0),1,,13,"void cutlass::Kernel<cutlass::gemm::kernel::GemmGrouped<cutlass::gemm::threadblock::MmaPipelined<cutlass::gemm::GemmShape<(int)128, (int)128, (int)8>, cutlass::transform::threadblock::PredicatedTileIterator<cutlass::MatrixShape<(int)128, (int)8>, float, cutlass::layout::RowMajor, (int)1, cutlass::transform::PitchLinearStripminedThreadMap<cutlass::PitchLinearShape<(int)8, (int)128>, (int)256, (int)1>, (int)1, (bool)0, cutlass::layout::NoPermute>, cutlass::transform::threadblock::RegularTileIterator<cutlass::MatrixShape<(int)128, (int)8>, float, cutlass::layout::ColumnMajor, (int)1, cutlass::transform::TransposePitchLinearThreadMapSimt<cutlass::transform::PitchLinearStripminedThreadMap<cutlass::PitchLinearShape<(int)8, (int)128>, (int)256, (int)1>>, (int)4>, cutlass::transform::threadblock::PredicatedTileIterator<cutlass::MatrixShape<(int)8, (int)128>, float, cutlass::layout::RowMajor, (int)0, cutlass::transform::PitchLinearStripminedThreadMap<cutlass::PitchLinearShape<(int)128, (int)8>, (int)256, (int)1>, (int)1, (bool)0, cutlass::layout::NoPermute>, cutlass::transform::threadblock::RegularTileIterator<cutlass::MatrixShape<(int)8, (int)128>, float, cutlass::layout::RowMajor, (int)0, cutlass::transform::PitchLinearStripminedThreadMap<cutlass::PitchLinearShape<(int)128, (int)8>, (int)256, (int)1>, (int)4>, float, cutlass::layout::RowMajor, cutlass::gemm::threadblock::MmaPolicy<cutlass::gemm::warp::MmaSimt<cutlass::gemm::GemmShape<(int)32, (int)64, (int)8>, float, cutlass::layout::ColumnMajor, float, cutlass::layout::RowMajor, float, cutlass::layout::RowMajor, cutlass::gemm::warp::MmaSimtPolicy<cutlass::MatrixShape<(int)4, (int)8>, cutlass::layout::RowMajorInterleaved<(int)2>, cutlass::gemm::GemmShape<(int)4, (int)4, (int)1>>, (int)1, (cutlass::ComplexTransform)0, (cutlass::ComplexTransform)0, bool>, cutlass::MatrixShape<(int)4, (int)0>, cutlass::MatrixShape<(int)0, (int)0>, (int)1>, cutlass::NumericArrayConverter<float, float, (int)4, (cutlass::FloatRoundStyle)2, cutlass::transform::thread::UnaryTransform::Identity>, cutlass::NumericArrayConverter<float, float, (int)4, (cutlass::FloatRoundStyle)2, cutlass::transform::thread::UnaryTransform::Identity>, bool>, cutlass::epilogue::threadblock::Epilogue<cutlass::gemm::GemmShape<(int)128, (int)128, (int)8>, cutlass::gemm::warp::MmaSimt<cutlass::gemm::GemmShape<(int)32, (int)64, (int)8>, float, cutlass::layout::ColumnMajor, float, cutlass::layout::RowMajor, float, cutlass::layout::RowMajor, cutlass::gemm::warp::MmaSimtPolicy<cutlass::MatrixShape<(int)4, (int)8>, cutlass::layout::RowMajorInterleaved<(int)2>, cutlass::gemm::GemmShape<(int)4, (int)4, (int)1>>, (int)1, (cutlass::ComplexTransform)0, (cutlass::ComplexTransform)0, bool>, (int)1, cutlass::epilogue::threadblock::PredicatedTileIterator<cutlass::epilogue::threadblock::OutputTileOptimalThreadMap<cutlass::epilogue::threadblock::OutputTileShape<(int)128, (int)1, (int)4, (int)4, (int)1>, cutlass::epilogue::threadblock::OutputTileShape<(int)1, (int)4, (int)2, (int)1, (int)8>, (int)256, (int)1, (int)32>, float, (bool)0, cutlass::layout::NoPermute, (bool)0>, cutlass::epilogue::warp::FragmentIteratorSimt<cutlass::gemm::GemmShape<(int)32, (int)64, (int)8>, cutlass::gemm::thread::Mma<cutlass::gemm::GemmShape<(int)8, (int)8, (int)1>, float, cutlass::layout::ColumnMajor, float, cutlass::layout::RowMajor, float, cutlass::layout::RowMajor, cutlass::arch::OpMultiplyAdd, bool>, cutlass::layout::RowMajor, cutlass::gemm::warp::MmaSimtPolicy<cutlass::MatrixShape<(int)4, (int)8>, cutlass::layout::RowMajorInterleaved<(int)2>, cutlass::gemm::GemmShape<(int)4, (int)4, (int)1>>>, cutlass::epilogue::warp::TileIteratorSimt<cutlass::gemm::GemmShape<(int)32, (int)64, (int)8>, cutlass::gemm::thread::Mma<cutlass::gemm::GemmShape<(int)8, (int)8, (int)1>, float, cutlass::layout::ColumnMajor, float, cutlass::layout::RowMajor, float, cutlass::layout::RowMajor, cutlass::arch::OpMultiplyAdd, bool>, float, cutlass::layout::RowMajor, cutlass::gemm::warp::MmaSimtPolicy<cutlass::MatrixShape<(int)4, (int)8>, cutlass::layout::RowMajorInterleaved<(int)2>, cutlass::gemm::GemmShape<(int)4, (int)4, (int)1>>>, cutlass::epilogue::threadblock::SharedLoadIterator<cutlass::epilogue::threadblock::OutputTileOptimalThreadMap<cutlass::epilogue::threadblock::OutputTileShape<(int)128, (int)1, (int)4, (int)4, (int)1>, cutlass::epilogue::threadblock::OutputTileShape<(int)1, (int)4, (int)2, (int)1, (int)8>, (int)256, (int)1, (int)32>::CompactedThreadMap, float, (int)4>, cutlass::epilogue::thread::LinearCombination<float, (int)1, float, float, (cutlass::epilogue::thread::ScaleType::Kind)0, (cutlass::FloatRoundStyle)2, float>, cutlass::MatrixShape<(int)0, (int)17>, (int)1, (int)1>, cutlass::gemm::threadblock::GemmBatchedIdentityThreadblockSwizzle, (cutlass::gemm::kernel::GroupScheduleMode)0, (bool)0>>(T1::Params)"
11807721490,11519,389,8,1,1,256,1,1,40,0.000,0.000,,,,,NVIDIA GeForce RTX 3080 (0),1,,13,"void raggedroute::benchmark::library_baseline::<unnamed>::finalize_routing<(bool)1>(const float *, float *, const float *, const int *, int, int, int)"
11807735537,52831,394,1,2,1,256,1,1,64,0.012,0.000,,,,,NVIDIA GeForce RTX 3080 (0),1,,13,"void gemmSN_NN_kernel<float, (int)256, (int)4, (int)2, (int)8, (int)4, (int)4, (bool)0, cublasGemvTensorStridedBatched<const float>, cublasGemvTensorStridedBatched<const float>, cublasGemvTensorStridedBatched<float>>(cublasGemmSmallNParams<T9, T10, T11, T1>)"
11807792400,6816,397,8,1,1,32,1,1,32,0.001,0.000,,,,,NVIDIA GeForce RTX 3080 (0),1,,13,"raggedroute::benchmark::library_baseline::<unnamed>::cub_block_radix_top2_kernel(const float *, int *, float *, int, int)"
11807801616,992,411,1,1,1,256,1,1,16,0.000,0.000,,,,,NVIDIA GeForce RTX 3080 (0),1,,13,"void cub::_V_300304_SM_860::detail::histogram::DeviceHistogramInitKernel<cub::_V_300304_SM_860::detail::histogram::policy_hub<int, int, (int)1, (int)1, (bool)1>::Policy1000, (int)1, int, int>(cuda::std::__4::array<int, T2>, cuda::std::__4::array<T3 *, T2>, cub::_V_300304_SM_860::GridQueue<int>)"
11807805040,5088,414,1,1,1,384,1,1,54,0.001,0.000,,,,,NVIDIA GeForce RTX 3080 (0),1,,13,"void cub::_V_300304_SM_860::detail::histogram::DeviceHistogramSweepKernel<cub::_V_300304_SM_860::detail::histogram::policy_hub<int, int, (int)1, (int)1, (bool)1>::Policy1000, (int)256, (int)1, (int)1, const int *, int, cub::_V_300304_SM_860::detail::histogram::Transforms<int, int, int>::ScaleTransform, cub::_V_300304_SM_860::detail::histogram::Transforms<int, int, int>::PassThruTransform, int>(T5, cuda::std::__4::array<int, T4>, cuda::std::__4::array<int, T4>, cuda::std::__4::array<T6 *, T4>, cuda::std::__4::array<T6 *, T4>, cuda::std::__4::array<T8, T4>, cuda::std::__4::array<T7, T4>, T9, T9, T9, int, cub::_V_300304_SM_860::GridQueue<int>)"
11807812752,1344,421,1,1,1,128,1,1,16,0.001,0.000,,,,,NVIDIA GeForce RTX 3080 (0),1,,13,"void raggedroute::benchmark::library_baseline::<unnamed>::block_scan_kernel<(int)128>(const int *, int *, int)"
11807816656,4032,432,1,1,1,256,1,1,128,0.034,0.000,,,,,NVIDIA GeForce RTX 3080 (0),1,,13,"void cub::_V_300304_SM_860::detail::radix_sort::DeviceRadixSortSingleTileKernel<cub::_V_300304_SM_860::detail::radix_sort::policy_selector_from_types<int, int, unsigned int>, (cub::_V_300304_SM_860::SortOrder)0, int, int, unsigned int, cub::_V_300304_SM_860::detail::identity_decomposer_t>(const T3 *, T3 *, const T4 *, T4 *, T5, int, int, T6)"
11807823056,1503,438,1,1,1,256,1,1,16,0.000,0.000,,,,,NVIDIA GeForce RTX 3080 (0),1,,13,"raggedroute::benchmark::library_baseline::<unnamed>::compute_expert_offsets(const int *, int, int, long long *)"
11807827215,2048,445,16,1,1,256,1,1,18,0.000,0.000,,,,,NVIDIA GeForce RTX 3080 (0),1,,13,"void raggedroute::benchmark::library_baseline::<unnamed>::expand_rows<(bool)1>(const float *, float *, const int *, int *, int *, int, int, int)"
11807832879,4974206,448,68,1,1,256,1,1,144,0.000,0.017,,,,,NVIDIA GeForce RTX 3080 (0),1,,13,"void cutlass::Kernel<cutlass::gemm::kernel::GemmGrouped<cutlass::gemm::threadblock::MmaPipelined<cutlass::gemm::GemmShape<(int)128, (int)128, (int)8>, cutlass::transform::threadblock::PredicatedTileIterator<cutlass::MatrixShape<(int)128, (int)8>, float, cutlass::layout::RowMajor, (int)1, cutlass::transform::PitchLinearStripminedThreadMap<cutlass::PitchLinearShape<(int)8, (int)128>, (int)256, (int)1>, (int)1, (bool)0, cutlass::layout::NoPermute>, cutlass::transform::threadblock::RegularTileIterator<cutlass::MatrixShape<(int)128, (int)8>, float, cutlass::layout::ColumnMajor, (int)1, cutlass::transform::TransposePitchLinearThreadMapSimt<cutlass::transform::PitchLinearStripminedThreadMap<cutlass::PitchLinearShape<(int)8, (int)128>, (int)256, (int)1>>, (int)4>, cutlass::transform::threadblock::PredicatedTileIterator<cutlass::MatrixShape<(int)8, (int)128>, float, cutlass::layout::RowMajor, (int)0, cutlass::transform::PitchLinearStripminedThreadMap<cutlass::PitchLinearShape<(int)128, (int)8>, (int)256, (int)1>, (int)1, (bool)0, cutlass::layout::NoPermute>, cutlass::transform::threadblock::RegularTileIterator<cutlass::MatrixShape<(int)8, (int)128>, float, cutlass::layout::RowMajor, (int)0, cutlass::transform::PitchLinearStripminedThreadMap<cutlass::PitchLinearShape<(int)128, (int)8>, (int)256, (int)1>, (int)4>, float, cutlass::layout::RowMajor, cutlass::gemm::threadblock::MmaPolicy<cutlass::gemm::warp::MmaSimt<cutlass::gemm::GemmShape<(int)32, (int)64, (int)8>, float, cutlass::layout::ColumnMajor, float, cutlass::layout::RowMajor, float, cutlass::layout::RowMajor, cutlass::gemm::warp::MmaSimtPolicy<cutlass::MatrixShape<(int)4, (int)8>, cutlass::layout::RowMajorInterleaved<(int)2>, cutlass::gemm::GemmShape<(int)4, (int)4, (int)1>>, (int)1, (cutlass::ComplexTransform)0, (cutlass::ComplexTransform)0, bool>, cutlass::MatrixShape<(int)4, (int)0>, cutlass::MatrixShape<(int)0, (int)0>, (int)1>, cutlass::NumericArrayConverter<float, float, (int)4, (cutlass::FloatRoundStyle)2, cutlass::transform::thread::UnaryTransform::Identity>, cutlass::NumericArrayConverter<float, float, (int)4, (cutlass::FloatRoundStyle)2, cutlass::transform::thread::UnaryTransform::Identity>, bool>, cutlass::epilogue::threadblock::Epilogue<cutlass::gemm::GemmShape<(int)128, (int)128, (int)8>, cutlass::gemm::warp::MmaSimt<cutlass::gemm::GemmShape<(int)32, (int)64, (int)8>, float, cutlass::layout::ColumnMajor, float, cutlass::layout::RowMajor, float, cutlass::layout::RowMajor, cutlass::gemm::warp::MmaSimtPolicy<cutlass::MatrixShape<(int)4, (int)8>, cutlass::layout::RowMajorInterleaved<(int)2>, cutlass::gemm::GemmShape<(int)4, (int)4, (int)1>>, (int)1, (cutlass::ComplexTransform)0, (cutlass::ComplexTransform)0, bool>, (int)1, cutlass::epilogue::threadblock::PredicatedTileIterator<cutlass::epilogue::threadblock::OutputTileOptimalThreadMap<cutlass::epilogue::threadblock::OutputTileShape<(int)128, (int)1, (int)4, (int)4, (int)1>, cutlass::epilogue::threadblock::OutputTileShape<(int)1, (int)4, (int)2, (int)1, (int)8>, (int)256, (int)1, (int)32>, float, (bool)0, cutlass::layout::NoPermute, (bool)0>, cutlass::epilogue::warp::FragmentIteratorSimt<cutlass::gemm::GemmShape<(int)32, (int)64, (int)8>, cutlass::gemm::thread::Mma<cutlass::gemm::GemmShape<(int)8, (int)8, (int)1>, float, cutlass::layout::ColumnMajor, float, cutlass::layout::RowMajor, float, cutlass::layout::RowMajor, cutlass::arch::OpMultiplyAdd, bool>, cutlass::layout::RowMajor, cutlass::gemm::warp::MmaSimtPolicy<cutlass::MatrixShape<(int)4, (int)8>, cutlass::layout::RowMajorInterleaved<(int)2>, cutlass::gemm::GemmShape<(int)4, (int)4, (int)1>>>, cutlass::epilogue::warp::TileIteratorSimt<cutlass::gemm::GemmShape<(int)32, (int)64, (int)8>, cutlass::gemm::thread::Mma<cutlass::gemm::GemmShape<(int)8, (int)8, (int)1>, float, cutlass::layout::ColumnMajor, float, cutlass::layout::RowMajor, float, cutlass::layout::RowMajor, cutlass::arch::OpMultiplyAdd, bool>, float, cutlass::layout::RowMajor, cutlass::gemm::warp::MmaSimtPolicy<cutlass::MatrixShape<(int)4, (int)8>, cutlass::layout::RowMajorInterleaved<(int)2>, cutlass::gemm::GemmShape<(int)4, (int)4, (int)1>>>, cutlass::epilogue::threadblock::SharedLoadIterator<cutlass::epilogue::threadblock::OutputTileOptimalThreadMap<cutlass::epilogue::threadblock::OutputTileShape<(int)128, (int)1, (int)4, (int)4, (int)1>, cutlass::epilogue::threadblock::OutputTileShape<(int)1, (int)4, (int)2, (int)1, (int)8>, (int)256, (int)1, (int)32>::CompactedThreadMap, float, (int)4>, cutlass::epilogue::thread::LinearCombination<float, (int)1, float, float, (cutlass::epilogue::thread::ScaleType::Kind)0, (cutlass::FloatRoundStyle)2, float>, cutlass::MatrixShape<(int)0, (int)17>, (int)1, (int)1>, cutlass::gemm::threadblock::GemmBatchedIdentityThreadblockSwizzle, (cutlass::gemm::kernel::GroupScheduleMode)0, (bool)0>>(T1::Params)"
11812821645,11424,451,8,1,1,256,1,1,40,0.000,0.000,,,,,NVIDIA GeForce RTX 3080 (0),1,,13,"void raggedroute::benchmark::library_baseline::<unnamed>::finalize_routing<(bool)1>(const float *, float *, const float *, const int *, int, int, int)"
11812835437,52671,456,1,2,1,256,1,1,64,0.012,0.000,,,,,NVIDIA GeForce RTX 3080 (0),1,,13,"void gemmSN_NN_kernel<float, (int)256, (int)4, (int)2, (int)8, (int)4, (int)4, (bool)0, cublasGemvTensorStridedBatched<const float>, cublasGemvTensorStridedBatched<const float>, cublasGemvTensorStridedBatched<float>>(cublasGemmSmallNParams<T9, T10, T11, T1>)"
11812896747,6752,459,8,1,1,32,1,1,32,0.001,0.000,,,,,NVIDIA GeForce RTX 3080 (0),1,,13,"raggedroute::benchmark::library_baseline::<unnamed>::cub_block_radix_top2_kernel(const float *, int *, float *, int, int)"
11812906187,992,473,1,1,1,256,1,1,16,0.000,0.000,,,,,NVIDIA GeForce RTX 3080 (0),1,,13,"void cub::_V_300304_SM_860::detail::histogram::DeviceHistogramInitKernel<cub::_V_300304_SM_860::detail::histogram::policy_hub<int, int, (int)1, (int)1, (bool)1>::Policy1000, (int)1, int, int>(cuda::std::__4::array<int, T2>, cuda::std::__4::array<T3 *, T2>, cub::_V_300304_SM_860::GridQueue<int>)"
11812910667,4384,476,1,1,1,384,1,1,54,0.001,0.000,,,,,NVIDIA GeForce RTX 3080 (0),1,,13,"void cub::_V_300304_SM_860::detail::histogram::DeviceHistogramSweepKernel<cub::_V_300304_SM_860::detail::histogram::policy_hub<int, int, (int)1, (int)1, (bool)1>::Policy1000, (int)256, (int)1, (int)1, const int *, int, cub::_V_300304_SM_860::detail::histogram::Transforms<int, int, int>::ScaleTransform, cub::_V_300304_SM_860::detail::histogram::Transforms<int, int, int>::PassThruTransform, int>(T5, cuda::std::__4::array<int, T4>, cuda::std::__4::array<int, T4>, cuda::std::__4::array<T6 *, T4>, cuda::std::__4::array<T6 *, T4>, cuda::std::__4::array<T8, T4>, cuda::std::__4::array<T7, T4>, T9, T9, T9, int, cub::_V_300304_SM_860::GridQueue<int>)"
11812917451,1312,483,1,1,1,128,1,1,16,0.001,0.000,,,,,NVIDIA GeForce RTX 3080 (0),1,,13,"void raggedroute::benchmark::library_baseline::<unnamed>::block_scan_kernel<(int)128>(const int *, int *, int)"
11812921195,4000,494,1,1,1,256,1,1,128,0.034,0.000,,,,,NVIDIA GeForce RTX 3080 (0),1,,13,"void cub::_V_300304_SM_860::detail::radix_sort::DeviceRadixSortSingleTileKernel<cub::_V_300304_SM_860::detail::radix_sort::policy_selector_from_types<int, int, unsigned int>, (cub::_V_300304_SM_860::SortOrder)0, int, int, unsigned int, cub::_V_300304_SM_860::detail::identity_decomposer_t>(const T3 *, T3 *, const T4 *, T4 *, T5, int, int, T6)"
11812927595,1472,500,1,1,1,256,1,1,16,0.000,0.000,,,,,NVIDIA GeForce RTX 3080 (0),1,,13,"raggedroute::benchmark::library_baseline::<unnamed>::compute_expert_offsets(const int *, int, int, long long *)"
11812931435,2016,507,16,1,1,256,1,1,18,0.000,0.000,,,,,NVIDIA GeForce RTX 3080 (0),1,,13,"void raggedroute::benchmark::library_baseline::<unnamed>::expand_rows<(bool)1>(const float *, float *, const int *, int *, int *, int, int, int)"
11812936971,4971517,510,68,1,1,256,1,1,144,0.000,0.017,,,,,NVIDIA GeForce RTX 3080 (0),1,,13,"void cutlass::Kernel<cutlass::gemm::kernel::GemmGrouped<cutlass::gemm::threadblock::MmaPipelined<cutlass::gemm::GemmShape<(int)128, (int)128, (int)8>, cutlass::transform::threadblock::PredicatedTileIterator<cutlass::MatrixShape<(int)128, (int)8>, float, cutlass::layout::RowMajor, (int)1, cutlass::transform::PitchLinearStripminedThreadMap<cutlass::PitchLinearShape<(int)8, (int)128>, (int)256, (int)1>, (int)1, (bool)0, cutlass::layout::NoPermute>, cutlass::transform::threadblock::RegularTileIterator<cutlass::MatrixShape<(int)128, (int)8>, float, cutlass::layout::ColumnMajor, (int)1, cutlass::transform::TransposePitchLinearThreadMapSimt<cutlass::transform::PitchLinearStripminedThreadMap<cutlass::PitchLinearShape<(int)8, (int)128>, (int)256, (int)1>>, (int)4>, cutlass::transform::threadblock::PredicatedTileIterator<cutlass::MatrixShape<(int)8, (int)128>, float, cutlass::layout::RowMajor, (int)0, cutlass::transform::PitchLinearStripminedThreadMap<cutlass::PitchLinearShape<(int)128, (int)8>, (int)256, (int)1>, (int)1, (bool)0, cutlass::layout::NoPermute>, cutlass::transform::threadblock::RegularTileIterator<cutlass::MatrixShape<(int)8, (int)128>, float, cutlass::layout::RowMajor, (int)0, cutlass::transform::PitchLinearStripminedThreadMap<cutlass::PitchLinearShape<(int)128, (int)8>, (int)256, (int)1>, (int)4>, float, cutlass::layout::RowMajor, cutlass::gemm::threadblock::MmaPolicy<cutlass::gemm::warp::MmaSimt<cutlass::gemm::GemmShape<(int)32, (int)64, (int)8>, float, cutlass::layout::ColumnMajor, float, cutlass::layout::RowMajor, float, cutlass::layout::RowMajor, cutlass::gemm::warp::MmaSimtPolicy<cutlass::MatrixShape<(int)4, (int)8>, cutlass::layout::RowMajorInterleaved<(int)2>, cutlass::gemm::GemmShape<(int)4, (int)4, (int)1>>, (int)1, (cutlass::ComplexTransform)0, (cutlass::ComplexTransform)0, bool>, cutlass::MatrixShape<(int)4, (int)0>, cutlass::MatrixShape<(int)0, (int)0>, (int)1>, cutlass::NumericArrayConverter<float, float, (int)4, (cutlass::FloatRoundStyle)2, cutlass::transform::thread::UnaryTransform::Identity>, cutlass::NumericArrayConverter<float, float, (int)4, (cutlass::FloatRoundStyle)2, cutlass::transform::thread::UnaryTransform::Identity>, bool>, cutlass::epilogue::threadblock::Epilogue<cutlass::gemm::GemmShape<(int)128, (int)128, (int)8>, cutlass::gemm::warp::MmaSimt<cutlass::gemm::GemmShape<(int)32, (int)64, (int)8>, float, cutlass::layout::ColumnMajor, float, cutlass::layout::RowMajor, float, cutlass::layout::RowMajor, cutlass::gemm::warp::MmaSimtPolicy<cutlass::MatrixShape<(int)4, (int)8>, cutlass::layout::RowMajorInterleaved<(int)2>, cutlass::gemm::GemmShape<(int)4, (int)4, (int)1>>, (int)1, (cutlass::ComplexTransform)0, (cutlass::ComplexTransform)0, bool>, (int)1, cutlass::epilogue::threadblock::PredicatedTileIterator<cutlass::epilogue::threadblock::OutputTileOptimalThreadMap<cutlass::epilogue::threadblock::OutputTileShape<(int)128, (int)1, (int)4, (int)4, (int)1>, cutlass::epilogue::threadblock::OutputTileShape<(int)1, (int)4, (int)2, (int)1, (int)8>, (int)256, (int)1, (int)32>, float, (bool)0, cutlass::layout::NoPermute, (bool)0>, cutlass::epilogue::warp::FragmentIteratorSimt<cutlass::gemm::GemmShape<(int)32, (int)64, (int)8>, cutlass::gemm::thread::Mma<cutlass::gemm::GemmShape<(int)8, (int)8, (int)1>, float, cutlass::layout::ColumnMajor, float, cutlass::layout::RowMajor, float, cutlass::layout::RowMajor, cutlass::arch::OpMultiplyAdd, bool>, cutlass::layout::RowMajor, cutlass::gemm::warp::MmaSimtPolicy<cutlass::MatrixShape<(int)4, (int)8>, cutlass::layout::RowMajorInterleaved<(int)2>, cutlass::gemm::GemmShape<(int)4, (int)4, (int)1>>>, cutlass::epilogue::warp::TileIteratorSimt<cutlass::gemm::GemmShape<(int)32, (int)64, (int)8>, cutlass::gemm::thread::Mma<cutlass::gemm::GemmShape<(int)8, (int)8, (int)1>, float, cutlass::layout::ColumnMajor, float, cutlass::layout::RowMajor, float, cutlass::layout::RowMajor, cutlass::arch::OpMultiplyAdd, bool>, float, cutlass::layout::RowMajor, cutlass::gemm::warp::MmaSimtPolicy<cutlass::MatrixShape<(int)4, (int)8>, cutlass::layout::RowMajorInterleaved<(int)2>, cutlass::gemm::GemmShape<(int)4, (int)4, (int)1>>>, cutlass::epilogue::threadblock::SharedLoadIterator<cutlass::epilogue::threadblock::OutputTileOptimalThreadMap<cutlass::epilogue::threadblock::OutputTileShape<(int)128, (int)1, (int)4, (int)4, (int)1>, cutlass::epilogue::threadblock::OutputTileShape<(int)1, (int)4, (int)2, (int)1, (int)8>, (int)256, (int)1, (int)32>::CompactedThreadMap, float, (int)4>, cutlass::epilogue::thread::LinearCombination<float, (int)1, float, float, (cutlass::epilogue::thread::ScaleType::Kind)0, (cutlass::FloatRoundStyle)2, float>, cutlass::MatrixShape<(int)0, (int)17>, (int)1, (int)1>, cutlass::gemm::threadblock::GemmBatchedIdentityThreadblockSwizzle, (cutlass::gemm::kernel::GroupScheduleMode)0, (bool)0>>(T1::Params)"
11817920232,11328,513,8,1,1,256,1,1,40,0.000,0.000,,,,,NVIDIA GeForce RTX 3080 (0),1,,13,"void raggedroute::benchmark::library_baseline::<unnamed>::finalize_routing<(bool)1>(const float *, float *, const float *, const int *, int, int, int)"
11817933992,52959,518,1,2,1,256,1,1,64,0.012,0.000,,,,,NVIDIA GeForce RTX 3080 (0),1,,13,"void gemmSN_NN_kernel<float, (int)256, (int)4, (int)2, (int)8, (int)4, (int)4, (bool)0, cublasGemvTensorStridedBatched<const float>, cublasGemvTensorStridedBatched<const float>, cublasGemvTensorStridedBatched<float>>(cublasGemmSmallNParams<T9, T10, T11, T1>)"
11817996871,6752,521,8,1,1,32,1,1,32,0.001,0.000,,,,,NVIDIA GeForce RTX 3080 (0),1,,13,"raggedroute::benchmark::library_baseline::<unnamed>::cub_block_radix_top2_kernel(const float *, int *, float *, int, int)"
11818006311,992,535,1,1,1,256,1,1,16,0.000,0.000,,,,,NVIDIA GeForce RTX 3080 (0),1,,13,"void cub::_V_300304_SM_860::detail::histogram::DeviceHistogramInitKernel<cub::_V_300304_SM_860::detail::histogram::policy_hub<int, int, (int)1, (int)1, (bool)1>::Policy1000, (int)1, int, int>(cuda::std::__4::array<int, T2>, cuda::std::__4::array<T3 *, T2>, cub::_V_300304_SM_860::GridQueue<int>)"
11818009798,4640,538,1,1,1,384,1,1,54,0.001,0.000,,,,,NVIDIA GeForce RTX 3080 (0),1,,13,"void cub::_V_300304_SM_860::detail::histogram::DeviceHistogramSweepKernel<cub::_V_300304_SM_860::detail::histogram::policy_hub<int, int, (int)1, (int)1, (bool)1>::Policy1000, (int)256, (int)1, (int)1, const int *, int, cub::_V_300304_SM_860::detail::histogram::Transforms<int, int, int>::ScaleTransform, cub::_V_300304_SM_860::detail::histogram::Transforms<int, int, int>::PassThruTransform, int>(T5, cuda::std::__4::array<int, T4>, cuda::std::__4::array<int, T4>, cuda::std::__4::array<T6 *, T4>, cuda::std::__4::array<T6 *, T4>, cuda::std::__4::array<T8, T4>, cuda::std::__4::array<T7, T4>, T9, T9, T9, int, cub::_V_300304_SM_860::GridQueue<int>)"
11818016902,1344,545,1,1,1,128,1,1,16,0.001,0.000,,,,,NVIDIA GeForce RTX 3080 (0),1,,13,"void raggedroute::benchmark::library_baseline::<unnamed>::block_scan_kernel<(int)128>(const int *, int *, int)"
11818020614,4032,556,1,1,1,256,1,1,128,0.034,0.000,,,,,NVIDIA GeForce RTX 3080 (0),1,,13,"void cub::_V_300304_SM_860::detail::radix_sort::DeviceRadixSortSingleTileKernel<cub::_V_300304_SM_860::detail::radix_sort::policy_selector_from_types<int, int, unsigned int>, (cub::_V_300304_SM_860::SortOrder)0, int, int, unsigned int, cub::_V_300304_SM_860::detail::identity_decomposer_t>(const T3 *, T3 *, const T4 *, T4 *, T5, int, int, T6)"
11818027014,1472,562,1,1,1,256,1,1,16,0.000,0.000,,,,,NVIDIA GeForce RTX 3080 (0),1,,13,"raggedroute::benchmark::library_baseline::<unnamed>::compute_expert_offsets(const int *, int, int, long long *)"
11818030854,1984,569,16,1,1,256,1,1,18,0.000,0.000,,,,,NVIDIA GeForce RTX 3080 (0),1,,13,"void raggedroute::benchmark::library_baseline::<unnamed>::expand_rows<(bool)1>(const float *, float *, const int *, int *, int *, int, int, int)"
11818036486,4973502,572,68,1,1,256,1,1,144,0.000,0.017,,,,,NVIDIA GeForce RTX 3080 (0),1,,13,"void cutlass::Kernel<cutlass::gemm::kernel::GemmGrouped<cutlass::gemm::threadblock::MmaPipelined<cutlass::gemm::GemmShape<(int)128, (int)128, (int)8>, cutlass::transform::threadblock::PredicatedTileIterator<cutlass::MatrixShape<(int)128, (int)8>, float, cutlass::layout::RowMajor, (int)1, cutlass::transform::PitchLinearStripminedThreadMap<cutlass::PitchLinearShape<(int)8, (int)128>, (int)256, (int)1>, (int)1, (bool)0, cutlass::layout::NoPermute>, cutlass::transform::threadblock::RegularTileIterator<cutlass::MatrixShape<(int)128, (int)8>, float, cutlass::layout::ColumnMajor, (int)1, cutlass::transform::TransposePitchLinearThreadMapSimt<cutlass::transform::PitchLinearStripminedThreadMap<cutlass::PitchLinearShape<(int)8, (int)128>, (int)256, (int)1>>, (int)4>, cutlass::transform::threadblock::PredicatedTileIterator<cutlass::MatrixShape<(int)8, (int)128>, float, cutlass::layout::RowMajor, (int)0, cutlass::transform::PitchLinearStripminedThreadMap<cutlass::PitchLinearShape<(int)128, (int)8>, (int)256, (int)1>, (int)1, (bool)0, cutlass::layout::NoPermute>, cutlass::transform::threadblock::RegularTileIterator<cutlass::MatrixShape<(int)8, (int)128>, float, cutlass::layout::RowMajor, (int)0, cutlass::transform::PitchLinearStripminedThreadMap<cutlass::PitchLinearShape<(int)128, (int)8>, (int)256, (int)1>, (int)4>, float, cutlass::layout::RowMajor, cutlass::gemm::threadblock::MmaPolicy<cutlass::gemm::warp::MmaSimt<cutlass::gemm::GemmShape<(int)32, (int)64, (int)8>, float, cutlass::layout::ColumnMajor, float, cutlass::layout::RowMajor, float, cutlass::layout::RowMajor, cutlass::gemm::warp::MmaSimtPolicy<cutlass::MatrixShape<(int)4, (int)8>, cutlass::layout::RowMajorInterleaved<(int)2>, cutlass::gemm::GemmShape<(int)4, (int)4, (int)1>>, (int)1, (cutlass::ComplexTransform)0, (cutlass::ComplexTransform)0, bool>, cutlass::MatrixShape<(int)4, (int)0>, cutlass::MatrixShape<(int)0, (int)0>, (int)1>, cutlass::NumericArrayConverter<float, float, (int)4, (cutlass::FloatRoundStyle)2, cutlass::transform::thread::UnaryTransform::Identity>, cutlass::NumericArrayConverter<float, float, (int)4, (cutlass::FloatRoundStyle)2, cutlass::transform::thread::UnaryTransform::Identity>, bool>, cutlass::epilogue::threadblock::Epilogue<cutlass::gemm::GemmShape<(int)128, (int)128, (int)8>, cutlass::gemm::warp::MmaSimt<cutlass::gemm::GemmShape<(int)32, (int)64, (int)8>, float, cutlass::layout::ColumnMajor, float, cutlass::layout::RowMajor, float, cutlass::layout::RowMajor, cutlass::gemm::warp::MmaSimtPolicy<cutlass::MatrixShape<(int)4, (int)8>, cutlass::layout::RowMajorInterleaved<(int)2>, cutlass::gemm::GemmShape<(int)4, (int)4, (int)1>>, (int)1, (cutlass::ComplexTransform)0, (cutlass::ComplexTransform)0, bool>, (int)1, cutlass::epilogue::threadblock::PredicatedTileIterator<cutlass::epilogue::threadblock::OutputTileOptimalThreadMap<cutlass::epilogue::threadblock::OutputTileShape<(int)128, (int)1, (int)4, (int)4, (int)1>, cutlass::epilogue::threadblock::OutputTileShape<(int)1, (int)4, (int)2, (int)1, (int)8>, (int)256, (int)1, (int)32>, float, (bool)0, cutlass::layout::NoPermute, (bool)0>, cutlass::epilogue::warp::FragmentIteratorSimt<cutlass::gemm::GemmShape<(int)32, (int)64, (int)8>, cutlass::gemm::thread::Mma<cutlass::gemm::GemmShape<(int)8, (int)8, (int)1>, float, cutlass::layout::ColumnMajor, float, cutlass::layout::RowMajor, float, cutlass::layout::RowMajor, cutlass::arch::OpMultiplyAdd, bool>, cutlass::layout::RowMajor, cutlass::gemm::warp::MmaSimtPolicy<cutlass::MatrixShape<(int)4, (int)8>, cutlass::layout::RowMajorInterleaved<(int)2>, cutlass::gemm::GemmShape<(int)4, (int)4, (int)1>>>, cutlass::epilogue::warp::TileIteratorSimt<cutlass::gemm::GemmShape<(int)32, (int)64, (int)8>, cutlass::gemm::thread::Mma<cutlass::gemm::GemmShape<(int)8, (int)8, (int)1>, float, cutlass::layout::ColumnMajor, float, cutlass::layout::RowMajor, float, cutlass::layout::RowMajor, cutlass::arch::OpMultiplyAdd, bool>, float, cutlass::layout::RowMajor, cutlass::gemm::warp::MmaSimtPolicy<cutlass::MatrixShape<(int)4, (int)8>, cutlass::layout::RowMajorInterleaved<(int)2>, cutlass::gemm::GemmShape<(int)4, (int)4, (int)1>>>, cutlass::epilogue::threadblock::SharedLoadIterator<cutlass::epilogue::threadblock::OutputTileOptimalThreadMap<cutlass::epilogue::threadblock::OutputTileShape<(int)128, (int)1, (int)4, (int)4, (int)1>, cutlass::epilogue::threadblock::OutputTileShape<(int)1, (int)4, (int)2, (int)1, (int)8>, (int)256, (int)1, (int)32>::CompactedThreadMap, float, (int)4>, cutlass::epilogue::thread::LinearCombination<float, (int)1, float, float, (cutlass::epilogue::thread::ScaleType::Kind)0, (cutlass::FloatRoundStyle)2, float>, cutlass::MatrixShape<(int)0, (int)17>, (int)1, (int)1>, cutlass::gemm::threadblock::GemmBatchedIdentityThreadblockSwizzle, (cutlass::gemm::kernel::GroupScheduleMode)0, (bool)0>>(T1::Params)"
11823022852,11391,575,8,1,1,256,1,1,40,0.000,0.000,,,,,NVIDIA GeForce RTX 3080 (0),1,,13,"void raggedroute::benchmark::library_baseline::<unnamed>::finalize_routing<(bool)1>(const float *, float *, const float *, const int *, int, int, int)"
11823036771,52735,580,1,2,1,256,1,1,64,0.012,0.000,,,,,NVIDIA GeForce RTX 3080 (0),1,,13,"void gemmSN_NN_kernel<float, (int)256, (int)4, (int)2, (int)8, (int)4, (int)4, (bool)0, cublasGemvTensorStridedBatched<const float>, cublasGemvTensorStridedBatched<const float>, cublasGemvTensorStridedBatched<float>>(cublasGemmSmallNParams<T9, T10, T11, T1>)"
11823093602,6784,583,8,1,1,32,1,1,32,0.001,0.000,,,,,NVIDIA GeForce RTX 3080 (0),1,,13,"raggedroute::benchmark::library_baseline::<unnamed>::cub_block_radix_top2_kernel(const float *, int *, float *, int, int)"
11823103170,992,597,1,1,1,256,1,1,16,0.000,0.000,,,,,NVIDIA GeForce RTX 3080 (0),1,,13,"void cub::_V_300304_SM_860::detail::histogram::DeviceHistogramInitKernel<cub::_V_300304_SM_860::detail::histogram::policy_hub<int, int, (int)1, (int)1, (bool)1>::Policy1000, (int)1, int, int>(cuda::std::__4::array<int, T2>, cuda::std::__4::array<T3 *, T2>, cub::_V_300304_SM_860::GridQueue<int>)"
11823108258,4864,600,1,1,1,384,1,1,54,0.001,0.000,,,,,NVIDIA GeForce RTX 3080 (0),1,,13,"void cub::_V_300304_SM_860::detail::histogram::DeviceHistogramSweepKernel<cub::_V_300304_SM_860::detail::histogram::policy_hub<int, int, (int)1, (int)1, (bool)1>::Policy1000, (int)256, (int)1, (int)1, const int *, int, cub::_V_300304_SM_860::detail::histogram::Transforms<int, int, int>::ScaleTransform, cub::_V_300304_SM_860::detail::histogram::Transforms<int, int, int>::PassThruTransform, int>(T5, cuda::std::__4::array<int, T4>, cuda::std::__4::array<int, T4>, cuda::std::__4::array<T6 *, T4>, cuda::std::__4::array<T6 *, T4>, cuda::std::__4::array<T8, T4>, cuda::std::__4::array<T7, T4>, T9, T9, T9, int, cub::_V_300304_SM_860::GridQueue<int>)"
11823115586,1312,607,1,1,1,128,1,1,16,0.001,0.000,,,,,NVIDIA GeForce RTX 3080 (0),1,,13,"void raggedroute::benchmark::library_baseline::<unnamed>::block_scan_kernel<(int)128>(const int *, int *, int)"
11823119330,4000,618,1,1,1,256,1,1,128,0.034,0.000,,,,,NVIDIA GeForce RTX 3080 (0),1,,13,"void cub::_V_300304_SM_860::detail::radix_sort::DeviceRadixSortSingleTileKernel<cub::_V_300304_SM_860::detail::radix_sort::policy_selector_from_types<int, int, unsigned int>, (cub::_V_300304_SM_860::SortOrder)0, int, int, unsigned int, cub::_V_300304_SM_860::detail::identity_decomposer_t>(const T3 *, T3 *, const T4 *, T4 *, T5, int, int, T6)"
11823125826,1471,624,1,1,1,256,1,1,16,0.000,0.000,,,,,NVIDIA GeForce RTX 3080 (0),1,,13,"raggedroute::benchmark::library_baseline::<unnamed>::compute_expert_offsets(const int *, int, int, long long *)"
11823129697,2016,631,16,1,1,256,1,1,18,0.000,0.000,,,,,NVIDIA GeForce RTX 3080 (0),1,,13,"void raggedroute::benchmark::library_baseline::<unnamed>::expand_rows<(bool)1>(const float *, float *, const int *, int *, int *, int, int, int)"
11823135201,4971550,634,68,1,1,256,1,1,144,0.000,0.017,,,,,NVIDIA GeForce RTX 3080 (0),1,,13,"void cutlass::Kernel<cutlass::gemm::kernel::GemmGrouped<cutlass::gemm::threadblock::MmaPipelined<cutlass::gemm::GemmShape<(int)128, (int)128, (int)8>, cutlass::transform::threadblock::PredicatedTileIterator<cutlass::MatrixShape<(int)128, (int)8>, float, cutlass::layout::RowMajor, (int)1, cutlass::transform::PitchLinearStripminedThreadMap<cutlass::PitchLinearShape<(int)8, (int)128>, (int)256, (int)1>, (int)1, (bool)0, cutlass::layout::NoPermute>, cutlass::transform::threadblock::RegularTileIterator<cutlass::MatrixShape<(int)128, (int)8>, float, cutlass::layout::ColumnMajor, (int)1, cutlass::transform::TransposePitchLinearThreadMapSimt<cutlass::transform::PitchLinearStripminedThreadMap<cutlass::PitchLinearShape<(int)8, (int)128>, (int)256, (int)1>>, (int)4>, cutlass::transform::threadblock::PredicatedTileIterator<cutlass::MatrixShape<(int)8, (int)128>, float, cutlass::layout::RowMajor, (int)0, cutlass::transform::PitchLinearStripminedThreadMap<cutlass::PitchLinearShape<(int)128, (int)8>, (int)256, (int)1>, (int)1, (bool)0, cutlass::layout::NoPermute>, cutlass::transform::threadblock::RegularTileIterator<cutlass::MatrixShape<(int)8, (int)128>, float, cutlass::layout::RowMajor, (int)0, cutlass::transform::PitchLinearStripminedThreadMap<cutlass::PitchLinearShape<(int)128, (int)8>, (int)256, (int)1>, (int)4>, float, cutlass::layout::RowMajor, cutlass::gemm::threadblock::MmaPolicy<cutlass::gemm::warp::MmaSimt<cutlass::gemm::GemmShape<(int)32, (int)64, (int)8>, float, cutlass::layout::ColumnMajor, float, cutlass::layout::RowMajor, float, cutlass::layout::RowMajor, cutlass::gemm::warp::MmaSimtPolicy<cutlass::MatrixShape<(int)4, (int)8>, cutlass::layout::RowMajorInterleaved<(int)2>, cutlass::gemm::GemmShape<(int)4, (int)4, (int)1>>, (int)1, (cutlass::ComplexTransform)0, (cutlass::ComplexTransform)0, bool>, cutlass::MatrixShape<(int)4, (int)0>, cutlass::MatrixShape<(int)0, (int)0>, (int)1>, cutlass::NumericArrayConverter<float, float, (int)4, (cutlass::FloatRoundStyle)2, cutlass::transform::thread::UnaryTransform::Identity>, cutlass::NumericArrayConverter<float, float, (int)4, (cutlass::FloatRoundStyle)2, cutlass::transform::thread::UnaryTransform::Identity>, bool>, cutlass::epilogue::threadblock::Epilogue<cutlass::gemm::GemmShape<(int)128, (int)128, (int)8>, cutlass::gemm::warp::MmaSimt<cutlass::gemm::GemmShape<(int)32, (int)64, (int)8>, float, cutlass::layout::ColumnMajor, float, cutlass::layout::RowMajor, float, cutlass::layout::RowMajor, cutlass::gemm::warp::MmaSimtPolicy<cutlass::MatrixShape<(int)4, (int)8>, cutlass::layout::RowMajorInterleaved<(int)2>, cutlass::gemm::GemmShape<(int)4, (int)4, (int)1>>, (int)1, (cutlass::ComplexTransform)0, (cutlass::ComplexTransform)0, bool>, (int)1, cutlass::epilogue::threadblock::PredicatedTileIterator<cutlass::epilogue::threadblock::OutputTileOptimalThreadMap<cutlass::epilogue::threadblock::OutputTileShape<(int)128, (int)1, (int)4, (int)4, (int)1>, cutlass::epilogue::threadblock::OutputTileShape<(int)1, (int)4, (int)2, (int)1, (int)8>, (int)256, (int)1, (int)32>, float, (bool)0, cutlass::layout::NoPermute, (bool)0>, cutlass::epilogue::warp::FragmentIteratorSimt<cutlass::gemm::GemmShape<(int)32, (int)64, (int)8>, cutlass::gemm::thread::Mma<cutlass::gemm::GemmShape<(int)8, (int)8, (int)1>, float, cutlass::layout::ColumnMajor, float, cutlass::layout::RowMajor, float, cutlass::layout::RowMajor, cutlass::arch::OpMultiplyAdd, bool>, cutlass::layout::RowMajor, cutlass::gemm::warp::MmaSimtPolicy<cutlass::MatrixShape<(int)4, (int)8>, cutlass::layout::RowMajorInterleaved<(int)2>, cutlass::gemm::GemmShape<(int)4, (int)4, (int)1>>>, cutlass::epilogue::warp::TileIteratorSimt<cutlass::gemm::GemmShape<(int)32, (int)64, (int)8>, cutlass::gemm::thread::Mma<cutlass::gemm::GemmShape<(int)8, (int)8, (int)1>, float, cutlass::layout::ColumnMajor, float, cutlass::layout::RowMajor, float, cutlass::layout::RowMajor, cutlass::arch::OpMultiplyAdd, bool>, float, cutlass::layout::RowMajor, cutlass::gemm::warp::MmaSimtPolicy<cutlass::MatrixShape<(int)4, (int)8>, cutlass::layout::RowMajorInterleaved<(int)2>, cutlass::gemm::GemmShape<(int)4, (int)4, (int)1>>>, cutlass::epilogue::threadblock::SharedLoadIterator<cutlass::epilogue::threadblock::OutputTileOptimalThreadMap<cutlass::epilogue::threadblock::OutputTileShape<(int)128, (int)1, (int)4, (int)4, (int)1>, cutlass::epilogue::threadblock::OutputTileShape<(int)1, (int)4, (int)2, (int)1, (int)8>, (int)256, (int)1, (int)32>::CompactedThreadMap, float, (int)4>, cutlass::epilogue::thread::LinearCombination<float, (int)1, float, float, (cutlass::epilogue::thread::ScaleType::Kind)0, (cutlass::FloatRoundStyle)2, float>, cutlass::MatrixShape<(int)0, (int)17>, (int)1, (int)1>, cutlass::gemm::threadblock::GemmBatchedIdentityThreadblockSwizzle, (cutlass::gemm::kernel::GroupScheduleMode)0, (bool)0>>(T1::Params)"
11828120127,11360,637,8,1,1,256,1,1,40,0.000,0.000,,,,,NVIDIA GeForce RTX 3080 (0),1,,13,"void raggedroute::benchmark::library_baseline::<unnamed>::finalize_routing<(bool)1>(const float *, float *, const float *, const int *, int, int, int)"
11828133855,53407,642,1,2,1,256,1,1,64,0.012,0.000,,,,,NVIDIA GeForce RTX 3080 (0),1,,13,"void gemmSN_NN_kernel<float, (int)256, (int)4, (int)2, (int)8, (int)4, (int)4, (bool)0, cublasGemvTensorStridedBatched<const float>, cublasGemvTensorStridedBatched<const float>, cublasGemvTensorStridedBatched<float>>(cublasGemmSmallNParams<T9, T10, T11, T1>)"
11828197437,6784,645,8,1,1,32,1,1,32,0.001,0.000,,,,,NVIDIA GeForce RTX 3080 (0),1,,13,"raggedroute::benchmark::library_baseline::<unnamed>::cub_block_radix_top2_kernel(const float *, int *, float *, int, int)"
11828206589,992,659,1,1,1,256,1,1,16,0.000,0.000,,,,,NVIDIA GeForce RTX 3080 (0),1,,13,"void cub::_V_300304_SM_860::detail::histogram::DeviceHistogramInitKernel<cub::_V_300304_SM_860::detail::histogram::policy_hub<int, int, (int)1, (int)1, (bool)1>::Policy1000, (int)1, int, int>(cuda::std::__4::array<int, T2>, cuda::std::__4::array<T3 *, T2>, cub::_V_300304_SM_860::GridQueue<int>)"
11828210045,4960,662,1,1,1,384,1,1,54,0.001,0.000,,,,,NVIDIA GeForce RTX 3080 (0),1,,13,"void cub::_V_300304_SM_860::detail::histogram::DeviceHistogramSweepKernel<cub::_V_300304_SM_860::detail::histogram::policy_hub<int, int, (int)1, (int)1, (bool)1>::Policy1000, (int)256, (int)1, (int)1, const int *, int, cub::_V_300304_SM_860::detail::histogram::Transforms<int, int, int>::ScaleTransform, cub::_V_300304_SM_860::detail::histogram::Transforms<int, int, int>::PassThruTransform, int>(T5, cuda::std::__4::array<int, T4>, cuda::std::__4::array<int, T4>, cuda::std::__4::array<T6 *, T4>, cuda::std::__4::array<T6 *, T4>, cuda::std::__4::array<T8, T4>, cuda::std::__4::array<T7, T4>, T9, T9, T9, int, cub::_V_300304_SM_860::GridQueue<int>)"
11828217501,1376,669,1,1,1,128,1,1,16,0.001,0.000,,,,,NVIDIA GeForce RTX 3080 (0),1,,13,"void raggedroute::benchmark::library_baseline::<unnamed>::block_scan_kernel<(int)128>(const int *, int *, int)"
11828221405,4288,680,1,1,1,256,1,1,128,0.034,0.000,,,,,NVIDIA GeForce RTX 3080 (0),1,,13,"void cub::_V_300304_SM_860::detail::radix_sort::DeviceRadixSortSingleTileKernel<cub::_V_300304_SM_860::detail::radix_sort::policy_selector_from_types<int, int, unsigned int>, (cub::_V_300304_SM_860::SortOrder)0, int, int, unsigned int, cub::_V_300304_SM_860::detail::identity_decomposer_t>(const T3 *, T3 *, const T4 *, T4 *, T5, int, int, T6)"
11828228477,1600,686,1,1,1,256,1,1,16,0.000,0.000,,,,,NVIDIA GeForce RTX 3080 (0),1,,13,"raggedroute::benchmark::library_baseline::<unnamed>::compute_expert_offsets(const int *, int, int, long long *)"
11828232637,2176,693,16,1,1,256,1,1,18,0.000,0.000,,,,,NVIDIA GeForce RTX 3080 (0),1,,13,"void raggedroute::benchmark::library_baseline::<unnamed>::expand_rows<(bool)1>(const float *, float *, const int *, int *, int *, int, int, int)"
11828238205,5340854,696,68,1,1,256,1,1,144,0.000,0.017,,,,,NVIDIA GeForce RTX 3080 (0),1,,13,"void cutlass::Kernel<cutlass::gemm::kernel::GemmGrouped<cutlass::gemm::threadblock::MmaPipelined<cutlass::gemm::GemmShape<(int)128, (int)128, (int)8>, cutlass::transform::threadblock::PredicatedTileIterator<cutlass::MatrixShape<(int)128, (int)8>, float, cutlass::layout::RowMajor, (int)1, cutlass::transform::PitchLinearStripminedThreadMap<cutlass::PitchLinearShape<(int)8, (int)128>, (int)256, (int)1>, (int)1, (bool)0, cutlass::layout::NoPermute>, cutlass::transform::threadblock::RegularTileIterator<cutlass::MatrixShape<(int)128, (int)8>, float, cutlass::layout::ColumnMajor, (int)1, cutlass::transform::TransposePitchLinearThreadMapSimt<cutlass::transform::PitchLinearStripminedThreadMap<cutlass::PitchLinearShape<(int)8, (int)128>, (int)256, (int)1>>, (int)4>, cutlass::transform::threadblock::PredicatedTileIterator<cutlass::MatrixShape<(int)8, (int)128>, float, cutlass::layout::RowMajor, (int)0, cutlass::transform::PitchLinearStripminedThreadMap<cutlass::PitchLinearShape<(int)128, (int)8>, (int)256, (int)1>, (int)1, (bool)0, cutlass::layout::NoPermute>, cutlass::transform::threadblock::RegularTileIterator<cutlass::MatrixShape<(int)8, (int)128>, float, cutlass::layout::RowMajor, (int)0, cutlass::transform::PitchLinearStripminedThreadMap<cutlass::PitchLinearShape<(int)128, (int)8>, (int)256, (int)1>, (int)4>, float, cutlass::layout::RowMajor, cutlass::gemm::threadblock::MmaPolicy<cutlass::gemm::warp::MmaSimt<cutlass::gemm::GemmShape<(int)32, (int)64, (int)8>, float, cutlass::layout::ColumnMajor, float, cutlass::layout::RowMajor, float, cutlass::layout::RowMajor, cutlass::gemm::warp::MmaSimtPolicy<cutlass::MatrixShape<(int)4, (int)8>, cutlass::layout::RowMajorInterleaved<(int)2>, cutlass::gemm::GemmShape<(int)4, (int)4, (int)1>>, (int)1, (cutlass::ComplexTransform)0, (cutlass::ComplexTransform)0, bool>, cutlass::MatrixShape<(int)4, (int)0>, cutlass::MatrixShape<(int)0, (int)0>, (int)1>, cutlass::NumericArrayConverter<float, float, (int)4, (cutlass::FloatRoundStyle)2, cutlass::transform::thread::UnaryTransform::Identity>, cutlass::NumericArrayConverter<float, float, (int)4, (cutlass::FloatRoundStyle)2, cutlass::transform::thread::UnaryTransform::Identity>, bool>, cutlass::epilogue::threadblock::Epilogue<cutlass::gemm::GemmShape<(int)128, (int)128, (int)8>, cutlass::gemm::warp::MmaSimt<cutlass::gemm::GemmShape<(int)32, (int)64, (int)8>, float, cutlass::layout::ColumnMajor, float, cutlass::layout::RowMajor, float, cutlass::layout::RowMajor, cutlass::gemm::warp::MmaSimtPolicy<cutlass::MatrixShape<(int)4, (int)8>, cutlass::layout::RowMajorInterleaved<(int)2>, cutlass::gemm::GemmShape<(int)4, (int)4, (int)1>>, (int)1, (cutlass::ComplexTransform)0, (cutlass::ComplexTransform)0, bool>, (int)1, cutlass::epilogue::threadblock::PredicatedTileIterator<cutlass::epilogue::threadblock::OutputTileOptimalThreadMap<cutlass::epilogue::threadblock::OutputTileShape<(int)128, (int)1, (int)4, (int)4, (int)1>, cutlass::epilogue::threadblock::OutputTileShape<(int)1, (int)4, (int)2, (int)1, (int)8>, (int)256, (int)1, (int)32>, float, (bool)0, cutlass::layout::NoPermute, (bool)0>, cutlass::epilogue::warp::FragmentIteratorSimt<cutlass::gemm::GemmShape<(int)32, (int)64, (int)8>, cutlass::gemm::thread::Mma<cutlass::gemm::GemmShape<(int)8, (int)8, (int)1>, float, cutlass::layout::ColumnMajor, float, cutlass::layout::RowMajor, float, cutlass::layout::RowMajor, cutlass::arch::OpMultiplyAdd, bool>, cutlass::layout::RowMajor, cutlass::gemm::warp::MmaSimtPolicy<cutlass::MatrixShape<(int)4, (int)8>, cutlass::layout::RowMajorInterleaved<(int)2>, cutlass::gemm::GemmShape<(int)4, (int)4, (int)1>>>, cutlass::epilogue::warp::TileIteratorSimt<cutlass::gemm::GemmShape<(int)32, (int)64, (int)8>, cutlass::gemm::thread::Mma<cutlass::gemm::GemmShape<(int)8, (int)8, (int)1>, float, cutlass::layout::ColumnMajor, float, cutlass::layout::RowMajor, float, cutlass::layout::RowMajor, cutlass::arch::OpMultiplyAdd, bool>, float, cutlass::layout::RowMajor, cutlass::gemm::warp::MmaSimtPolicy<cutlass::MatrixShape<(int)4, (int)8>, cutlass::layout::RowMajorInterleaved<(int)2>, cutlass::gemm::GemmShape<(int)4, (int)4, (int)1>>>, cutlass::epilogue::threadblock::SharedLoadIterator<cutlass::epilogue::threadblock::OutputTileOptimalThreadMap<cutlass::epilogue::threadblock::OutputTileShape<(int)128, (int)1, (int)4, (int)4, (int)1>, cutlass::epilogue::threadblock::OutputTileShape<(int)1, (int)4, (int)2, (int)1, (int)8>, (int)256, (int)1, (int)32>::CompactedThreadMap, float, (int)4>, cutlass::epilogue::thread::LinearCombination<float, (int)1, float, float, (cutlass::epilogue::thread::ScaleType::Kind)0, (cutlass::FloatRoundStyle)2, float>, cutlass::MatrixShape<(int)0, (int)17>, (int)1, (int)1>, cutlass::gemm::threadblock::GemmBatchedIdentityThreadblockSwizzle, (cutlass::gemm::kernel::GroupScheduleMode)0, (bool)0>>(T1::Params)"
11833593971,12000,699,8,1,1,256,1,1,40,0.000,0.000,,,,,NVIDIA GeForce RTX 3080 (0),1,,13,"void raggedroute::benchmark::library_baseline::<unnamed>::finalize_routing<(bool)1>(const float *, float *, const float *, const int *, int, int, int)"
11833608499,55295,704,1,2,1,256,1,1,64,0.012,0.000,,,,,NVIDIA GeForce RTX 3080 (0),1,,13,"void gemmSN_NN_kernel<float, (int)256, (int)4, (int)2, (int)8, (int)4, (int)4, (bool)0, cublasGemvTensorStridedBatched<const float>, cublasGemvTensorStridedBatched<const float>, cublasGemvTensorStridedBatched<float>>(cublasGemmSmallNParams<T9, T10, T11, T1>)"
11833672625,7264,707,8,1,1,32,1,1,32,0.001,0.000,,,,,NVIDIA GeForce RTX 3080 (0),1,,13,"raggedroute::benchmark::library_baseline::<unnamed>::cub_block_radix_top2_kernel(const float *, int *, float *, int, int)"
11833682449,1088,721,1,1,1,256,1,1,16,0.000,0.000,,,,,NVIDIA GeForce RTX 3080 (0),1,,13,"void cub::_V_300304_SM_860::detail::histogram::DeviceHistogramInitKernel<cub::_V_300304_SM_860::detail::histogram::policy_hub<int, int, (int)1, (int)1, (bool)1>::Policy1000, (int)1, int, int>(cuda::std::__4::array<int, T2>, cuda::std::__4::array<T3 *, T2>, cub::_V_300304_SM_860::GridQueue<int>)"
11833687121,5184,724,1,1,1,384,1,1,54,0.001,0.000,,,,,NVIDIA GeForce RTX 3080 (0),1,,13,"void cub::_V_300304_SM_860::detail::histogram::DeviceHistogramSweepKernel<cub::_V_300304_SM_860::detail::histogram::policy_hub<int, int, (int)1, (int)1, (bool)1>::Policy1000, (int)256, (int)1, (int)1, const int *, int, cub::_V_300304_SM_860::detail::histogram::Transforms<int, int, int>::ScaleTransform, cub::_V_300304_SM_860::detail::histogram::Transforms<int, int, int>::PassThruTransform, int>(T5, cuda::std::__4::array<int, T4>, cuda::std::__4::array<int, T4>, cuda::std::__4::array<T6 *, T4>, cuda::std::__4::array<T6 *, T4>, cuda::std::__4::array<T8, T4>, cuda::std::__4::array<T7, T4>, T9, T9, T9, int, cub::_V_300304_SM_860::GridQueue<int>)"
11833694833,1408,731,1,1,1,128,1,1,16,0.001,0.000,,,,,NVIDIA GeForce RTX 3080 (0),1,,13,"void raggedroute::benchmark::library_baseline::<unnamed>::block_scan_kernel<(int)128>(const int *, int *, int)"
11833698769,4288,742,1,1,1,256,1,1,128,0.034,0.000,,,,,NVIDIA GeForce RTX 3080 (0),1,,13,"void cub::_V_300304_SM_860::detail::radix_sort::DeviceRadixSortSingleTileKernel<cub::_V_300304_SM_860::detail::radix_sort::policy_selector_from_types<int, int, unsigned int>, (cub::_V_300304_SM_860::SortOrder)0, int, int, unsigned int, cub::_V_300304_SM_860::detail::identity_decomposer_t>(const T3 *, T3 *, const T4 *, T4 *, T5, int, int, T6)"
11833705617,1600,748,1,1,1,256,1,1,16,0.000,0.000,,,,,NVIDIA GeForce RTX 3080 (0),1,,13,"raggedroute::benchmark::library_baseline::<unnamed>::compute_expert_offsets(const int *, int, int, long long *)"
11833711249,2176,755,16,1,1,256,1,1,18,0.000,0.000,,,,,NVIDIA GeForce RTX 3080 (0),1,,13,"void raggedroute::benchmark::library_baseline::<unnamed>::expand_rows<(bool)1>(const float *, float *, const int *, int *, int *, int, int, int)"
11833716145,5339382,758,68,1,1,256,1,1,144,0.000,0.017,,,,,NVIDIA GeForce RTX 3080 (0),1,,13,"void cutlass::Kernel<cutlass::gemm::kernel::GemmGrouped<cutlass::gemm::threadblock::MmaPipelined<cutlass::gemm::GemmShape<(int)128, (int)128, (int)8>, cutlass::transform::threadblock::PredicatedTileIterator<cutlass::MatrixShape<(int)128, (int)8>, float, cutlass::layout::RowMajor, (int)1, cutlass::transform::PitchLinearStripminedThreadMap<cutlass::PitchLinearShape<(int)8, (int)128>, (int)256, (int)1>, (int)1, (bool)0, cutlass::layout::NoPermute>, cutlass::transform::threadblock::RegularTileIterator<cutlass::MatrixShape<(int)128, (int)8>, float, cutlass::layout::ColumnMajor, (int)1, cutlass::transform::TransposePitchLinearThreadMapSimt<cutlass::transform::PitchLinearStripminedThreadMap<cutlass::PitchLinearShape<(int)8, (int)128>, (int)256, (int)1>>, (int)4>, cutlass::transform::threadblock::PredicatedTileIterator<cutlass::MatrixShape<(int)8, (int)128>, float, cutlass::layout::RowMajor, (int)0, cutlass::transform::PitchLinearStripminedThreadMap<cutlass::PitchLinearShape<(int)128, (int)8>, (int)256, (int)1>, (int)1, (bool)0, cutlass::layout::NoPermute>, cutlass::transform::threadblock::RegularTileIterator<cutlass::MatrixShape<(int)8, (int)128>, float, cutlass::layout::RowMajor, (int)0, cutlass::transform::PitchLinearStripminedThreadMap<cutlass::PitchLinearShape<(int)128, (int)8>, (int)256, (int)1>, (int)4>, float, cutlass::layout::RowMajor, cutlass::gemm::threadblock::MmaPolicy<cutlass::gemm::warp::MmaSimt<cutlass::gemm::GemmShape<(int)32, (int)64, (int)8>, float, cutlass::layout::ColumnMajor, float, cutlass::layout::RowMajor, float, cutlass::layout::RowMajor, cutlass::gemm::warp::MmaSimtPolicy<cutlass::MatrixShape<(int)4, (int)8>, cutlass::layout::RowMajorInterleaved<(int)2>, cutlass::gemm::GemmShape<(int)4, (int)4, (int)1>>, (int)1, (cutlass::ComplexTransform)0, (cutlass::ComplexTransform)0, bool>, cutlass::MatrixShape<(int)4, (int)0>, cutlass::MatrixShape<(int)0, (int)0>, (int)1>, cutlass::NumericArrayConverter<float, float, (int)4, (cutlass::FloatRoundStyle)2, cutlass::transform::thread::UnaryTransform::Identity>, cutlass::NumericArrayConverter<float, float, (int)4, (cutlass::FloatRoundStyle)2, cutlass::transform::thread::UnaryTransform::Identity>, bool>, cutlass::epilogue::threadblock::Epilogue<cutlass::gemm::GemmShape<(int)128, (int)128, (int)8>, cutlass::gemm::warp::MmaSimt<cutlass::gemm::GemmShape<(int)32, (int)64, (int)8>, float, cutlass::layout::ColumnMajor, float, cutlass::layout::RowMajor, float, cutlass::layout::RowMajor, cutlass::gemm::warp::MmaSimtPolicy<cutlass::MatrixShape<(int)4, (int)8>, cutlass::layout::RowMajorInterleaved<(int)2>, cutlass::gemm::GemmShape<(int)4, (int)4, (int)1>>, (int)1, (cutlass::ComplexTransform)0, (cutlass::ComplexTransform)0, bool>, (int)1, cutlass::epilogue::threadblock::PredicatedTileIterator<cutlass::epilogue::threadblock::OutputTileOptimalThreadMap<cutlass::epilogue::threadblock::OutputTileShape<(int)128, (int)1, (int)4, (int)4, (int)1>, cutlass::epilogue::threadblock::OutputTileShape<(int)1, (int)4, (int)2, (int)1, (int)8>, (int)256, (int)1, (int)32>, float, (bool)0, cutlass::layout::NoPermute, (bool)0>, cutlass::epilogue::warp::FragmentIteratorSimt<cutlass::gemm::GemmShape<(int)32, (int)64, (int)8>, cutlass::gemm::thread::Mma<cutlass::gemm::GemmShape<(int)8, (int)8, (int)1>, float, cutlass::layout::ColumnMajor, float, cutlass::layout::RowMajor, float, cutlass::layout::RowMajor, cutlass::arch::OpMultiplyAdd, bool>, cutlass::layout::RowMajor, cutlass::gemm::warp::MmaSimtPolicy<cutlass::MatrixShape<(int)4, (int)8>, cutlass::layout::RowMajorInterleaved<(int)2>, cutlass::gemm::GemmShape<(int)4, (int)4, (int)1>>>, cutlass::epilogue::warp::TileIteratorSimt<cutlass::gemm::GemmShape<(int)32, (int)64, (int)8>, cutlass::gemm::thread::Mma<cutlass::gemm::GemmShape<(int)8, (int)8, (int)1>, float, cutlass::layout::ColumnMajor, float, cutlass::layout::RowMajor, float, cutlass::layout::RowMajor, cutlass::arch::OpMultiplyAdd, bool>, float, cutlass::layout::RowMajor, cutlass::gemm::warp::MmaSimtPolicy<cutlass::MatrixShape<(int)4, (int)8>, cutlass::layout::RowMajorInterleaved<(int)2>, cutlass::gemm::GemmShape<(int)4, (int)4, (int)1>>>, cutlass::epilogue::threadblock::SharedLoadIterator<cutlass::epilogue::threadblock::OutputTileOptimalThreadMap<cutlass::epilogue::threadblock::OutputTileShape<(int)128, (int)1, (int)4, (int)4, (int)1>, cutlass::epilogue::threadblock::OutputTileShape<(int)1, (int)4, (int)2, (int)1, (int)8>, (int)256, (int)1, (int)32>::CompactedThreadMap, float, (int)4>, cutlass::epilogue::thread::LinearCombination<float, (int)1, float, float, (cutlass::epilogue::thread::ScaleType::Kind)0, (cutlass::FloatRoundStyle)2, float>, cutlass::MatrixShape<(int)0, (int)17>, (int)1, (int)1>, cutlass::gemm::threadblock::GemmBatchedIdentityThreadblockSwizzle, (cutlass::gemm::kernel::GroupScheduleMode)0, (bool)0>>(T1::Params)"
11839067303,12032,761,8,1,1,256,1,1,40,0.000,0.000,,,,,NVIDIA GeForce RTX 3080 (0),1,,13,"void raggedroute::benchmark::library_baseline::<unnamed>::finalize_routing<(bool)1>(const float *, float *, const float *, const int *, int, int, int)"
11839081959,55647,766,1,2,1,256,1,1,64,0.012,0.000,,,,,NVIDIA GeForce RTX 3080 (0),1,,13,"void gemmSN_NN_kernel<float, (int)256, (int)4, (int)2, (int)8, (int)4, (int)4, (bool)0, cublasGemvTensorStridedBatched<const float>, cublasGemvTensorStridedBatched<const float>, cublasGemvTensorStridedBatched<float>>(cublasGemmSmallNParams<T9, T10, T11, T1>)"
11839148293,7296,769,8,1,1,32,1,1,32,0.001,0.000,,,,,NVIDIA GeForce RTX 3080 (0),1,,13,"raggedroute::benchmark::library_baseline::<unnamed>::cub_block_radix_top2_kernel(const float *, int *, float *, int, int)"
11839158245,1056,783,1,1,1,256,1,1,16,0.000,0.000,,,,,NVIDIA GeForce RTX 3080 (0),1,,13,"void cub::_V_300304_SM_860::detail::histogram::DeviceHistogramInitKernel<cub::_V_300304_SM_860::detail::histogram::policy_hub<int, int, (int)1, (int)1, (bool)1>::Policy1000, (int)1, int, int>(cuda::std::__4::array<int, T2>, cuda::std::__4::array<T3 *, T2>, cub::_V_300304_SM_860::GridQueue<int>)"
11839161797,5184,786,1,1,1,384,1,1,54,0.001,0.000,,,,,NVIDIA GeForce RTX 3080 (0),1,,13,"void cub::_V_300304_SM_860::detail::histogram::DeviceHistogramSweepKernel<cub::_V_300304_SM_860::detail::histogram::policy_hub<int, int, (int)1, (int)1, (bool)1>::Policy1000, (int)256, (int)1, (int)1, const int *, int, cub::_V_300304_SM_860::detail::histogram::Transforms<int, int, int>::ScaleTransform, cub::_V_300304_SM_860::detail::histogram::Transforms<int, int, int>::PassThruTransform, int>(T5, cuda::std::__4::array<int, T4>, cuda::std::__4::array<int, T4>, cuda::std::__4::array<T6 *, T4>, cuda::std::__4::array<T6 *, T4>, cuda::std::__4::array<T8, T4>, cuda::std::__4::array<T7, T4>, T9, T9, T9, int, cub::_V_300304_SM_860::GridQueue<int>)"
11839169509,1440,793,1,1,1,128,1,1,16,0.001,0.000,,,,,NVIDIA GeForce RTX 3080 (0),1,,13,"void raggedroute::benchmark::library_baseline::<unnamed>::block_scan_kernel<(int)128>(const int *, int *, int)"
11839173541,4320,804,1,1,1,256,1,1,128,0.034,0.000,,,,,NVIDIA GeForce RTX 3080 (0),1,,13,"void cub::_V_300304_SM_860::detail::radix_sort::DeviceRadixSortSingleTileKernel<cub::_V_300304_SM_860::detail::radix_sort::policy_selector_from_types<int, int, unsigned int>, (cub::_V_300304_SM_860::SortOrder)0, int, int, unsigned int, cub::_V_300304_SM_860::detail::identity_decomposer_t>(const T3 *, T3 *, const T4 *, T4 *, T5, int, int, T6)"
11839180421,1600,810,1,1,1,256,1,1,16,0.000,0.000,,,,,NVIDIA GeForce RTX 3080 (0),1,,13,"raggedroute::benchmark::library_baseline::<unnamed>::compute_expert_offsets(const int *, int, int, long long *)"
11839184581,2208,817,16,1,1,256,1,1,18,0.000,0.000,,,,,NVIDIA GeForce RTX 3080 (0),1,,13,"void raggedroute::benchmark::library_baseline::<unnamed>::expand_rows<(bool)1>(const float *, float *, const int *, int *, int *, int, int, int)"
11839190180,5336407,820,68,1,1,256,1,1,144,0.000,0.017,,,,,NVIDIA GeForce RTX 3080 (0),1,,13,"void cutlass::Kernel<cutlass::gemm::kernel::GemmGrouped<cutlass::gemm::threadblock::MmaPipelined<cutlass::gemm::GemmShape<(int)128, (int)128, (int)8>, cutlass::transform::threadblock::PredicatedTileIterator<cutlass::MatrixShape<(int)128, (int)8>, float, cutlass::layout::RowMajor, (int)1, cutlass::transform::PitchLinearStripminedThreadMap<cutlass::PitchLinearShape<(int)8, (int)128>, (int)256, (int)1>, (int)1, (bool)0, cutlass::layout::NoPermute>, cutlass::transform::threadblock::RegularTileIterator<cutlass::MatrixShape<(int)128, (int)8>, float, cutlass::layout::ColumnMajor, (int)1, cutlass::transform::TransposePitchLinearThreadMapSimt<cutlass::transform::PitchLinearStripminedThreadMap<cutlass::PitchLinearShape<(int)8, (int)128>, (int)256, (int)1>>, (int)4>, cutlass::transform::threadblock::PredicatedTileIterator<cutlass::MatrixShape<(int)8, (int)128>, float, cutlass::layout::RowMajor, (int)0, cutlass::transform::PitchLinearStripminedThreadMap<cutlass::PitchLinearShape<(int)128, (int)8>, (int)256, (int)1>, (int)1, (bool)0, cutlass::layout::NoPermute>, cutlass::transform::threadblock::RegularTileIterator<cutlass::MatrixShape<(int)8, (int)128>, float, cutlass::layout::RowMajor, (int)0, cutlass::transform::PitchLinearStripminedThreadMap<cutlass::PitchLinearShape<(int)128, (int)8>, (int)256, (int)1>, (int)4>, float, cutlass::layout::RowMajor, cutlass::gemm::threadblock::MmaPolicy<cutlass::gemm::warp::MmaSimt<cutlass::gemm::GemmShape<(int)32, (int)64, (int)8>, float, cutlass::layout::ColumnMajor, float, cutlass::layout::RowMajor, float, cutlass::layout::RowMajor, cutlass::gemm::warp::MmaSimtPolicy<cutlass::MatrixShape<(int)4, (int)8>, cutlass::layout::RowMajorInterleaved<(int)2>, cutlass::gemm::GemmShape<(int)4, (int)4, (int)1>>, (int)1, (cutlass::ComplexTransform)0, (cutlass::ComplexTransform)0, bool>, cutlass::MatrixShape<(int)4, (int)0>, cutlass::MatrixShape<(int)0, (int)0>, (int)1>, cutlass::NumericArrayConverter<float, float, (int)4, (cutlass::FloatRoundStyle)2, cutlass::transform::thread::UnaryTransform::Identity>, cutlass::NumericArrayConverter<float, float, (int)4, (cutlass::FloatRoundStyle)2, cutlass::transform::thread::UnaryTransform::Identity>, bool>, cutlass::epilogue::threadblock::Epilogue<cutlass::gemm::GemmShape<(int)128, (int)128, (int)8>, cutlass::gemm::warp::MmaSimt<cutlass::gemm::GemmShape<(int)32, (int)64, (int)8>, float, cutlass::layout::ColumnMajor, float, cutlass::layout::RowMajor, float, cutlass::layout::RowMajor, cutlass::gemm::warp::MmaSimtPolicy<cutlass::MatrixShape<(int)4, (int)8>, cutlass::layout::RowMajorInterleaved<(int)2>, cutlass::gemm::GemmShape<(int)4, (int)4, (int)1>>, (int)1, (cutlass::ComplexTransform)0, (cutlass::ComplexTransform)0, bool>, (int)1, cutlass::epilogue::threadblock::PredicatedTileIterator<cutlass::epilogue::threadblock::OutputTileOptimalThreadMap<cutlass::epilogue::threadblock::OutputTileShape<(int)128, (int)1, (int)4, (int)4, (int)1>, cutlass::epilogue::threadblock::OutputTileShape<(int)1, (int)4, (int)2, (int)1, (int)8>, (int)256, (int)1, (int)32>, float, (bool)0, cutlass::layout::NoPermute, (bool)0>, cutlass::epilogue::warp::FragmentIteratorSimt<cutlass::gemm::GemmShape<(int)32, (int)64, (int)8>, cutlass::gemm::thread::Mma<cutlass::gemm::GemmShape<(int)8, (int)8, (int)1>, float, cutlass::layout::ColumnMajor, float, cutlass::layout::RowMajor, float, cutlass::layout::RowMajor, cutlass::arch::OpMultiplyAdd, bool>, cutlass::layout::RowMajor, cutlass::gemm::warp::MmaSimtPolicy<cutlass::MatrixShape<(int)4, (int)8>, cutlass::layout::RowMajorInterleaved<(int)2>, cutlass::gemm::GemmShape<(int)4, (int)4, (int)1>>>, cutlass::epilogue::warp::TileIteratorSimt<cutlass::gemm::GemmShape<(int)32, (int)64, (int)8>, cutlass::gemm::thread::Mma<cutlass::gemm::GemmShape<(int)8, (int)8, (int)1>, float, cutlass::layout::ColumnMajor, float, cutlass::layout::RowMajor, float, cutlass::layout::RowMajor, cutlass::arch::OpMultiplyAdd, bool>, float, cutlass::layout::RowMajor, cutlass::gemm::warp::MmaSimtPolicy<cutlass::MatrixShape<(int)4, (int)8>, cutlass::layout::RowMajorInterleaved<(int)2>, cutlass::gemm::GemmShape<(int)4, (int)4, (int)1>>>, cutlass::epilogue::threadblock::SharedLoadIterator<cutlass::epilogue::threadblock::OutputTileOptimalThreadMap<cutlass::epilogue::threadblock::OutputTileShape<(int)128, (int)1, (int)4, (int)4, (int)1>, cutlass::epilogue::threadblock::OutputTileShape<(int)1, (int)4, (int)2, (int)1, (int)8>, (int)256, (int)1, (int)32>::CompactedThreadMap, float, (int)4>, cutlass::epilogue::thread::LinearCombination<float, (int)1, float, float, (cutlass::epilogue::thread::ScaleType::Kind)0, (cutlass::FloatRoundStyle)2, float>, cutlass::MatrixShape<(int)0, (int)17>, (int)1, (int)1>, cutlass::gemm::threadblock::GemmBatchedIdentityThreadblockSwizzle, (cutlass::gemm::kernel::GroupScheduleMode)0, (bool)0>>(T1::Params)"
11844539803,12000,823,8,1,1,256,1,1,40,0.000,0.000,,,,,NVIDIA GeForce RTX 3080 (0),1,,13,"void raggedroute::benchmark::library_baseline::<unnamed>::finalize_routing<(bool)1>(const float *, float *, const float *, const int *, int, int, int)"
11844554491,55231,828,1,2,1,256,1,1,64,0.012,0.000,,,,,NVIDIA GeForce RTX 3080 (0),1,,13,"void gemmSN_NN_kernel<float, (int)256, (int)4, (int)2, (int)8, (int)4, (int)4, (bool)0, cublasGemvTensorStridedBatched<const float>, cublasGemvTensorStridedBatched<const float>, cublasGemvTensorStridedBatched<float>>(cublasGemmSmallNParams<T9, T10, T11, T1>)"
11844618841,7264,831,8,1,1,32,1,1,32,0.001,0.000,,,,,NVIDIA GeForce RTX 3080 (0),1,,13,"raggedroute::benchmark::library_baseline::<unnamed>::cub_block_radix_top2_kernel(const float *, int *, float *, int, int)"
11844628665,1056,845,1,1,1,256,1,1,16,0.000,0.000,,,,,NVIDIA GeForce RTX 3080 (0),1,,13,"void cub::_V_300304_SM_860::detail::histogram::DeviceHistogramInitKernel<cub::_V_300304_SM_860::detail::histogram::policy_hub<int, int, (int)1, (int)1, (bool)1>::Policy1000, (int)1, int, int>(cuda::std::__4::array<int, T2>, cuda::std::__4::array<T3 *, T2>, cub::_V_300304_SM_860::GridQueue<int>)"
11844633721,5184,848,1,1,1,384,1,1,54,0.001,0.000,,,,,NVIDIA GeForce RTX 3080 (0),1,,13,"void cub::_V_300304_SM_860::detail::histogram::DeviceHistogramSweepKernel<cub::_V_300304_SM_860::detail::histogram::policy_hub<int, int, (int)1, (int)1, (bool)1>::Policy1000, (int)256, (int)1, (int)1, const int *, int, cub::_V_300304_SM_860::detail::histogram::Transforms<int, int, int>::ScaleTransform, cub::_V_300304_SM_860::detail::histogram::Transforms<int, int, int>::PassThruTransform, int>(T5, cuda::std::__4::array<int, T4>, cuda::std::__4::array<int, T4>, cuda::std::__4::array<T6 *, T4>, cuda::std::__4::array<T6 *, T4>, cuda::std::__4::array<T8, T4>, cuda::std::__4::array<T7, T4>, T9, T9, T9, int, cub::_V_300304_SM_860::GridQueue<int>)"
11844641593,1408,855,1,1,1,128,1,1,16,0.001,0.000,,,,,NVIDIA GeForce RTX 3080 (0),1,,13,"void raggedroute::benchmark::library_baseline::<unnamed>::block_scan_kernel<(int)128>(const int *, int *, int)"
11844645657,4320,866,1,1,1,256,1,1,128,0.034,0.000,,,,,NVIDIA GeForce RTX 3080 (0),1,,13,"void cub::_V_300304_SM_860::detail::radix_sort::DeviceRadixSortSingleTileKernel<cub::_V_300304_SM_860::detail::radix_sort::policy_selector_from_types<int, int, unsigned int>, (cub::_V_300304_SM_860::SortOrder)0, int, int, unsigned int, cub::_V_300304_SM_860::detail::identity_decomposer_t>(const T3 *, T3 *, const T4 *, T4 *, T5, int, int, T6)"
11844652409,1568,872,1,1,1,256,1,1,16,0.000,0.000,,,,,NVIDIA GeForce RTX 3080 (0),1,,13,"raggedroute::benchmark::library_baseline::<unnamed>::compute_expert_offsets(const int *, int, int, long long *)"
11844656409,2144,879,16,1,1,256,1,1,18,0.000,0.000,,,,,NVIDIA GeForce RTX 3080 (0),1,,13,"void raggedroute::benchmark::library_baseline::<unnamed>::expand_rows<(bool)1>(const float *, float *, const int *, int *, int *, int, int, int)"
11844662041,5385493,882,68,1,1,256,1,1,144,0.000,0.017,,,,,NVIDIA GeForce RTX 3080 (0),1,,13,"void cutlass::Kernel<cutlass::gemm::kernel::GemmGrouped<cutlass::gemm::threadblock::MmaPipelined<cutlass::gemm::GemmShape<(int)128, (int)128, (int)8>, cutlass::transform::threadblock::PredicatedTileIterator<cutlass::MatrixShape<(int)128, (int)8>, float, cutlass::layout::RowMajor, (int)1, cutlass::transform::PitchLinearStripminedThreadMap<cutlass::PitchLinearShape<(int)8, (int)128>, (int)256, (int)1>, (int)1, (bool)0, cutlass::layout::NoPermute>, cutlass::transform::threadblock::RegularTileIterator<cutlass::MatrixShape<(int)128, (int)8>, float, cutlass::layout::ColumnMajor, (int)1, cutlass::transform::TransposePitchLinearThreadMapSimt<cutlass::transform::PitchLinearStripminedThreadMap<cutlass::PitchLinearShape<(int)8, (int)128>, (int)256, (int)1>>, (int)4>, cutlass::transform::threadblock::PredicatedTileIterator<cutlass::MatrixShape<(int)8, (int)128>, float, cutlass::layout::RowMajor, (int)0, cutlass::transform::PitchLinearStripminedThreadMap<cutlass::PitchLinearShape<(int)128, (int)8>, (int)256, (int)1>, (int)1, (bool)0, cutlass::layout::NoPermute>, cutlass::transform::threadblock::RegularTileIterator<cutlass::MatrixShape<(int)8, (int)128>, float, cutlass::layout::RowMajor, (int)0, cutlass::transform::PitchLinearStripminedThreadMap<cutlass::PitchLinearShape<(int)128, (int)8>, (int)256, (int)1>, (int)4>, float, cutlass::layout::RowMajor, cutlass::gemm::threadblock::MmaPolicy<cutlass::gemm::warp::MmaSimt<cutlass::gemm::GemmShape<(int)32, (int)64, (int)8>, float, cutlass::layout::ColumnMajor, float, cutlass::layout::RowMajor, float, cutlass::layout::RowMajor, cutlass::gemm::warp::MmaSimtPolicy<cutlass::MatrixShape<(int)4, (int)8>, cutlass::layout::RowMajorInterleaved<(int)2>, cutlass::gemm::GemmShape<(int)4, (int)4, (int)1>>, (int)1, (cutlass::ComplexTransform)0, (cutlass::ComplexTransform)0, bool>, cutlass::MatrixShape<(int)4, (int)0>, cutlass::MatrixShape<(int)0, (int)0>, (int)1>, cutlass::NumericArrayConverter<float, float, (int)4, (cutlass::FloatRoundStyle)2, cutlass::transform::thread::UnaryTransform::Identity>, cutlass::NumericArrayConverter<float, float, (int)4, (cutlass::FloatRoundStyle)2, cutlass::transform::thread::UnaryTransform::Identity>, bool>, cutlass::epilogue::threadblock::Epilogue<cutlass::gemm::GemmShape<(int)128, (int)128, (int)8>, cutlass::gemm::warp::MmaSimt<cutlass::gemm::GemmShape<(int)32, (int)64, (int)8>, float, cutlass::layout::ColumnMajor, float, cutlass::layout::RowMajor, float, cutlass::layout::RowMajor, cutlass::gemm::warp::MmaSimtPolicy<cutlass::MatrixShape<(int)4, (int)8>, cutlass::layout::RowMajorInterleaved<(int)2>, cutlass::gemm::GemmShape<(int)4, (int)4, (int)1>>, (int)1, (cutlass::ComplexTransform)0, (cutlass::ComplexTransform)0, bool>, (int)1, cutlass::epilogue::threadblock::PredicatedTileIterator<cutlass::epilogue::threadblock::OutputTileOptimalThreadMap<cutlass::epilogue::threadblock::OutputTileShape<(int)128, (int)1, (int)4, (int)4, (int)1>, cutlass::epilogue::threadblock::OutputTileShape<(int)1, (int)4, (int)2, (int)1, (int)8>, (int)256, (int)1, (int)32>, float, (bool)0, cutlass::layout::NoPermute, (bool)0>, cutlass::epilogue::warp::FragmentIteratorSimt<cutlass::gemm::GemmShape<(int)32, (int)64, (int)8>, cutlass::gemm::thread::Mma<cutlass::gemm::GemmShape<(int)8, (int)8, (int)1>, float, cutlass::layout::ColumnMajor, float, cutlass::layout::RowMajor, float, cutlass::layout::RowMajor, cutlass::arch::OpMultiplyAdd, bool>, cutlass::layout::RowMajor, cutlass::gemm::warp::MmaSimtPolicy<cutlass::MatrixShape<(int)4, (int)8>, cutlass::layout::RowMajorInterleaved<(int)2>, cutlass::gemm::GemmShape<(int)4, (int)4, (int)1>>>, cutlass::epilogue::warp::TileIteratorSimt<cutlass::gemm::GemmShape<(int)32, (int)64, (int)8>, cutlass::gemm::thread::Mma<cutlass::gemm::GemmShape<(int)8, (int)8, (int)1>, float, cutlass::layout::ColumnMajor, float, cutlass::layout::RowMajor, float, cutlass::layout::RowMajor, cutlass::arch::OpMultiplyAdd, bool>, float, cutlass::layout::RowMajor, cutlass::gemm::warp::MmaSimtPolicy<cutlass::MatrixShape<(int)4, (int)8>, cutlass::layout::RowMajorInterleaved<(int)2>, cutlass::gemm::GemmShape<(int)4, (int)4, (int)1>>>, cutlass::epilogue::threadblock::SharedLoadIterator<cutlass::epilogue::threadblock::OutputTileOptimalThreadMap<cutlass::epilogue::threadblock::OutputTileShape<(int)128, (int)1, (int)4, (int)4, (int)1>, cutlass::epilogue::threadblock::OutputTileShape<(int)1, (int)4, (int)2, (int)1, (int)8>, (int)256, (int)1, (int)32>::CompactedThreadMap, float, (int)4>, cutlass::epilogue::thread::LinearCombination<float, (int)1, float, float, (cutlass::epilogue::thread::ScaleType::Kind)0, (cutlass::FloatRoundStyle)2, float>, cutlass::MatrixShape<(int)0, (int)17>, (int)1, (int)1>, cutlass::gemm::threadblock::GemmBatchedIdentityThreadblockSwizzle, (cutlass::gemm::kernel::GroupScheduleMode)0, (bool)0>>(T1::Params)"
11850060014,12256,885,8,1,1,256,1,1,40,0.000,0.000,,,,,NVIDIA GeForce RTX 3080 (0),1,,13,"void raggedroute::benchmark::library_baseline::<unnamed>::finalize_routing<(bool)1>(const float *, float *, const float *, const int *, int, int, int)"
11850074798,56575,890,1,2,1,256,1,1,64,0.012,0.000,,,,,NVIDIA GeForce RTX 3080 (0),1,,13,"void gemmSN_NN_kernel<float, (int)256, (int)4, (int)2, (int)8, (int)4, (int)4, (bool)0, cublasGemvTensorStridedBatched<const float>, cublasGemvTensorStridedBatched<const float>, cublasGemvTensorStridedBatched<float>>(cublasGemmSmallNParams<T9, T10, T11, T1>)"
11850141452,7520,893,8,1,1,32,1,1,32,0.001,0.000,,,,,NVIDIA GeForce RTX 3080 (0),1,,13,"raggedroute::benchmark::library_baseline::<unnamed>::cub_block_radix_top2_kernel(const float *, int *, float *, int, int)"
11850151564,1120,907,1,1,1,256,1,1,16,0.000,0.000,,,,,NVIDIA GeForce RTX 3080 (0),1,,13,"void cub::_V_300304_SM_860::detail::histogram::DeviceHistogramInitKernel<cub::_V_300304_SM_860::detail::histogram::policy_hub<int, int, (int)1, (int)1, (bool)1>::Policy1000, (int)1, int, int>(cuda::std::__4::array<int, T2>, cuda::std::__4::array<T3 *, T2>, cub::_V_300304_SM_860::GridQueue<int>)"
11850155148,5376,910,1,1,1,384,1,1,54,0.001,0.000,,,,,NVIDIA GeForce RTX 3080 (0),1,,13,"void cub::_V_300304_SM_860::detail::histogram::DeviceHistogramSweepKernel<cub::_V_300304_SM_860::detail::histogram::policy_hub<int, int, (int)1, (int)1, (bool)1>::Policy1000, (int)256, (int)1, (int)1, const int *, int, cub::_V_300304_SM_860::detail::histogram::Transforms<int, int, int>::ScaleTransform, cub::_V_300304_SM_860::detail::histogram::Transforms<int, int, int>::PassThruTransform, int>(T5, cuda::std::__4::array<int, T4>, cuda::std::__4::array<int, T4>, cuda::std::__4::array<T6 *, T4>, cuda::std::__4::array<T6 *, T4>, cuda::std::__4::array<T8, T4>, cuda::std::__4::array<T7, T4>, T9, T9, T9, int, cub::_V_300304_SM_860::GridQueue<int>)"
11850163244,1472,917,1,1,1,128,1,1,16,0.001,0.000,,,,,NVIDIA GeForce RTX 3080 (0),1,,13,"void raggedroute::benchmark::library_baseline::<unnamed>::block_scan_kernel<(int)128>(const int *, int *, int)"
11850167276,4448,928,1,1,1,256,1,1,128,0.034,0.000,,,,,NVIDIA GeForce RTX 3080 (0),1,,13,"void cub::_V_300304_SM_860::detail::radix_sort::DeviceRadixSortSingleTileKernel<cub::_V_300304_SM_860::detail::radix_sort::policy_selector_from_types<int, int, unsigned int>, (cub::_V_300304_SM_860::SortOrder)0, int, int, unsigned int, cub::_V_300304_SM_860::detail::identity_decomposer_t>(const T3 *, T3 *, const T4 *, T4 *, T5, int, int, T6)"
11850174188,1664,934,1,1,1,256,1,1,16,0.000,0.000,,,,,NVIDIA GeForce RTX 3080 (0),1,,13,"raggedroute::benchmark::library_baseline::<unnamed>::compute_expert_offsets(const int *, int, int, long long *)"
11850178252,2208,941,16,1,1,256,1,1,18,0.000,0.000,,,,,NVIDIA GeForce RTX 3080 (0),1,,13,"void raggedroute::benchmark::library_baseline::<unnamed>::expand_rows<(bool)1>(const float *, float *, const int *, int *, int *, int, int, int)"
11850184076,5529138,944,68,1,1,256,1,1,144,0.000,0.017,,,,,NVIDIA GeForce RTX 3080 (0),1,,13,"void cutlass::Kernel<cutlass::gemm::kernel::GemmGrouped<cutlass::gemm::threadblock::MmaPipelined<cutlass::gemm::GemmShape<(int)128, (int)128, (int)8>, cutlass::transform::threadblock::PredicatedTileIterator<cutlass::MatrixShape<(int)128, (int)8>, float, cutlass::layout::RowMajor, (int)1, cutlass::transform::PitchLinearStripminedThreadMap<cutlass::PitchLinearShape<(int)8, (int)128>, (int)256, (int)1>, (int)1, (bool)0, cutlass::layout::NoPermute>, cutlass::transform::threadblock::RegularTileIterator<cutlass::MatrixShape<(int)128, (int)8>, float, cutlass::layout::ColumnMajor, (int)1, cutlass::transform::TransposePitchLinearThreadMapSimt<cutlass::transform::PitchLinearStripminedThreadMap<cutlass::PitchLinearShape<(int)8, (int)128>, (int)256, (int)1>>, (int)4>, cutlass::transform::threadblock::PredicatedTileIterator<cutlass::MatrixShape<(int)8, (int)128>, float, cutlass::layout::RowMajor, (int)0, cutlass::transform::PitchLinearStripminedThreadMap<cutlass::PitchLinearShape<(int)128, (int)8>, (int)256, (int)1>, (int)1, (bool)0, cutlass::layout::NoPermute>, cutlass::transform::threadblock::RegularTileIterator<cutlass::MatrixShape<(int)8, (int)128>, float, cutlass::layout::RowMajor, (int)0, cutlass::transform::PitchLinearStripminedThreadMap<cutlass::PitchLinearShape<(int)128, (int)8>, (int)256, (int)1>, (int)4>, float, cutlass::layout::RowMajor, cutlass::gemm::threadblock::MmaPolicy<cutlass::gemm::warp::MmaSimt<cutlass::gemm::GemmShape<(int)32, (int)64, (int)8>, float, cutlass::layout::ColumnMajor, float, cutlass::layout::RowMajor, float, cutlass::layout::RowMajor, cutlass::gemm::warp::MmaSimtPolicy<cutlass::MatrixShape<(int)4, (int)8>, cutlass::layout::RowMajorInterleaved<(int)2>, cutlass::gemm::GemmShape<(int)4, (int)4, (int)1>>, (int)1, (cutlass::ComplexTransform)0, (cutlass::ComplexTransform)0, bool>, cutlass::MatrixShape<(int)4, (int)0>, cutlass::MatrixShape<(int)0, (int)0>, (int)1>, cutlass::NumericArrayConverter<float, float, (int)4, (cutlass::FloatRoundStyle)2, cutlass::transform::thread::UnaryTransform::Identity>, cutlass::NumericArrayConverter<float, float, (int)4, (cutlass::FloatRoundStyle)2, cutlass::transform::thread::UnaryTransform::Identity>, bool>, cutlass::epilogue::threadblock::Epilogue<cutlass::gemm::GemmShape<(int)128, (int)128, (int)8>, cutlass::gemm::warp::MmaSimt<cutlass::gemm::GemmShape<(int)32, (int)64, (int)8>, float, cutlass::layout::ColumnMajor, float, cutlass::layout::RowMajor, float, cutlass::layout::RowMajor, cutlass::gemm::warp::MmaSimtPolicy<cutlass::MatrixShape<(int)4, (int)8>, cutlass::layout::RowMajorInterleaved<(int)2>, cutlass::gemm::GemmShape<(int)4, (int)4, (int)1>>, (int)1, (cutlass::ComplexTransform)0, (cutlass::ComplexTransform)0, bool>, (int)1, cutlass::epilogue::threadblock::PredicatedTileIterator<cutlass::epilogue::threadblock::OutputTileOptimalThreadMap<cutlass::epilogue::threadblock::OutputTileShape<(int)128, (int)1, (int)4, (int)4, (int)1>, cutlass::epilogue::threadblock::OutputTileShape<(int)1, (int)4, (int)2, (int)1, (int)8>, (int)256, (int)1, (int)32>, float, (bool)0, cutlass::layout::NoPermute, (bool)0>, cutlass::epilogue::warp::FragmentIteratorSimt<cutlass::gemm::GemmShape<(int)32, (int)64, (int)8>, cutlass::gemm::thread::Mma<cutlass::gemm::GemmShape<(int)8, (int)8, (int)1>, float, cutlass::layout::ColumnMajor, float, cutlass::layout::RowMajor, float, cutlass::layout::RowMajor, cutlass::arch::OpMultiplyAdd, bool>, cutlass::layout::RowMajor, cutlass::gemm::warp::MmaSimtPolicy<cutlass::MatrixShape<(int)4, (int)8>, cutlass::layout::RowMajorInterleaved<(int)2>, cutlass::gemm::GemmShape<(int)4, (int)4, (int)1>>>, cutlass::epilogue::warp::TileIteratorSimt<cutlass::gemm::GemmShape<(int)32, (int)64, (int)8>, cutlass::gemm::thread::Mma<cutlass::gemm::GemmShape<(int)8, (int)8, (int)1>, float, cutlass::layout::ColumnMajor, float, cutlass::layout::RowMajor, float, cutlass::layout::RowMajor, cutlass::arch::OpMultiplyAdd, bool>, float, cutlass::layout::RowMajor, cutlass::gemm::warp::MmaSimtPolicy<cutlass::MatrixShape<(int)4, (int)8>, cutlass::layout::RowMajorInterleaved<(int)2>, cutlass::gemm::GemmShape<(int)4, (int)4, (int)1>>>, cutlass::epilogue::threadblock::SharedLoadIterator<cutlass::epilogue::threadblock::OutputTileOptimalThreadMap<cutlass::epilogue::threadblock::OutputTileShape<(int)128, (int)1, (int)4, (int)4, (int)1>, cutlass::epilogue::threadblock::OutputTileShape<(int)1, (int)4, (int)2, (int)1, (int)8>, (int)256, (int)1, (int)32>::CompactedThreadMap, float, (int)4>, cutlass::epilogue::thread::LinearCombination<float, (int)1, float, float, (cutlass::epilogue::thread::ScaleType::Kind)0, (cutlass::FloatRoundStyle)2, float>, cutlass::MatrixShape<(int)0, (int)17>, (int)1, (int)1>, cutlass::gemm::threadblock::GemmBatchedIdentityThreadblockSwizzle, (cutlass::gemm::kernel::GroupScheduleMode)0, (bool)0>>(T1::Params)"
11855727838,12160,947,8,1,1,256,1,1,40,0.000,0.000,,,,,NVIDIA GeForce RTX 3080 (0),1,,13,"void raggedroute::benchmark::library_baseline::<unnamed>::finalize_routing<(bool)1>(const float *, float *, const float *, const int *, int, int, int)"
11855742494,56351,952,1,2,1,256,1,1,64,0.012,0.000,,,,,NVIDIA GeForce RTX 3080 (0),1,,13,"void gemmSN_NN_kernel<float, (int)256, (int)4, (int)2, (int)8, (int)4, (int)4, (bool)0, cublasGemvTensorStridedBatched<const float>, cublasGemvTensorStridedBatched<const float>, cublasGemvTensorStridedBatched<float>>(cublasGemmSmallNParams<T9, T10, T11, T1>)"
11855807485,7487,955,8,1,1,32,1,1,32,0.001,0.000,,,,,NVIDIA GeForce RTX 3080 (0),1,,13,"raggedroute::benchmark::library_baseline::<unnamed>::cub_block_radix_top2_kernel(const float *, int *, float *, int, int)"
11855817564,1120,969,1,1,1,256,1,1,16,0.000,0.000,,,,,NVIDIA GeForce RTX 3080 (0),1,,13,"void cub::_V_300304_SM_860::detail::histogram::DeviceHistogramInitKernel<cub::_V_300304_SM_860::detail::histogram::policy_hub<int, int, (int)1, (int)1, (bool)1>::Policy1000, (int)1, int, int>(cuda::std::__4::array<int, T2>, cuda::std::__4::array<T3 *, T2>, cub::_V_300304_SM_860::GridQueue<int>)"
11855822204,5344,972,1,1,1,384,1,1,54,0.001,0.000,,,,,NVIDIA GeForce RTX 3080 (0),1,,13,"void cub::_V_300304_SM_860::detail::histogram::DeviceHistogramSweepKernel<cub::_V_300304_SM_860::detail::histogram::policy_hub<int, int, (int)1, (int)1, (bool)1>::Policy1000, (int)256, (int)1, (int)1, const int *, int, cub::_V_300304_SM_860::detail::histogram::Transforms<int, int, int>::ScaleTransform, cub::_V_300304_SM_860::detail::histogram::Transforms<int, int, int>::PassThruTransform, int>(T5, cuda::std::__4::array<int, T4>, cuda::std::__4::array<int, T4>, cuda::std::__4::array<T6 *, T4>, cuda::std::__4::array<T6 *, T4>, cuda::std::__4::array<T8, T4>, cuda::std::__4::array<T7, T4>, T9, T9, T9, int, cub::_V_300304_SM_860::GridQueue<int>)"
11855830076,1472,979,1,1,1,128,1,1,16,0.001,0.000,,,,,NVIDIA GeForce RTX 3080 (0),1,,13,"void raggedroute::benchmark::library_baseline::<unnamed>::block_scan_kernel<(int)128>(const int *, int *, int)"
11855834012,4448,990,1,1,1,256,1,1,128,0.034,0.000,,,,,NVIDIA GeForce RTX 3080 (0),1,,13,"void cub::_V_300304_SM_860::detail::radix_sort::DeviceRadixSortSingleTileKernel<cub::_V_300304_SM_860::detail::radix_sort::policy_selector_from_types<int, int, unsigned int>, (cub::_V_300304_SM_860::SortOrder)0, int, int, unsigned int, cub::_V_300304_SM_860::detail::identity_decomposer_t>(const T3 *, T3 *, const T4 *, T4 *, T5, int, int, T6)"
11855841116,1632,996,1,1,1,256,1,1,16,0.000,0.000,,,,,NVIDIA GeForce RTX 3080 (0),1,,13,"raggedroute::benchmark::library_baseline::<unnamed>::compute_expert_offsets(const int *, int, int, long long *)"
11855845340,2240,1003,16,1,1,256,1,1,18,0.000,0.000,,,,,NVIDIA GeForce RTX 3080 (0),1,,13,"void raggedroute::benchmark::library_baseline::<unnamed>::expand_rows<(bool)1>(const float *, float *, const int *, int *, int *, int, int, int)"
11855851356,5527923,1006,68,1,1,256,1,1,144,0.000,0.017,,,,,NVIDIA GeForce RTX 3080 (0),1,,13,"void cutlass::Kernel<cutlass::gemm::kernel::GemmGrouped<cutlass::gemm::threadblock::MmaPipelined<cutlass::gemm::GemmShape<(int)128, (int)128, (int)8>, cutlass::transform::threadblock::PredicatedTileIterator<cutlass::MatrixShape<(int)128, (int)8>, float, cutlass::layout::RowMajor, (int)1, cutlass::transform::PitchLinearStripminedThreadMap<cutlass::PitchLinearShape<(int)8, (int)128>, (int)256, (int)1>, (int)1, (bool)0, cutlass::layout::NoPermute>, cutlass::transform::threadblock::RegularTileIterator<cutlass::MatrixShape<(int)128, (int)8>, float, cutlass::layout::ColumnMajor, (int)1, cutlass::transform::TransposePitchLinearThreadMapSimt<cutlass::transform::PitchLinearStripminedThreadMap<cutlass::PitchLinearShape<(int)8, (int)128>, (int)256, (int)1>>, (int)4>, cutlass::transform::threadblock::PredicatedTileIterator<cutlass::MatrixShape<(int)8, (int)128>, float, cutlass::layout::RowMajor, (int)0, cutlass::transform::PitchLinearStripminedThreadMap<cutlass::PitchLinearShape<(int)128, (int)8>, (int)256, (int)1>, (int)1, (bool)0, cutlass::layout::NoPermute>, cutlass::transform::threadblock::RegularTileIterator<cutlass::MatrixShape<(int)8, (int)128>, float, cutlass::layout::RowMajor, (int)0, cutlass::transform::PitchLinearStripminedThreadMap<cutlass::PitchLinearShape<(int)128, (int)8>, (int)256, (int)1>, (int)4>, float, cutlass::layout::RowMajor, cutlass::gemm::threadblock::MmaPolicy<cutlass::gemm::warp::MmaSimt<cutlass::gemm::GemmShape<(int)32, (int)64, (int)8>, float, cutlass::layout::ColumnMajor, float, cutlass::layout::RowMajor, float, cutlass::layout::RowMajor, cutlass::gemm::warp::MmaSimtPolicy<cutlass::MatrixShape<(int)4, (int)8>, cutlass::layout::RowMajorInterleaved<(int)2>, cutlass::gemm::GemmShape<(int)4, (int)4, (int)1>>, (int)1, (cutlass::ComplexTransform)0, (cutlass::ComplexTransform)0, bool>, cutlass::MatrixShape<(int)4, (int)0>, cutlass::MatrixShape<(int)0, (int)0>, (int)1>, cutlass::NumericArrayConverter<float, float, (int)4, (cutlass::FloatRoundStyle)2, cutlass::transform::thread::UnaryTransform::Identity>, cutlass::NumericArrayConverter<float, float, (int)4, (cutlass::FloatRoundStyle)2, cutlass::transform::thread::UnaryTransform::Identity>, bool>, cutlass::epilogue::threadblock::Epilogue<cutlass::gemm::GemmShape<(int)128, (int)128, (int)8>, cutlass::gemm::warp::MmaSimt<cutlass::gemm::GemmShape<(int)32, (int)64, (int)8>, float, cutlass::layout::ColumnMajor, float, cutlass::layout::RowMajor, float, cutlass::layout::RowMajor, cutlass::gemm::warp::MmaSimtPolicy<cutlass::MatrixShape<(int)4, (int)8>, cutlass::layout::RowMajorInterleaved<(int)2>, cutlass::gemm::GemmShape<(int)4, (int)4, (int)1>>, (int)1, (cutlass::ComplexTransform)0, (cutlass::ComplexTransform)0, bool>, (int)1, cutlass::epilogue::threadblock::PredicatedTileIterator<cutlass::epilogue::threadblock::OutputTileOptimalThreadMap<cutlass::epilogue::threadblock::OutputTileShape<(int)128, (int)1, (int)4, (int)4, (int)1>, cutlass::epilogue::threadblock::OutputTileShape<(int)1, (int)4, (int)2, (int)1, (int)8>, (int)256, (int)1, (int)32>, float, (bool)0, cutlass::layout::NoPermute, (bool)0>, cutlass::epilogue::warp::FragmentIteratorSimt<cutlass::gemm::GemmShape<(int)32, (int)64, (int)8>, cutlass::gemm::thread::Mma<cutlass::gemm::GemmShape<(int)8, (int)8, (int)1>, float, cutlass::layout::ColumnMajor, float, cutlass::layout::RowMajor, float, cutlass::layout::RowMajor, cutlass::arch::OpMultiplyAdd, bool>, cutlass::layout::RowMajor, cutlass::gemm::warp::MmaSimtPolicy<cutlass::MatrixShape<(int)4, (int)8>, cutlass::layout::RowMajorInterleaved<(int)2>, cutlass::gemm::GemmShape<(int)4, (int)4, (int)1>>>, cutlass::epilogue::warp::TileIteratorSimt<cutlass::gemm::GemmShape<(int)32, (int)64, (int)8>, cutlass::gemm::thread::Mma<cutlass::gemm::GemmShape<(int)8, (int)8, (int)1>, float, cutlass::layout::ColumnMajor, float, cutlass::layout::RowMajor, float, cutlass::layout::RowMajor, cutlass::arch::OpMultiplyAdd, bool>, float, cutlass::layout::RowMajor, cutlass::gemm::warp::MmaSimtPolicy<cutlass::MatrixShape<(int)4, (int)8>, cutlass::layout::RowMajorInterleaved<(int)2>, cutlass::gemm::GemmShape<(int)4, (int)4, (int)1>>>, cutlass::epilogue::threadblock::SharedLoadIterator<cutlass::epilogue::threadblock::OutputTileOptimalThreadMap<cutlass::epilogue::threadblock::OutputTileShape<(int)128, (int)1, (int)4, (int)4, (int)1>, cutlass::epilogue::threadblock::OutputTileShape<(int)1, (int)4, (int)2, (int)1, (int)8>, (int)256, (int)1, (int)32>::CompactedThreadMap, float, (int)4>, cutlass::epilogue::thread::LinearCombination<float, (int)1, float, float, (cutlass::epilogue::thread::ScaleType::Kind)0, (cutlass::FloatRoundStyle)2, float>, cutlass::MatrixShape<(int)0, (int)17>, (int)1, (int)1>, cutlass::gemm::threadblock::GemmBatchedIdentityThreadblockSwizzle, (cutlass::gemm::kernel::GroupScheduleMode)0, (bool)0>>(T1::Params)"
11861391118,12288,1009,8,1,1,256,1,1,40,0.000,0.000,,,,,NVIDIA GeForce RTX 3080 (0),1,,13,"void raggedroute::benchmark::library_baseline::<unnamed>::finalize_routing<(bool)1>(const float *, float *, const float *, const int *, int, int, int)"
11861405966,56607,1014,1,2,1,256,1,1,64,0.012,0.000,,,,,NVIDIA GeForce RTX 3080 (0),1,,13,"void gemmSN_NN_kernel<float, (int)256, (int)4, (int)2, (int)8, (int)4, (int)4, (bool)0, cublasGemvTensorStridedBatched<const float>, cublasGemvTensorStridedBatched<const float>, cublasGemvTensorStridedBatched<float>>(cublasGemmSmallNParams<T9, T10, T11, T1>)"
11861472621,7488,1017,8,1,1,32,1,1,32,0.001,0.000,,,,,NVIDIA GeForce RTX 3080 (0),1,,13,"raggedroute::benchmark::library_baseline::<unnamed>::cub_block_radix_top2_kernel(const float *, int *, float *, int, int)"
11861482669,1088,1031,1,1,1,256,1,1,16,0.000,0.000,,,,,NVIDIA GeForce RTX 3080 (0),1,,13,"void cub::_V_300304_SM_860::detail::histogram::DeviceHistogramInitKernel<cub::_V_300304_SM_860::detail::histogram::policy_hub<int, int, (int)1, (int)1, (bool)1>::Policy1000, (int)1, int, int>(cuda::std::__4::array<int, T2>, cuda::std::__4::array<T3 *, T2>, cub::_V_300304_SM_860::GridQueue<int>)"
11861486444,5376,1034,1,1,1,384,1,1,54,0.001,0.000,,,,,NVIDIA GeForce RTX 3080 (0),1,,13,"void cub::_V_300304_SM_860::detail::histogram::DeviceHistogramSweepKernel<cub::_V_300304_SM_860::detail::histogram::policy_hub<int, int, (int)1, (int)1, (bool)1>::Policy1000, (int)256, (int)1, (int)1, const int *, int, cub::_V_300304_SM_860::detail::histogram::Transforms<int, int, int>::ScaleTransform, cub::_V_300304_SM_860::detail::histogram::Transforms<int, int, int>::PassThruTransform, int>(T5, cuda::std::__4::array<int, T4>, cuda::std::__4::array<int, T4>, cuda::std::__4::array<T6 *, T4>, cuda::std::__4::array<T6 *, T4>, cuda::std::__4::array<T8, T4>, cuda::std::__4::array<T7, T4>, T9, T9, T9, int, cub::_V_300304_SM_860::GridQueue<int>)"
11861494380,1472,1041,1,1,1,128,1,1,16,0.001,0.000,,,,,NVIDIA GeForce RTX 3080 (0),1,,13,"void raggedroute::benchmark::library_baseline::<unnamed>::block_scan_kernel<(int)128>(const int *, int *, int)"
11861498444,4480,1052,1,1,1,256,1,1,128,0.034,0.000,,,,,NVIDIA GeForce RTX 3080 (0),1,,13,"void cub::_V_300304_SM_860::detail::radix_sort::DeviceRadixSortSingleTileKernel<cub::_V_300304_SM_860::detail::radix_sort::policy_selector_from_types<int, int, unsigned int>, (cub::_V_300304_SM_860::SortOrder)0, int, int, unsigned int, cub::_V_300304_SM_860::detail::identity_decomposer_t>(const T3 *, T3 *, const T4 *, T4 *, T5, int, int, T6)"
11861505452,1632,1058,1,1,1,256,1,1,16,0.000,0.000,,,,,NVIDIA GeForce RTX 3080 (0),1,,13,"raggedroute::benchmark::library_baseline::<unnamed>::compute_expert_offsets(const int *, int, int, long long *)"
11861509580,2240,1065,16,1,1,256,1,1,18,0.000,0.000,,,,,NVIDIA GeForce RTX 3080 (0),1,,13,"void raggedroute::benchmark::library_baseline::<unnamed>::expand_rows<(bool)1>(const float *, float *, const int *, int *, int *, int, int, int)"
11861515308,5526675,1068,68,1,1,256,1,1,144,0.000,0.017,,,,,NVIDIA GeForce RTX 3080 (0),1,,13,"void cutlass::Kernel<cutlass::gemm::kernel::GemmGrouped<cutlass::gemm::threadblock::MmaPipelined<cutlass::gemm::GemmShape<(int)128, (int)128, (int)8>, cutlass::transform::threadblock::PredicatedTileIterator<cutlass::MatrixShape<(int)128, (int)8>, float, cutlass::layout::RowMajor, (int)1, cutlass::transform::PitchLinearStripminedThreadMap<cutlass::PitchLinearShape<(int)8, (int)128>, (int)256, (int)1>, (int)1, (bool)0, cutlass::layout::NoPermute>, cutlass::transform::threadblock::RegularTileIterator<cutlass::MatrixShape<(int)128, (int)8>, float, cutlass::layout::ColumnMajor, (int)1, cutlass::transform::TransposePitchLinearThreadMapSimt<cutlass::transform::PitchLinearStripminedThreadMap<cutlass::PitchLinearShape<(int)8, (int)128>, (int)256, (int)1>>, (int)4>, cutlass::transform::threadblock::PredicatedTileIterator<cutlass::MatrixShape<(int)8, (int)128>, float, cutlass::layout::RowMajor, (int)0, cutlass::transform::PitchLinearStripminedThreadMap<cutlass::PitchLinearShape<(int)128, (int)8>, (int)256, (int)1>, (int)1, (bool)0, cutlass::layout::NoPermute>, cutlass::transform::threadblock::RegularTileIterator<cutlass::MatrixShape<(int)8, (int)128>, float, cutlass::layout::RowMajor, (int)0, cutlass::transform::PitchLinearStripminedThreadMap<cutlass::PitchLinearShape<(int)128, (int)8>, (int)256, (int)1>, (int)4>, float, cutlass::layout::RowMajor, cutlass::gemm::threadblock::MmaPolicy<cutlass::gemm::warp::MmaSimt<cutlass::gemm::GemmShape<(int)32, (int)64, (int)8>, float, cutlass::layout::ColumnMajor, float, cutlass::layout::RowMajor, float, cutlass::layout::RowMajor, cutlass::gemm::warp::MmaSimtPolicy<cutlass::MatrixShape<(int)4, (int)8>, cutlass::layout::RowMajorInterleaved<(int)2>, cutlass::gemm::GemmShape<(int)4, (int)4, (int)1>>, (int)1, (cutlass::ComplexTransform)0, (cutlass::ComplexTransform)0, bool>, cutlass::MatrixShape<(int)4, (int)0>, cutlass::MatrixShape<(int)0, (int)0>, (int)1>, cutlass::NumericArrayConverter<float, float, (int)4, (cutlass::FloatRoundStyle)2, cutlass::transform::thread::UnaryTransform::Identity>, cutlass::NumericArrayConverter<float, float, (int)4, (cutlass::FloatRoundStyle)2, cutlass::transform::thread::UnaryTransform::Identity>, bool>, cutlass::epilogue::threadblock::Epilogue<cutlass::gemm::GemmShape<(int)128, (int)128, (int)8>, cutlass::gemm::warp::MmaSimt<cutlass::gemm::GemmShape<(int)32, (int)64, (int)8>, float, cutlass::layout::ColumnMajor, float, cutlass::layout::RowMajor, float, cutlass::layout::RowMajor, cutlass::gemm::warp::MmaSimtPolicy<cutlass::MatrixShape<(int)4, (int)8>, cutlass::layout::RowMajorInterleaved<(int)2>, cutlass::gemm::GemmShape<(int)4, (int)4, (int)1>>, (int)1, (cutlass::ComplexTransform)0, (cutlass::ComplexTransform)0, bool>, (int)1, cutlass::epilogue::threadblock::PredicatedTileIterator<cutlass::epilogue::threadblock::OutputTileOptimalThreadMap<cutlass::epilogue::threadblock::OutputTileShape<(int)128, (int)1, (int)4, (int)4, (int)1>, cutlass::epilogue::threadblock::OutputTileShape<(int)1, (int)4, (int)2, (int)1, (int)8>, (int)256, (int)1, (int)32>, float, (bool)0, cutlass::layout::NoPermute, (bool)0>, cutlass::epilogue::warp::FragmentIteratorSimt<cutlass::gemm::GemmShape<(int)32, (int)64, (int)8>, cutlass::gemm::thread::Mma<cutlass::gemm::GemmShape<(int)8, (int)8, (int)1>, float, cutlass::layout::ColumnMajor, float, cutlass::layout::RowMajor, float, cutlass::layout::RowMajor, cutlass::arch::OpMultiplyAdd, bool>, cutlass::layout::RowMajor, cutlass::gemm::warp::MmaSimtPolicy<cutlass::MatrixShape<(int)4, (int)8>, cutlass::layout::RowMajorInterleaved<(int)2>, cutlass::gemm::GemmShape<(int)4, (int)4, (int)1>>>, cutlass::epilogue::warp::TileIteratorSimt<cutlass::gemm::GemmShape<(int)32, (int)64, (int)8>, cutlass::gemm::thread::Mma<cutlass::gemm::GemmShape<(int)8, (int)8, (int)1>, float, cutlass::layout::ColumnMajor, float, cutlass::layout::RowMajor, float, cutlass::layout::RowMajor, cutlass::arch::OpMultiplyAdd, bool>, float, cutlass::layout::RowMajor, cutlass::gemm::warp::MmaSimtPolicy<cutlass::MatrixShape<(int)4, (int)8>, cutlass::layout::RowMajorInterleaved<(int)2>, cutlass::gemm::GemmShape<(int)4, (int)4, (int)1>>>, cutlass::epilogue::threadblock::SharedLoadIterator<cutlass::epilogue::threadblock::OutputTileOptimalThreadMap<cutlass::epilogue::threadblock::OutputTileShape<(int)128, (int)1, (int)4, (int)4, (int)1>, cutlass::epilogue::threadblock::OutputTileShape<(int)1, (int)4, (int)2, (int)1, (int)8>, (int)256, (int)1, (int)32>::CompactedThreadMap, float, (int)4>, cutlass::epilogue::thread::LinearCombination<float, (int)1, float, float, (cutlass::epilogue::thread::ScaleType::Kind)0, (cutlass::FloatRoundStyle)2, float>, cutlass::MatrixShape<(int)0, (int)17>, (int)1, (int)1>, cutlass::gemm::threadblock::GemmBatchedIdentityThreadblockSwizzle, (cutlass::gemm::kernel::GroupScheduleMode)0, (bool)0>>(T1::Params)"
11867052159,12223,1071,8,1,1,256,1,1,40,0.000,0.000,,,,,NVIDIA GeForce RTX 3080 (0),1,,13,"void raggedroute::benchmark::library_baseline::<unnamed>::finalize_routing<(bool)1>(const float *, float *, const float *, const int *, int, int, int)"
11867067006,56511,1076,1,2,1,256,1,1,64,0.012,0.000,,,,,NVIDIA GeForce RTX 3080 (0),1,,13,"void gemmSN_NN_kernel<float, (int)256, (int)4, (int)2, (int)8, (int)4, (int)4, (bool)0, cublasGemvTensorStridedBatched<const float>, cublasGemvTensorStridedBatched<const float>, cublasGemvTensorStridedBatched<float>>(cublasGemmSmallNParams<T9, T10, T11, T1>)"
11867132157,7520,1079,8,1,1,32,1,1,32,0.001,0.000,,,,,NVIDIA GeForce RTX 3080 (0),1,,13,"raggedroute::benchmark::library_baseline::<unnamed>::cub_block_radix_top2_kernel(const float *, int *, float *, int, int)"
11867142173,1120,1093,1,1,1,256,1,1,16,0.000,0.000,,,,,NVIDIA GeForce RTX 3080 (0),1,,13,"void cub::_V_300304_SM_860::detail::histogram::DeviceHistogramInitKernel<cub::_V_300304_SM_860::detail::histogram::policy_hub<int, int, (int)1, (int)1, (bool)1>::Policy1000, (int)1, int, int>(cuda::std::__4::array<int, T2>, cuda::std::__4::array<T3 *, T2>, cub::_V_300304_SM_860::GridQueue<int>)"
11867147645,5344,1096,1,1,1,384,1,1,54,0.001,0.000,,,,,NVIDIA GeForce RTX 3080 (0),1,,13,"void cub::_V_300304_SM_860::detail::histogram::DeviceHistogramSweepKernel<cub::_V_300304_SM_860::detail::histogram::policy_hub<int, int, (int)1, (int)1, (bool)1>::Policy1000, (int)256, (int)1, (int)1, const int *, int, cub::_V_300304_SM_860::detail::histogram::Transforms<int, int, int>::ScaleTransform, cub::_V_300304_SM_860::detail::histogram::Transforms<int, int, int>::PassThruTransform, int>(T5, cuda::std::__4::array<int, T4>, cuda::std::__4::array<int, T4>, cuda::std::__4::array<T6 *, T4>, cuda::std::__4::array<T6 *, T4>, cuda::std::__4::array<T8, T4>, cuda::std::__4::array<T7, T4>, T9, T9, T9, int, cub::_V_300304_SM_860::GridQueue<int>)"
11867155453,1472,1103,1,1,1,128,1,1,16,0.001,0.000,,,,,NVIDIA GeForce RTX 3080 (0),1,,13,"void raggedroute::benchmark::library_baseline::<unnamed>::block_scan_kernel<(int)128>(const int *, int *, int)"
11867159645,4447,1114,1,1,1,256,1,1,128,0.034,0.000,,,,,NVIDIA GeForce RTX 3080 (0),1,,13,"void cub::_V_300304_SM_860::detail::radix_sort::DeviceRadixSortSingleTileKernel<cub::_V_300304_SM_860::detail::radix_sort::policy_selector_from_types<int, int, unsigned int>, (cub::_V_300304_SM_860::SortOrder)0, int, int, unsigned int, cub::_V_300304_SM_860::detail::identity_decomposer_t>(const T3 *, T3 *, const T4 *, T4 *, T5, int, int, T6)"
11867166556,1632,1120,1,1,1,256,1,1,16,0.000,0.000,,,,,NVIDIA GeForce RTX 3080 (0),1,,13,"raggedroute::benchmark::library_baseline::<unnamed>::compute_expert_offsets(const int *, int, int, long long *)"
11867170652,2272,1127,16,1,1,256,1,1,18,0.000,0.000,,,,,NVIDIA GeForce RTX 3080 (0),1,,13,"void raggedroute::benchmark::library_baseline::<unnamed>::expand_rows<(bool)1>(const float *, float *, const int *, int *, int *, int, int, int)"
11867176636,5526771,1130,68,1,1,256,1,1,144,0.000,0.017,,,,,NVIDIA GeForce RTX 3080 (0),1,,13,"void cutlass::Kernel<cutlass::gemm::kernel::GemmGrouped<cutlass::gemm::threadblock::MmaPipelined<cutlass::gemm::GemmShape<(int)128, (int)128, (int)8>, cutlass::transform::threadblock::PredicatedTileIterator<cutlass::MatrixShape<(int)128, (int)8>, float, cutlass::layout::RowMajor, (int)1, cutlass::transform::PitchLinearStripminedThreadMap<cutlass::PitchLinearShape<(int)8, (int)128>, (int)256, (int)1>, (int)1, (bool)0, cutlass::layout::NoPermute>, cutlass::transform::threadblock::RegularTileIterator<cutlass::MatrixShape<(int)128, (int)8>, float, cutlass::layout::ColumnMajor, (int)1, cutlass::transform::TransposePitchLinearThreadMapSimt<cutlass::transform::PitchLinearStripminedThreadMap<cutlass::PitchLinearShape<(int)8, (int)128>, (int)256, (int)1>>, (int)4>, cutlass::transform::threadblock::PredicatedTileIterator<cutlass::MatrixShape<(int)8, (int)128>, float, cutlass::layout::RowMajor, (int)0, cutlass::transform::PitchLinearStripminedThreadMap<cutlass::PitchLinearShape<(int)128, (int)8>, (int)256, (int)1>, (int)1, (bool)0, cutlass::layout::NoPermute>, cutlass::transform::threadblock::RegularTileIterator<cutlass::MatrixShape<(int)8, (int)128>, float, cutlass::layout::RowMajor, (int)0, cutlass::transform::PitchLinearStripminedThreadMap<cutlass::PitchLinearShape<(int)128, (int)8>, (int)256, (int)1>, (int)4>, float, cutlass::layout::RowMajor, cutlass::gemm::threadblock::MmaPolicy<cutlass::gemm::warp::MmaSimt<cutlass::gemm::GemmShape<(int)32, (int)64, (int)8>, float, cutlass::layout::ColumnMajor, float, cutlass::layout::RowMajor, float, cutlass::layout::RowMajor, cutlass::gemm::warp::MmaSimtPolicy<cutlass::MatrixShape<(int)4, (int)8>, cutlass::layout::RowMajorInterleaved<(int)2>, cutlass::gemm::GemmShape<(int)4, (int)4, (int)1>>, (int)1, (cutlass::ComplexTransform)0, (cutlass::ComplexTransform)0, bool>, cutlass::MatrixShape<(int)4, (int)0>, cutlass::MatrixShape<(int)0, (int)0>, (int)1>, cutlass::NumericArrayConverter<float, float, (int)4, (cutlass::FloatRoundStyle)2, cutlass::transform::thread::UnaryTransform::Identity>, cutlass::NumericArrayConverter<float, float, (int)4, (cutlass::FloatRoundStyle)2, cutlass::transform::thread::UnaryTransform::Identity>, bool>, cutlass::epilogue::threadblock::Epilogue<cutlass::gemm::GemmShape<(int)128, (int)128, (int)8>, cutlass::gemm::warp::MmaSimt<cutlass::gemm::GemmShape<(int)32, (int)64, (int)8>, float, cutlass::layout::ColumnMajor, float, cutlass::layout::RowMajor, float, cutlass::layout::RowMajor, cutlass::gemm::warp::MmaSimtPolicy<cutlass::MatrixShape<(int)4, (int)8>, cutlass::layout::RowMajorInterleaved<(int)2>, cutlass::gemm::GemmShape<(int)4, (int)4, (int)1>>, (int)1, (cutlass::ComplexTransform)0, (cutlass::ComplexTransform)0, bool>, (int)1, cutlass::epilogue::threadblock::PredicatedTileIterator<cutlass::epilogue::threadblock::OutputTileOptimalThreadMap<cutlass::epilogue::threadblock::OutputTileShape<(int)128, (int)1, (int)4, (int)4, (int)1>, cutlass::epilogue::threadblock::OutputTileShape<(int)1, (int)4, (int)2, (int)1, (int)8>, (int)256, (int)1, (int)32>, float, (bool)0, cutlass::layout::NoPermute, (bool)0>, cutlass::epilogue::warp::FragmentIteratorSimt<cutlass::gemm::GemmShape<(int)32, (int)64, (int)8>, cutlass::gemm::thread::Mma<cutlass::gemm::GemmShape<(int)8, (int)8, (int)1>, float, cutlass::layout::ColumnMajor, float, cutlass::layout::RowMajor, float, cutlass::layout::RowMajor, cutlass::arch::OpMultiplyAdd, bool>, cutlass::layout::RowMajor, cutlass::gemm::warp::MmaSimtPolicy<cutlass::MatrixShape<(int)4, (int)8>, cutlass::layout::RowMajorInterleaved<(int)2>, cutlass::gemm::GemmShape<(int)4, (int)4, (int)1>>>, cutlass::epilogue::warp::TileIteratorSimt<cutlass::gemm::GemmShape<(int)32, (int)64, (int)8>, cutlass::gemm::thread::Mma<cutlass::gemm::GemmShape<(int)8, (int)8, (int)1>, float, cutlass::layout::ColumnMajor, float, cutlass::layout::RowMajor, float, cutlass::layout::RowMajor, cutlass::arch::OpMultiplyAdd, bool>, float, cutlass::layout::RowMajor, cutlass::gemm::warp::MmaSimtPolicy<cutlass::MatrixShape<(int)4, (int)8>, cutlass::layout::RowMajorInterleaved<(int)2>, cutlass::gemm::GemmShape<(int)4, (int)4, (int)1>>>, cutlass::epilogue::threadblock::SharedLoadIterator<cutlass::epilogue::threadblock::OutputTileOptimalThreadMap<cutlass::epilogue::threadblock::OutputTileShape<(int)128, (int)1, (int)4, (int)4, (int)1>, cutlass::epilogue::threadblock::OutputTileShape<(int)1, (int)4, (int)2, (int)1, (int)8>, (int)256, (int)1, (int)32>::CompactedThreadMap, float, (int)4>, cutlass::epilogue::thread::LinearCombination<float, (int)1, float, float, (cutlass::epilogue::thread::ScaleType::Kind)0, (cutlass::FloatRoundStyle)2, float>, cutlass::MatrixShape<(int)0, (int)17>, (int)1, (int)1>, cutlass::gemm::threadblock::GemmBatchedIdentityThreadblockSwizzle, (cutlass::gemm::kernel::GroupScheduleMode)0, (bool)0>>(T1::Params)"
11872714415,12160,1133,8,1,1,256,1,1,40,0.000,0.000,,,,,NVIDIA GeForce RTX 3080 (0),1,,13,"void raggedroute::benchmark::library_baseline::<unnamed>::finalize_routing<(bool)1>(const float *, float *, const float *, const int *, int, int, int)"
11872729135,56446,1138,1,2,1,256,1,1,64,0.012,0.000,,,,,NVIDIA GeForce RTX 3080 (0),1,,13,"void gemmSN_NN_kernel<float, (int)256, (int)4, (int)2, (int)8, (int)4, (int)4, (bool)0, cublasGemvTensorStridedBatched<const float>, cublasGemvTensorStridedBatched<const float>, cublasGemvTensorStridedBatched<float>>(cublasGemmSmallNParams<T9, T10, T11, T1>)"
11872800237,7520,1141,8,1,1,32,1,1,32,0.001,0.000,,,,,NVIDIA GeForce RTX 3080 (0),1,,13,"raggedroute::benchmark::library_baseline::<unnamed>::cub_block_radix_top2_kernel(const float *, int *, float *, int, int)"
11872810381,1120,1155,1,1,1,256,1,1,16,0.000,0.000,,,,,NVIDIA GeForce RTX 3080 (0),1,,13,"void cub::_V_300304_SM_860::detail::histogram::DeviceHistogramInitKernel<cub::_V_300304_SM_860::detail::histogram::policy_hub<int, int, (int)1, (int)1, (bool)1>::Policy1000, (int)1, int, int>(cuda::std::__4::array<int, T2>, cuda::std::__4::array<T3 *, T2>, cub::_V_300304_SM_860::GridQueue<int>)"
11872813965,5376,1158,1,1,1,384,1,1,54,0.001,0.000,,,,,NVIDIA GeForce RTX 3080 (0),1,,13,"void cub::_V_300304_SM_860::detail::histogram::DeviceHistogramSweepKernel<cub::_V_300304_SM_860::detail::histogram::policy_hub<int, int, (int)1, (int)1, (bool)1>::Policy1000, (int)256, (int)1, (int)1, const int *, int, cub::_V_300304_SM_860::detail::histogram::Transforms<int, int, int>::ScaleTransform, cub::_V_300304_SM_860::detail::histogram::Transforms<int, int, int>::PassThruTransform, int>(T5, cuda::std::__4::array<int, T4>, cuda::std::__4::array<int, T4>, cuda::std::__4::array<T6 *, T4>, cuda::std::__4::array<T6 *, T4>, cuda::std::__4::array<T8, T4>, cuda::std::__4::array<T7, T4>, T9, T9, T9, int, cub::_V_300304_SM_860::GridQueue<int>)"
11872821901,1440,1165,1,1,1,128,1,1,16,0.001,0.000,,,,,NVIDIA GeForce RTX 3080 (0),1,,13,"void raggedroute::benchmark::library_baseline::<unnamed>::block_scan_kernel<(int)128>(const int *, int *, int)"
11872825805,4480,1176,1,1,1,256,1,1,128,0.034,0.000,,,,,NVIDIA GeForce RTX 3080 (0),1,,13,"void cub::_V_300304_SM_860::detail::radix_sort::DeviceRadixSortSingleTileKernel<cub::_V_300304_SM_860::detail::radix_sort::policy_selector_from_types<int, int, unsigned int>, (cub::_V_300304_SM_860::SortOrder)0, int, int, unsigned int, cub::_V_300304_SM_860::detail::identity_decomposer_t>(const T3 *, T3 *, const T4 *, T4 *, T5, int, int, T6)"
11872832781,1632,1182,1,1,1,256,1,1,16,0.000,0.000,,,,,NVIDIA GeForce RTX 3080 (0),1,,13,"raggedroute::benchmark::library_baseline::<unnamed>::compute_expert_offsets(const int *, int, int, long long *)"
11872836876,2240,1189,16,1,1,256,1,1,18,0.000,0.000,,,,,NVIDIA GeForce RTX 3080 (0),1,,13,"void raggedroute::benchmark::library_baseline::<unnamed>::expand_rows<(bool)1>(const float *, float *, const int *, int *, int *, int, int, int)"
11872842636,5524339,1192,68,1,1,256,1,1,144,0.000,0.017,,,,,NVIDIA GeForce RTX 3080 (0),1,,13,"void cutlass::Kernel<cutlass::gemm::kernel::GemmGrouped<cutlass::gemm::threadblock::MmaPipelined<cutlass::gemm::GemmShape<(int)128, (int)128, (int)8>, cutlass::transform::threadblock::PredicatedTileIterator<cutlass::MatrixShape<(int)128, (int)8>, float, cutlass::layout::RowMajor, (int)1, cutlass::transform::PitchLinearStripminedThreadMap<cutlass::PitchLinearShape<(int)8, (int)128>, (int)256, (int)1>, (int)1, (bool)0, cutlass::layout::NoPermute>, cutlass::transform::threadblock::RegularTileIterator<cutlass::MatrixShape<(int)128, (int)8>, float, cutlass::layout::ColumnMajor, (int)1, cutlass::transform::TransposePitchLinearThreadMapSimt<cutlass::transform::PitchLinearStripminedThreadMap<cutlass::PitchLinearShape<(int)8, (int)128>, (int)256, (int)1>>, (int)4>, cutlass::transform::threadblock::PredicatedTileIterator<cutlass::MatrixShape<(int)8, (int)128>, float, cutlass::layout::RowMajor, (int)0, cutlass::transform::PitchLinearStripminedThreadMap<cutlass::PitchLinearShape<(int)128, (int)8>, (int)256, (int)1>, (int)1, (bool)0, cutlass::layout::NoPermute>, cutlass::transform::threadblock::RegularTileIterator<cutlass::MatrixShape<(int)8, (int)128>, float, cutlass::layout::RowMajor, (int)0, cutlass::transform::PitchLinearStripminedThreadMap<cutlass::PitchLinearShape<(int)128, (int)8>, (int)256, (int)1>, (int)4>, float, cutlass::layout::RowMajor, cutlass::gemm::threadblock::MmaPolicy<cutlass::gemm::warp::MmaSimt<cutlass::gemm::GemmShape<(int)32, (int)64, (int)8>, float, cutlass::layout::ColumnMajor, float, cutlass::layout::RowMajor, float, cutlass::layout::RowMajor, cutlass::gemm::warp::MmaSimtPolicy<cutlass::MatrixShape<(int)4, (int)8>, cutlass::layout::RowMajorInterleaved<(int)2>, cutlass::gemm::GemmShape<(int)4, (int)4, (int)1>>, (int)1, (cutlass::ComplexTransform)0, (cutlass::ComplexTransform)0, bool>, cutlass::MatrixShape<(int)4, (int)0>, cutlass::MatrixShape<(int)0, (int)0>, (int)1>, cutlass::NumericArrayConverter<float, float, (int)4, (cutlass::FloatRoundStyle)2, cutlass::transform::thread::UnaryTransform::Identity>, cutlass::NumericArrayConverter<float, float, (int)4, (cutlass::FloatRoundStyle)2, cutlass::transform::thread::UnaryTransform::Identity>, bool>, cutlass::epilogue::threadblock::Epilogue<cutlass::gemm::GemmShape<(int)128, (int)128, (int)8>, cutlass::gemm::warp::MmaSimt<cutlass::gemm::GemmShape<(int)32, (int)64, (int)8>, float, cutlass::layout::ColumnMajor, float, cutlass::layout::RowMajor, float, cutlass::layout::RowMajor, cutlass::gemm::warp::MmaSimtPolicy<cutlass::MatrixShape<(int)4, (int)8>, cutlass::layout::RowMajorInterleaved<(int)2>, cutlass::gemm::GemmShape<(int)4, (int)4, (int)1>>, (int)1, (cutlass::ComplexTransform)0, (cutlass::ComplexTransform)0, bool>, (int)1, cutlass::epilogue::threadblock::PredicatedTileIterator<cutlass::epilogue::threadblock::OutputTileOptimalThreadMap<cutlass::epilogue::threadblock::OutputTileShape<(int)128, (int)1, (int)4, (int)4, (int)1>, cutlass::epilogue::threadblock::OutputTileShape<(int)1, (int)4, (int)2, (int)1, (int)8>, (int)256, (int)1, (int)32>, float, (bool)0, cutlass::layout::NoPermute, (bool)0>, cutlass::epilogue::warp::FragmentIteratorSimt<cutlass::gemm::GemmShape<(int)32, (int)64, (int)8>, cutlass::gemm::thread::Mma<cutlass::gemm::GemmShape<(int)8, (int)8, (int)1>, float, cutlass::layout::ColumnMajor, float, cutlass::layout::RowMajor, float, cutlass::layout::RowMajor, cutlass::arch::OpMultiplyAdd, bool>, cutlass::layout::RowMajor, cutlass::gemm::warp::MmaSimtPolicy<cutlass::MatrixShape<(int)4, (int)8>, cutlass::layout::RowMajorInterleaved<(int)2>, cutlass::gemm::GemmShape<(int)4, (int)4, (int)1>>>, cutlass::epilogue::warp::TileIteratorSimt<cutlass::gemm::GemmShape<(int)32, (int)64, (int)8>, cutlass::gemm::thread::Mma<cutlass::gemm::GemmShape<(int)8, (int)8, (int)1>, float, cutlass::layout::ColumnMajor, float, cutlass::layout::RowMajor, float, cutlass::layout::RowMajor, cutlass::arch::OpMultiplyAdd, bool>, float, cutlass::layout::RowMajor, cutlass::gemm::warp::MmaSimtPolicy<cutlass::MatrixShape<(int)4, (int)8>, cutlass::layout::RowMajorInterleaved<(int)2>, cutlass::gemm::GemmShape<(int)4, (int)4, (int)1>>>, cutlass::epilogue::threadblock::SharedLoadIterator<cutlass::epilogue::threadblock::OutputTileOptimalThreadMap<cutlass::epilogue::threadblock::OutputTileShape<(int)128, (int)1, (int)4, (int)4, (int)1>, cutlass::epilogue::threadblock::OutputTileShape<(int)1, (int)4, (int)2, (int)1, (int)8>, (int)256, (int)1, (int)32>::CompactedThreadMap, float, (int)4>, cutlass::epilogue::thread::LinearCombination<float, (int)1, float, float, (cutlass::epilogue::thread::ScaleType::Kind)0, (cutlass::FloatRoundStyle)2, float>, cutlass::MatrixShape<(int)0, (int)17>, (int)1, (int)1>, cutlass::gemm::threadblock::GemmBatchedIdentityThreadblockSwizzle, (cutlass::gemm::kernel::GroupScheduleMode)0, (bool)0>>(T1::Params)"
11878377183,12128,1195,8,1,1,256,1,1,40,0.000,0.000,,,,,NVIDIA GeForce RTX 3080 (0),1,,13,"void raggedroute::benchmark::library_baseline::<unnamed>::finalize_routing<(bool)1>(const float *, float *, const float *, const int *, int, int, int)"
11878391839,56703,1200,1,2,1,256,1,1,64,0.012,0.000,,,,,NVIDIA GeForce RTX 3080 (0),1,,13,"void gemmSN_NN_kernel<float, (int)256, (int)4, (int)2, (int)8, (int)4, (int)4, (bool)0, cublasGemvTensorStridedBatched<const float>, cublasGemvTensorStridedBatched<const float>, cublasGemvTensorStridedBatched<float>>(cublasGemmSmallNParams<T9, T10, T11, T1>)"
11878456254,7487,1203,8,1,1,32,1,1,32,0.001,0.000,,,,,NVIDIA GeForce RTX 3080 (0),1,,13,"raggedroute::benchmark::library_baseline::<unnamed>::cub_block_radix_top2_kernel(const float *, int *, float *, int, int)"
11878466269,1120,1217,1,1,1,256,1,1,16,0.000,0.000,,,,,NVIDIA GeForce RTX 3080 (0),1,,13,"void cub::_V_300304_SM_860::detail::histogram::DeviceHistogramInitKernel<cub::_V_300304_SM_860::detail::histogram::policy_hub<int, int, (int)1, (int)1, (bool)1>::Policy1000, (int)1, int, int>(cuda::std::__4::array<int, T2>, cuda::std::__4::array<T3 *, T2>, cub::_V_300304_SM_860::GridQueue<int>)"
11878471037,5344,1220,1,1,1,384,1,1,54,0.001,0.000,,,,,NVIDIA GeForce RTX 3080 (0),1,,13,"void cub::_V_300304_SM_860::detail::histogram::DeviceHistogramSweepKernel<cub::_V_300304_SM_860::detail::histogram::policy_hub<int, int, (int)1, (int)1, (bool)1>::Policy1000, (int)256, (int)1, (int)1, const int *, int, cub::_V_300304_SM_860::detail::histogram::Transforms<int, int, int>::ScaleTransform, cub::_V_300304_SM_860::detail::histogram::Transforms<int, int, int>::PassThruTransform, int>(T5, cuda::std::__4::array<int, T4>, cuda::std::__4::array<int, T4>, cuda::std::__4::array<T6 *, T4>, cuda::std::__4::array<T6 *, T4>, cuda::std::__4::array<T8, T4>, cuda::std::__4::array<T7, T4>, T9, T9, T9, int, cub::_V_300304_SM_860::GridQueue<int>)"
11878478877,1472,1227,1,1,1,128,1,1,16,0.001,0.000,,,,,NVIDIA GeForce RTX 3080 (0),1,,13,"void raggedroute::benchmark::library_baseline::<unnamed>::block_scan_kernel<(int)128>(const int *, int *, int)"
11878482781,4448,1238,1,1,1,256,1,1,128,0.034,0.000,,,,,NVIDIA GeForce RTX 3080 (0),1,,13,"void cub::_V_300304_SM_860::detail::radix_sort::DeviceRadixSortSingleTileKernel<cub::_V_300304_SM_860::detail::radix_sort::policy_selector_from_types<int, int, unsigned int>, (cub::_V_300304_SM_860::SortOrder)0, int, int, unsigned int, cub::_V_300304_SM_860::detail::identity_decomposer_t>(const T3 *, T3 *, const T4 *, T4 *, T5, int, int, T6)"
11878489981,1632,1244,1,1,1,256,1,1,16,0.000,0.000,,,,,NVIDIA GeForce RTX 3080 (0),1,,13,"raggedroute::benchmark::library_baseline::<unnamed>::compute_expert_offsets(const int *, int, int, long long *)"
11878494301,2240,1251,16,1,1,256,1,1,18,0.000,0.000,,,,,NVIDIA GeForce RTX 3080 (0),1,,13,"void raggedroute::benchmark::library_baseline::<unnamed>::expand_rows<(bool)1>(const float *, float *, const int *, int *, int *, int, int, int)"
11878500221,5524083,1254,68,1,1,256,1,1,144,0.000,0.017,,,,,NVIDIA GeForce RTX 3080 (0),1,,13,"void cutlass::Kernel<cutlass::gemm::kernel::GemmGrouped<cutlass::gemm::threadblock::MmaPipelined<cutlass::gemm::GemmShape<(int)128, (int)128, (int)8>, cutlass::transform::threadblock::PredicatedTileIterator<cutlass::MatrixShape<(int)128, (int)8>, float, cutlass::layout::RowMajor, (int)1, cutlass::transform::PitchLinearStripminedThreadMap<cutlass::PitchLinearShape<(int)8, (int)128>, (int)256, (int)1>, (int)1, (bool)0, cutlass::layout::NoPermute>, cutlass::transform::threadblock::RegularTileIterator<cutlass::MatrixShape<(int)128, (int)8>, float, cutlass::layout::ColumnMajor, (int)1, cutlass::transform::TransposePitchLinearThreadMapSimt<cutlass::transform::PitchLinearStripminedThreadMap<cutlass::PitchLinearShape<(int)8, (int)128>, (int)256, (int)1>>, (int)4>, cutlass::transform::threadblock::PredicatedTileIterator<cutlass::MatrixShape<(int)8, (int)128>, float, cutlass::layout::RowMajor, (int)0, cutlass::transform::PitchLinearStripminedThreadMap<cutlass::PitchLinearShape<(int)128, (int)8>, (int)256, (int)1>, (int)1, (bool)0, cutlass::layout::NoPermute>, cutlass::transform::threadblock::RegularTileIterator<cutlass::MatrixShape<(int)8, (int)128>, float, cutlass::layout::RowMajor, (int)0, cutlass::transform::PitchLinearStripminedThreadMap<cutlass::PitchLinearShape<(int)128, (int)8>, (int)256, (int)1>, (int)4>, float, cutlass::layout::RowMajor, cutlass::gemm::threadblock::MmaPolicy<cutlass::gemm::warp::MmaSimt<cutlass::gemm::GemmShape<(int)32, (int)64, (int)8>, float, cutlass::layout::ColumnMajor, float, cutlass::layout::RowMajor, float, cutlass::layout::RowMajor, cutlass::gemm::warp::MmaSimtPolicy<cutlass::MatrixShape<(int)4, (int)8>, cutlass::layout::RowMajorInterleaved<(int)2>, cutlass::gemm::GemmShape<(int)4, (int)4, (int)1>>, (int)1, (cutlass::ComplexTransform)0, (cutlass::ComplexTransform)0, bool>, cutlass::MatrixShape<(int)4, (int)0>, cutlass::MatrixShape<(int)0, (int)0>, (int)1>, cutlass::NumericArrayConverter<float, float, (int)4, (cutlass::FloatRoundStyle)2, cutlass::transform::thread::UnaryTransform::Identity>, cutlass::NumericArrayConverter<float, float, (int)4, (cutlass::FloatRoundStyle)2, cutlass::transform::thread::UnaryTransform::Identity>, bool>, cutlass::epilogue::threadblock::Epilogue<cutlass::gemm::GemmShape<(int)128, (int)128, (int)8>, cutlass::gemm::warp::MmaSimt<cutlass::gemm::GemmShape<(int)32, (int)64, (int)8>, float, cutlass::layout::ColumnMajor, float, cutlass::layout::RowMajor, float, cutlass::layout::RowMajor, cutlass::gemm::warp::MmaSimtPolicy<cutlass::MatrixShape<(int)4, (int)8>, cutlass::layout::RowMajorInterleaved<(int)2>, cutlass::gemm::GemmShape<(int)4, (int)4, (int)1>>, (int)1, (cutlass::ComplexTransform)0, (cutlass::ComplexTransform)0, bool>, (int)1, cutlass::epilogue::threadblock::PredicatedTileIterator<cutlass::epilogue::threadblock::OutputTileOptimalThreadMap<cutlass::epilogue::threadblock::OutputTileShape<(int)128, (int)1, (int)4, (int)4, (int)1>, cutlass::epilogue::threadblock::OutputTileShape<(int)1, (int)4, (int)2, (int)1, (int)8>, (int)256, (int)1, (int)32>, float, (bool)0, cutlass::layout::NoPermute, (bool)0>, cutlass::epilogue::warp::FragmentIteratorSimt<cutlass::gemm::GemmShape<(int)32, (int)64, (int)8>, cutlass::gemm::thread::Mma<cutlass::gemm::GemmShape<(int)8, (int)8, (int)1>, float, cutlass::layout::ColumnMajor, float, cutlass::layout::RowMajor, float, cutlass::layout::RowMajor, cutlass::arch::OpMultiplyAdd, bool>, cutlass::layout::RowMajor, cutlass::gemm::warp::MmaSimtPolicy<cutlass::MatrixShape<(int)4, (int)8>, cutlass::layout::RowMajorInterleaved<(int)2>, cutlass::gemm::GemmShape<(int)4, (int)4, (int)1>>>, cutlass::epilogue::warp::TileIteratorSimt<cutlass::gemm::GemmShape<(int)32, (int)64, (int)8>, cutlass::gemm::thread::Mma<cutlass::gemm::GemmShape<(int)8, (int)8, (int)1>, float, cutlass::layout::ColumnMajor, float, cutlass::layout::RowMajor, float, cutlass::layout::RowMajor, cutlass::arch::OpMultiplyAdd, bool>, float, cutlass::layout::RowMajor, cutlass::gemm::warp::MmaSimtPolicy<cutlass::MatrixShape<(int)4, (int)8>, cutlass::layout::RowMajorInterleaved<(int)2>, cutlass::gemm::GemmShape<(int)4, (int)4, (int)1>>>, cutlass::epilogue::threadblock::SharedLoadIterator<cutlass::epilogue::threadblock::OutputTileOptimalThreadMap<cutlass::epilogue::threadblock::OutputTileShape<(int)128, (int)1, (int)4, (int)4, (int)1>, cutlass::epilogue::threadblock::OutputTileShape<(int)1, (int)4, (int)2, (int)1, (int)8>, (int)256, (int)1, (int)32>::CompactedThreadMap, float, (int)4>, cutlass::epilogue::thread::LinearCombination<float, (int)1, float, float, (cutlass::epilogue::thread::ScaleType::Kind)0, (cutlass::FloatRoundStyle)2, float>, cutlass::MatrixShape<(int)0, (int)17>, (int)1, (int)1>, cutlass::gemm::threadblock::GemmBatchedIdentityThreadblockSwizzle, (cutlass::gemm::kernel::GroupScheduleMode)0, (bool)0>>(T1::Params)"
11884036527,12288,1257,8,1,1,256,1,1,40,0.000,0.000,,,,,NVIDIA GeForce RTX 3080 (0),1,,13,"void raggedroute::benchmark::library_baseline::<unnamed>::finalize_routing<(bool)1>(const float *, float *, const float *, const int *, int, int, int)"
11884051279,56895,1262,1,2,1,256,1,1,64,0.012,0.000,,,,,NVIDIA GeForce RTX 3080 (0),1,,13,"void gemmSN_NN_kernel<float, (int)256, (int)4, (int)2, (int)8, (int)4, (int)4, (bool)0, cublasGemvTensorStridedBatched<const float>, cublasGemvTensorStridedBatched<const float>, cublasGemvTensorStridedBatched<float>>(cublasGemmSmallNParams<T9, T10, T11, T1>)"
11884118158,7520,1265,8,1,1,32,1,1,32,0.001,0.000,,,,,NVIDIA GeForce RTX 3080 (0),1,,13,"raggedroute::benchmark::library_baseline::<unnamed>::cub_block_radix_top2_kernel(const float *, int *, float *, int, int)"
11884128238,1088,1279,1,1,1,256,1,1,16,0.000,0.000,,,,,NVIDIA GeForce RTX 3080 (0),1,,13,"void cub::_V_300304_SM_860::detail::histogram::DeviceHistogramInitKernel<cub::_V_300304_SM_860::detail::histogram::policy_hub<int, int, (int)1, (int)1, (bool)1>::Policy1000, (int)1, int, int>(cuda::std::__4::array<int, T2>, cuda::std::__4::array<T3 *, T2>, cub::_V_300304_SM_860::GridQueue<int>)"
11884131886,5375,1282,1,1,1,384,1,1,54,0.001,0.000,,,,,NVIDIA GeForce RTX 3080 (0),1,,13,"void cub::_V_300304_SM_860::detail::histogram::DeviceHistogramSweepKernel<cub::_V_300304_SM_860::detail::histogram::policy_hub<int, int, (int)1, (int)1, (bool)1>::Policy1000, (int)256, (int)1, (int)1, const int *, int, cub::_V_300304_SM_860::detail::histogram::Transforms<int, int, int>::ScaleTransform, cub::_V_300304_SM_860::detail::histogram::Transforms<int, int, int>::PassThruTransform, int>(T5, cuda::std::__4::array<int, T4>, cuda::std::__4::array<int, T4>, cuda::std::__4::array<T6 *, T4>, cuda::std::__4::array<T6 *, T4>, cuda::std::__4::array<T8, T4>, cuda::std::__4::array<T7, T4>, T9, T9, T9, int, cub::_V_300304_SM_860::GridQueue<int>)"
11884139789,1440,1289,1,1,1,128,1,1,16,0.001,0.000,,,,,NVIDIA GeForce RTX 3080 (0),1,,13,"void raggedroute::benchmark::library_baseline::<unnamed>::block_scan_kernel<(int)128>(const int *, int *, int)"
11884143789,4448,1300,1,1,1,256,1,1,128,0.034,0.000,,,,,NVIDIA GeForce RTX 3080 (0),1,,13,"void cub::_V_300304_SM_860::detail::radix_sort::DeviceRadixSortSingleTileKernel<cub::_V_300304_SM_860::detail::radix_sort::policy_selector_from_types<int, int, unsigned int>, (cub::_V_300304_SM_860::SortOrder)0, int, int, unsigned int, cub::_V_300304_SM_860::detail::identity_decomposer_t>(const T3 *, T3 *, const T4 *, T4 *, T5, int, int, T6)"
11884150925,1664,1306,1,1,1,256,1,1,16,0.000,0.000,,,,,NVIDIA GeForce RTX 3080 (0),1,,13,"raggedroute::benchmark::library_baseline::<unnamed>::compute_expert_offsets(const int *, int, int, long long *)"
11884155117,2240,1313,16,1,1,256,1,1,18,0.000,0.000,,,,,NVIDIA GeForce RTX 3080 (0),1,,13,"void raggedroute::benchmark::library_baseline::<unnamed>::expand_rows<(bool)1>(const float *, float *, const int *, int *, int *, int, int, int)"
11884160973,5524339,1316,68,1,1,256,1,1,144,0.000,0.017,,,,,NVIDIA GeForce RTX 3080 (0),1,,13,"void cutlass::Kernel<cutlass::gemm::kernel::GemmGrouped<cutlass::gemm::threadblock::MmaPipelined<cutlass::gemm::GemmShape<(int)128, (int)128, (int)8>, cutlass::transform::threadblock::PredicatedTileIterator<cutlass::MatrixShape<(int)128, (int)8>, float, cutlass::layout::RowMajor, (int)1, cutlass::transform::PitchLinearStripminedThreadMap<cutlass::PitchLinearShape<(int)8, (int)128>, (int)256, (int)1>, (int)1, (bool)0, cutlass::layout::NoPermute>, cutlass::transform::threadblock::RegularTileIterator<cutlass::MatrixShape<(int)128, (int)8>, float, cutlass::layout::ColumnMajor, (int)1, cutlass::transform::TransposePitchLinearThreadMapSimt<cutlass::transform::PitchLinearStripminedThreadMap<cutlass::PitchLinearShape<(int)8, (int)128>, (int)256, (int)1>>, (int)4>, cutlass::transform::threadblock::PredicatedTileIterator<cutlass::MatrixShape<(int)8, (int)128>, float, cutlass::layout::RowMajor, (int)0, cutlass::transform::PitchLinearStripminedThreadMap<cutlass::PitchLinearShape<(int)128, (int)8>, (int)256, (int)1>, (int)1, (bool)0, cutlass::layout::NoPermute>, cutlass::transform::threadblock::RegularTileIterator<cutlass::MatrixShape<(int)8, (int)128>, float, cutlass::layout::RowMajor, (int)0, cutlass::transform::PitchLinearStripminedThreadMap<cutlass::PitchLinearShape<(int)128, (int)8>, (int)256, (int)1>, (int)4>, float, cutlass::layout::RowMajor, cutlass::gemm::threadblock::MmaPolicy<cutlass::gemm::warp::MmaSimt<cutlass::gemm::GemmShape<(int)32, (int)64, (int)8>, float, cutlass::layout::ColumnMajor, float, cutlass::layout::RowMajor, float, cutlass::layout::RowMajor, cutlass::gemm::warp::MmaSimtPolicy<cutlass::MatrixShape<(int)4, (int)8>, cutlass::layout::RowMajorInterleaved<(int)2>, cutlass::gemm::GemmShape<(int)4, (int)4, (int)1>>, (int)1, (cutlass::ComplexTransform)0, (cutlass::ComplexTransform)0, bool>, cutlass::MatrixShape<(int)4, (int)0>, cutlass::MatrixShape<(int)0, (int)0>, (int)1>, cutlass::NumericArrayConverter<float, float, (int)4, (cutlass::FloatRoundStyle)2, cutlass::transform::thread::UnaryTransform::Identity>, cutlass::NumericArrayConverter<float, float, (int)4, (cutlass::FloatRoundStyle)2, cutlass::transform::thread::UnaryTransform::Identity>, bool>, cutlass::epilogue::threadblock::Epilogue<cutlass::gemm::GemmShape<(int)128, (int)128, (int)8>, cutlass::gemm::warp::MmaSimt<cutlass::gemm::GemmShape<(int)32, (int)64, (int)8>, float, cutlass::layout::ColumnMajor, float, cutlass::layout::RowMajor, float, cutlass::layout::RowMajor, cutlass::gemm::warp::MmaSimtPolicy<cutlass::MatrixShape<(int)4, (int)8>, cutlass::layout::RowMajorInterleaved<(int)2>, cutlass::gemm::GemmShape<(int)4, (int)4, (int)1>>, (int)1, (cutlass::ComplexTransform)0, (cutlass::ComplexTransform)0, bool>, (int)1, cutlass::epilogue::threadblock::PredicatedTileIterator<cutlass::epilogue::threadblock::OutputTileOptimalThreadMap<cutlass::epilogue::threadblock::OutputTileShape<(int)128, (int)1, (int)4, (int)4, (int)1>, cutlass::epilogue::threadblock::OutputTileShape<(int)1, (int)4, (int)2, (int)1, (int)8>, (int)256, (int)1, (int)32>, float, (bool)0, cutlass::layout::NoPermute, (bool)0>, cutlass::epilogue::warp::FragmentIteratorSimt<cutlass::gemm::GemmShape<(int)32, (int)64, (int)8>, cutlass::gemm::thread::Mma<cutlass::gemm::GemmShape<(int)8, (int)8, (int)1>, float, cutlass::layout::ColumnMajor, float, cutlass::layout::RowMajor, float, cutlass::layout::RowMajor, cutlass::arch::OpMultiplyAdd, bool>, cutlass::layout::RowMajor, cutlass::gemm::warp::MmaSimtPolicy<cutlass::MatrixShape<(int)4, (int)8>, cutlass::layout::RowMajorInterleaved<(int)2>, cutlass::gemm::GemmShape<(int)4, (int)4, (int)1>>>, cutlass::epilogue::warp::TileIteratorSimt<cutlass::gemm::GemmShape<(int)32, (int)64, (int)8>, cutlass::gemm::thread::Mma<cutlass::gemm::GemmShape<(int)8, (int)8, (int)1>, float, cutlass::layout::ColumnMajor, float, cutlass::layout::RowMajor, float, cutlass::layout::RowMajor, cutlass::arch::OpMultiplyAdd, bool>, float, cutlass::layout::RowMajor, cutlass::gemm::warp::MmaSimtPolicy<cutlass::MatrixShape<(int)4, (int)8>, cutlass::layout::RowMajorInterleaved<(int)2>, cutlass::gemm::GemmShape<(int)4, (int)4, (int)1>>>, cutlass::epilogue::threadblock::SharedLoadIterator<cutlass::epilogue::threadblock::OutputTileOptimalThreadMap<cutlass::epilogue::threadblock::OutputTileShape<(int)128, (int)1, (int)4, (int)4, (int)1>, cutlass::epilogue::threadblock::OutputTileShape<(int)1, (int)4, (int)2, (int)1, (int)8>, (int)256, (int)1, (int)32>::CompactedThreadMap, float, (int)4>, cutlass::epilogue::thread::LinearCombination<float, (int)1, float, float, (cutlass::epilogue::thread::ScaleType::Kind)0, (cutlass::FloatRoundStyle)2, float>, cutlass::MatrixShape<(int)0, (int)17>, (int)1, (int)1>, cutlass::gemm::threadblock::GemmBatchedIdentityThreadblockSwizzle, (cutlass::gemm::kernel::GroupScheduleMode)0, (bool)0>>(T1::Params)"
11889698400,12191,1319,8,1,1,256,1,1,40,0.000,0.000,,,,,NVIDIA GeForce RTX 3080 (0),1,,13,"void raggedroute::benchmark::library_baseline::<unnamed>::finalize_routing<(bool)1>(const float *, float *, const float *, const int *, int, int, int)"
11889713151,56767,1324,1,2,1,256,1,1,64,0.012,0.000,,,,,NVIDIA GeForce RTX 3080 (0),1,,13,"void gemmSN_NN_kernel<float, (int)256, (int)4, (int)2, (int)8, (int)4, (int)4, (bool)0, cublasGemvTensorStridedBatched<const float>, cublasGemvTensorStridedBatched<const float>, cublasGemvTensorStridedBatched<float>>(cublasGemmSmallNParams<T9, T10, T11, T1>)"
11889772862,7520,1327,8,1,1,32,1,1,32,0.001,0.000,,,,,NVIDIA GeForce RTX 3080 (0),1,,13,"raggedroute::benchmark::library_baseline::<unnamed>::cub_block_radix_top2_kernel(const float *, int *, float *, int, int)"
11889783038,1088,1341,1,1,1,256,1,1,16,0.000,0.000,,,,,NVIDIA GeForce RTX 3080 (0),1,,13,"void cub::_V_300304_SM_860::detail::histogram::DeviceHistogramInitKernel<cub::_V_300304_SM_860::detail::histogram::policy_hub<int, int, (int)1, (int)1, (bool)1>::Policy1000, (int)1, int, int>(cuda::std::__4::array<int, T2>, cuda::std::__4::array<T3 *, T2>, cub::_V_300304_SM_860::GridQueue<int>)"
11889787742,5376,1344,1,1,1,384,1,1,54,0.001,0.000,,,,,NVIDIA GeForce RTX 3080 (0),1,,13,"void cub::_V_300304_SM_860::detail::histogram::DeviceHistogramSweepKernel<cub::_V_300304_SM_860::detail::histogram::policy_hub<int, int, (int)1, (int)1, (bool)1>::Policy1000, (int)256, (int)1, (int)1, const int *, int, cub::_V_300304_SM_860::detail::histogram::Transforms<int, int, int>::ScaleTransform, cub::_V_300304_SM_860::detail::histogram::Transforms<int, int, int>::PassThruTransform, int>(T5, cuda::std::__4::array<int, T4>, cuda::std::__4::array<int, T4>, cuda::std::__4::array<T6 *, T4>, cuda::std::__4::array<T6 *, T4>, cuda::std::__4::array<T8, T4>, cuda::std::__4::array<T7, T4>, T9, T9, T9, int, cub::_V_300304_SM_860::GridQueue<int>)"
11889795742,1472,1351,1,1,1,128,1,1,16,0.001,0.000,,,,,NVIDIA GeForce RTX 3080 (0),1,,13,"void raggedroute::benchmark::library_baseline::<unnamed>::block_scan_kernel<(int)128>(const int *, int *, int)"
11889799710,4448,1362,1,1,1,256,1,1,128,0.034,0.000,,,,,NVIDIA GeForce RTX 3080 (0),1,,13,"void cub::_V_300304_SM_860::detail::radix_sort::DeviceRadixSortSingleTileKernel<cub::_V_300304_SM_860::detail::radix_sort::policy_selector_from_types<int, int, unsigned int>, (cub::_V_300304_SM_860::SortOrder)0, int, int, unsigned int, cub::_V_300304_SM_860::detail::identity_decomposer_t>(const T3 *, T3 *, const T4 *, T4 *, T5, int, int, T6)"
11889806654,1632,1368,1,1,1,256,1,1,16,0.000,0.000,,,,,NVIDIA GeForce RTX 3080 (0),1,,13,"raggedroute::benchmark::library_baseline::<unnamed>::compute_expert_offsets(const int *, int, int, long long *)"
11889810750,2239,1375,16,1,1,256,1,1,18,0.000,0.000,,,,,NVIDIA GeForce RTX 3080 (0),1,,13,"void raggedroute::benchmark::library_baseline::<unnamed>::expand_rows<(bool)1>(const float *, float *, const int *, int *, int *, int, int, int)"
11889816637,5522291,1378,68,1,1,256,1,1,144,0.000,0.017,,,,,NVIDIA GeForce RTX 3080 (0),1,,13,"void cutlass::Kernel<cutlass::gemm::kernel::GemmGrouped<cutlass::gemm::threadblock::MmaPipelined<cutlass::gemm::GemmShape<(int)128, (int)128, (int)8>, cutlass::transform::threadblock::PredicatedTileIterator<cutlass::MatrixShape<(int)128, (int)8>, float, cutlass::layout::RowMajor, (int)1, cutlass::transform::PitchLinearStripminedThreadMap<cutlass::PitchLinearShape<(int)8, (int)128>, (int)256, (int)1>, (int)1, (bool)0, cutlass::layout::NoPermute>, cutlass::transform::threadblock::RegularTileIterator<cutlass::MatrixShape<(int)128, (int)8>, float, cutlass::layout::ColumnMajor, (int)1, cutlass::transform::TransposePitchLinearThreadMapSimt<cutlass::transform::PitchLinearStripminedThreadMap<cutlass::PitchLinearShape<(int)8, (int)128>, (int)256, (int)1>>, (int)4>, cutlass::transform::threadblock::PredicatedTileIterator<cutlass::MatrixShape<(int)8, (int)128>, float, cutlass::layout::RowMajor, (int)0, cutlass::transform::PitchLinearStripminedThreadMap<cutlass::PitchLinearShape<(int)128, (int)8>, (int)256, (int)1>, (int)1, (bool)0, cutlass::layout::NoPermute>, cutlass::transform::threadblock::RegularTileIterator<cutlass::MatrixShape<(int)8, (int)128>, float, cutlass::layout::RowMajor, (int)0, cutlass::transform::PitchLinearStripminedThreadMap<cutlass::PitchLinearShape<(int)128, (int)8>, (int)256, (int)1>, (int)4>, float, cutlass::layout::RowMajor, cutlass::gemm::threadblock::MmaPolicy<cutlass::gemm::warp::MmaSimt<cutlass::gemm::GemmShape<(int)32, (int)64, (int)8>, float, cutlass::layout::ColumnMajor, float, cutlass::layout::RowMajor, float, cutlass::layout::RowMajor, cutlass::gemm::warp::MmaSimtPolicy<cutlass::MatrixShape<(int)4, (int)8>, cutlass::layout::RowMajorInterleaved<(int)2>, cutlass::gemm::GemmShape<(int)4, (int)4, (int)1>>, (int)1, (cutlass::ComplexTransform)0, (cutlass::ComplexTransform)0, bool>, cutlass::MatrixShape<(int)4, (int)0>, cutlass::MatrixShape<(int)0, (int)0>, (int)1>, cutlass::NumericArrayConverter<float, float, (int)4, (cutlass::FloatRoundStyle)2, cutlass::transform::thread::UnaryTransform::Identity>, cutlass::NumericArrayConverter<float, float, (int)4, (cutlass::FloatRoundStyle)2, cutlass::transform::thread::UnaryTransform::Identity>, bool>, cutlass::epilogue::threadblock::Epilogue<cutlass::gemm::GemmShape<(int)128, (int)128, (int)8>, cutlass::gemm::warp::MmaSimt<cutlass::gemm::GemmShape<(int)32, (int)64, (int)8>, float, cutlass::layout::ColumnMajor, float, cutlass::layout::RowMajor, float, cutlass::layout::RowMajor, cutlass::gemm::warp::MmaSimtPolicy<cutlass::MatrixShape<(int)4, (int)8>, cutlass::layout::RowMajorInterleaved<(int)2>, cutlass::gemm::GemmShape<(int)4, (int)4, (int)1>>, (int)1, (cutlass::ComplexTransform)0, (cutlass::ComplexTransform)0, bool>, (int)1, cutlass::epilogue::threadblock::PredicatedTileIterator<cutlass::epilogue::threadblock::OutputTileOptimalThreadMap<cutlass::epilogue::threadblock::OutputTileShape<(int)128, (int)1, (int)4, (int)4, (int)1>, cutlass::epilogue::threadblock::OutputTileShape<(int)1, (int)4, (int)2, (int)1, (int)8>, (int)256, (int)1, (int)32>, float, (bool)0, cutlass::layout::NoPermute, (bool)0>, cutlass::epilogue::warp::FragmentIteratorSimt<cutlass::gemm::GemmShape<(int)32, (int)64, (int)8>, cutlass::gemm::thread::Mma<cutlass::gemm::GemmShape<(int)8, (int)8, (int)1>, float, cutlass::layout::ColumnMajor, float, cutlass::layout::RowMajor, float, cutlass::layout::RowMajor, cutlass::arch::OpMultiplyAdd, bool>, cutlass::layout::RowMajor, cutlass::gemm::warp::MmaSimtPolicy<cutlass::MatrixShape<(int)4, (int)8>, cutlass::layout::RowMajorInterleaved<(int)2>, cutlass::gemm::GemmShape<(int)4, (int)4, (int)1>>>, cutlass::epilogue::warp::TileIteratorSimt<cutlass::gemm::GemmShape<(int)32, (int)64, (int)8>, cutlass::gemm::thread::Mma<cutlass::gemm::GemmShape<(int)8, (int)8, (int)1>, float, cutlass::layout::ColumnMajor, float, cutlass::layout::RowMajor, float, cutlass::layout::RowMajor, cutlass::arch::OpMultiplyAdd, bool>, float, cutlass::layout::RowMajor, cutlass::gemm::warp::MmaSimtPolicy<cutlass::MatrixShape<(int)4, (int)8>, cutlass::layout::RowMajorInterleaved<(int)2>, cutlass::gemm::GemmShape<(int)4, (int)4, (int)1>>>, cutlass::epilogue::threadblock::SharedLoadIterator<cutlass::epilogue::threadblock::OutputTileOptimalThreadMap<cutlass::epilogue::threadblock::OutputTileShape<(int)128, (int)1, (int)4, (int)4, (int)1>, cutlass::epilogue::threadblock::OutputTileShape<(int)1, (int)4, (int)2, (int)1, (int)8>, (int)256, (int)1, (int)32>::CompactedThreadMap, float, (int)4>, cutlass::epilogue::thread::LinearCombination<float, (int)1, float, float, (cutlass::epilogue::thread::ScaleType::Kind)0, (cutlass::FloatRoundStyle)2, float>, cutlass::MatrixShape<(int)0, (int)17>, (int)1, (int)1>, cutlass::gemm::threadblock::GemmBatchedIdentityThreadblockSwizzle, (cutlass::gemm::kernel::GroupScheduleMode)0, (bool)0>>(T1::Params)"
11895351152,12288,1381,8,1,1,256,1,1,40,0.000,0.000,,,,,NVIDIA GeForce RTX 3080 (0),1,,13,"void raggedroute::benchmark::library_baseline::<unnamed>::finalize_routing<(bool)1>(const float *, float *, const float *, const int *, int, int, int)"
11895366000,57023,1386,1,2,1,256,1,1,64,0.012,0.000,,,,,NVIDIA GeForce RTX 3080 (0),1,,13,"void gemmSN_NN_kernel<float, (int)256, (int)4, (int)2, (int)8, (int)4, (int)4, (bool)0, cublasGemvTensorStridedBatched<const float>, cublasGemvTensorStridedBatched<const float>, cublasGemvTensorStridedBatched<float>>(cublasGemmSmallNParams<T9, T10, T11, T1>)"
11895432975,7519,1389,8,1,1,32,1,1,32,0.001,0.000,,,,,NVIDIA GeForce RTX 3080 (0),1,,13,"raggedroute::benchmark::library_baseline::<unnamed>::cub_block_radix_top2_kernel(const float *, int *, float *, int, int)"
11895443182,1120,1403,1,1,1,256,1,1,16,0.000,0.000,,,,,NVIDIA GeForce RTX 3080 (0),1,,13,"void cub::_V_300304_SM_860::detail::histogram::DeviceHistogramInitKernel<cub::_V_300304_SM_860::detail::histogram::policy_hub<int, int, (int)1, (int)1, (bool)1>::Policy1000, (int)1, int, int>(cuda::std::__4::array<int, T2>, cuda::std::__4::array<T3 *, T2>, cub::_V_300304_SM_860::GridQueue<int>)"
11895446958,5376,1406,1,1,1,384,1,1,54,0.001,0.000,,,,,NVIDIA GeForce RTX 3080 (0),1,,13,"void cub::_V_300304_SM_860::detail::histogram::DeviceHistogramSweepKernel<cub::_V_300304_SM_860::detail::histogram::policy_hub<int, int, (int)1, (int)1, (bool)1>::Policy1000, (int)256, (int)1, (int)1, const int *, int, cub::_V_300304_SM_860::detail::histogram::Transforms<int, int, int>::ScaleTransform, cub::_V_300304_SM_860::detail::histogram::Transforms<int, int, int>::PassThruTransform, int>(T5, cuda::std::__4::array<int, T4>, cuda::std::__4::array<int, T4>, cuda::std::__4::array<T6 *, T4>, cuda::std::__4::array<T6 *, T4>, cuda::std::__4::array<T8, T4>, cuda::std::__4::array<T7, T4>, T9, T9, T9, int, cub::_V_300304_SM_860::GridQueue<int>)"
11895455022,1472,1413,1,1,1,128,1,1,16,0.001,0.000,,,,,NVIDIA GeForce RTX 3080 (0),1,,13,"void raggedroute::benchmark::library_baseline::<unnamed>::block_scan_kernel<(int)128>(const int *, int *, int)"
11895458990,4448,1424,1,1,1,256,1,1,128,0.034,0.000,,,,,NVIDIA GeForce RTX 3080 (0),1,,13,"void cub::_V_300304_SM_860::detail::radix_sort::DeviceRadixSortSingleTileKernel<cub::_V_300304_SM_860::detail::radix_sort::policy_selector_from_types<int, int, unsigned int>, (cub::_V_300304_SM_860::SortOrder)0, int, int, unsigned int, cub::_V_300304_SM_860::detail::identity_decomposer_t>(const T3 *, T3 *, const T4 *, T4 *, T5, int, int, T6)"
11895466030,1632,1430,1,1,1,256,1,1,16,0.000,0.000,,,,,NVIDIA GeForce RTX 3080 (0),1,,13,"raggedroute::benchmark::library_baseline::<unnamed>::compute_expert_offsets(const int *, int, int, long long *)"
11895470606,2272,1437,16,1,1,256,1,1,18,0.000,0.000,,,,,NVIDIA GeForce RTX 3080 (0),1,,13,"void raggedroute::benchmark::library_baseline::<unnamed>::expand_rows<(bool)1>(const float *, float *, const int *, int *, int *, int, int, int)"
11895476686,5523027,1440,68,1,1,256,1,1,144,0.000,0.017,,,,,NVIDIA GeForce RTX 3080 (0),1,,13,"void cutlass::Kernel<cutlass::gemm::kernel::GemmGrouped<cutlass::gemm::threadblock::MmaPipelined<cutlass::gemm::GemmShape<(int)128, (int)128, (int)8>, cutlass::transform::threadblock::PredicatedTileIterator<cutlass::MatrixShape<(int)128, (int)8>, float, cutlass::layout::RowMajor, (int)1, cutlass::transform::PitchLinearStripminedThreadMap<cutlass::PitchLinearShape<(int)8, (int)128>, (int)256, (int)1>, (int)1, (bool)0, cutlass::layout::NoPermute>, cutlass::transform::threadblock::RegularTileIterator<cutlass::MatrixShape<(int)128, (int)8>, float, cutlass::layout::ColumnMajor, (int)1, cutlass::transform::TransposePitchLinearThreadMapSimt<cutlass::transform::PitchLinearStripminedThreadMap<cutlass::PitchLinearShape<(int)8, (int)128>, (int)256, (int)1>>, (int)4>, cutlass::transform::threadblock::PredicatedTileIterator<cutlass::MatrixShape<(int)8, (int)128>, float, cutlass::layout::RowMajor, (int)0, cutlass::transform::PitchLinearStripminedThreadMap<cutlass::PitchLinearShape<(int)128, (int)8>, (int)256, (int)1>, (int)1, (bool)0, cutlass::layout::NoPermute>, cutlass::transform::threadblock::RegularTileIterator<cutlass::MatrixShape<(int)8, (int)128>, float, cutlass::layout::RowMajor, (int)0, cutlass::transform::PitchLinearStripminedThreadMap<cutlass::PitchLinearShape<(int)128, (int)8>, (int)256, (int)1>, (int)4>, float, cutlass::layout::RowMajor, cutlass::gemm::threadblock::MmaPolicy<cutlass::gemm::warp::MmaSimt<cutlass::gemm::GemmShape<(int)32, (int)64, (int)8>, float, cutlass::layout::ColumnMajor, float, cutlass::layout::RowMajor, float, cutlass::layout::RowMajor, cutlass::gemm::warp::MmaSimtPolicy<cutlass::MatrixShape<(int)4, (int)8>, cutlass::layout::RowMajorInterleaved<(int)2>, cutlass::gemm::GemmShape<(int)4, (int)4, (int)1>>, (int)1, (cutlass::ComplexTransform)0, (cutlass::ComplexTransform)0, bool>, cutlass::MatrixShape<(int)4, (int)0>, cutlass::MatrixShape<(int)0, (int)0>, (int)1>, cutlass::NumericArrayConverter<float, float, (int)4, (cutlass::FloatRoundStyle)2, cutlass::transform::thread::UnaryTransform::Identity>, cutlass::NumericArrayConverter<float, float, (int)4, (cutlass::FloatRoundStyle)2, cutlass::transform::thread::UnaryTransform::Identity>, bool>, cutlass::epilogue::threadblock::Epilogue<cutlass::gemm::GemmShape<(int)128, (int)128, (int)8>, cutlass::gemm::warp::MmaSimt<cutlass::gemm::GemmShape<(int)32, (int)64, (int)8>, float, cutlass::layout::ColumnMajor, float, cutlass::layout::RowMajor, float, cutlass::layout::RowMajor, cutlass::gemm::warp::MmaSimtPolicy<cutlass::MatrixShape<(int)4, (int)8>, cutlass::layout::RowMajorInterleaved<(int)2>, cutlass::gemm::GemmShape<(int)4, (int)4, (int)1>>, (int)1, (cutlass::ComplexTransform)0, (cutlass::ComplexTransform)0, bool>, (int)1, cutlass::epilogue::threadblock::PredicatedTileIterator<cutlass::epilogue::threadblock::OutputTileOptimalThreadMap<cutlass::epilogue::threadblock::OutputTileShape<(int)128, (int)1, (int)4, (int)4, (int)1>, cutlass::epilogue::threadblock::OutputTileShape<(int)1, (int)4, (int)2, (int)1, (int)8>, (int)256, (int)1, (int)32>, float, (bool)0, cutlass::layout::NoPermute, (bool)0>, cutlass::epilogue::warp::FragmentIteratorSimt<cutlass::gemm::GemmShape<(int)32, (int)64, (int)8>, cutlass::gemm::thread::Mma<cutlass::gemm::GemmShape<(int)8, (int)8, (int)1>, float, cutlass::layout::ColumnMajor, float, cutlass::layout::RowMajor, float, cutlass::layout::RowMajor, cutlass::arch::OpMultiplyAdd, bool>, cutlass::layout::RowMajor, cutlass::gemm::warp::MmaSimtPolicy<cutlass::MatrixShape<(int)4, (int)8>, cutlass::layout::RowMajorInterleaved<(int)2>, cutlass::gemm::GemmShape<(int)4, (int)4, (int)1>>>, cutlass::epilogue::warp::TileIteratorSimt<cutlass::gemm::GemmShape<(int)32, (int)64, (int)8>, cutlass::gemm::thread::Mma<cutlass::gemm::GemmShape<(int)8, (int)8, (int)1>, float, cutlass::layout::ColumnMajor, float, cutlass::layout::RowMajor, float, cutlass::layout::RowMajor, cutlass::arch::OpMultiplyAdd, bool>, float, cutlass::layout::RowMajor, cutlass::gemm::warp::MmaSimtPolicy<cutlass::MatrixShape<(int)4, (int)8>, cutlass::layout::RowMajorInterleaved<(int)2>, cutlass::gemm::GemmShape<(int)4, (int)4, (int)1>>>, cutlass::epilogue::threadblock::SharedLoadIterator<cutlass::epilogue::threadblock::OutputTileOptimalThreadMap<cutlass::epilogue::threadblock::OutputTileShape<(int)128, (int)1, (int)4, (int)4, (int)1>, cutlass::epilogue::threadblock::OutputTileShape<(int)1, (int)4, (int)2, (int)1, (int)8>, (int)256, (int)1, (int)32>::CompactedThreadMap, float, (int)4>, cutlass::epilogue::thread::LinearCombination<float, (int)1, float, float, (cutlass::epilogue::thread::ScaleType::Kind)0, (cutlass::FloatRoundStyle)2, float>, cutlass::MatrixShape<(int)0, (int)17>, (int)1, (int)1>, cutlass::gemm::threadblock::GemmBatchedIdentityThreadblockSwizzle, (cutlass::gemm::kernel::GroupScheduleMode)0, (bool)0>>(T1::Params)"
11901004673,12159,1443,8,1,1,256,1,1,40,0.000,0.000,,,,,NVIDIA GeForce RTX 3080 (0),1,,13,"void raggedroute::benchmark::library_baseline::<unnamed>::finalize_routing<(bool)1>(const float *, float *, const float *, const int *, int, int, int)"
11901019328,56863,1448,1,2,1,256,1,1,64,0.012,0.000,,,,,NVIDIA GeForce RTX 3080 (0),1,,13,"void gemmSN_NN_kernel<float, (int)256, (int)4, (int)2, (int)8, (int)4, (int)4, (bool)0, cublasGemvTensorStridedBatched<const float>, cublasGemvTensorStridedBatched<const float>, cublasGemvTensorStridedBatched<float>>(cublasGemmSmallNParams<T9, T10, T11, T1>)"
11901084831,7520,1451,8,1,1,32,1,1,32,0.001,0.000,,,,,NVIDIA GeForce RTX 3080 (0),1,,13,"raggedroute::benchmark::library_baseline::<unnamed>::cub_block_radix_top2_kernel(const float *, int *, float *, int, int)"
11901094847,1088,1465,1,1,1,256,1,1,16,0.000,0.000,,,,,NVIDIA GeForce RTX 3080 (0),1,,13,"void cub::_V_300304_SM_860::detail::histogram::DeviceHistogramInitKernel<cub::_V_300304_SM_860::detail::histogram::policy_hub<int, int, (int)1, (int)1, (bool)1>::Policy1000, (int)1, int, int>(cuda::std::__4::array<int, T2>, cuda::std::__4::array<T3 *, T2>, cub::_V_300304_SM_860::GridQueue<int>)"
11901099839,5376,1468,1,1,1,384,1,1,54,0.001,0.000,,,,,NVIDIA GeForce RTX 3080 (0),1,,13,"void cub::_V_300304_SM_860::detail::histogram::DeviceHistogramSweepKernel<cub::_V_300304_SM_860::detail::histogram::policy_hub<int, int, (int)1, (int)1, (bool)1>::Policy1000, (int)256, (int)1, (int)1, const int *, int, cub::_V_300304_SM_860::detail::histogram::Transforms<int, int, int>::ScaleTransform, cub::_V_300304_SM_860::detail::histogram::Transforms<int, int, int>::PassThruTransform, int>(T5, cuda::std::__4::array<int, T4>, cuda::std::__4::array<int, T4>, cuda::std::__4::array<T6 *, T4>, cuda::std::__4::array<T6 *, T4>, cuda::std::__4::array<T8, T4>, cuda::std::__4::array<T7, T4>, T9, T9, T9, int, cub::_V_300304_SM_860::GridQueue<int>)"
11901107839,1472,1475,1,1,1,128,1,1,16,0.001,0.000,,,,,NVIDIA GeForce RTX 3080 (0),1,,13,"void raggedroute::benchmark::library_baseline::<unnamed>::block_scan_kernel<(int)128>(const int *, int *, int)"
11901111806,4480,1486,1,1,1,256,1,1,128,0.034,0.000,,,,,NVIDIA GeForce RTX 3080 (0),1,,13,"void cub::_V_300304_SM_860::detail::radix_sort::DeviceRadixSortSingleTileKernel<cub::_V_300304_SM_860::detail::radix_sort::policy_selector_from_types<int, int, unsigned int>, (cub::_V_300304_SM_860::SortOrder)0, int, int, unsigned int, cub::_V_300304_SM_860::detail::identity_decomposer_t>(const T3 *, T3 *, const T4 *, T4 *, T5, int, int, T6)"
11901118942,1632,1492,1,1,1,256,1,1,16,0.000,0.000,,,,,NVIDIA GeForce RTX 3080 (0),1,,13,"raggedroute::benchmark::library_baseline::<unnamed>::compute_expert_offsets(const int *, int, int, long long *)"
11901123070,2272,1499,16,1,1,256,1,1,18,0.000,0.000,,,,,NVIDIA GeForce RTX 3080 (0),1,,13,"void raggedroute::benchmark::library_baseline::<unnamed>::expand_rows<(bool)1>(const float *, float *, const int *, int *, int *, int, int, int)"
11901128734,5522099,1502,68,1,1,256,1,1,144,0.000,0.017,,,,,NVIDIA GeForce RTX 3080 (0),1,,13,"void cutlass::Kernel<cutlass::gemm::kernel::GemmGrouped<cutlass::gemm::threadblock::MmaPipelined<cutlass::gemm::GemmShape<(int)128, (int)128, (int)8>, cutlass::transform::threadblock::PredicatedTileIterator<cutlass::MatrixShape<(int)128, (int)8>, float, cutlass::layout::RowMajor, (int)1, cutlass::transform::PitchLinearStripminedThreadMap<cutlass::PitchLinearShape<(int)8, (int)128>, (int)256, (int)1>, (int)1, (bool)0, cutlass::layout::NoPermute>, cutlass::transform::threadblock::RegularTileIterator<cutlass::MatrixShape<(int)128, (int)8>, float, cutlass::layout::ColumnMajor, (int)1, cutlass::transform::TransposePitchLinearThreadMapSimt<cutlass::transform::PitchLinearStripminedThreadMap<cutlass::PitchLinearShape<(int)8, (int)128>, (int)256, (int)1>>, (int)4>, cutlass::transform::threadblock::PredicatedTileIterator<cutlass::MatrixShape<(int)8, (int)128>, float, cutlass::layout::RowMajor, (int)0, cutlass::transform::PitchLinearStripminedThreadMap<cutlass::PitchLinearShape<(int)128, (int)8>, (int)256, (int)1>, (int)1, (bool)0, cutlass::layout::NoPermute>, cutlass::transform::threadblock::RegularTileIterator<cutlass::MatrixShape<(int)8, (int)128>, float, cutlass::layout::RowMajor, (int)0, cutlass::transform::PitchLinearStripminedThreadMap<cutlass::PitchLinearShape<(int)128, (int)8>, (int)256, (int)1>, (int)4>, float, cutlass::layout::RowMajor, cutlass::gemm::threadblock::MmaPolicy<cutlass::gemm::warp::MmaSimt<cutlass::gemm::GemmShape<(int)32, (int)64, (int)8>, float, cutlass::layout::ColumnMajor, float, cutlass::layout::RowMajor, float, cutlass::layout::RowMajor, cutlass::gemm::warp::MmaSimtPolicy<cutlass::MatrixShape<(int)4, (int)8>, cutlass::layout::RowMajorInterleaved<(int)2>, cutlass::gemm::GemmShape<(int)4, (int)4, (int)1>>, (int)1, (cutlass::ComplexTransform)0, (cutlass::ComplexTransform)0, bool>, cutlass::MatrixShape<(int)4, (int)0>, cutlass::MatrixShape<(int)0, (int)0>, (int)1>, cutlass::NumericArrayConverter<float, float, (int)4, (cutlass::FloatRoundStyle)2, cutlass::transform::thread::UnaryTransform::Identity>, cutlass::NumericArrayConverter<float, float, (int)4, (cutlass::FloatRoundStyle)2, cutlass::transform::thread::UnaryTransform::Identity>, bool>, cutlass::epilogue::threadblock::Epilogue<cutlass::gemm::GemmShape<(int)128, (int)128, (int)8>, cutlass::gemm::warp::MmaSimt<cutlass::gemm::GemmShape<(int)32, (int)64, (int)8>, float, cutlass::layout::ColumnMajor, float, cutlass::layout::RowMajor, float, cutlass::layout::RowMajor, cutlass::gemm::warp::MmaSimtPolicy<cutlass::MatrixShape<(int)4, (int)8>, cutlass::layout::RowMajorInterleaved<(int)2>, cutlass::gemm::GemmShape<(int)4, (int)4, (int)1>>, (int)1, (cutlass::ComplexTransform)0, (cutlass::ComplexTransform)0, bool>, (int)1, cutlass::epilogue::threadblock::PredicatedTileIterator<cutlass::epilogue::threadblock::OutputTileOptimalThreadMap<cutlass::epilogue::threadblock::OutputTileShape<(int)128, (int)1, (int)4, (int)4, (int)1>, cutlass::epilogue::threadblock::OutputTileShape<(int)1, (int)4, (int)2, (int)1, (int)8>, (int)256, (int)1, (int)32>, float, (bool)0, cutlass::layout::NoPermute, (bool)0>, cutlass::epilogue::warp::FragmentIteratorSimt<cutlass::gemm::GemmShape<(int)32, (int)64, (int)8>, cutlass::gemm::thread::Mma<cutlass::gemm::GemmShape<(int)8, (int)8, (int)1>, float, cutlass::layout::ColumnMajor, float, cutlass::layout::RowMajor, float, cutlass::layout::RowMajor, cutlass::arch::OpMultiplyAdd, bool>, cutlass::layout::RowMajor, cutlass::gemm::warp::MmaSimtPolicy<cutlass::MatrixShape<(int)4, (int)8>, cutlass::layout::RowMajorInterleaved<(int)2>, cutlass::gemm::GemmShape<(int)4, (int)4, (int)1>>>, cutlass::epilogue::warp::TileIteratorSimt<cutlass::gemm::GemmShape<(int)32, (int)64, (int)8>, cutlass::gemm::thread::Mma<cutlass::gemm::GemmShape<(int)8, (int)8, (int)1>, float, cutlass::layout::ColumnMajor, float, cutlass::layout::RowMajor, float, cutlass::layout::RowMajor, cutlass::arch::OpMultiplyAdd, bool>, float, cutlass::layout::RowMajor, cutlass::gemm::warp::MmaSimtPolicy<cutlass::MatrixShape<(int)4, (int)8>, cutlass::layout::RowMajorInterleaved<(int)2>, cutlass::gemm::GemmShape<(int)4, (int)4, (int)1>>>, cutlass::epilogue::threadblock::SharedLoadIterator<cutlass::epilogue::threadblock::OutputTileOptimalThreadMap<cutlass::epilogue::threadblock::OutputTileShape<(int)128, (int)1, (int)4, (int)4, (int)1>, cutlass::epilogue::threadblock::OutputTileShape<(int)1, (int)4, (int)2, (int)1, (int)8>, (int)256, (int)1, (int)32>::CompactedThreadMap, float, (int)4>, cutlass::epilogue::thread::LinearCombination<float, (int)1, float, float, (cutlass::epilogue::thread::ScaleType::Kind)0, (cutlass::FloatRoundStyle)2, float>, cutlass::MatrixShape<(int)0, (int)17>, (int)1, (int)1>, cutlass::gemm::threadblock::GemmBatchedIdentityThreadblockSwizzle, (cutlass::gemm::kernel::GroupScheduleMode)0, (bool)0>>(T1::Params)"
11906663633,12192,1505,8,1,1,256,1,1,40,0.000,0.000,,,,,NVIDIA GeForce RTX 3080 (0),1,,13,"void raggedroute::benchmark::library_baseline::<unnamed>::finalize_routing<(bool)1>(const float *, float *, const float *, const int *, int, int, int)"
11906678449,56543,1510,1,2,1,256,1,1,64,0.012,0.000,,,,,NVIDIA GeForce RTX 3080 (0),1,,13,"void gemmSN_NN_kernel<float, (int)256, (int)4, (int)2, (int)8, (int)4, (int)4, (bool)0, cublasGemvTensorStridedBatched<const float>, cublasGemvTensorStridedBatched<const float>, cublasGemvTensorStridedBatched<float>>(cublasGemmSmallNParams<T9, T10, T11, T1>)"
11906744207,7488,1513,8,1,1,32,1,1,32,0.001,0.000,,,,,NVIDIA GeForce RTX 3080 (0),1,,13,"raggedroute::benchmark::library_baseline::<unnamed>::cub_block_radix_top2_kernel(const float *, int *, float *, int, int)"
11906754287,1120,1527,1,1,1,256,1,1,16,0.000,0.000,,,,,NVIDIA GeForce RTX 3080 (0),1,,13,"void cub::_V_300304_SM_860::detail::histogram::DeviceHistogramInitKernel<cub::_V_300304_SM_860::detail::histogram::policy_hub<int, int, (int)1, (int)1, (bool)1>::Policy1000, (int)1, int, int>(cuda::std::__4::array<int, T2>, cuda::std::__4::array<T3 *, T2>, cub::_V_300304_SM_860::GridQueue<int>)"
11906757903,5376,1530,1,1,1,384,1,1,54,0.001,0.000,,,,,NVIDIA GeForce RTX 3080 (0),1,,13,"void cub::_V_300304_SM_860::detail::histogram::DeviceHistogramSweepKernel<cub::_V_300304_SM_860::detail::histogram::policy_hub<int, int, (int)1, (int)1, (bool)1>::Policy1000, (int)256, (int)1, (int)1, const int *, int, cub::_V_300304_SM_860::detail::histogram::Transforms<int, int, int>::ScaleTransform, cub::_V_300304_SM_860::detail::histogram::Transforms<int, int, int>::PassThruTransform, int>(T5, cuda::std::__4::array<int, T4>, cuda::std::__4::array<int, T4>, cuda::std::__4::array<T6 *, T4>, cuda::std::__4::array<T6 *, T4>, cuda::std::__4::array<T8, T4>, cuda::std::__4::array<T7, T4>, T9, T9, T9, int, cub::_V_300304_SM_860::GridQueue<int>)"
11906765839,1440,1537,1,1,1,128,1,1,16,0.001,0.000,,,,,NVIDIA GeForce RTX 3080 (0),1,,13,"void raggedroute::benchmark::library_baseline::<unnamed>::block_scan_kernel<(int)128>(const int *, int *, int)"
11906769775,4480,1548,1,1,1,256,1,1,128,0.034,0.000,,,,,NVIDIA GeForce RTX 3080 (0),1,,13,"void cub::_V_300304_SM_860::detail::radix_sort::DeviceRadixSortSingleTileKernel<cub::_V_300304_SM_860::detail::radix_sort::policy_selector_from_types<int, int, unsigned int>, (cub::_V_300304_SM_860::SortOrder)0, int, int, unsigned int, cub::_V_300304_SM_860::detail::identity_decomposer_t>(const T3 *, T3 *, const T4 *, T4 *, T5, int, int, T6)"
11906776911,1632,1554,1,1,1,256,1,1,16,0.000,0.000,,,,,NVIDIA GeForce RTX 3080 (0),1,,13,"raggedroute::benchmark::library_baseline::<unnamed>::compute_expert_offsets(const int *, int, int, long long *)"
11906781071,2272,1561,16,1,1,256,1,1,18,0.000,0.000,,,,,NVIDIA GeForce RTX 3080 (0),1,,13,"void raggedroute::benchmark::library_baseline::<unnamed>::expand_rows<(bool)1>(const float *, float *, const int *, int *, int *, int, int, int)"
11906786734,5523059,1564,68,1,1,256,1,1,144,0.000,0.017,,,,,NVIDIA GeForce RTX 3080 (0),1,,13,"void cutlass::Kernel<cutlass::gemm::kernel::GemmGrouped<cutlass::gemm::threadblock::MmaPipelined<cutlass::gemm::GemmShape<(int)128, (int)128, (int)8>, cutlass::transform::threadblock::PredicatedTileIterator<cutlass::MatrixShape<(int)128, (int)8>, float, cutlass::layout::RowMajor, (int)1, cutlass::transform::PitchLinearStripminedThreadMap<cutlass::PitchLinearShape<(int)8, (int)128>, (int)256, (int)1>, (int)1, (bool)0, cutlass::layout::NoPermute>, cutlass::transform::threadblock::RegularTileIterator<cutlass::MatrixShape<(int)128, (int)8>, float, cutlass::layout::ColumnMajor, (int)1, cutlass::transform::TransposePitchLinearThreadMapSimt<cutlass::transform::PitchLinearStripminedThreadMap<cutlass::PitchLinearShape<(int)8, (int)128>, (int)256, (int)1>>, (int)4>, cutlass::transform::threadblock::PredicatedTileIterator<cutlass::MatrixShape<(int)8, (int)128>, float, cutlass::layout::RowMajor, (int)0, cutlass::transform::PitchLinearStripminedThreadMap<cutlass::PitchLinearShape<(int)128, (int)8>, (int)256, (int)1>, (int)1, (bool)0, cutlass::layout::NoPermute>, cutlass::transform::threadblock::RegularTileIterator<cutlass::MatrixShape<(int)8, (int)128>, float, cutlass::layout::RowMajor, (int)0, cutlass::transform::PitchLinearStripminedThreadMap<cutlass::PitchLinearShape<(int)128, (int)8>, (int)256, (int)1>, (int)4>, float, cutlass::layout::RowMajor, cutlass::gemm::threadblock::MmaPolicy<cutlass::gemm::warp::MmaSimt<cutlass::gemm::GemmShape<(int)32, (int)64, (int)8>, float, cutlass::layout::ColumnMajor, float, cutlass::layout::RowMajor, float, cutlass::layout::RowMajor, cutlass::gemm::warp::MmaSimtPolicy<cutlass::MatrixShape<(int)4, (int)8>, cutlass::layout::RowMajorInterleaved<(int)2>, cutlass::gemm::GemmShape<(int)4, (int)4, (int)1>>, (int)1, (cutlass::ComplexTransform)0, (cutlass::ComplexTransform)0, bool>, cutlass::MatrixShape<(int)4, (int)0>, cutlass::MatrixShape<(int)0, (int)0>, (int)1>, cutlass::NumericArrayConverter<float, float, (int)4, (cutlass::FloatRoundStyle)2, cutlass::transform::thread::UnaryTransform::Identity>, cutlass::NumericArrayConverter<float, float, (int)4, (cutlass::FloatRoundStyle)2, cutlass::transform::thread::UnaryTransform::Identity>, bool>, cutlass::epilogue::threadblock::Epilogue<cutlass::gemm::GemmShape<(int)128, (int)128, (int)8>, cutlass::gemm::warp::MmaSimt<cutlass::gemm::GemmShape<(int)32, (int)64, (int)8>, float, cutlass::layout::ColumnMajor, float, cutlass::layout::RowMajor, float, cutlass::layout::RowMajor, cutlass::gemm::warp::MmaSimtPolicy<cutlass::MatrixShape<(int)4, (int)8>, cutlass::layout::RowMajorInterleaved<(int)2>, cutlass::gemm::GemmShape<(int)4, (int)4, (int)1>>, (int)1, (cutlass::ComplexTransform)0, (cutlass::ComplexTransform)0, bool>, (int)1, cutlass::epilogue::threadblock::PredicatedTileIterator<cutlass::epilogue::threadblock::OutputTileOptimalThreadMap<cutlass::epilogue::threadblock::OutputTileShape<(int)128, (int)1, (int)4, (int)4, (int)1>, cutlass::epilogue::threadblock::OutputTileShape<(int)1, (int)4, (int)2, (int)1, (int)8>, (int)256, (int)1, (int)32>, float, (bool)0, cutlass::layout::NoPermute, (bool)0>, cutlass::epilogue::warp::FragmentIteratorSimt<cutlass::gemm::GemmShape<(int)32, (int)64, (int)8>, cutlass::gemm::thread::Mma<cutlass::gemm::GemmShape<(int)8, (int)8, (int)1>, float, cutlass::layout::ColumnMajor, float, cutlass::layout::RowMajor, float, cutlass::layout::RowMajor, cutlass::arch::OpMultiplyAdd, bool>, cutlass::layout::RowMajor, cutlass::gemm::warp::MmaSimtPolicy<cutlass::MatrixShape<(int)4, (int)8>, cutlass::layout::RowMajorInterleaved<(int)2>, cutlass::gemm::GemmShape<(int)4, (int)4, (int)1>>>, cutlass::epilogue::warp::TileIteratorSimt<cutlass::gemm::GemmShape<(int)32, (int)64, (int)8>, cutlass::gemm::thread::Mma<cutlass::gemm::GemmShape<(int)8, (int)8, (int)1>, float, cutlass::layout::ColumnMajor, float, cutlass::layout::RowMajor, float, cutlass::layout::RowMajor, cutlass::arch::OpMultiplyAdd, bool>, float, cutlass::layout::RowMajor, cutlass::gemm::warp::MmaSimtPolicy<cutlass::MatrixShape<(int)4, (int)8>, cutlass::layout::RowMajorInterleaved<(int)2>, cutlass::gemm::GemmShape<(int)4, (int)4, (int)1>>>, cutlass::epilogue::threadblock::SharedLoadIterator<cutlass::epilogue::threadblock::OutputTileOptimalThreadMap<cutlass::epilogue::threadblock::OutputTileShape<(int)128, (int)1, (int)4, (int)4, (int)1>, cutlass::epilogue::threadblock::OutputTileShape<(int)1, (int)4, (int)2, (int)1, (int)8>, (int)256, (int)1, (int)32>::CompactedThreadMap, float, (int)4>, cutlass::epilogue::thread::LinearCombination<float, (int)1, float, float, (cutlass::epilogue::thread::ScaleType::Kind)0, (cutlass::FloatRoundStyle)2, float>, cutlass::MatrixShape<(int)0, (int)17>, (int)1, (int)1>, cutlass::gemm::threadblock::GemmBatchedIdentityThreadblockSwizzle, (cutlass::gemm::kernel::GroupScheduleMode)0, (bool)0>>(T1::Params)"
11912321793,12256,1567,8,1,1,256,1,1,40,0.000,0.000,,,,,NVIDIA GeForce RTX 3080 (0),1,,13,"void raggedroute::benchmark::library_baseline::<unnamed>::finalize_routing<(bool)1>(const float *, float *, const float *, const int *, int, int, int)"
11912390400,56767,1574,1,2,1,256,1,1,64,0.012,0.000,,,,,NVIDIA GeForce RTX 3080 (0),1,,13,"void gemmSN_NN_kernel<float, (int)256, (int)4, (int)2, (int)8, (int)4, (int)4, (bool)0, cublasGemvTensorStridedBatched<const float>, cublasGemvTensorStridedBatched<const float>, cublasGemvTensorStridedBatched<float>>(cublasGemmSmallNParams<T9, T10, T11, T1>)"
11912450847,7520,1577,8,1,1,32,1,1,32,0.001,0.000,,,,,NVIDIA GeForce RTX 3080 (0),1,,13,"raggedroute::benchmark::library_baseline::<unnamed>::cub_block_radix_top2_kernel(const float *, int *, float *, int, int)"
11912461119,1087,1591,1,1,1,256,1,1,16,0.000,0.000,,,,,NVIDIA GeForce RTX 3080 (0),1,,13,"void cub::_V_300304_SM_860::detail::histogram::DeviceHistogramInitKernel<cub::_V_300304_SM_860::detail::histogram::policy_hub<int, int, (int)1, (int)1, (bool)1>::Policy1000, (int)1, int, int>(cuda::std::__4::array<int, T2>, cuda::std::__4::array<T3 *, T2>, cub::_V_300304_SM_860::GridQueue<int>)"
11912466238,5376,1594,1,1,1,384,1,1,54,0.001,0.000,,,,,NVIDIA GeForce RTX 3080 (0),1,,13,"void cub::_V_300304_SM_860::detail::histogram::DeviceHistogramSweepKernel<cub::_V_300304_SM_860::detail::histogram::policy_hub<int, int, (int)1, (int)1, (bool)1>::Policy1000, (int)256, (int)1, (int)1, const int *, int, cub::_V_300304_SM_860::detail::histogram::Transforms<int, int, int>::ScaleTransform, cub::_V_300304_SM_860::detail::histogram::Transforms<int, int, int>::PassThruTransform, int>(T5, cuda::std::__4::array<int, T4>, cuda::std::__4::array<int, T4>, cuda::std::__4::array<T6 *, T4>, cuda::std::__4::array<T6 *, T4>, cuda::std::__4::array<T8, T4>, cuda::std::__4::array<T7, T4>, T9, T9, T9, int, cub::_V_300304_SM_860::GridQueue<int>)"
11912474206,1472,1601,1,1,1,128,1,1,16,0.001,0.000,,,,,NVIDIA GeForce RTX 3080 (0),1,,13,"void raggedroute::benchmark::library_baseline::<unnamed>::block_scan_kernel<(int)128>(const int *, int *, int)"
11912478494,4480,1612,1,1,1,256,1,1,128,0.034,0.000,,,,,NVIDIA GeForce RTX 3080 (0),1,,13,"void cub::_V_300304_SM_860::detail::radix_sort::DeviceRadixSortSingleTileKernel<cub::_V_300304_SM_860::detail::radix_sort::policy_selector_from_types<int, int, unsigned int>, (cub::_V_300304_SM_860::SortOrder)0, int, int, unsigned int, cub::_V_300304_SM_860::detail::identity_decomposer_t>(const T3 *, T3 *, const T4 *, T4 *, T5, int, int, T6)"
11912485502,1664,1618,1,1,1,256,1,1,16,0.000,0.000,,,,,NVIDIA GeForce RTX 3080 (0),1,,13,"raggedroute::benchmark::library_baseline::<unnamed>::compute_expert_offsets(const int *, int, int, long long *)"
11912489566,2240,1625,16,1,1,256,1,1,18,0.000,0.000,,,,,NVIDIA GeForce RTX 3080 (0),1,,13,"void raggedroute::benchmark::library_baseline::<unnamed>::expand_rows<(bool)1>(const float *, float *, const int *, int *, int *, int, int, int)"
11912495358,5521299,1628,68,1,1,256,1,1,144,0.000,0.017,,,,,NVIDIA GeForce RTX 3080 (0),1,,13,"void cutlass::Kernel<cutlass::gemm::kernel::GemmGrouped<cutlass::gemm::threadblock::MmaPipelined<cutlass::gemm::GemmShape<(int)128, (int)128, (int)8>, cutlass::transform::threadblock::PredicatedTileIterator<cutlass::MatrixShape<(int)128, (int)8>, float, cutlass::layout::RowMajor, (int)1, cutlass::transform::PitchLinearStripminedThreadMap<cutlass::PitchLinearShape<(int)8, (int)128>, (int)256, (int)1>, (int)1, (bool)0, cutlass::layout::NoPermute>, cutlass::transform::threadblock::RegularTileIterator<cutlass::MatrixShape<(int)128, (int)8>, float, cutlass::layout::ColumnMajor, (int)1, cutlass::transform::TransposePitchLinearThreadMapSimt<cutlass::transform::PitchLinearStripminedThreadMap<cutlass::PitchLinearShape<(int)8, (int)128>, (int)256, (int)1>>, (int)4>, cutlass::transform::threadblock::PredicatedTileIterator<cutlass::MatrixShape<(int)8, (int)128>, float, cutlass::layout::RowMajor, (int)0, cutlass::transform::PitchLinearStripminedThreadMap<cutlass::PitchLinearShape<(int)128, (int)8>, (int)256, (int)1>, (int)1, (bool)0, cutlass::layout::NoPermute>, cutlass::transform::threadblock::RegularTileIterator<cutlass::MatrixShape<(int)8, (int)128>, float, cutlass::layout::RowMajor, (int)0, cutlass::transform::PitchLinearStripminedThreadMap<cutlass::PitchLinearShape<(int)128, (int)8>, (int)256, (int)1>, (int)4>, float, cutlass::layout::RowMajor, cutlass::gemm::threadblock::MmaPolicy<cutlass::gemm::warp::MmaSimt<cutlass::gemm::GemmShape<(int)32, (int)64, (int)8>, float, cutlass::layout::ColumnMajor, float, cutlass::layout::RowMajor, float, cutlass::layout::RowMajor, cutlass::gemm::warp::MmaSimtPolicy<cutlass::MatrixShape<(int)4, (int)8>, cutlass::layout::RowMajorInterleaved<(int)2>, cutlass::gemm::GemmShape<(int)4, (int)4, (int)1>>, (int)1, (cutlass::ComplexTransform)0, (cutlass::ComplexTransform)0, bool>, cutlass::MatrixShape<(int)4, (int)0>, cutlass::MatrixShape<(int)0, (int)0>, (int)1>, cutlass::NumericArrayConverter<float, float, (int)4, (cutlass::FloatRoundStyle)2, cutlass::transform::thread::UnaryTransform::Identity>, cutlass::NumericArrayConverter<float, float, (int)4, (cutlass::FloatRoundStyle)2, cutlass::transform::thread::UnaryTransform::Identity>, bool>, cutlass::epilogue::threadblock::Epilogue<cutlass::gemm::GemmShape<(int)128, (int)128, (int)8>, cutlass::gemm::warp::MmaSimt<cutlass::gemm::GemmShape<(int)32, (int)64, (int)8>, float, cutlass::layout::ColumnMajor, float, cutlass::layout::RowMajor, float, cutlass::layout::RowMajor, cutlass::gemm::warp::MmaSimtPolicy<cutlass::MatrixShape<(int)4, (int)8>, cutlass::layout::RowMajorInterleaved<(int)2>, cutlass::gemm::GemmShape<(int)4, (int)4, (int)1>>, (int)1, (cutlass::ComplexTransform)0, (cutlass::ComplexTransform)0, bool>, (int)1, cutlass::epilogue::threadblock::PredicatedTileIterator<cutlass::epilogue::threadblock::OutputTileOptimalThreadMap<cutlass::epilogue::threadblock::OutputTileShape<(int)128, (int)1, (int)4, (int)4, (int)1>, cutlass::epilogue::threadblock::OutputTileShape<(int)1, (int)4, (int)2, (int)1, (int)8>, (int)256, (int)1, (int)32>, float, (bool)0, cutlass::layout::NoPermute, (bool)0>, cutlass::epilogue::warp::FragmentIteratorSimt<cutlass::gemm::GemmShape<(int)32, (int)64, (int)8>, cutlass::gemm::thread::Mma<cutlass::gemm::GemmShape<(int)8, (int)8, (int)1>, float, cutlass::layout::ColumnMajor, float, cutlass::layout::RowMajor, float, cutlass::layout::RowMajor, cutlass::arch::OpMultiplyAdd, bool>, cutlass::layout::RowMajor, cutlass::gemm::warp::MmaSimtPolicy<cutlass::MatrixShape<(int)4, (int)8>, cutlass::layout::RowMajorInterleaved<(int)2>, cutlass::gemm::GemmShape<(int)4, (int)4, (int)1>>>, cutlass::epilogue::warp::TileIteratorSimt<cutlass::gemm::GemmShape<(int)32, (int)64, (int)8>, cutlass::gemm::thread::Mma<cutlass::gemm::GemmShape<(int)8, (int)8, (int)1>, float, cutlass::layout::ColumnMajor, float, cutlass::layout::RowMajor, float, cutlass::layout::RowMajor, cutlass::arch::OpMultiplyAdd, bool>, float, cutlass::layout::RowMajor, cutlass::gemm::warp::MmaSimtPolicy<cutlass::MatrixShape<(int)4, (int)8>, cutlass::layout::RowMajorInterleaved<(int)2>, cutlass::gemm::GemmShape<(int)4, (int)4, (int)1>>>, cutlass::epilogue::threadblock::SharedLoadIterator<cutlass::epilogue::threadblock::OutputTileOptimalThreadMap<cutlass::epilogue::threadblock::OutputTileShape<(int)128, (int)1, (int)4, (int)4, (int)1>, cutlass::epilogue::threadblock::OutputTileShape<(int)1, (int)4, (int)2, (int)1, (int)8>, (int)256, (int)1, (int)32>::CompactedThreadMap, float, (int)4>, cutlass::epilogue::thread::LinearCombination<float, (int)1, float, float, (cutlass::epilogue::thread::ScaleType::Kind)0, (cutlass::FloatRoundStyle)2, float>, cutlass::MatrixShape<(int)0, (int)17>, (int)1, (int)1>, cutlass::gemm::threadblock::GemmBatchedIdentityThreadblockSwizzle, (cutlass::gemm::kernel::GroupScheduleMode)0, (bool)0>>(T1::Params)"
11918027249,12287,1631,8,1,1,256,1,1,40,0.000,0.000,,,,,NVIDIA GeForce RTX 3080 (0),1,,13,"void raggedroute::benchmark::library_baseline::<unnamed>::finalize_routing<(bool)1>(const float *, float *, const float *, const int *, int, int, int)"
11918110511,2592,1634,,,,,,,,,,0.000,24.691,Device,Pageable,NVIDIA GeForce RTX 3080 (0),1,,13,[CUDA memcpy Device-to-Host]
11918141134,2080,1636,,,,,,,,,,0.000,15.385,Device,Pageable,NVIDIA GeForce RTX 3080 (0),1,,13,[CUDA memcpy Device-to-Host]
11918155118,2048,1638,,,,,,,,,,0.000,17.578,Device,Pageable,NVIDIA GeForce RTX 3080 (0),1,,13,[CUDA memcpy Device-to-Host]
11918169486,1856,1640,,,,,,,,,,0.000,34.483,Device,Pageable,NVIDIA GeForce RTX 3080 (0),1,,13,[CUDA memcpy Device-to-Host]
11918312587,552917,1642,,,,,,,,,,0.459,829.424,Device,Pageable,NVIDIA GeForce RTX 3080 (0),1,,13,[CUDA memcpy Device-to-Host]
