Start (ns),Duration (ns),CorrId,GrdX,GrdY,GrdZ,BlkX,BlkY,BlkZ,Reg/Trd,StcSMem (MB),DymSMem (MB),Bytes (MB),Throughput (MB/s),SrcMemKd,DstMemKd,Device,Ctx,GreenCtx,Strm,Name
1383111748,1278246,135,,,,,,,,,,1.049,819.986,Pageable,Device,NVIDIA GeForce RTX 3080 (0),1,,13,[CUDA memcpy Host-to-Device]
1384392266,35836513,136,,,,,,,,,,29.360,792.723,Pageable,Device,NVIDIA GeForce RTX 3080 (0),1,,13,[CUDA memcpy Host-to-Device]
1420300042,8448,137,,,,,,,,,,0.016,1939.390,Pageable,Device,NVIDIA GeForce RTX 3080 (0),1,,13,[CUDA memcpy Host-to-Device]
1459457543,1408,296,4,1,1,256,1,1,16,0.000,0.000,,,,,NVIDIA GeForce RTX 3080 (0),1,,13,"raggedroute::benchmark::library_baseline::<unnamed>::initialize_source_rows(int *, int)"
1459957949,416,302,,,,,,,,,,0.000,230.769,Pageable,Device,NVIDIA GeForce RTX 3080 (0),1,,7,[CUDA memcpy Host-to-Device]
1459968061,416,304,,,,,,,,,,0.000,153.846,Pageable,Device,NVIDIA GeForce RTX 3080 (0),1,,7,[CUDA memcpy Host-to-Device]
1459978589,416,306,,,,,,,,,,0.000,153.846,Pageable,Device,NVIDIA GeForce RTX 3080 (0),1,,7,[CUDA memcpy Host-to-Device]
1459989084,384,308,,,,,,,,,,0.000,166.667,Pageable,Device,NVIDIA GeForce RTX 3080 (0),1,,7,[CUDA memcpy Host-to-Device]
1459998876,416,310,,,,,,,,,,0.000,153.846,Pageable,Device,NVIDIA GeForce RTX 3080 (0),1,,7,[CUDA memcpy Host-to-Device]
1460008732,416,312,,,,,,,,,,0.000,153.846,Pageable,Device,NVIDIA GeForce RTX 3080 (0),1,,7,[CUDA memcpy Host-to-Device]
1460033563,416,314,,,,,,,,,,0.000,153.846,Pageable,Device,NVIDIA GeForce RTX 3080 (0),1,,7,[CUDA memcpy Host-to-Device]
1460044251,416,316,,,,,,,,,,0.000,153.846,Pageable,Device,NVIDIA GeForce RTX 3080 (0),1,,7,[CUDA memcpy Host-to-Device]
1460054555,384,318,,,,,,,,,,0.000,166.667,Pageable,Device,NVIDIA GeForce RTX 3080 (0),1,,7,[CUDA memcpy Host-to-Device]
1460137785,7712,324,1,16,9,128,1,1,86,0.033,0.000,,,,,NVIDIA GeForce RTX 3080 (0),1,,13,ampere_sgemm_32x32_sliced1x4_nn
1469569912,2016,329,1,32,1,32,16,1,43,0.000,0.000,,,,,NVIDIA GeForce RTX 3080 (0),1,,13,"void cublasLt::splitKreduce_kernel<(int)32, (int)16, int, float, float, float, float, (bool)0, float, float, float, (bool)1, (bool)0, (bool)0, (bool)0>(cublasLt::cublasSplitKParams<T6>, const T4 *, const T10 *, T9 *, T5 *, const T6 *, const T6 *, const T11 *, const T4 *, T11 *, void *, long long, T6 *, int *, T6 *, T6 *, const T6 *, const T6 *, const T6 *, const T6 *, const T6 *)"
1469975472,11039,334,512,1,1,32,1,1,32,0.001,0.000,,,,,NVIDIA GeForce RTX 3080 (0),1,,13,"raggedroute::benchmark::library_baseline::<unnamed>::cub_block_radix_top2_kernel(const float *, int *, float *, int, int)"
1470124941,1152,349,1,1,1,256,1,1,16,0.000,0.000,,,,,NVIDIA GeForce RTX 3080 (0),1,,13,"void cub::_V_300304_SM_860::detail::histogram::DeviceHistogramInitKernel<cub::_V_300304_SM_860::detail::histogram::policy_hub<int, int, (int)1, (int)1, (bool)1>::Policy1000, (int)1, int, int>(cuda::std::__4::array<int, T2>, cuda::std::__4::array<T3 *, T2>, cub::_V_300304_SM_860::GridQueue<int>)"
1470128844,5536,352,1,1,1,384,1,1,54,0.001,0.000,,,,,NVIDIA GeForce RTX 3080 (0),1,,13,"void cub::_V_300304_SM_860::detail::histogram::DeviceHistogramSweepKernel<cub::_V_300304_SM_860::detail::histogram::policy_hub<int, int, (int)1, (int)1, (bool)1>::Policy1000, (int)256, (int)1, (int)1, const int *, int, cub::_V_300304_SM_860::detail::histogram::Transforms<int, int, int>::ScaleTransform, cub::_V_300304_SM_860::detail::histogram::Transforms<int, int, int>::PassThruTransform, int>(T5, cuda::std::__4::array<int, T4>, cuda::std::__4::array<int, T4>, cuda::std::__4::array<T6 *, T4>, cuda::std::__4::array<T6 *, T4>, cuda::std::__4::array<T8, T4>, cuda::std::__4::array<T7, T4>, T9, T9, T9, int, cub::_V_300304_SM_860::GridQueue<int>)"
1470834334,1504,361,1,1,1,128,1,1,16,0.001,0.000,,,,,NVIDIA GeForce RTX 3080 (0),1,,13,"void raggedroute::benchmark::library_baseline::<unnamed>::block_scan_kernel<(int)128>(const int *, int *, int)"
1470923996,4640,373,1,1,1,256,1,1,128,0.034,0.000,,,,,NVIDIA GeForce RTX 3080 (0),1,,13,"void cub::_V_300304_SM_860::detail::radix_sort::DeviceRadixSortSingleTileKernel<cub::_V_300304_SM_860::detail::radix_sort::policy_selector_from_types<int, int, unsigned int>, (cub::_V_300304_SM_860::SortOrder)0, int, int, unsigned int, cub::_V_300304_SM_860::detail::identity_decomposer_t>(const T3 *, T3 *, const T4 *, T4 *, T5, int, int, T6)"
1470999867,2880,380,1,1,1,256,1,1,16,0.000,0.000,,,,,NVIDIA GeForce RTX 3080 (0),1,,13,"raggedroute::benchmark::library_baseline::<unnamed>::compute_expert_offsets(const int *, int, int, long long *)"
1471075161,3712,388,1024,1,1,256,1,1,18,0.000,0.000,,,,,NVIDIA GeForce RTX 3080 (0),1,,13,"void raggedroute::benchmark::library_baseline::<unnamed>::expand_rows<(bool)1>(const float *, float *, const int *, int *, int *, int, int, int)"
1471082297,195644,391,68,1,1,256,1,1,144,0.000,0.017,,,,,NVIDIA GeForce RTX 3080 (0),1,,13,"void cutlass::Kernel<cutlass::gemm::kernel::GemmGrouped<cutlass::gemm::threadblock::MmaPipelined<cutlass::gemm::GemmShape<(int)128, (int)128, (int)8>, cutlass::transform::threadblock::PredicatedTileIterator<cutlass::MatrixShape<(int)128, (int)8>, float, cutlass::layout::RowMajor, (int)1, cutlass::transform::PitchLinearStripminedThreadMap<cutlass::PitchLinearShape<(int)8, (int)128>, (int)256, (int)1>, (int)1, (bool)0, cutlass::layout::NoPermute>, cutlass::transform::threadblock::RegularTileIterator<cutlass::MatrixShape<(int)128, (int)8>, float, cutlass::layout::ColumnMajor, (int)1, cutlass::transform::TransposePitchLinearThreadMapSimt<cutlass::transform::PitchLinearStripminedThreadMap<cutlass::PitchLinearShape<(int)8, (int)128>, (int)256, (int)1>>, (int)4>, cutlass::transform::threadblock::PredicatedTileIterator<cutlass::MatrixShape<(int)8, (int)128>, float, cutlass::layout::RowMajor, (int)0, cutlass::transform::PitchLinearStripminedThreadMap<cutlass::PitchLinearShape<(int)128, (int)8>, (int)256, (int)1>, (int)1, (bool)0, cutlass::layout::NoPermute>, cutlass::transform::threadblock::RegularTileIterator<cutlass::MatrixShape<(int)8, (int)128>, float, cutlass::layout::RowMajor, (int)0, cutlass::transform::PitchLinearStripminedThreadMap<cutlass::PitchLinearShape<(int)128, (int)8>, (int)256, (int)1>, (int)4>, float, cutlass::layout::RowMajor, cutlass::gemm::threadblock::MmaPolicy<cutlass::gemm::warp::MmaSimt<cutlass::gemm::GemmShape<(int)32, (int)64, (int)8>, float, cutlass::layout::ColumnMajor, float, cutlass::layout::RowMajor, float, cutlass::layout::RowMajor, cutlass::gemm::warp::MmaSimtPolicy<cutlass::MatrixShape<(int)4, (int)8>, cutlass::layout::RowMajorInterleaved<(int)2>, cutlass::gemm::GemmShape<(int)4, (int)4, (int)1>>, (int)1, (cutlass::ComplexTransform)0, (cutlass::ComplexTransform)0, bool>, cutlass::MatrixShape<(int)4, (int)0>, cutlass::MatrixShape<(int)0, (int)0>, (int)1>, cutlass::NumericArrayConverter<float, float, (int)4, (cutlass::FloatRoundStyle)2, cutlass::transform::thread::UnaryTransform::Identity>, cutlass::NumericArrayConverter<float, float, (int)4, (cutlass::FloatRoundStyle)2, cutlass::transform::thread::UnaryTransform::Identity>, bool>, cutlass::epilogue::threadblock::Epilogue<cutlass::gemm::GemmShape<(int)128, (int)128, (int)8>, cutlass::gemm::warp::MmaSimt<cutlass::gemm::GemmShape<(int)32, (int)64, (int)8>, float, cutlass::layout::ColumnMajor, float, cutlass::layout::RowMajor, float, cutlass::layout::RowMajor, cutlass::gemm::warp::MmaSimtPolicy<cutlass::MatrixShape<(int)4, (int)8>, cutlass::layout::RowMajorInterleaved<(int)2>, cutlass::gemm::GemmShape<(int)4, (int)4, (int)1>>, (int)1, (cutlass::ComplexTransform)0, (cutlass::ComplexTransform)0, bool>, (int)1, cutlass::epilogue::threadblock::PredicatedTileIterator<cutlass::epilogue::threadblock::OutputTileOptimalThreadMap<cutlass::epilogue::threadblock::OutputTileShape<(int)128, (int)1, (int)4, (int)4, (int)1>, cutlass::epilogue::threadblock::OutputTileShape<(int)1, (int)4, (int)2, (int)1, (int)8>, (int)256, (int)1, (int)32>, float, (bool)0, cutlass::layout::NoPermute, (bool)0>, cutlass::epilogue::warp::FragmentIteratorSimt<cutlass::gemm::GemmShape<(int)32, (int)64, (int)8>, cutlass::gemm::thread::Mma<cutlass::gemm::GemmShape<(int)8, (int)8, (int)1>, float, cutlass::layout::ColumnMajor, float, cutlass::layout::RowMajor, float, cutlass::layout::RowMajor, cutlass::arch::OpMultiplyAdd, bool>, cutlass::layout::RowMajor, cutlass::gemm::warp::MmaSimtPolicy<cutlass::MatrixShape<(int)4, (int)8>, cutlass::layout::RowMajorInterleaved<(int)2>, cutlass::gemm::GemmShape<(int)4, (int)4, (int)1>>>, cutlass::epilogue::warp::TileIteratorSimt<cutlass::gemm::GemmShape<(int)32, (int)64, (int)8>, cutlass::gemm::thread::Mma<cutlass::gemm::GemmShape<(int)8, (int)8, (int)1>, float, cutlass::layout::ColumnMajor, float, cutlass::layout::RowMajor, float, cutlass::layout::RowMajor, cutlass::arch::OpMultiplyAdd, bool>, float, cutlass::layout::RowMajor, cutlass::gemm::warp::MmaSimtPolicy<cutlass::MatrixShape<(int)4, (int)8>, cutlass::layout::RowMajorInterleaved<(int)2>, cutlass::gemm::GemmShape<(int)4, (int)4, (int)1>>>, cutlass::epilogue::threadblock::SharedLoadIterator<cutlass::epilogue::threadblock::OutputTileOptimalThreadMap<cutlass::epilogue::threadblock::OutputTileShape<(int)128, (int)1, (int)4, (int)4, (int)1>, cutlass::epilogue::threadblock::OutputTileShape<(int)1, (int)4, (int)2, (int)1, (int)8>, (int)256, (int)1, (int)32>::CompactedThreadMap, float, (int)4>, cutlass::epilogue::thread::LinearCombination<float, (int)1, float, float, (cutlass::epilogue::thread::ScaleType::Kind)0, (cutlass::FloatRoundStyle)2, float>, cutlass::MatrixShape<(int)0, (int)17>, (int)1, (int)1>, cutlass::gemm::threadblock::GemmBatchedIdentityThreadblockSwizzle, (cutlass::gemm::kernel::GroupScheduleMode)0, (bool)0>>(T1::Params)"
1471374931,16064,396,512,1,1,256,1,1,40,0.000,0.000,,,,,NVIDIA GeForce RTX 3080 (0),1,,13,"void raggedroute::benchmark::library_baseline::<unnamed>::finalize_routing<(bool)1>(const float *, float *, const float *, const int *, int, int, int)"
1471394931,8095,402,1,16,9,128,1,1,86,0.033,0.000,,,,,NVIDIA GeForce RTX 3080 (0),1,,13,ampere_sgemm_32x32_sliced1x4_nn
1471405586,2016,405,1,32,1,32,16,1,43,0.000,0.000,,,,,NVIDIA GeForce RTX 3080 (0),1,,13,"void cublasLt::splitKreduce_kernel<(int)32, (int)16, int, float, float, float, float, (bool)0, float, float, float, (bool)1, (bool)0, (bool)0, (bool)0>(cublasLt::cublasSplitKParams<T6>, const T4 *, const T10 *, T9 *, T5 *, const T6 *, const T6 *, const T11 *, const T4 *, T11 *, void *, long long, T6 *, int *, T6 *, T6 *, const T6 *, const T6 *, const T6 *, const T6 *, const T6 *)"
1471410994,11008,408,512,1,1,32,1,1,32,0.001,0.000,,,,,NVIDIA GeForce RTX 3080 (0),1,,13,"raggedroute::benchmark::library_baseline::<unnamed>::cub_block_radix_top2_kernel(const float *, int *, float *, int, int)"
1471424594,1152,422,1,1,1,256,1,1,16,0.000,0.000,,,,,NVIDIA GeForce RTX 3080 (0),1,,13,"void cub::_V_300304_SM_860::detail::histogram::DeviceHistogramInitKernel<cub::_V_300304_SM_860::detail::histogram::policy_hub<int, int, (int)1, (int)1, (bool)1>::Policy1000, (int)1, int, int>(cuda::std::__4::array<int, T2>, cuda::std::__4::array<T3 *, T2>, cub::_V_300304_SM_860::GridQueue<int>)"
1471430770,5568,425,1,1,1,384,1,1,54,0.001,0.000,,,,,NVIDIA GeForce RTX 3080 (0),1,,13,"void cub::_V_300304_SM_860::detail::histogram::DeviceHistogramSweepKernel<cub::_V_300304_SM_860::detail::histogram::policy_hub<int, int, (int)1, (int)1, (bool)1>::Policy1000, (int)256, (int)1, (int)1, const int *, int, cub::_V_300304_SM_860::detail::histogram::Transforms<int, int, int>::ScaleTransform, cub::_V_300304_SM_860::detail::histogram::Transforms<int, int, int>::PassThruTransform, int>(T5, cuda::std::__4::array<int, T4>, cuda::std::__4::array<int, T4>, cuda::std::__4::array<T6 *, T4>, cuda::std::__4::array<T6 *, T4>, cuda::std::__4::array<T8, T4>, cuda::std::__4::array<T7, T4>, T9, T9, T9, int, cub::_V_300304_SM_860::GridQueue<int>)"
1471438962,1504,432,1,1,1,128,1,1,16,0.001,0.000,,,,,NVIDIA GeForce RTX 3080 (0),1,,13,"void raggedroute::benchmark::library_baseline::<unnamed>::block_scan_kernel<(int)128>(const int *, int *, int)"
1471443058,4703,443,1,1,1,256,1,1,128,0.034,0.000,,,,,NVIDIA GeForce RTX 3080 (0),1,,13,"void cub::_V_300304_SM_860::detail::radix_sort::DeviceRadixSortSingleTileKernel<cub::_V_300304_SM_860::detail::radix_sort::policy_selector_from_types<int, int, unsigned int>, (cub::_V_300304_SM_860::SortOrder)0, int, int, unsigned int, cub::_V_300304_SM_860::detail::identity_decomposer_t>(const T3 *, T3 *, const T4 *, T4 *, T5, int, int, T6)"
1471450321,2880,449,1,1,1,256,1,1,16,0.000,0.000,,,,,NVIDIA GeForce RTX 3080 (0),1,,13,"raggedroute::benchmark::library_baseline::<unnamed>::compute_expert_offsets(const int *, int, int, long long *)"
1471455761,3712,456,1024,1,1,256,1,1,18,0.000,0.000,,,,,NVIDIA GeForce RTX 3080 (0),1,,13,"void raggedroute::benchmark::library_baseline::<unnamed>::expand_rows<(bool)1>(const float *, float *, const int *, int *, int *, int, int, int)"
1471462225,196252,459,68,1,1,256,1,1,144,0.000,0.017,,,,,NVIDIA GeForce RTX 3080 (0),1,,13,"void cutlass::Kernel<cutlass::gemm::kernel::GemmGrouped<cutlass::gemm::threadblock::MmaPipelined<cutlass::gemm::GemmShape<(int)128, (int)128, (int)8>, cutlass::transform::threadblock::PredicatedTileIterator<cutlass::MatrixShape<(int)128, (int)8>, float, cutlass::layout::RowMajor, (int)1, cutlass::transform::PitchLinearStripminedThreadMap<cutlass::PitchLinearShape<(int)8, (int)128>, (int)256, (int)1>, (int)1, (bool)0, cutlass::layout::NoPermute>, cutlass::transform::threadblock::RegularTileIterator<cutlass::MatrixShape<(int)128, (int)8>, float, cutlass::layout::ColumnMajor, (int)1, cutlass::transform::TransposePitchLinearThreadMapSimt<cutlass::transform::PitchLinearStripminedThreadMap<cutlass::PitchLinearShape<(int)8, (int)128>, (int)256, (int)1>>, (int)4>, cutlass::transform::threadblock::PredicatedTileIterator<cutlass::MatrixShape<(int)8, (int)128>, float, cutlass::layout::RowMajor, (int)0, cutlass::transform::PitchLinearStripminedThreadMap<cutlass::PitchLinearShape<(int)128, (int)8>, (int)256, (int)1>, (int)1, (bool)0, cutlass::layout::NoPermute>, cutlass::transform::threadblock::RegularTileIterator<cutlass::MatrixShape<(int)8, (int)128>, float, cutlass::layout::RowMajor, (int)0, cutlass::transform::PitchLinearStripminedThreadMap<cutlass::PitchLinearShape<(int)128, (int)8>, (int)256, (int)1>, (int)4>, float, cutlass::layout::RowMajor, cutlass::gemm::threadblock::MmaPolicy<cutlass::gemm::warp::MmaSimt<cutlass::gemm::GemmShape<(int)32, (int)64, (int)8>, float, cutlass::layout::ColumnMajor, float, cutlass::layout::RowMajor, float, cutlass::layout::RowMajor, cutlass::gemm::warp::MmaSimtPolicy<cutlass::MatrixShape<(int)4, (int)8>, cutlass::layout::RowMajorInterleaved<(int)2>, cutlass::gemm::GemmShape<(int)4, (int)4, (int)1>>, (int)1, (cutlass::ComplexTransform)0, (cutlass::ComplexTransform)0, bool>, cutlass::MatrixShape<(int)4, (int)0>, cutlass::MatrixShape<(int)0, (int)0>, (int)1>, cutlass::NumericArrayConverter<float, float, (int)4, (cutlass::FloatRoundStyle)2, cutlass::transform::thread::UnaryTransform::Identity>, cutlass::NumericArrayConverter<float, float, (int)4, (cutlass::FloatRoundStyle)2, cutlass::transform::thread::UnaryTransform::Identity>, bool>, cutlass::epilogue::threadblock::Epilogue<cutlass::gemm::GemmShape<(int)128, (int)128, (int)8>, cutlass::gemm::warp::MmaSimt<cutlass::gemm::GemmShape<(int)32, (int)64, (int)8>, float, cutlass::layout::ColumnMajor, float, cutlass::layout::RowMajor, float, cutlass::layout::RowMajor, cutlass::gemm::warp::MmaSimtPolicy<cutlass::MatrixShape<(int)4, (int)8>, cutlass::layout::RowMajorInterleaved<(int)2>, cutlass::gemm::GemmShape<(int)4, (int)4, (int)1>>, (int)1, (cutlass::ComplexTransform)0, (cutlass::ComplexTransform)0, bool>, (int)1, cutlass::epilogue::threadblock::PredicatedTileIterator<cutlass::epilogue::threadblock::OutputTileOptimalThreadMap<cutlass::epilogue::threadblock::OutputTileShape<(int)128, (int)1, (int)4, (int)4, (int)1>, cutlass::epilogue::threadblock::OutputTileShape<(int)1, (int)4, (int)2, (int)1, (int)8>, (int)256, (int)1, (int)32>, float, (bool)0, cutlass::layout::NoPermute, (bool)0>, cutlass::epilogue::warp::FragmentIteratorSimt<cutlass::gemm::GemmShape<(int)32, (int)64, (int)8>, cutlass::gemm::thread::Mma<cutlass::gemm::GemmShape<(int)8, (int)8, (int)1>, float, cutlass::layout::ColumnMajor, float, cutlass::layout::RowMajor, float, cutlass::layout::RowMajor, cutlass::arch::OpMultiplyAdd, bool>, cutlass::layout::RowMajor, cutlass::gemm::warp::MmaSimtPolicy<cutlass::MatrixShape<(int)4, (int)8>, cutlass::layout::RowMajorInterleaved<(int)2>, cutlass::gemm::GemmShape<(int)4, (int)4, (int)1>>>, cutlass::epilogue::warp::TileIteratorSimt<cutlass::gemm::GemmShape<(int)32, (int)64, (int)8>, cutlass::gemm::thread::Mma<cutlass::gemm::GemmShape<(int)8, (int)8, (int)1>, float, cutlass::layout::ColumnMajor, float, cutlass::layout::RowMajor, float, cutlass::layout::RowMajor, cutlass::arch::OpMultiplyAdd, bool>, float, cutlass::layout::RowMajor, cutlass::gemm::warp::MmaSimtPolicy<cutlass::MatrixShape<(int)4, (int)8>, cutlass::layout::RowMajorInterleaved<(int)2>, cutlass::gemm::GemmShape<(int)4, (int)4, (int)1>>>, cutlass::epilogue::threadblock::SharedLoadIterator<cutlass::epilogue::threadblock::OutputTileOptimalThreadMap<cutlass::epilogue::threadblock::OutputTileShape<(int)128, (int)1, (int)4, (int)4, (int)1>, cutlass::epilogue::threadblock::OutputTileShape<(int)1, (int)4, (int)2, (int)1, (int)8>, (int)256, (int)1, (int)32>::CompactedThreadMap, float, (int)4>, cutlass::epilogue::thread::LinearCombination<float, (int)1, float, float, (cutlass::epilogue::thread::ScaleType::Kind)0, (cutlass::FloatRoundStyle)2, float>, cutlass::MatrixShape<(int)0, (int)17>, (int)1, (int)1>, cutlass::gemm::threadblock::GemmBatchedIdentityThreadblockSwizzle, (cutlass::gemm::kernel::GroupScheduleMode)0, (bool)0>>(T1::Params)"
1471661709,16288,462,512,1,1,256,1,1,40,0.000,0.000,,,,,NVIDIA GeForce RTX 3080 (0),1,,13,"void raggedroute::benchmark::library_baseline::<unnamed>::finalize_routing<(bool)1>(const float *, float *, const float *, const int *, int, int, int)"
1471680461,8095,468,1,16,9,128,1,1,86,0.033,0.000,,,,,NVIDIA GeForce RTX 3080 (0),1,,13,ampere_sgemm_32x32_sliced1x4_nn
1471692076,1952,471,1,32,1,32,16,1,43,0.000,0.000,,,,,NVIDIA GeForce RTX 3080 (0),1,,13,"void cublasLt::splitKreduce_kernel<(int)32, (int)16, int, float, float, float, float, (bool)0, float, float, float, (bool)1, (bool)0, (bool)0, (bool)0>(cublasLt::cublasSplitKParams<T6>, const T4 *, const T10 *, T9 *, T5 *, const T6 *, const T6 *, const T11 *, const T4 *, T11 *, void *, long long, T6 *, int *, T6 *, T6 *, const T6 *, const T6 *, const T6 *, const T6 *, const T6 *)"
1471696588,10944,474,512,1,1,32,1,1,32,0.001,0.000,,,,,NVIDIA GeForce RTX 3080 (0),1,,13,"raggedroute::benchmark::library_baseline::<unnamed>::cub_block_radix_top2_kernel(const float *, int *, float *, int, int)"
1471710188,1152,488,1,1,1,256,1,1,16,0.000,0.000,,,,,NVIDIA GeForce RTX 3080 (0),1,,13,"void cub::_V_300304_SM_860::detail::histogram::DeviceHistogramInitKernel<cub::_V_300304_SM_860::detail::histogram::policy_hub<int, int, (int)1, (int)1, (bool)1>::Policy1000, (int)1, int, int>(cuda::std::__4::array<int, T2>, cuda::std::__4::array<T3 *, T2>, cub::_V_300304_SM_860::GridQueue<int>)"
1471714028,5312,491,1,1,1,384,1,1,54,0.001,0.000,,,,,NVIDIA GeForce RTX 3080 (0),1,,13,"void cub::_V_300304_SM_860::detail::histogram::DeviceHistogramSweepKernel<cub::_V_300304_SM_860::detail::histogram::policy_hub<int, int, (int)1, (int)1, (bool)1>::Policy1000, (int)256, (int)1, (int)1, const int *, int, cub::_V_300304_SM_860::detail::histogram::Transforms<int, int, int>::ScaleTransform, cub::_V_300304_SM_860::detail::histogram::Transforms<int, int, int>::PassThruTransform, int>(T5, cuda::std::__4::array<int, T4>, cuda::std::__4::array<int, T4>, cuda::std::__4::array<T6 *, T4>, cuda::std::__4::array<T6 *, T4>, cuda::std::__4::array<T8, T4>, cuda::std::__4::array<T7, T4>, T9, T9, T9, int, cub::_V_300304_SM_860::GridQueue<int>)"
1471721932,1472,498,1,1,1,128,1,1,16,0.001,0.000,,,,,NVIDIA GeForce RTX 3080 (0),1,,13,"void raggedroute::benchmark::library_baseline::<unnamed>::block_scan_kernel<(int)128>(const int *, int *, int)"
1471726060,4704,509,1,1,1,256,1,1,128,0.034,0.000,,,,,NVIDIA GeForce RTX 3080 (0),1,,13,"void cub::_V_300304_SM_860::detail::radix_sort::DeviceRadixSortSingleTileKernel<cub::_V_300304_SM_860::detail::radix_sort::policy_selector_from_types<int, int, unsigned int>, (cub::_V_300304_SM_860::SortOrder)0, int, int, unsigned int, cub::_V_300304_SM_860::detail::identity_decomposer_t>(const T3 *, T3 *, const T4 *, T4 *, T5, int, int, T6)"
1471733516,2880,515,1,1,1,256,1,1,16,0.000,0.000,,,,,NVIDIA GeForce RTX 3080 (0),1,,13,"raggedroute::benchmark::library_baseline::<unnamed>::compute_expert_offsets(const int *, int, int, long long *)"
1471739115,3616,522,1024,1,1,256,1,1,18,0.000,0.000,,,,,NVIDIA GeForce RTX 3080 (0),1,,13,"void raggedroute::benchmark::library_baseline::<unnamed>::expand_rows<(bool)1>(const float *, float *, const int *, int *, int *, int, int, int)"
1471747147,195964,525,68,1,1,256,1,1,144,0.000,0.017,,,,,NVIDIA GeForce RTX 3080 (0),1,,13,"void cutlass::Kernel<cutlass::gemm::kernel::GemmGrouped<cutlass::gemm::threadblock::MmaPipelined<cutlass::gemm::GemmShape<(int)128, (int)128, (int)8>, cutlass::transform::threadblock::PredicatedTileIterator<cutlass::MatrixShape<(int)128, (int)8>, float, cutlass::layout::RowMajor, (int)1, cutlass::transform::PitchLinearStripminedThreadMap<cutlass::PitchLinearShape<(int)8, (int)128>, (int)256, (int)1>, (int)1, (bool)0, cutlass::layout::NoPermute>, cutlass::transform::threadblock::RegularTileIterator<cutlass::MatrixShape<(int)128, (int)8>, float, cutlass::layout::ColumnMajor, (int)1, cutlass::transform::TransposePitchLinearThreadMapSimt<cutlass::transform::PitchLinearStripminedThreadMap<cutlass::PitchLinearShape<(int)8, (int)128>, (int)256, (int)1>>, (int)4>, cutlass::transform::threadblock::PredicatedTileIterator<cutlass::MatrixShape<(int)8, (int)128>, float, cutlass::layout::RowMajor, (int)0, cutlass::transform::PitchLinearStripminedThreadMap<cutlass::PitchLinearShape<(int)128, (int)8>, (int)256, (int)1>, (int)1, (bool)0, cutlass::layout::NoPermute>, cutlass::transform::threadblock::RegularTileIterator<cutlass::MatrixShape<(int)8, (int)128>, float, cutlass::layout::RowMajor, (int)0, cutlass::transform::PitchLinearStripminedThreadMap<cutlass::PitchLinearShape<(int)128, (int)8>, (int)256, (int)1>, (int)4>, float, cutlass::layout::RowMajor, cutlass::gemm::threadblock::MmaPolicy<cutlass::gemm::warp::MmaSimt<cutlass::gemm::GemmShape<(int)32, (int)64, (int)8>, float, cutlass::layout::ColumnMajor, float, cutlass::layout::RowMajor, float, cutlass::layout::RowMajor, cutlass::gemm::warp::MmaSimtPolicy<cutlass::MatrixShape<(int)4, (int)8>, cutlass::layout::RowMajorInterleaved<(int)2>, cutlass::gemm::GemmShape<(int)4, (int)4, (int)1>>, (int)1, (cutlass::ComplexTransform)0, (cutlass::ComplexTransform)0, bool>, cutlass::MatrixShape<(int)4, (int)0>, cutlass::MatrixShape<(int)0, (int)0>, (int)1>, cutlass::NumericArrayConverter<float, float, (int)4, (cutlass::FloatRoundStyle)2, cutlass::transform::thread::UnaryTransform::Identity>, cutlass::NumericArrayConverter<float, float, (int)4, (cutlass::FloatRoundStyle)2, cutlass::transform::thread::UnaryTransform::Identity>, bool>, cutlass::epilogue::threadblock::Epilogue<cutlass::gemm::GemmShape<(int)128, (int)128, (int)8>, cutlass::gemm::warp::MmaSimt<cutlass::gemm::GemmShape<(int)32, (int)64, (int)8>, float, cutlass::layout::ColumnMajor, float, cutlass::layout::RowMajor, float, cutlass::layout::RowMajor, cutlass::gemm::warp::MmaSimtPolicy<cutlass::MatrixShape<(int)4, (int)8>, cutlass::layout::RowMajorInterleaved<(int)2>, cutlass::gemm::GemmShape<(int)4, (int)4, (int)1>>, (int)1, (cutlass::ComplexTransform)0, (cutlass::ComplexTransform)0, bool>, (int)1, cutlass::epilogue::threadblock::PredicatedTileIterator<cutlass::epilogue::threadblock::OutputTileOptimalThreadMap<cutlass::epilogue::threadblock::OutputTileShape<(int)128, (int)1, (int)4, (int)4, (int)1>, cutlass::epilogue::threadblock::OutputTileShape<(int)1, (int)4, (int)2, (int)1, (int)8>, (int)256, (int)1, (int)32>, float, (bool)0, cutlass::layout::NoPermute, (bool)0>, cutlass::epilogue::warp::FragmentIteratorSimt<cutlass::gemm::GemmShape<(int)32, (int)64, (int)8>, cutlass::gemm::thread::Mma<cutlass::gemm::GemmShape<(int)8, (int)8, (int)1>, float, cutlass::layout::ColumnMajor, float, cutlass::layout::RowMajor, float, cutlass::layout::RowMajor, cutlass::arch::OpMultiplyAdd, bool>, cutlass::layout::RowMajor, cutlass::gemm::warp::MmaSimtPolicy<cutlass::MatrixShape<(int)4, (int)8>, cutlass::layout::RowMajorInterleaved<(int)2>, cutlass::gemm::GemmShape<(int)4, (int)4, (int)1>>>, cutlass::epilogue::warp::TileIteratorSimt<cutlass::gemm::GemmShape<(int)32, (int)64, (int)8>, cutlass::gemm::thread::Mma<cutlass::gemm::GemmShape<(int)8, (int)8, (int)1>, float, cutlass::layout::ColumnMajor, float, cutlass::layout::RowMajor, float, cutlass::layout::RowMajor, cutlass::arch::OpMultiplyAdd, bool>, float, cutlass::layout::RowMajor, cutlass::gemm::warp::MmaSimtPolicy<cutlass::MatrixShape<(int)4, (int)8>, cutlass::layout::RowMajorInterleaved<(int)2>, cutlass::gemm::GemmShape<(int)4, (int)4, (int)1>>>, cutlass::epilogue::threadblock::SharedLoadIterator<cutlass::epilogue::threadblock::OutputTileOptimalThreadMap<cutlass::epilogue::threadblock::OutputTileShape<(int)128, (int)1, (int)4, (int)4, (int)1>, cutlass::epilogue::threadblock::OutputTileShape<(int)1, (int)4, (int)2, (int)1, (int)8>, (int)256, (int)1, (int)32>::CompactedThreadMap, float, (int)4>, cutlass::epilogue::thread::LinearCombination<float, (int)1, float, float, (cutlass::epilogue::thread::ScaleType::Kind)0, (cutlass::FloatRoundStyle)2, float>, cutlass::MatrixShape<(int)0, (int)17>, (int)1, (int)1>, cutlass::gemm::threadblock::GemmBatchedIdentityThreadblockSwizzle, (cutlass::gemm::kernel::GroupScheduleMode)0, (bool)0>>(T1::Params)"
1471946439,15968,528,512,1,1,256,1,1,40,0.000,0.000,,,,,NVIDIA GeForce RTX 3080 (0),1,,13,"void raggedroute::benchmark::library_baseline::<unnamed>::finalize_routing<(bool)1>(const float *, float *, const float *, const int *, int, int, int)"
1471964999,8064,534,1,16,9,128,1,1,86,0.033,0.000,,,,,NVIDIA GeForce RTX 3080 (0),1,,13,ampere_sgemm_32x32_sliced1x4_nn
1471976167,1952,537,1,32,1,32,16,1,43,0.000,0.000,,,,,NVIDIA GeForce RTX 3080 (0),1,,13,"void cublasLt::splitKreduce_kernel<(int)32, (int)16, int, float, float, float, float, (bool)0, float, float, float, (bool)1, (bool)0, (bool)0, (bool)0>(cublasLt::cublasSplitKParams<T6>, const T4 *, const T10 *, T9 *, T5 *, const T6 *, const T6 *, const T11 *, const T4 *, T11 *, void *, long long, T6 *, int *, T6 *, T6 *, const T6 *, const T6 *, const T6 *, const T6 *, const T6 *)"
1471981734,10976,540,512,1,1,32,1,1,32,0.001,0.000,,,,,NVIDIA GeForce RTX 3080 (0),1,,13,"raggedroute::benchmark::library_baseline::<unnamed>::cub_block_radix_top2_kernel(const float *, int *, float *, int, int)"
1471995366,1152,554,1,1,1,256,1,1,16,0.000,0.000,,,,,NVIDIA GeForce RTX 3080 (0),1,,13,"void cub::_V_300304_SM_860::detail::histogram::DeviceHistogramInitKernel<cub::_V_300304_SM_860::detail::histogram::policy_hub<int, int, (int)1, (int)1, (bool)1>::Policy1000, (int)1, int, int>(cuda::std::__4::array<int, T2>, cuda::std::__4::array<T3 *, T2>, cub::_V_300304_SM_860::GridQueue<int>)"
1471999110,5568,557,1,1,1,384,1,1,54,0.001,0.000,,,,,NVIDIA GeForce RTX 3080 (0),1,,13,"void cub::_V_300304_SM_860::detail::histogram::DeviceHistogramSweepKernel<cub::_V_300304_SM_860::detail::histogram::policy_hub<int, int, (int)1, (int)1, (bool)1>::Policy1000, (int)256, (int)1, (int)1, const int *, int, cub::_V_300304_SM_860::detail::histogram::Transforms<int, int, int>::ScaleTransform, cub::_V_300304_SM_860::detail::histogram::Transforms<int, int, int>::PassThruTransform, int>(T5, cuda::std::__4::array<int, T4>, cuda::std::__4::array<int, T4>, cuda::std::__4::array<T6 *, T4>, cuda::std::__4::array<T6 *, T4>, cuda::std::__4::array<T8, T4>, cuda::std::__4::array<T7, T4>, T9, T9, T9, int, cub::_V_300304_SM_860::GridQueue<int>)"
1472007302,1472,564,1,1,1,128,1,1,16,0.001,0.000,,,,,NVIDIA GeForce RTX 3080 (0),1,,13,"void raggedroute::benchmark::library_baseline::<unnamed>::block_scan_kernel<(int)128>(const int *, int *, int)"
1472011398,4672,575,1,1,1,256,1,1,128,0.034,0.000,,,,,NVIDIA GeForce RTX 3080 (0),1,,13,"void cub::_V_300304_SM_860::detail::radix_sort::DeviceRadixSortSingleTileKernel<cub::_V_300304_SM_860::detail::radix_sort::policy_selector_from_types<int, int, unsigned int>, (cub::_V_300304_SM_860::SortOrder)0, int, int, unsigned int, cub::_V_300304_SM_860::detail::identity_decomposer_t>(const T3 *, T3 *, const T4 *, T4 *, T5, int, int, T6)"
1472018822,2880,581,1,1,1,256,1,1,16,0.000,0.000,,,,,NVIDIA GeForce RTX 3080 (0),1,,13,"raggedroute::benchmark::library_baseline::<unnamed>::compute_expert_offsets(const int *, int, int, long long *)"
1472024198,3648,588,1024,1,1,256,1,1,18,0.000,0.000,,,,,NVIDIA GeForce RTX 3080 (0),1,,13,"void raggedroute::benchmark::library_baseline::<unnamed>::expand_rows<(bool)1>(const float *, float *, const int *, int *, int *, int, int, int)"
1472030981,195964,591,68,1,1,256,1,1,144,0.000,0.017,,,,,NVIDIA GeForce RTX 3080 (0),1,,13,"void cutlass::Kernel<cutlass::gemm::kernel::GemmGrouped<cutlass::gemm::threadblock::MmaPipelined<cutlass::gemm::GemmShape<(int)128, (int)128, (int)8>, cutlass::transform::threadblock::PredicatedTileIterator<cutlass::MatrixShape<(int)128, (int)8>, float, cutlass::layout::RowMajor, (int)1, cutlass::transform::PitchLinearStripminedThreadMap<cutlass::PitchLinearShape<(int)8, (int)128>, (int)256, (int)1>, (int)1, (bool)0, cutlass::layout::NoPermute>, cutlass::transform::threadblock::RegularTileIterator<cutlass::MatrixShape<(int)128, (int)8>, float, cutlass::layout::ColumnMajor, (int)1, cutlass::transform::TransposePitchLinearThreadMapSimt<cutlass::transform::PitchLinearStripminedThreadMap<cutlass::PitchLinearShape<(int)8, (int)128>, (int)256, (int)1>>, (int)4>, cutlass::transform::threadblock::PredicatedTileIterator<cutlass::MatrixShape<(int)8, (int)128>, float, cutlass::layout::RowMajor, (int)0, cutlass::transform::PitchLinearStripminedThreadMap<cutlass::PitchLinearShape<(int)128, (int)8>, (int)256, (int)1>, (int)1, (bool)0, cutlass::layout::NoPermute>, cutlass::transform::threadblock::RegularTileIterator<cutlass::MatrixShape<(int)8, (int)128>, float, cutlass::layout::RowMajor, (int)0, cutlass::transform::PitchLinearStripminedThreadMap<cutlass::PitchLinearShape<(int)128, (int)8>, (int)256, (int)1>, (int)4>, float, cutlass::layout::RowMajor, cutlass::gemm::threadblock::MmaPolicy<cutlass::gemm::warp::MmaSimt<cutlass::gemm::GemmShape<(int)32, (int)64, (int)8>, float, cutlass::layout::ColumnMajor, float, cutlass::layout::RowMajor, float, cutlass::layout::RowMajor, cutlass::gemm::warp::MmaSimtPolicy<cutlass::MatrixShape<(int)4, (int)8>, cutlass::layout::RowMajorInterleaved<(int)2>, cutlass::gemm::GemmShape<(int)4, (int)4, (int)1>>, (int)1, (cutlass::ComplexTransform)0, (cutlass::ComplexTransform)0, bool>, cutlass::MatrixShape<(int)4, (int)0>, cutlass::MatrixShape<(int)0, (int)0>, (int)1>, cutlass::NumericArrayConverter<float, float, (int)4, (cutlass::FloatRoundStyle)2, cutlass::transform::thread::UnaryTransform::Identity>, cutlass::NumericArrayConverter<float, float, (int)4, (cutlass::FloatRoundStyle)2, cutlass::transform::thread::UnaryTransform::Identity>, bool>, cutlass::epilogue::threadblock::Epilogue<cutlass::gemm::GemmShape<(int)128, (int)128, (int)8>, cutlass::gemm::warp::MmaSimt<cutlass::gemm::GemmShape<(int)32, (int)64, (int)8>, float, cutlass::layout::ColumnMajor, float, cutlass::layout::RowMajor, float, cutlass::layout::RowMajor, cutlass::gemm::warp::MmaSimtPolicy<cutlass::MatrixShape<(int)4, (int)8>, cutlass::layout::RowMajorInterleaved<(int)2>, cutlass::gemm::GemmShape<(int)4, (int)4, (int)1>>, (int)1, (cutlass::ComplexTransform)0, (cutlass::ComplexTransform)0, bool>, (int)1, cutlass::epilogue::threadblock::PredicatedTileIterator<cutlass::epilogue::threadblock::OutputTileOptimalThreadMap<cutlass::epilogue::threadblock::OutputTileShape<(int)128, (int)1, (int)4, (int)4, (int)1>, cutlass::epilogue::threadblock::OutputTileShape<(int)1, (int)4, (int)2, (int)1, (int)8>, (int)256, (int)1, (int)32>, float, (bool)0, cutlass::layout::NoPermute, (bool)0>, cutlass::epilogue::warp::FragmentIteratorSimt<cutlass::gemm::GemmShape<(int)32, (int)64, (int)8>, cutlass::gemm::thread::Mma<cutlass::gemm::GemmShape<(int)8, (int)8, (int)1>, float, cutlass::layout::ColumnMajor, float, cutlass::layout::RowMajor, float, cutlass::layout::RowMajor, cutlass::arch::OpMultiplyAdd, bool>, cutlass::layout::RowMajor, cutlass::gemm::warp::MmaSimtPolicy<cutlass::MatrixShape<(int)4, (int)8>, cutlass::layout::RowMajorInterleaved<(int)2>, cutlass::gemm::GemmShape<(int)4, (int)4, (int)1>>>, cutlass::epilogue::warp::TileIteratorSimt<cutlass::gemm::GemmShape<(int)32, (int)64, (int)8>, cutlass::gemm::thread::Mma<cutlass::gemm::GemmShape<(int)8, (int)8, (int)1>, float, cutlass::layout::ColumnMajor, float, cutlass::layout::RowMajor, float, cutlass::layout::RowMajor, cutlass::arch::OpMultiplyAdd, bool>, float, cutlass::layout::RowMajor, cutlass::gemm::warp::MmaSimtPolicy<cutlass::MatrixShape<(int)4, (int)8>, cutlass::layout::RowMajorInterleaved<(int)2>, cutlass::gemm::GemmShape<(int)4, (int)4, (int)1>>>, cutlass::epilogue::threadblock::SharedLoadIterator<cutlass::epilogue::threadblock::OutputTileOptimalThreadMap<cutlass::epilogue::threadblock::OutputTileShape<(int)128, (int)1, (int)4, (int)4, (int)1>, cutlass::epilogue::threadblock::OutputTileShape<(int)1, (int)4, (int)2, (int)1, (int)8>, (int)256, (int)1, (int)32>::CompactedThreadMap, float, (int)4>, cutlass::epilogue::thread::LinearCombination<float, (int)1, float, float, (cutlass::epilogue::thread::ScaleType::Kind)0, (cutlass::FloatRoundStyle)2, float>, cutlass::MatrixShape<(int)0, (int)17>, (int)1, (int)1>, cutlass::gemm::threadblock::GemmBatchedIdentityThreadblockSwizzle, (cutlass::gemm::kernel::GroupScheduleMode)0, (bool)0>>(T1::Params)"
1472231745,16096,594,512,1,1,256,1,1,40,0.000,0.000,,,,,NVIDIA GeForce RTX 3080 (0),1,,13,"void raggedroute::benchmark::library_baseline::<unnamed>::finalize_routing<(bool)1>(const float *, float *, const float *, const int *, int, int, int)"
1472250497,7968,600,1,16,9,128,1,1,86,0.033,0.000,,,,,NVIDIA GeForce RTX 3080 (0),1,,13,ampere_sgemm_32x32_sliced1x4_nn
1472261025,1952,603,1,32,1,32,16,1,43,0.000,0.000,,,,,NVIDIA GeForce RTX 3080 (0),1,,13,"void cublasLt::splitKreduce_kernel<(int)32, (int)16, int, float, float, float, float, (bool)0, float, float, float, (bool)1, (bool)0, (bool)0, (bool)0>(cublasLt::cublasSplitKParams<T6>, const T4 *, const T10 *, T9 *, T5 *, const T6 *, const T6 *, const T11 *, const T4 *, T11 *, void *, long long, T6 *, int *, T6 *, T6 *, const T6 *, const T6 *, const T6 *, const T6 *, const T6 *)"
1472265665,10943,606,512,1,1,32,1,1,32,0.001,0.000,,,,,NVIDIA GeForce RTX 3080 (0),1,,13,"raggedroute::benchmark::library_baseline::<unnamed>::cub_block_radix_top2_kernel(const float *, int *, float *, int, int)"
1472280128,1152,620,1,1,1,256,1,1,16,0.000,0.000,,,,,NVIDIA GeForce RTX 3080 (0),1,,13,"void cub::_V_300304_SM_860::detail::histogram::DeviceHistogramInitKernel<cub::_V_300304_SM_860::detail::histogram::policy_hub<int, int, (int)1, (int)1, (bool)1>::Policy1000, (int)1, int, int>(cuda::std::__4::array<int, T2>, cuda::std::__4::array<T3 *, T2>, cub::_V_300304_SM_860::GridQueue<int>)"
1472283840,5440,623,1,1,1,384,1,1,54,0.001,0.000,,,,,NVIDIA GeForce RTX 3080 (0),1,,13,"void cub::_V_300304_SM_860::detail::histogram::DeviceHistogramSweepKernel<cub::_V_300304_SM_860::detail::histogram::policy_hub<int, int, (int)1, (int)1, (bool)1>::Policy1000, (int)256, (int)1, (int)1, const int *, int, cub::_V_300304_SM_860::detail::histogram::Transforms<int, int, int>::ScaleTransform, cub::_V_300304_SM_860::detail::histogram::Transforms<int, int, int>::PassThruTransform, int>(T5, cuda::std::__4::array<int, T4>, cuda::std::__4::array<int, T4>, cuda::std::__4::array<T6 *, T4>, cuda::std::__4::array<T6 *, T4>, cuda::std::__4::array<T8, T4>, cuda::std::__4::array<T7, T4>, T9, T9, T9, int, cub::_V_300304_SM_860::GridQueue<int>)"
1472291936,1440,630,1,1,1,128,1,1,16,0.001,0.000,,,,,NVIDIA GeForce RTX 3080 (0),1,,13,"void raggedroute::benchmark::library_baseline::<unnamed>::block_scan_kernel<(int)128>(const int *, int *, int)"
1472295968,4704,641,1,1,1,256,1,1,128,0.034,0.000,,,,,NVIDIA GeForce RTX 3080 (0),1,,13,"void cub::_V_300304_SM_860::detail::radix_sort::DeviceRadixSortSingleTileKernel<cub::_V_300304_SM_860::detail::radix_sort::policy_selector_from_types<int, int, unsigned int>, (cub::_V_300304_SM_860::SortOrder)0, int, int, unsigned int, cub::_V_300304_SM_860::detail::identity_decomposer_t>(const T3 *, T3 *, const T4 *, T4 *, T5, int, int, T6)"
1472303296,2912,647,1,1,1,256,1,1,16,0.000,0.000,,,,,NVIDIA GeForce RTX 3080 (0),1,,13,"raggedroute::benchmark::library_baseline::<unnamed>::compute_expert_offsets(const int *, int, int, long long *)"
1472308672,3680,654,1024,1,1,256,1,1,18,0.000,0.000,,,,,NVIDIA GeForce RTX 3080 (0),1,,13,"void raggedroute::benchmark::library_baseline::<unnamed>::expand_rows<(bool)1>(const float *, float *, const int *, int *, int *, int, int, int)"
1472315840,195708,657,68,1,1,256,1,1,144,0.000,0.017,,,,,NVIDIA GeForce RTX 3080 (0),1,,13,"void cutlass::Kernel<cutlass::gemm::kernel::GemmGrouped<cutlass::gemm::threadblock::MmaPipelined<cutlass::gemm::GemmShape<(int)128, (int)128, (int)8>, cutlass::transform::threadblock::PredicatedTileIterator<cutlass::MatrixShape<(int)128, (int)8>, float, cutlass::layout::RowMajor, (int)1, cutlass::transform::PitchLinearStripminedThreadMap<cutlass::PitchLinearShape<(int)8, (int)128>, (int)256, (int)1>, (int)1, (bool)0, cutlass::layout::NoPermute>, cutlass::transform::threadblock::RegularTileIterator<cutlass::MatrixShape<(int)128, (int)8>, float, cutlass::layout::ColumnMajor, (int)1, cutlass::transform::TransposePitchLinearThreadMapSimt<cutlass::transform::PitchLinearStripminedThreadMap<cutlass::PitchLinearShape<(int)8, (int)128>, (int)256, (int)1>>, (int)4>, cutlass::transform::threadblock::PredicatedTileIterator<cutlass::MatrixShape<(int)8, (int)128>, float, cutlass::layout::RowMajor, (int)0, cutlass::transform::PitchLinearStripminedThreadMap<cutlass::PitchLinearShape<(int)128, (int)8>, (int)256, (int)1>, (int)1, (bool)0, cutlass::layout::NoPermute>, cutlass::transform::threadblock::RegularTileIterator<cutlass::MatrixShape<(int)8, (int)128>, float, cutlass::layout::RowMajor, (int)0, cutlass::transform::PitchLinearStripminedThreadMap<cutlass::PitchLinearShape<(int)128, (int)8>, (int)256, (int)1>, (int)4>, float, cutlass::layout::RowMajor, cutlass::gemm::threadblock::MmaPolicy<cutlass::gemm::warp::MmaSimt<cutlass::gemm::GemmShape<(int)32, (int)64, (int)8>, float, cutlass::layout::ColumnMajor, float, cutlass::layout::RowMajor, float, cutlass::layout::RowMajor, cutlass::gemm::warp::MmaSimtPolicy<cutlass::MatrixShape<(int)4, (int)8>, cutlass::layout::RowMajorInterleaved<(int)2>, cutlass::gemm::GemmShape<(int)4, (int)4, (int)1>>, (int)1, (cutlass::ComplexTransform)0, (cutlass::ComplexTransform)0, bool>, cutlass::MatrixShape<(int)4, (int)0>, cutlass::MatrixShape<(int)0, (int)0>, (int)1>, cutlass::NumericArrayConverter<float, float, (int)4, (cutlass::FloatRoundStyle)2, cutlass::transform::thread::UnaryTransform::Identity>, cutlass::NumericArrayConverter<float, float, (int)4, (cutlass::FloatRoundStyle)2, cutlass::transform::thread::UnaryTransform::Identity>, bool>, cutlass::epilogue::threadblock::Epilogue<cutlass::gemm::GemmShape<(int)128, (int)128, (int)8>, cutlass::gemm::warp::MmaSimt<cutlass::gemm::GemmShape<(int)32, (int)64, (int)8>, float, cutlass::layout::ColumnMajor, float, cutlass::layout::RowMajor, float, cutlass::layout::RowMajor, cutlass::gemm::warp::MmaSimtPolicy<cutlass::MatrixShape<(int)4, (int)8>, cutlass::layout::RowMajorInterleaved<(int)2>, cutlass::gemm::GemmShape<(int)4, (int)4, (int)1>>, (int)1, (cutlass::ComplexTransform)0, (cutlass::ComplexTransform)0, bool>, (int)1, cutlass::epilogue::threadblock::PredicatedTileIterator<cutlass::epilogue::threadblock::OutputTileOptimalThreadMap<cutlass::epilogue::threadblock::OutputTileShape<(int)128, (int)1, (int)4, (int)4, (int)1>, cutlass::epilogue::threadblock::OutputTileShape<(int)1, (int)4, (int)2, (int)1, (int)8>, (int)256, (int)1, (int)32>, float, (bool)0, cutlass::layout::NoPermute, (bool)0>, cutlass::epilogue::warp::FragmentIteratorSimt<cutlass::gemm::GemmShape<(int)32, (int)64, (int)8>, cutlass::gemm::thread::Mma<cutlass::gemm::GemmShape<(int)8, (int)8, (int)1>, float, cutlass::layout::ColumnMajor, float, cutlass::layout::RowMajor, float, cutlass::layout::RowMajor, cutlass::arch::OpMultiplyAdd, bool>, cutlass::layout::RowMajor, cutlass::gemm::warp::MmaSimtPolicy<cutlass::MatrixShape<(int)4, (int)8>, cutlass::layout::RowMajorInterleaved<(int)2>, cutlass::gemm::GemmShape<(int)4, (int)4, (int)1>>>, cutlass::epilogue::warp::TileIteratorSimt<cutlass::gemm::GemmShape<(int)32, (int)64, (int)8>, cutlass::gemm::thread::Mma<cutlass::gemm::GemmShape<(int)8, (int)8, (int)1>, float, cutlass::layout::ColumnMajor, float, cutlass::layout::RowMajor, float, cutlass::layout::RowMajor, cutlass::arch::OpMultiplyAdd, bool>, float, cutlass::layout::RowMajor, cutlass::gemm::warp::MmaSimtPolicy<cutlass::MatrixShape<(int)4, (int)8>, cutlass::layout::RowMajorInterleaved<(int)2>, cutlass::gemm::GemmShape<(int)4, (int)4, (int)1>>>, cutlass::epilogue::threadblock::SharedLoadIterator<cutlass::epilogue::threadblock::OutputTileOptimalThreadMap<cutlass::epilogue::threadblock::OutputTileShape<(int)128, (int)1, (int)4, (int)4, (int)1>, cutlass::epilogue::threadblock::OutputTileShape<(int)1, (int)4, (int)2, (int)1, (int)8>, (int)256, (int)1, (int)32>::CompactedThreadMap, float, (int)4>, cutlass::epilogue::thread::LinearCombination<float, (int)1, float, float, (cutlass::epilogue::thread::ScaleType::Kind)0, (cutlass::FloatRoundStyle)2, float>, cutlass::MatrixShape<(int)0, (int)17>, (int)1, (int)1>, cutlass::gemm::threadblock::GemmBatchedIdentityThreadblockSwizzle, (cutlass::gemm::kernel::GroupScheduleMode)0, (bool)0>>(T1::Params)"
1472514876,16191,660,512,1,1,256,1,1,40,0.000,0.000,,,,,NVIDIA GeForce RTX 3080 (0),1,,13,"void raggedroute::benchmark::library_baseline::<unnamed>::finalize_routing<(bool)1>(const float *, float *, const float *, const int *, int, int, int)"
1472534811,8032,666,1,16,9,128,1,1,86,0.033,0.000,,,,,NVIDIA GeForce RTX 3080 (0),1,,13,ampere_sgemm_32x32_sliced1x4_nn
1472545467,1984,669,1,32,1,32,16,1,43,0.000,0.000,,,,,NVIDIA GeForce RTX 3080 (0),1,,13,"void cublasLt::splitKreduce_kernel<(int)32, (int)16, int, float, float, float, float, (bool)0, float, float, float, (bool)1, (bool)0, (bool)0, (bool)0>(cublasLt::cublasSplitKParams<T6>, const T4 *, const T10 *, T9 *, T5 *, const T6 *, const T6 *, const T11 *, const T4 *, T11 *, void *, long long, T6 *, int *, T6 *, T6 *, const T6 *, const T6 *, const T6 *, const T6 *, const T6 *)"
1472549915,10976,672,512,1,1,32,1,1,32,0.001,0.000,,,,,NVIDIA GeForce RTX 3080 (0),1,,13,"raggedroute::benchmark::library_baseline::<unnamed>::cub_block_radix_top2_kernel(const float *, int *, float *, int, int)"
1472564923,1151,686,1,1,1,256,1,1,16,0.000,0.000,,,,,NVIDIA GeForce RTX 3080 (0),1,,13,"void cub::_V_300304_SM_860::detail::histogram::DeviceHistogramInitKernel<cub::_V_300304_SM_860::detail::histogram::policy_hub<int, int, (int)1, (int)1, (bool)1>::Policy1000, (int)1, int, int>(cuda::std::__4::array<int, T2>, cuda::std::__4::array<T3 *, T2>, cub::_V_300304_SM_860::GridQueue<int>)"
1472571546,5472,689,1,1,1,384,1,1,54,0.001,0.000,,,,,NVIDIA GeForce RTX 3080 (0),1,,13,"void cub::_V_300304_SM_860::detail::histogram::DeviceHistogramSweepKernel<cub::_V_300304_SM_860::detail::histogram::policy_hub<int, int, (int)1, (int)1, (bool)1>::Policy1000, (int)256, (int)1, (int)1, const int *, int, cub::_V_300304_SM_860::detail::histogram::Transforms<int, int, int>::ScaleTransform, cub::_V_300304_SM_860::detail::histogram::Transforms<int, int, int>::PassThruTransform, int>(T5, cuda::std::__4::array<int, T4>, cuda::std::__4::array<int, T4>, cuda::std::__4::array<T6 *, T4>, cuda::std::__4::array<T6 *, T4>, cuda::std::__4::array<T8, T4>, cuda::std::__4::array<T7, T4>, T9, T9, T9, int, cub::_V_300304_SM_860::GridQueue<int>)"
1472579610,1472,696,1,1,1,128,1,1,16,0.001,0.000,,,,,NVIDIA GeForce RTX 3080 (0),1,,13,"void raggedroute::benchmark::library_baseline::<unnamed>::block_scan_kernel<(int)128>(const int *, int *, int)"
1472583546,4704,707,1,1,1,256,1,1,128,0.034,0.000,,,,,NVIDIA GeForce RTX 3080 (0),1,,13,"void cub::_V_300304_SM_860::detail::radix_sort::DeviceRadixSortSingleTileKernel<cub::_V_300304_SM_860::detail::radix_sort::policy_selector_from_types<int, int, unsigned int>, (cub::_V_300304_SM_860::SortOrder)0, int, int, unsigned int, cub::_V_300304_SM_860::detail::identity_decomposer_t>(const T3 *, T3 *, const T4 *, T4 *, T5, int, int, T6)"
1472591098,2912,713,1,1,1,256,1,1,16,0.000,0.000,,,,,NVIDIA GeForce RTX 3080 (0),1,,13,"raggedroute::benchmark::library_baseline::<unnamed>::compute_expert_offsets(const int *, int, int, long long *)"
1472596570,3712,720,1024,1,1,256,1,1,18,0.000,0.000,,,,,NVIDIA GeForce RTX 3080 (0),1,,13,"void raggedroute::benchmark::library_baseline::<unnamed>::expand_rows<(bool)1>(const float *, float *, const int *, int *, int *, int, int, int)"
1472603418,196028,723,68,1,1,256,1,1,144,0.000,0.017,,,,,NVIDIA GeForce RTX 3080 (0),1,,13,"void cutlass::Kernel<cutlass::gemm::kernel::GemmGrouped<cutlass::gemm::threadblock::MmaPipelined<cutlass::gemm::GemmShape<(int)128, (int)128, (int)8>, cutlass::transform::threadblock::PredicatedTileIterator<cutlass::MatrixShape<(int)128, (int)8>, float, cutlass::layout::RowMajor, (int)1, cutlass::transform::PitchLinearStripminedThreadMap<cutlass::PitchLinearShape<(int)8, (int)128>, (int)256, (int)1>, (int)1, (bool)0, cutlass::layout::NoPermute>, cutlass::transform::threadblock::RegularTileIterator<cutlass::MatrixShape<(int)128, (int)8>, float, cutlass::layout::ColumnMajor, (int)1, cutlass::transform::TransposePitchLinearThreadMapSimt<cutlass::transform::PitchLinearStripminedThreadMap<cutlass::PitchLinearShape<(int)8, (int)128>, (int)256, (int)1>>, (int)4>, cutlass::transform::threadblock::PredicatedTileIterator<cutlass::MatrixShape<(int)8, (int)128>, float, cutlass::layout::RowMajor, (int)0, cutlass::transform::PitchLinearStripminedThreadMap<cutlass::PitchLinearShape<(int)128, (int)8>, (int)256, (int)1>, (int)1, (bool)0, cutlass::layout::NoPermute>, cutlass::transform::threadblock::RegularTileIterator<cutlass::MatrixShape<(int)8, (int)128>, float, cutlass::layout::RowMajor, (int)0, cutlass::transform::PitchLinearStripminedThreadMap<cutlass::PitchLinearShape<(int)128, (int)8>, (int)256, (int)1>, (int)4>, float, cutlass::layout::RowMajor, cutlass::gemm::threadblock::MmaPolicy<cutlass::gemm::warp::MmaSimt<cutlass::gemm::GemmShape<(int)32, (int)64, (int)8>, float, cutlass::layout::ColumnMajor, float, cutlass::layout::RowMajor, float, cutlass::layout::RowMajor, cutlass::gemm::warp::MmaSimtPolicy<cutlass::MatrixShape<(int)4, (int)8>, cutlass::layout::RowMajorInterleaved<(int)2>, cutlass::gemm::GemmShape<(int)4, (int)4, (int)1>>, (int)1, (cutlass::ComplexTransform)0, (cutlass::ComplexTransform)0, bool>, cutlass::MatrixShape<(int)4, (int)0>, cutlass::MatrixShape<(int)0, (int)0>, (int)1>, cutlass::NumericArrayConverter<float, float, (int)4, (cutlass::FloatRoundStyle)2, cutlass::transform::thread::UnaryTransform::Identity>, cutlass::NumericArrayConverter<float, float, (int)4, (cutlass::FloatRoundStyle)2, cutlass::transform::thread::UnaryTransform::Identity>, bool>, cutlass::epilogue::threadblock::Epilogue<cutlass::gemm::GemmShape<(int)128, (int)128, (int)8>, cutlass::gemm::warp::MmaSimt<cutlass::gemm::GemmShape<(int)32, (int)64, (int)8>, float, cutlass::layout::ColumnMajor, float, cutlass::layout::RowMajor, float, cutlass::layout::RowMajor, cutlass::gemm::warp::MmaSimtPolicy<cutlass::MatrixShape<(int)4, (int)8>, cutlass::layout::RowMajorInterleaved<(int)2>, cutlass::gemm::GemmShape<(int)4, (int)4, (int)1>>, (int)1, (cutlass::ComplexTransform)0, (cutlass::ComplexTransform)0, bool>, (int)1, cutlass::epilogue::threadblock::PredicatedTileIterator<cutlass::epilogue::threadblock::OutputTileOptimalThreadMap<cutlass::epilogue::threadblock::OutputTileShape<(int)128, (int)1, (int)4, (int)4, (int)1>, cutlass::epilogue::threadblock::OutputTileShape<(int)1, (int)4, (int)2, (int)1, (int)8>, (int)256, (int)1, (int)32>, float, (bool)0, cutlass::layout::NoPermute, (bool)0>, cutlass::epilogue::warp::FragmentIteratorSimt<cutlass::gemm::GemmShape<(int)32, (int)64, (int)8>, cutlass::gemm::thread::Mma<cutlass::gemm::GemmShape<(int)8, (int)8, (int)1>, float, cutlass::layout::ColumnMajor, float, cutlass::layout::RowMajor, float, cutlass::layout::RowMajor, cutlass::arch::OpMultiplyAdd, bool>, cutlass::layout::RowMajor, cutlass::gemm::warp::MmaSimtPolicy<cutlass::MatrixShape<(int)4, (int)8>, cutlass::layout::RowMajorInterleaved<(int)2>, cutlass::gemm::GemmShape<(int)4, (int)4, (int)1>>>, cutlass::epilogue::warp::TileIteratorSimt<cutlass::gemm::GemmShape<(int)32, (int)64, (int)8>, cutlass::gemm::thread::Mma<cutlass::gemm::GemmShape<(int)8, (int)8, (int)1>, float, cutlass::layout::ColumnMajor, float, cutlass::layout::RowMajor, float, cutlass::layout::RowMajor, cutlass::arch::OpMultiplyAdd, bool>, float, cutlass::layout::RowMajor, cutlass::gemm::warp::MmaSimtPolicy<cutlass::MatrixShape<(int)4, (int)8>, cutlass::layout::RowMajorInterleaved<(int)2>, cutlass::gemm::GemmShape<(int)4, (int)4, (int)1>>>, cutlass::epilogue::threadblock::SharedLoadIterator<cutlass::epilogue::threadblock::OutputTileOptimalThreadMap<cutlass::epilogue::threadblock::OutputTileShape<(int)128, (int)1, (int)4, (int)4, (int)1>, cutlass::epilogue::threadblock::OutputTileShape<(int)1, (int)4, (int)2, (int)1, (int)8>, (int)256, (int)1, (int)32>::CompactedThreadMap, float, (int)4>, cutlass::epilogue::thread::LinearCombination<float, (int)1, float, float, (cutlass::epilogue::thread::ScaleType::Kind)0, (cutlass::FloatRoundStyle)2, float>, cutlass::MatrixShape<(int)0, (int)17>, (int)1, (int)1>, cutlass::gemm::threadblock::GemmBatchedIdentityThreadblockSwizzle, (cutlass::gemm::kernel::GroupScheduleMode)0, (bool)0>>(T1::Params)"
1472802742,16447,726,512,1,1,256,1,1,40,0.000,0.000,,,,,NVIDIA GeForce RTX 3080 (0),1,,13,"void raggedroute::benchmark::library_baseline::<unnamed>::finalize_routing<(bool)1>(const float *, float *, const float *, const int *, int, int, int)"
1472821717,8000,732,1,16,9,128,1,1,86,0.033,0.000,,,,,NVIDIA GeForce RTX 3080 (0),1,,13,ampere_sgemm_32x32_sliced1x4_nn
1472833301,1952,735,1,32,1,32,16,1,43,0.000,0.000,,,,,NVIDIA GeForce RTX 3080 (0),1,,13,"void cublasLt::splitKreduce_kernel<(int)32, (int)16, int, float, float, float, float, (bool)0, float, float, float, (bool)1, (bool)0, (bool)0, (bool)0>(cublasLt::cublasSplitKParams<T6>, const T4 *, const T10 *, T9 *, T5 *, const T6 *, const T6 *, const T11 *, const T4 *, T11 *, void *, long long, T6 *, int *, T6 *, T6 *, const T6 *, const T6 *, const T6 *, const T6 *, const T6 *)"
1472837909,11008,738,512,1,1,32,1,1,32,0.001,0.000,,,,,NVIDIA GeForce RTX 3080 (0),1,,13,"raggedroute::benchmark::library_baseline::<unnamed>::cub_block_radix_top2_kernel(const float *, int *, float *, int, int)"
1472851413,1120,752,1,1,1,256,1,1,16,0.000,0.000,,,,,NVIDIA GeForce RTX 3080 (0),1,,13,"void cub::_V_300304_SM_860::detail::histogram::DeviceHistogramInitKernel<cub::_V_300304_SM_860::detail::histogram::policy_hub<int, int, (int)1, (int)1, (bool)1>::Policy1000, (int)1, int, int>(cuda::std::__4::array<int, T2>, cuda::std::__4::array<T3 *, T2>, cub::_V_300304_SM_860::GridQueue<int>)"
1472855189,5567,755,1,1,1,384,1,1,54,0.001,0.000,,,,,NVIDIA GeForce RTX 3080 (0),1,,13,"void cub::_V_300304_SM_860::detail::histogram::DeviceHistogramSweepKernel<cub::_V_300304_SM_860::detail::histogram::policy_hub<int, int, (int)1, (int)1, (bool)1>::Policy1000, (int)256, (int)1, (int)1, const int *, int, cub::_V_300304_SM_860::detail::histogram::Transforms<int, int, int>::ScaleTransform, cub::_V_300304_SM_860::detail::histogram::Transforms<int, int, int>::PassThruTransform, int>(T5, cuda::std::__4::array<int, T4>, cuda::std::__4::array<int, T4>, cuda::std::__4::array<T6 *, T4>, cuda::std::__4::array<T6 *, T4>, cuda::std::__4::array<T8, T4>, cuda::std::__4::array<T7, T4>, T9, T9, T9, int, cub::_V_300304_SM_860::GridQueue<int>)"
1472863444,1472,762,1,1,1,128,1,1,16,0.001,0.000,,,,,NVIDIA GeForce RTX 3080 (0),1,,13,"void raggedroute::benchmark::library_baseline::<unnamed>::block_scan_kernel<(int)128>(const int *, int *, int)"
1472867476,4704,773,1,1,1,256,1,1,128,0.034,0.000,,,,,NVIDIA GeForce RTX 3080 (0),1,,13,"void cub::_V_300304_SM_860::detail::radix_sort::DeviceRadixSortSingleTileKernel<cub::_V_300304_SM_860::detail::radix_sort::policy_selector_from_types<int, int, unsigned int>, (cub::_V_300304_SM_860::SortOrder)0, int, int, unsigned int, cub::_V_300304_SM_860::detail::identity_decomposer_t>(const T3 *, T3 *, const T4 *, T4 *, T5, int, int, T6)"
1472874676,2880,779,1,1,1,256,1,1,16,0.000,0.000,,,,,NVIDIA GeForce RTX 3080 (0),1,,13,"raggedroute::benchmark::library_baseline::<unnamed>::compute_expert_offsets(const int *, int, int, long long *)"
1472880052,3680,786,1024,1,1,256,1,1,18,0.000,0.000,,,,,NVIDIA GeForce RTX 3080 (0),1,,13,"void raggedroute::benchmark::library_baseline::<unnamed>::expand_rows<(bool)1>(const float *, float *, const int *, int *, int *, int, int, int)"
1472888244,195996,789,68,1,1,256,1,1,144,0.000,0.017,,,,,NVIDIA GeForce RTX 3080 (0),1,,13,"void cutlass::Kernel<cutlass::gemm::kernel::GemmGrouped<cutlass::gemm::threadblock::MmaPipelined<cutlass::gemm::GemmShape<(int)128, (int)128, (int)8>, cutlass::transform::threadblock::PredicatedTileIterator<cutlass::MatrixShape<(int)128, (int)8>, float, cutlass::layout::RowMajor, (int)1, cutlass::transform::PitchLinearStripminedThreadMap<cutlass::PitchLinearShape<(int)8, (int)128>, (int)256, (int)1>, (int)1, (bool)0, cutlass::layout::NoPermute>, cutlass::transform::threadblock::RegularTileIterator<cutlass::MatrixShape<(int)128, (int)8>, float, cutlass::layout::ColumnMajor, (int)1, cutlass::transform::TransposePitchLinearThreadMapSimt<cutlass::transform::PitchLinearStripminedThreadMap<cutlass::PitchLinearShape<(int)8, (int)128>, (int)256, (int)1>>, (int)4>, cutlass::transform::threadblock::PredicatedTileIterator<cutlass::MatrixShape<(int)8, (int)128>, float, cutlass::layout::RowMajor, (int)0, cutlass::transform::PitchLinearStripminedThreadMap<cutlass::PitchLinearShape<(int)128, (int)8>, (int)256, (int)1>, (int)1, (bool)0, cutlass::layout::NoPermute>, cutlass::transform::threadblock::RegularTileIterator<cutlass::MatrixShape<(int)8, (int)128>, float, cutlass::layout::RowMajor, (int)0, cutlass::transform::PitchLinearStripminedThreadMap<cutlass::PitchLinearShape<(int)128, (int)8>, (int)256, (int)1>, (int)4>, float, cutlass::layout::RowMajor, cutlass::gemm::threadblock::MmaPolicy<cutlass::gemm::warp::MmaSimt<cutlass::gemm::GemmShape<(int)32, (int)64, (int)8>, float, cutlass::layout::ColumnMajor, float, cutlass::layout::RowMajor, float, cutlass::layout::RowMajor, cutlass::gemm::warp::MmaSimtPolicy<cutlass::MatrixShape<(int)4, (int)8>, cutlass::layout::RowMajorInterleaved<(int)2>, cutlass::gemm::GemmShape<(int)4, (int)4, (int)1>>, (int)1, (cutlass::ComplexTransform)0, (cutlass::ComplexTransform)0, bool>, cutlass::MatrixShape<(int)4, (int)0>, cutlass::MatrixShape<(int)0, (int)0>, (int)1>, cutlass::NumericArrayConverter<float, float, (int)4, (cutlass::FloatRoundStyle)2, cutlass::transform::thread::UnaryTransform::Identity>, cutlass::NumericArrayConverter<float, float, (int)4, (cutlass::FloatRoundStyle)2, cutlass::transform::thread::UnaryTransform::Identity>, bool>, cutlass::epilogue::threadblock::Epilogue<cutlass::gemm::GemmShape<(int)128, (int)128, (int)8>, cutlass::gemm::warp::MmaSimt<cutlass::gemm::GemmShape<(int)32, (int)64, (int)8>, float, cutlass::layout::ColumnMajor, float, cutlass::layout::RowMajor, float, cutlass::layout::RowMajor, cutlass::gemm::warp::MmaSimtPolicy<cutlass::MatrixShape<(int)4, (int)8>, cutlass::layout::RowMajorInterleaved<(int)2>, cutlass::gemm::GemmShape<(int)4, (int)4, (int)1>>, (int)1, (cutlass::ComplexTransform)0, (cutlass::ComplexTransform)0, bool>, (int)1, cutlass::epilogue::threadblock::PredicatedTileIterator<cutlass::epilogue::threadblock::OutputTileOptimalThreadMap<cutlass::epilogue::threadblock::OutputTileShape<(int)128, (int)1, (int)4, (int)4, (int)1>, cutlass::epilogue::threadblock::OutputTileShape<(int)1, (int)4, (int)2, (int)1, (int)8>, (int)256, (int)1, (int)32>, float, (bool)0, cutlass::layout::NoPermute, (bool)0>, cutlass::epilogue::warp::FragmentIteratorSimt<cutlass::gemm::GemmShape<(int)32, (int)64, (int)8>, cutlass::gemm::thread::Mma<cutlass::gemm::GemmShape<(int)8, (int)8, (int)1>, float, cutlass::layout::ColumnMajor, float, cutlass::layout::RowMajor, float, cutlass::layout::RowMajor, cutlass::arch::OpMultiplyAdd, bool>, cutlass::layout::RowMajor, cutlass::gemm::warp::MmaSimtPolicy<cutlass::MatrixShape<(int)4, (int)8>, cutlass::layout::RowMajorInterleaved<(int)2>, cutlass::gemm::GemmShape<(int)4, (int)4, (int)1>>>, cutlass::epilogue::warp::TileIteratorSimt<cutlass::gemm::GemmShape<(int)32, (int)64, (int)8>, cutlass::gemm::thread::Mma<cutlass::gemm::GemmShape<(int)8, (int)8, (int)1>, float, cutlass::layout::ColumnMajor, float, cutlass::layout::RowMajor, float, cutlass::layout::RowMajor, cutlass::arch::OpMultiplyAdd, bool>, float, cutlass::layout::RowMajor, cutlass::gemm::warp::MmaSimtPolicy<cutlass::MatrixShape<(int)4, (int)8>, cutlass::layout::RowMajorInterleaved<(int)2>, cutlass::gemm::GemmShape<(int)4, (int)4, (int)1>>>, cutlass::epilogue::threadblock::SharedLoadIterator<cutlass::epilogue::threadblock::OutputTileOptimalThreadMap<cutlass::epilogue::threadblock::OutputTileShape<(int)128, (int)1, (int)4, (int)4, (int)1>, cutlass::epilogue::threadblock::OutputTileShape<(int)1, (int)4, (int)2, (int)1, (int)8>, (int)256, (int)1, (int)32>::CompactedThreadMap, float, (int)4>, cutlass::epilogue::thread::LinearCombination<float, (int)1, float, float, (cutlass::epilogue::thread::ScaleType::Kind)0, (cutlass::FloatRoundStyle)2, float>, cutlass::MatrixShape<(int)0, (int)17>, (int)1, (int)1>, cutlass::gemm::threadblock::GemmBatchedIdentityThreadblockSwizzle, (cutlass::gemm::kernel::GroupScheduleMode)0, (bool)0>>(T1::Params)"
1473087600,16223,792,512,1,1,256,1,1,40,0.000,0.000,,,,,NVIDIA GeForce RTX 3080 (0),1,,13,"void raggedroute::benchmark::library_baseline::<unnamed>::finalize_routing<(bool)1>(const float *, float *, const float *, const int *, int, int, int)"
1473106447,8288,798,1,16,9,128,1,1,86,0.033,0.000,,,,,NVIDIA GeForce RTX 3080 (0),1,,13,ampere_sgemm_32x32_sliced1x4_nn
1473117647,1952,801,1,32,1,32,16,1,43,0.000,0.000,,,,,NVIDIA GeForce RTX 3080 (0),1,,13,"void cublasLt::splitKreduce_kernel<(int)32, (int)16, int, float, float, float, float, (bool)0, float, float, float, (bool)1, (bool)0, (bool)0, (bool)0>(cublasLt::cublasSplitKParams<T6>, const T4 *, const T10 *, T9 *, T5 *, const T6 *, const T6 *, const T11 *, const T4 *, T11 *, void *, long long, T6 *, int *, T6 *, T6 *, const T6 *, const T6 *, const T6 *, const T6 *, const T6 *)"
1473124527,11040,804,512,1,1,32,1,1,32,0.001,0.000,,,,,NVIDIA GeForce RTX 3080 (0),1,,13,"raggedroute::benchmark::library_baseline::<unnamed>::cub_block_radix_top2_kernel(const float *, int *, float *, int, int)"
1473138191,1152,818,1,1,1,256,1,1,16,0.000,0.000,,,,,NVIDIA GeForce RTX 3080 (0),1,,13,"void cub::_V_300304_SM_860::detail::histogram::DeviceHistogramInitKernel<cub::_V_300304_SM_860::detail::histogram::policy_hub<int, int, (int)1, (int)1, (bool)1>::Policy1000, (int)1, int, int>(cuda::std::__4::array<int, T2>, cuda::std::__4::array<T3 *, T2>, cub::_V_300304_SM_860::GridQueue<int>)"
1473141839,5472,821,1,1,1,384,1,1,54,0.001,0.000,,,,,NVIDIA GeForce RTX 3080 (0),1,,13,"void cub::_V_300304_SM_860::detail::histogram::DeviceHistogramSweepKernel<cub::_V_300304_SM_860::detail::histogram::policy_hub<int, int, (int)1, (int)1, (bool)1>::Policy1000, (int)256, (int)1, (int)1, const int *, int, cub::_V_300304_SM_860::detail::histogram::Transforms<int, int, int>::ScaleTransform, cub::_V_300304_SM_860::detail::histogram::Transforms<int, int, int>::PassThruTransform, int>(T5, cuda::std::__4::array<int, T4>, cuda::std::__4::array<int, T4>, cuda::std::__4::array<T6 *, T4>, cuda::std::__4::array<T6 *, T4>, cuda::std::__4::array<T8, T4>, cuda::std::__4::array<T7, T4>, T9, T9, T9, int, cub::_V_300304_SM_860::GridQueue<int>)"
1473150127,1471,828,1,1,1,128,1,1,16,0.001,0.000,,,,,NVIDIA GeForce RTX 3080 (0),1,,13,"void raggedroute::benchmark::library_baseline::<unnamed>::block_scan_kernel<(int)128>(const int *, int *, int)"
1473154094,4704,839,1,1,1,256,1,1,128,0.034,0.000,,,,,NVIDIA GeForce RTX 3080 (0),1,,13,"void cub::_V_300304_SM_860::detail::radix_sort::DeviceRadixSortSingleTileKernel<cub::_V_300304_SM_860::detail::radix_sort::policy_selector_from_types<int, int, unsigned int>, (cub::_V_300304_SM_860::SortOrder)0, int, int, unsigned int, cub::_V_300304_SM_860::detail::identity_decomposer_t>(const T3 *, T3 *, const T4 *, T4 *, T5, int, int, T6)"
1473161326,2912,845,1,1,1,256,1,1,16,0.000,0.000,,,,,NVIDIA GeForce RTX 3080 (0),1,,13,"raggedroute::benchmark::library_baseline::<unnamed>::compute_expert_offsets(const int *, int, int, long long *)"
1473167886,3584,852,1024,1,1,256,1,1,18,0.000,0.000,,,,,NVIDIA GeForce RTX 3080 (0),1,,13,"void raggedroute::benchmark::library_baseline::<unnamed>::expand_rows<(bool)1>(const float *, float *, const int *, int *, int *, int, int, int)"
1473174926,196092,855,68,1,1,256,1,1,144,0.000,0.017,,,,,NVIDIA GeForce RTX 3080 (0),1,,13,"void cutlass::Kernel<cutlass::gemm::kernel::GemmGrouped<cutlass::gemm::threadblock::MmaPipelined<cutlass::gemm::GemmShape<(int)128, (int)128, (int)8>, cutlass::transform::threadblock::PredicatedTileIterator<cutlass::MatrixShape<(int)128, (int)8>, float, cutlass::layout::RowMajor, (int)1, cutlass::transform::PitchLinearStripminedThreadMap<cutlass::PitchLinearShape<(int)8, (int)128>, (int)256, (int)1>, (int)1, (bool)0, cutlass::layout::NoPermute>, cutlass::transform::threadblock::RegularTileIterator<cutlass::MatrixShape<(int)128, (int)8>, float, cutlass::layout::ColumnMajor, (int)1, cutlass::transform::TransposePitchLinearThreadMapSimt<cutlass::transform::PitchLinearStripminedThreadMap<cutlass::PitchLinearShape<(int)8, (int)128>, (int)256, (int)1>>, (int)4>, cutlass::transform::threadblock::PredicatedTileIterator<cutlass::MatrixShape<(int)8, (int)128>, float, cutlass::layout::RowMajor, (int)0, cutlass::transform::PitchLinearStripminedThreadMap<cutlass::PitchLinearShape<(int)128, (int)8>, (int)256, (int)1>, (int)1, (bool)0, cutlass::layout::NoPermute>, cutlass::transform::threadblock::RegularTileIterator<cutlass::MatrixShape<(int)8, (int)128>, float, cutlass::layout::RowMajor, (int)0, cutlass::transform::PitchLinearStripminedThreadMap<cutlass::PitchLinearShape<(int)128, (int)8>, (int)256, (int)1>, (int)4>, float, cutlass::layout::RowMajor, cutlass::gemm::threadblock::MmaPolicy<cutlass::gemm::warp::MmaSimt<cutlass::gemm::GemmShape<(int)32, (int)64, (int)8>, float, cutlass::layout::ColumnMajor, float, cutlass::layout::RowMajor, float, cutlass::layout::RowMajor, cutlass::gemm::warp::MmaSimtPolicy<cutlass::MatrixShape<(int)4, (int)8>, cutlass::layout::RowMajorInterleaved<(int)2>, cutlass::gemm::GemmShape<(int)4, (int)4, (int)1>>, (int)1, (cutlass::ComplexTransform)0, (cutlass::ComplexTransform)0, bool>, cutlass::MatrixShape<(int)4, (int)0>, cutlass::MatrixShape<(int)0, (int)0>, (int)1>, cutlass::NumericArrayConverter<float, float, (int)4, (cutlass::FloatRoundStyle)2, cutlass::transform::thread::UnaryTransform::Identity>, cutlass::NumericArrayConverter<float, float, (int)4, (cutlass::FloatRoundStyle)2, cutlass::transform::thread::UnaryTransform::Identity>, bool>, cutlass::epilogue::threadblock::Epilogue<cutlass::gemm::GemmShape<(int)128, (int)128, (int)8>, cutlass::gemm::warp::MmaSimt<cutlass::gemm::GemmShape<(int)32, (int)64, (int)8>, float, cutlass::layout::ColumnMajor, float, cutlass::layout::RowMajor, float, cutlass::layout::RowMajor, cutlass::gemm::warp::MmaSimtPolicy<cutlass::MatrixShape<(int)4, (int)8>, cutlass::layout::RowMajorInterleaved<(int)2>, cutlass::gemm::GemmShape<(int)4, (int)4, (int)1>>, (int)1, (cutlass::ComplexTransform)0, (cutlass::ComplexTransform)0, bool>, (int)1, cutlass::epilogue::threadblock::PredicatedTileIterator<cutlass::epilogue::threadblock::OutputTileOptimalThreadMap<cutlass::epilogue::threadblock::OutputTileShape<(int)128, (int)1, (int)4, (int)4, (int)1>, cutlass::epilogue::threadblock::OutputTileShape<(int)1, (int)4, (int)2, (int)1, (int)8>, (int)256, (int)1, (int)32>, float, (bool)0, cutlass::layout::NoPermute, (bool)0>, cutlass::epilogue::warp::FragmentIteratorSimt<cutlass::gemm::GemmShape<(int)32, (int)64, (int)8>, cutlass::gemm::thread::Mma<cutlass::gemm::GemmShape<(int)8, (int)8, (int)1>, float, cutlass::layout::ColumnMajor, float, cutlass::layout::RowMajor, float, cutlass::layout::RowMajor, cutlass::arch::OpMultiplyAdd, bool>, cutlass::layout::RowMajor, cutlass::gemm::warp::MmaSimtPolicy<cutlass::MatrixShape<(int)4, (int)8>, cutlass::layout::RowMajorInterleaved<(int)2>, cutlass::gemm::GemmShape<(int)4, (int)4, (int)1>>>, cutlass::epilogue::warp::TileIteratorSimt<cutlass::gemm::GemmShape<(int)32, (int)64, (int)8>, cutlass::gemm::thread::Mma<cutlass::gemm::GemmShape<(int)8, (int)8, (int)1>, float, cutlass::layout::ColumnMajor, float, cutlass::layout::RowMajor, float, cutlass::layout::RowMajor, cutlass::arch::OpMultiplyAdd, bool>, float, cutlass::layout::RowMajor, cutlass::gemm::warp::MmaSimtPolicy<cutlass::MatrixShape<(int)4, (int)8>, cutlass::layout::RowMajorInterleaved<(int)2>, cutlass::gemm::GemmShape<(int)4, (int)4, (int)1>>>, cutlass::epilogue::threadblock::SharedLoadIterator<cutlass::epilogue::threadblock::OutputTileOptimalThreadMap<cutlass::epilogue::threadblock::OutputTileShape<(int)128, (int)1, (int)4, (int)4, (int)1>, cutlass::epilogue::threadblock::OutputTileShape<(int)1, (int)4, (int)2, (int)1, (int)8>, (int)256, (int)1, (int)32>::CompactedThreadMap, float, (int)4>, cutlass::epilogue::thread::LinearCombination<float, (int)1, float, float, (cutlass::epilogue::thread::ScaleType::Kind)0, (cutlass::FloatRoundStyle)2, float>, cutlass::MatrixShape<(int)0, (int)17>, (int)1, (int)1>, cutlass::gemm::threadblock::GemmBatchedIdentityThreadblockSwizzle, (cutlass::gemm::kernel::GroupScheduleMode)0, (bool)0>>(T1::Params)"
1473375914,16064,858,512,1,1,256,1,1,40,0.000,0.000,,,,,NVIDIA GeForce RTX 3080 (0),1,,13,"void raggedroute::benchmark::library_baseline::<unnamed>::finalize_routing<(bool)1>(const float *, float *, const float *, const int *, int, int, int)"
1473394570,8031,864,1,16,9,128,1,1,86,0.033,0.000,,,,,NVIDIA GeForce RTX 3080 (0),1,,13,ampere_sgemm_32x32_sliced1x4_nn
1473405129,1952,867,1,32,1,32,16,1,43,0.000,0.000,,,,,NVIDIA GeForce RTX 3080 (0),1,,13,"void cublasLt::splitKreduce_kernel<(int)32, (int)16, int, float, float, float, float, (bool)0, float, float, float, (bool)1, (bool)0, (bool)0, (bool)0>(cublasLt::cublasSplitKParams<T6>, const T4 *, const T10 *, T9 *, T5 *, const T6 *, const T6 *, const T11 *, const T4 *, T11 *, void *, long long, T6 *, int *, T6 *, T6 *, const T6 *, const T6 *, const T6 *, const T6 *, const T6 *)"
1473409769,11008,870,512,1,1,32,1,1,32,0.001,0.000,,,,,NVIDIA GeForce RTX 3080 (0),1,,13,"raggedroute::benchmark::library_baseline::<unnamed>::cub_block_radix_top2_kernel(const float *, int *, float *, int, int)"
1473424297,1152,884,1,1,1,256,1,1,16,0.000,0.000,,,,,NVIDIA GeForce RTX 3080 (0),1,,13,"void cub::_V_300304_SM_860::detail::histogram::DeviceHistogramInitKernel<cub::_V_300304_SM_860::detail::histogram::policy_hub<int, int, (int)1, (int)1, (bool)1>::Policy1000, (int)1, int, int>(cuda::std::__4::array<int, T2>, cuda::std::__4::array<T3 *, T2>, cub::_V_300304_SM_860::GridQueue<int>)"
1473428073,5440,887,1,1,1,384,1,1,54,0.001,0.000,,,,,NVIDIA GeForce RTX 3080 (0),1,,13,"void cub::_V_300304_SM_860::detail::histogram::DeviceHistogramSweepKernel<cub::_V_300304_SM_860::detail::histogram::policy_hub<int, int, (int)1, (int)1, (bool)1>::Policy1000, (int)256, (int)1, (int)1, const int *, int, cub::_V_300304_SM_860::detail::histogram::Transforms<int, int, int>::ScaleTransform, cub::_V_300304_SM_860::detail::histogram::Transforms<int, int, int>::PassThruTransform, int>(T5, cuda::std::__4::array<int, T4>, cuda::std::__4::array<int, T4>, cuda::std::__4::array<T6 *, T4>, cuda::std::__4::array<T6 *, T4>, cuda::std::__4::array<T8, T4>, cuda::std::__4::array<T7, T4>, T9, T9, T9, int, cub::_V_300304_SM_860::GridQueue<int>)"
1473436105,1472,894,1,1,1,128,1,1,16,0.001,0.000,,,,,NVIDIA GeForce RTX 3080 (0),1,,13,"void raggedroute::benchmark::library_baseline::<unnamed>::block_scan_kernel<(int)128>(const int *, int *, int)"
1473440201,4671,905,1,1,1,256,1,1,128,0.034,0.000,,,,,NVIDIA GeForce RTX 3080 (0),1,,13,"void cub::_V_300304_SM_860::detail::radix_sort::DeviceRadixSortSingleTileKernel<cub::_V_300304_SM_860::detail::radix_sort::policy_selector_from_types<int, int, unsigned int>, (cub::_V_300304_SM_860::SortOrder)0, int, int, unsigned int, cub::_V_300304_SM_860::detail::identity_decomposer_t>(const T3 *, T3 *, const T4 *, T4 *, T5, int, int, T6)"
1473447432,2880,911,1,1,1,256,1,1,16,0.000,0.000,,,,,NVIDIA GeForce RTX 3080 (0),1,,13,"raggedroute::benchmark::library_baseline::<unnamed>::compute_expert_offsets(const int *, int, int, long long *)"
1473452808,3648,918,1024,1,1,256,1,1,18,0.000,0.000,,,,,NVIDIA GeForce RTX 3080 (0),1,,13,"void raggedroute::benchmark::library_baseline::<unnamed>::expand_rows<(bool)1>(const float *, float *, const int *, int *, int *, int, int, int)"
1473459624,195868,921,68,1,1,256,1,1,144,0.000,0.017,,,,,NVIDIA GeForce RTX 3080 (0),1,,13,"void cutlass::Kernel<cutlass::gemm::kernel::GemmGrouped<cutlass::gemm::threadblock::MmaPipelined<cutlass::gemm::GemmShape<(int)128, (int)128, (int)8>, cutlass::transform::threadblock::PredicatedTileIterator<cutlass::MatrixShape<(int)128, (int)8>, float, cutlass::layout::RowMajor, (int)1, cutlass::transform::PitchLinearStripminedThreadMap<cutlass::PitchLinearShape<(int)8, (int)128>, (int)256, (int)1>, (int)1, (bool)0, cutlass::layout::NoPermute>, cutlass::transform::threadblock::RegularTileIterator<cutlass::MatrixShape<(int)128, (int)8>, float, cutlass::layout::ColumnMajor, (int)1, cutlass::transform::TransposePitchLinearThreadMapSimt<cutlass::transform::PitchLinearStripminedThreadMap<cutlass::PitchLinearShape<(int)8, (int)128>, (int)256, (int)1>>, (int)4>, cutlass::transform::threadblock::PredicatedTileIterator<cutlass::MatrixShape<(int)8, (int)128>, float, cutlass::layout::RowMajor, (int)0, cutlass::transform::PitchLinearStripminedThreadMap<cutlass::PitchLinearShape<(int)128, (int)8>, (int)256, (int)1>, (int)1, (bool)0, cutlass::layout::NoPermute>, cutlass::transform::threadblock::RegularTileIterator<cutlass::MatrixShape<(int)8, (int)128>, float, cutlass::layout::RowMajor, (int)0, cutlass::transform::PitchLinearStripminedThreadMap<cutlass::PitchLinearShape<(int)128, (int)8>, (int)256, (int)1>, (int)4>, float, cutlass::layout::RowMajor, cutlass::gemm::threadblock::MmaPolicy<cutlass::gemm::warp::MmaSimt<cutlass::gemm::GemmShape<(int)32, (int)64, (int)8>, float, cutlass::layout::ColumnMajor, float, cutlass::layout::RowMajor, float, cutlass::layout::RowMajor, cutlass::gemm::warp::MmaSimtPolicy<cutlass::MatrixShape<(int)4, (int)8>, cutlass::layout::RowMajorInterleaved<(int)2>, cutlass::gemm::GemmShape<(int)4, (int)4, (int)1>>, (int)1, (cutlass::ComplexTransform)0, (cutlass::ComplexTransform)0, bool>, cutlass::MatrixShape<(int)4, (int)0>, cutlass::MatrixShape<(int)0, (int)0>, (int)1>, cutlass::NumericArrayConverter<float, float, (int)4, (cutlass::FloatRoundStyle)2, cutlass::transform::thread::UnaryTransform::Identity>, cutlass::NumericArrayConverter<float, float, (int)4, (cutlass::FloatRoundStyle)2, cutlass::transform::thread::UnaryTransform::Identity>, bool>, cutlass::epilogue::threadblock::Epilogue<cutlass::gemm::GemmShape<(int)128, (int)128, (int)8>, cutlass::gemm::warp::MmaSimt<cutlass::gemm::GemmShape<(int)32, (int)64, (int)8>, float, cutlass::layout::ColumnMajor, float, cutlass::layout::RowMajor, float, cutlass::layout::RowMajor, cutlass::gemm::warp::MmaSimtPolicy<cutlass::MatrixShape<(int)4, (int)8>, cutlass::layout::RowMajorInterleaved<(int)2>, cutlass::gemm::GemmShape<(int)4, (int)4, (int)1>>, (int)1, (cutlass::ComplexTransform)0, (cutlass::ComplexTransform)0, bool>, (int)1, cutlass::epilogue::threadblock::PredicatedTileIterator<cutlass::epilogue::threadblock::OutputTileOptimalThreadMap<cutlass::epilogue::threadblock::OutputTileShape<(int)128, (int)1, (int)4, (int)4, (int)1>, cutlass::epilogue::threadblock::OutputTileShape<(int)1, (int)4, (int)2, (int)1, (int)8>, (int)256, (int)1, (int)32>, float, (bool)0, cutlass::layout::NoPermute, (bool)0>, cutlass::epilogue::warp::FragmentIteratorSimt<cutlass::gemm::GemmShape<(int)32, (int)64, (int)8>, cutlass::gemm::thread::Mma<cutlass::gemm::GemmShape<(int)8, (int)8, (int)1>, float, cutlass::layout::ColumnMajor, float, cutlass::layout::RowMajor, float, cutlass::layout::RowMajor, cutlass::arch::OpMultiplyAdd, bool>, cutlass::layout::RowMajor, cutlass::gemm::warp::MmaSimtPolicy<cutlass::MatrixShape<(int)4, (int)8>, cutlass::layout::RowMajorInterleaved<(int)2>, cutlass::gemm::GemmShape<(int)4, (int)4, (int)1>>>, cutlass::epilogue::warp::TileIteratorSimt<cutlass::gemm::GemmShape<(int)32, (int)64, (int)8>, cutlass::gemm::thread::Mma<cutlass::gemm::GemmShape<(int)8, (int)8, (int)1>, float, cutlass::layout::ColumnMajor, float, cutlass::layout::RowMajor, float, cutlass::layout::RowMajor, cutlass::arch::OpMultiplyAdd, bool>, float, cutlass::layout::RowMajor, cutlass::gemm::warp::MmaSimtPolicy<cutlass::MatrixShape<(int)4, (int)8>, cutlass::layout::RowMajorInterleaved<(int)2>, cutlass::gemm::GemmShape<(int)4, (int)4, (int)1>>>, cutlass::epilogue::threadblock::SharedLoadIterator<cutlass::epilogue::threadblock::OutputTileOptimalThreadMap<cutlass::epilogue::threadblock::OutputTileShape<(int)128, (int)1, (int)4, (int)4, (int)1>, cutlass::epilogue::threadblock::OutputTileShape<(int)1, (int)4, (int)2, (int)1, (int)8>, (int)256, (int)1, (int)32>::CompactedThreadMap, float, (int)4>, cutlass::epilogue::thread::LinearCombination<float, (int)1, float, float, (cutlass::epilogue::thread::ScaleType::Kind)0, (cutlass::FloatRoundStyle)2, float>, cutlass::MatrixShape<(int)0, (int)17>, (int)1, (int)1>, cutlass::gemm::threadblock::GemmBatchedIdentityThreadblockSwizzle, (cutlass::gemm::kernel::GroupScheduleMode)0, (bool)0>>(T1::Params)"
1473658788,16224,924,512,1,1,256,1,1,40,0.000,0.000,,,,,NVIDIA GeForce RTX 3080 (0),1,,13,"void raggedroute::benchmark::library_baseline::<unnamed>::finalize_routing<(bool)1>(const float *, float *, const float *, const int *, int, int, int)"
1473678724,7968,930,1,16,9,128,1,1,86,0.033,0.000,,,,,NVIDIA GeForce RTX 3080 (0),1,,13,ampere_sgemm_32x32_sliced1x4_nn
1473689347,1952,933,1,32,1,32,16,1,43,0.000,0.000,,,,,NVIDIA GeForce RTX 3080 (0),1,,13,"void cublasLt::splitKreduce_kernel<(int)32, (int)16, int, float, float, float, float, (bool)0, float, float, float, (bool)1, (bool)0, (bool)0, (bool)0>(cublasLt::cublasSplitKParams<T6>, const T4 *, const T10 *, T9 *, T5 *, const T6 *, const T6 *, const T11 *, const T4 *, T11 *, void *, long long, T6 *, int *, T6 *, T6 *, const T6 *, const T6 *, const T6 *, const T6 *, const T6 *)"
1473693987,10944,936,512,1,1,32,1,1,32,0.001,0.000,,,,,NVIDIA GeForce RTX 3080 (0),1,,13,"raggedroute::benchmark::library_baseline::<unnamed>::cub_block_radix_top2_kernel(const float *, int *, float *, int, int)"
1473707587,1120,950,1,1,1,256,1,1,16,0.000,0.000,,,,,NVIDIA GeForce RTX 3080 (0),1,,13,"void cub::_V_300304_SM_860::detail::histogram::DeviceHistogramInitKernel<cub::_V_300304_SM_860::detail::histogram::policy_hub<int, int, (int)1, (int)1, (bool)1>::Policy1000, (int)1, int, int>(cuda::std::__4::array<int, T2>, cuda::std::__4::array<T3 *, T2>, cub::_V_300304_SM_860::GridQueue<int>)"
1473712419,5504,953,1,1,1,384,1,1,54,0.001,0.000,,,,,NVIDIA GeForce RTX 3080 (0),1,,13,"void cub::_V_300304_SM_860::detail::histogram::DeviceHistogramSweepKernel<cub::_V_300304_SM_860::detail::histogram::policy_hub<int, int, (int)1, (int)1, (bool)1>::Policy1000, (int)256, (int)1, (int)1, const int *, int, cub::_V_300304_SM_860::detail::histogram::Transforms<int, int, int>::ScaleTransform, cub::_V_300304_SM_860::detail::histogram::Transforms<int, int, int>::PassThruTransform, int>(T5, cuda::std::__4::array<int, T4>, cuda::std::__4::array<int, T4>, cuda::std::__4::array<T6 *, T4>, cuda::std::__4::array<T6 *, T4>, cuda::std::__4::array<T8, T4>, cuda::std::__4::array<T7, T4>, T9, T9, T9, int, cub::_V_300304_SM_860::GridQueue<int>)"
1473720515,1472,960,1,1,1,128,1,1,16,0.001,0.000,,,,,NVIDIA GeForce RTX 3080 (0),1,,13,"void raggedroute::benchmark::library_baseline::<unnamed>::block_scan_kernel<(int)128>(const int *, int *, int)"
1473724579,4704,971,1,1,1,256,1,1,128,0.034,0.000,,,,,NVIDIA GeForce RTX 3080 (0),1,,13,"void cub::_V_300304_SM_860::detail::radix_sort::DeviceRadixSortSingleTileKernel<cub::_V_300304_SM_860::detail::radix_sort::policy_selector_from_types<int, int, unsigned int>, (cub::_V_300304_SM_860::SortOrder)0, int, int, unsigned int, cub::_V_300304_SM_860::detail::identity_decomposer_t>(const T3 *, T3 *, const T4 *, T4 *, T5, int, int, T6)"
1473731843,2880,977,1,1,1,256,1,1,16,0.000,0.000,,,,,NVIDIA GeForce RTX 3080 (0),1,,13,"raggedroute::benchmark::library_baseline::<unnamed>::compute_expert_offsets(const int *, int, int, long long *)"
1473737346,3648,984,1024,1,1,256,1,1,18,0.000,0.000,,,,,NVIDIA GeForce RTX 3080 (0),1,,13,"void raggedroute::benchmark::library_baseline::<unnamed>::expand_rows<(bool)1>(const float *, float *, const int *, int *, int *, int, int, int)"
1473744386,195836,987,68,1,1,256,1,1,144,0.000,0.017,,,,,NVIDIA GeForce RTX 3080 (0),1,,13,"void cutlass::Kernel<cutlass::gemm::kernel::GemmGrouped<cutlass::gemm::threadblock::MmaPipelined<cutlass::gemm::GemmShape<(int)128, (int)128, (int)8>, cutlass::transform::threadblock::PredicatedTileIterator<cutlass::MatrixShape<(int)128, (int)8>, float, cutlass::layout::RowMajor, (int)1, cutlass::transform::PitchLinearStripminedThreadMap<cutlass::PitchLinearShape<(int)8, (int)128>, (int)256, (int)1>, (int)1, (bool)0, cutlass::layout::NoPermute>, cutlass::transform::threadblock::RegularTileIterator<cutlass::MatrixShape<(int)128, (int)8>, float, cutlass::layout::ColumnMajor, (int)1, cutlass::transform::TransposePitchLinearThreadMapSimt<cutlass::transform::PitchLinearStripminedThreadMap<cutlass::PitchLinearShape<(int)8, (int)128>, (int)256, (int)1>>, (int)4>, cutlass::transform::threadblock::PredicatedTileIterator<cutlass::MatrixShape<(int)8, (int)128>, float, cutlass::layout::RowMajor, (int)0, cutlass::transform::PitchLinearStripminedThreadMap<cutlass::PitchLinearShape<(int)128, (int)8>, (int)256, (int)1>, (int)1, (bool)0, cutlass::layout::NoPermute>, cutlass::transform::threadblock::RegularTileIterator<cutlass::MatrixShape<(int)8, (int)128>, float, cutlass::layout::RowMajor, (int)0, cutlass::transform::PitchLinearStripminedThreadMap<cutlass::PitchLinearShape<(int)128, (int)8>, (int)256, (int)1>, (int)4>, float, cutlass::layout::RowMajor, cutlass::gemm::threadblock::MmaPolicy<cutlass::gemm::warp::MmaSimt<cutlass::gemm::GemmShape<(int)32, (int)64, (int)8>, float, cutlass::layout::ColumnMajor, float, cutlass::layout::RowMajor, float, cutlass::layout::RowMajor, cutlass::gemm::warp::MmaSimtPolicy<cutlass::MatrixShape<(int)4, (int)8>, cutlass::layout::RowMajorInterleaved<(int)2>, cutlass::gemm::GemmShape<(int)4, (int)4, (int)1>>, (int)1, (cutlass::ComplexTransform)0, (cutlass::ComplexTransform)0, bool>, cutlass::MatrixShape<(int)4, (int)0>, cutlass::MatrixShape<(int)0, (int)0>, (int)1>, cutlass::NumericArrayConverter<float, float, (int)4, (cutlass::FloatRoundStyle)2, cutlass::transform::thread::UnaryTransform::Identity>, cutlass::NumericArrayConverter<float, float, (int)4, (cutlass::FloatRoundStyle)2, cutlass::transform::thread::UnaryTransform::Identity>, bool>, cutlass::epilogue::threadblock::Epilogue<cutlass::gemm::GemmShape<(int)128, (int)128, (int)8>, cutlass::gemm::warp::MmaSimt<cutlass::gemm::GemmShape<(int)32, (int)64, (int)8>, float, cutlass::layout::ColumnMajor, float, cutlass::layout::RowMajor, float, cutlass::layout::RowMajor, cutlass::gemm::warp::MmaSimtPolicy<cutlass::MatrixShape<(int)4, (int)8>, cutlass::layout::RowMajorInterleaved<(int)2>, cutlass::gemm::GemmShape<(int)4, (int)4, (int)1>>, (int)1, (cutlass::ComplexTransform)0, (cutlass::ComplexTransform)0, bool>, (int)1, cutlass::epilogue::threadblock::PredicatedTileIterator<cutlass::epilogue::threadblock::OutputTileOptimalThreadMap<cutlass::epilogue::threadblock::OutputTileShape<(int)128, (int)1, (int)4, (int)4, (int)1>, cutlass::epilogue::threadblock::OutputTileShape<(int)1, (int)4, (int)2, (int)1, (int)8>, (int)256, (int)1, (int)32>, float, (bool)0, cutlass::layout::NoPermute, (bool)0>, cutlass::epilogue::warp::FragmentIteratorSimt<cutlass::gemm::GemmShape<(int)32, (int)64, (int)8>, cutlass::gemm::thread::Mma<cutlass::gemm::GemmShape<(int)8, (int)8, (int)1>, float, cutlass::layout::ColumnMajor, float, cutlass::layout::RowMajor, float, cutlass::layout::RowMajor, cutlass::arch::OpMultiplyAdd, bool>, cutlass::layout::RowMajor, cutlass::gemm::warp::MmaSimtPolicy<cutlass::MatrixShape<(int)4, (int)8>, cutlass::layout::RowMajorInterleaved<(int)2>, cutlass::gemm::GemmShape<(int)4, (int)4, (int)1>>>, cutlass::epilogue::warp::TileIteratorSimt<cutlass::gemm::GemmShape<(int)32, (int)64, (int)8>, cutlass::gemm::thread::Mma<cutlass::gemm::GemmShape<(int)8, (int)8, (int)1>, float, cutlass::layout::ColumnMajor, float, cutlass::layout::RowMajor, float, cutlass::layout::RowMajor, cutlass::arch::OpMultiplyAdd, bool>, float, cutlass::layout::RowMajor, cutlass::gemm::warp::MmaSimtPolicy<cutlass::MatrixShape<(int)4, (int)8>, cutlass::layout::RowMajorInterleaved<(int)2>, cutlass::gemm::GemmShape<(int)4, (int)4, (int)1>>>, cutlass::epilogue::threadblock::SharedLoadIterator<cutlass::epilogue::threadblock::OutputTileOptimalThreadMap<cutlass::epilogue::threadblock::OutputTileShape<(int)128, (int)1, (int)4, (int)4, (int)1>, cutlass::epilogue::threadblock::OutputTileShape<(int)1, (int)4, (int)2, (int)1, (int)8>, (int)256, (int)1, (int)32>::CompactedThreadMap, float, (int)4>, cutlass::epilogue::thread::LinearCombination<float, (int)1, float, float, (cutlass::epilogue::thread::ScaleType::Kind)0, (cutlass::FloatRoundStyle)2, float>, cutlass::MatrixShape<(int)0, (int)17>, (int)1, (int)1>, cutlass::gemm::threadblock::GemmBatchedIdentityThreadblockSwizzle, (cutlass::gemm::kernel::GroupScheduleMode)0, (bool)0>>(T1::Params)"
1473943582,16192,990,512,1,1,256,1,1,40,0.000,0.000,,,,,NVIDIA GeForce RTX 3080 (0),1,,13,"void raggedroute::benchmark::library_baseline::<unnamed>::finalize_routing<(bool)1>(const float *, float *, const float *, const int *, int, int, int)"
1473962398,8032,996,1,16,9,128,1,1,86,0.033,0.000,,,,,NVIDIA GeForce RTX 3080 (0),1,,13,ampere_sgemm_32x32_sliced1x4_nn
1473973982,1952,999,1,32,1,32,16,1,43,0.000,0.000,,,,,NVIDIA GeForce RTX 3080 (0),1,,13,"void cublasLt::splitKreduce_kernel<(int)32, (int)16, int, float, float, float, float, (bool)0, float, float, float, (bool)1, (bool)0, (bool)0, (bool)0>(cublasLt::cublasSplitKParams<T6>, const T4 *, const T10 *, T9 *, T5 *, const T6 *, const T6 *, const T11 *, const T4 *, T11 *, void *, long long, T6 *, int *, T6 *, T6 *, const T6 *, const T6 *, const T6 *, const T6 *, const T6 *)"
1473978526,11039,1002,512,1,1,32,1,1,32,0.001,0.000,,,,,NVIDIA GeForce RTX 3080 (0),1,,13,"raggedroute::benchmark::library_baseline::<unnamed>::cub_block_radix_top2_kernel(const float *, int *, float *, int, int)"
1473992189,1152,1016,1,1,1,256,1,1,16,0.000,0.000,,,,,NVIDIA GeForce RTX 3080 (0),1,,13,"void cub::_V_300304_SM_860::detail::histogram::DeviceHistogramInitKernel<cub::_V_300304_SM_860::detail::histogram::policy_hub<int, int, (int)1, (int)1, (bool)1>::Policy1000, (int)1, int, int>(cuda::std::__4::array<int, T2>, cuda::std::__4::array<T3 *, T2>, cub::_V_300304_SM_860::GridQueue<int>)"
1473995901,5504,1019,1,1,1,384,1,1,54,0.001,0.000,,,,,NVIDIA GeForce RTX 3080 (0),1,,13,"void cub::_V_300304_SM_860::detail::histogram::DeviceHistogramSweepKernel<cub::_V_300304_SM_860::detail::histogram::policy_hub<int, int, (int)1, (int)1, (bool)1>::Policy1000, (int)256, (int)1, (int)1, const int *, int, cub::_V_300304_SM_860::detail::histogram::Transforms<int, int, int>::ScaleTransform, cub::_V_300304_SM_860::detail::histogram::Transforms<int, int, int>::PassThruTransform, int>(T5, cuda::std::__4::array<int, T4>, cuda::std::__4::array<int, T4>, cuda::std::__4::array<T6 *, T4>, cuda::std::__4::array<T6 *, T4>, cuda::std::__4::array<T8, T4>, cuda::std::__4::array<T7, T4>, T9, T9, T9, int, cub::_V_300304_SM_860::GridQueue<int>)"
1474004029,1504,1026,1,1,1,128,1,1,16,0.001,0.000,,,,,NVIDIA GeForce RTX 3080 (0),1,,13,"void raggedroute::benchmark::library_baseline::<unnamed>::block_scan_kernel<(int)128>(const int *, int *, int)"
1474008253,4704,1037,1,1,1,256,1,1,128,0.034,0.000,,,,,NVIDIA GeForce RTX 3080 (0),1,,13,"void cub::_V_300304_SM_860::detail::radix_sort::DeviceRadixSortSingleTileKernel<cub::_V_300304_SM_860::detail::radix_sort::policy_selector_from_types<int, int, unsigned int>, (cub::_V_300304_SM_860::SortOrder)0, int, int, unsigned int, cub::_V_300304_SM_860::detail::identity_decomposer_t>(const T3 *, T3 *, const T4 *, T4 *, T5, int, int, T6)"
1474015517,2912,1043,1,1,1,256,1,1,16,0.000,0.000,,,,,NVIDIA GeForce RTX 3080 (0),1,,13,"raggedroute::benchmark::library_baseline::<unnamed>::compute_expert_offsets(const int *, int, int, long long *)"
1474020925,3680,1050,1024,1,1,256,1,1,18,0.000,0.000,,,,,NVIDIA GeForce RTX 3080 (0),1,,13,"void raggedroute::benchmark::library_baseline::<unnamed>::expand_rows<(bool)1>(const float *, float *, const int *, int *, int *, int, int, int)"
1474029085,195995,1053,68,1,1,256,1,1,144,0.000,0.017,,,,,NVIDIA GeForce RTX 3080 (0),1,,13,"void cutlass::Kernel<cutlass::gemm::kernel::GemmGrouped<cutlass::gemm::threadblock::MmaPipelined<cutlass::gemm::GemmShape<(int)128, (int)128, (int)8>, cutlass::transform::threadblock::PredicatedTileIterator<cutlass::MatrixShape<(int)128, (int)8>, float, cutlass::layout::RowMajor, (int)1, cutlass::transform::PitchLinearStripminedThreadMap<cutlass::PitchLinearShape<(int)8, (int)128>, (int)256, (int)1>, (int)1, (bool)0, cutlass::layout::NoPermute>, cutlass::transform::threadblock::RegularTileIterator<cutlass::MatrixShape<(int)128, (int)8>, float, cutlass::layout::ColumnMajor, (int)1, cutlass::transform::TransposePitchLinearThreadMapSimt<cutlass::transform::PitchLinearStripminedThreadMap<cutlass::PitchLinearShape<(int)8, (int)128>, (int)256, (int)1>>, (int)4>, cutlass::transform::threadblock::PredicatedTileIterator<cutlass::MatrixShape<(int)8, (int)128>, float, cutlass::layout::RowMajor, (int)0, cutlass::transform::PitchLinearStripminedThreadMap<cutlass::PitchLinearShape<(int)128, (int)8>, (int)256, (int)1>, (int)1, (bool)0, cutlass::layout::NoPermute>, cutlass::transform::threadblock::RegularTileIterator<cutlass::MatrixShape<(int)8, (int)128>, float, cutlass::layout::RowMajor, (int)0, cutlass::transform::PitchLinearStripminedThreadMap<cutlass::PitchLinearShape<(int)128, (int)8>, (int)256, (int)1>, (int)4>, float, cutlass::layout::RowMajor, cutlass::gemm::threadblock::MmaPolicy<cutlass::gemm::warp::MmaSimt<cutlass::gemm::GemmShape<(int)32, (int)64, (int)8>, float, cutlass::layout::ColumnMajor, float, cutlass::layout::RowMajor, float, cutlass::layout::RowMajor, cutlass::gemm::warp::MmaSimtPolicy<cutlass::MatrixShape<(int)4, (int)8>, cutlass::layout::RowMajorInterleaved<(int)2>, cutlass::gemm::GemmShape<(int)4, (int)4, (int)1>>, (int)1, (cutlass::ComplexTransform)0, (cutlass::ComplexTransform)0, bool>, cutlass::MatrixShape<(int)4, (int)0>, cutlass::MatrixShape<(int)0, (int)0>, (int)1>, cutlass::NumericArrayConverter<float, float, (int)4, (cutlass::FloatRoundStyle)2, cutlass::transform::thread::UnaryTransform::Identity>, cutlass::NumericArrayConverter<float, float, (int)4, (cutlass::FloatRoundStyle)2, cutlass::transform::thread::UnaryTransform::Identity>, bool>, cutlass::epilogue::threadblock::Epilogue<cutlass::gemm::GemmShape<(int)128, (int)128, (int)8>, cutlass::gemm::warp::MmaSimt<cutlass::gemm::GemmShape<(int)32, (int)64, (int)8>, float, cutlass::layout::ColumnMajor, float, cutlass::layout::RowMajor, float, cutlass::layout::RowMajor, cutlass::gemm::warp::MmaSimtPolicy<cutlass::MatrixShape<(int)4, (int)8>, cutlass::layout::RowMajorInterleaved<(int)2>, cutlass::gemm::GemmShape<(int)4, (int)4, (int)1>>, (int)1, (cutlass::ComplexTransform)0, (cutlass::ComplexTransform)0, bool>, (int)1, cutlass::epilogue::threadblock::PredicatedTileIterator<cutlass::epilogue::threadblock::OutputTileOptimalThreadMap<cutlass::epilogue::threadblock::OutputTileShape<(int)128, (int)1, (int)4, (int)4, (int)1>, cutlass::epilogue::threadblock::OutputTileShape<(int)1, (int)4, (int)2, (int)1, (int)8>, (int)256, (int)1, (int)32>, float, (bool)0, cutlass::layout::NoPermute, (bool)0>, cutlass::epilogue::warp::FragmentIteratorSimt<cutlass::gemm::GemmShape<(int)32, (int)64, (int)8>, cutlass::gemm::thread::Mma<cutlass::gemm::GemmShape<(int)8, (int)8, (int)1>, float, cutlass::layout::ColumnMajor, float, cutlass::layout::RowMajor, float, cutlass::layout::RowMajor, cutlass::arch::OpMultiplyAdd, bool>, cutlass::layout::RowMajor, cutlass::gemm::warp::MmaSimtPolicy<cutlass::MatrixShape<(int)4, (int)8>, cutlass::layout::RowMajorInterleaved<(int)2>, cutlass::gemm::GemmShape<(int)4, (int)4, (int)1>>>, cutlass::epilogue::warp::TileIteratorSimt<cutlass::gemm::GemmShape<(int)32, (int)64, (int)8>, cutlass::gemm::thread::Mma<cutlass::gemm::GemmShape<(int)8, (int)8, (int)1>, float, cutlass::layout::ColumnMajor, float, cutlass::layout::RowMajor, float, cutlass::layout::RowMajor, cutlass::arch::OpMultiplyAdd, bool>, float, cutlass::layout::RowMajor, cutlass::gemm::warp::MmaSimtPolicy<cutlass::MatrixShape<(int)4, (int)8>, cutlass::layout::RowMajorInterleaved<(int)2>, cutlass::gemm::GemmShape<(int)4, (int)4, (int)1>>>, cutlass::epilogue::threadblock::SharedLoadIterator<cutlass::epilogue::threadblock::OutputTileOptimalThreadMap<cutlass::epilogue::threadblock::OutputTileShape<(int)128, (int)1, (int)4, (int)4, (int)1>, cutlass::epilogue::threadblock::OutputTileShape<(int)1, (int)4, (int)2, (int)1, (int)8>, (int)256, (int)1, (int)32>::CompactedThreadMap, float, (int)4>, cutlass::epilogue::thread::LinearCombination<float, (int)1, float, float, (cutlass::epilogue::thread::ScaleType::Kind)0, (cutlass::FloatRoundStyle)2, float>, cutlass::MatrixShape<(int)0, (int)17>, (int)1, (int)1>, cutlass::gemm::threadblock::GemmBatchedIdentityThreadblockSwizzle, (cutlass::gemm::kernel::GroupScheduleMode)0, (bool)0>>(T1::Params)"
1474228312,16320,1056,512,1,1,256,1,1,40,0.000,0.000,,,,,NVIDIA GeForce RTX 3080 (0),1,,13,"void raggedroute::benchmark::library_baseline::<unnamed>::finalize_routing<(bool)1>(const float *, float *, const float *, const int *, int, int, int)"
1474247288,8000,1062,1,16,9,128,1,1,86,0.033,0.000,,,,,NVIDIA GeForce RTX 3080 (0),1,,13,ampere_sgemm_32x32_sliced1x4_nn
1474257656,1952,1065,1,32,1,32,16,1,43,0.000,0.000,,,,,NVIDIA GeForce RTX 3080 (0),1,,13,"void cublasLt::splitKreduce_kernel<(int)32, (int)16, int, float, float, float, float, (bool)0, float, float, float, (bool)1, (bool)0, (bool)0, (bool)0>(cublasLt::cublasSplitKParams<T6>, const T4 *, const T10 *, T9 *, T5 *, const T6 *, const T6 *, const T11 *, const T4 *, T11 *, void *, long long, T6 *, int *, T6 *, T6 *, const T6 *, const T6 *, const T6 *, const T6 *, const T6 *)"
1474264376,10975,1068,512,1,1,32,1,1,32,0.001,0.000,,,,,NVIDIA GeForce RTX 3080 (0),1,,13,"raggedroute::benchmark::library_baseline::<unnamed>::cub_block_radix_top2_kernel(const float *, int *, float *, int, int)"
1474277879,1120,1082,1,1,1,256,1,1,16,0.000,0.000,,,,,NVIDIA GeForce RTX 3080 (0),1,,13,"void cub::_V_300304_SM_860::detail::histogram::DeviceHistogramInitKernel<cub::_V_300304_SM_860::detail::histogram::policy_hub<int, int, (int)1, (int)1, (bool)1>::Policy1000, (int)1, int, int>(cuda::std::__4::array<int, T2>, cuda::std::__4::array<T3 *, T2>, cub::_V_300304_SM_860::GridQueue<int>)"
1474281623,5440,1085,1,1,1,384,1,1,54,0.001,0.000,,,,,NVIDIA GeForce RTX 3080 (0),1,,13,"void cub::_V_300304_SM_860::detail::histogram::DeviceHistogramSweepKernel<cub::_V_300304_SM_860::detail::histogram::policy_hub<int, int, (int)1, (int)1, (bool)1>::Policy1000, (int)256, (int)1, (int)1, const int *, int, cub::_V_300304_SM_860::detail::histogram::Transforms<int, int, int>::ScaleTransform, cub::_V_300304_SM_860::detail::histogram::Transforms<int, int, int>::PassThruTransform, int>(T5, cuda::std::__4::array<int, T4>, cuda::std::__4::array<int, T4>, cuda::std::__4::array<T6 *, T4>, cuda::std::__4::array<T6 *, T4>, cuda::std::__4::array<T8, T4>, cuda::std::__4::array<T7, T4>, T9, T9, T9, int, cub::_V_300304_SM_860::GridQueue<int>)"
1474289655,1472,1092,1,1,1,128,1,1,16,0.001,0.000,,,,,NVIDIA GeForce RTX 3080 (0),1,,13,"void raggedroute::benchmark::library_baseline::<unnamed>::block_scan_kernel<(int)128>(const int *, int *, int)"
1474293815,4672,1103,1,1,1,256,1,1,128,0.034,0.000,,,,,NVIDIA GeForce RTX 3080 (0),1,,13,"void cub::_V_300304_SM_860::detail::radix_sort::DeviceRadixSortSingleTileKernel<cub::_V_300304_SM_860::detail::radix_sort::policy_selector_from_types<int, int, unsigned int>, (cub::_V_300304_SM_860::SortOrder)0, int, int, unsigned int, cub::_V_300304_SM_860::detail::identity_decomposer_t>(const T3 *, T3 *, const T4 *, T4 *, T5, int, int, T6)"
1474301303,2912,1109,1,1,1,256,1,1,16,0.000,0.000,,,,,NVIDIA GeForce RTX 3080 (0),1,,13,"raggedroute::benchmark::library_baseline::<unnamed>::compute_expert_offsets(const int *, int, int, long long *)"
1474306871,3616,1116,1024,1,1,256,1,1,18,0.000,0.000,,,,,NVIDIA GeForce RTX 3080 (0),1,,13,"void raggedroute::benchmark::library_baseline::<unnamed>::expand_rows<(bool)1>(const float *, float *, const int *, int *, int *, int, int, int)"
1474313687,195804,1119,68,1,1,256,1,1,144,0.000,0.017,,,,,NVIDIA GeForce RTX 3080 (0),1,,13,"void cutlass::Kernel<cutlass::gemm::kernel::GemmGrouped<cutlass::gemm::threadblock::MmaPipelined<cutlass::gemm::GemmShape<(int)128, (int)128, (int)8>, cutlass::transform::threadblock::PredicatedTileIterator<cutlass::MatrixShape<(int)128, (int)8>, float, cutlass::layout::RowMajor, (int)1, cutlass::transform::PitchLinearStripminedThreadMap<cutlass::PitchLinearShape<(int)8, (int)128>, (int)256, (int)1>, (int)1, (bool)0, cutlass::layout::NoPermute>, cutlass::transform::threadblock::RegularTileIterator<cutlass::MatrixShape<(int)128, (int)8>, float, cutlass::layout::ColumnMajor, (int)1, cutlass::transform::TransposePitchLinearThreadMapSimt<cutlass::transform::PitchLinearStripminedThreadMap<cutlass::PitchLinearShape<(int)8, (int)128>, (int)256, (int)1>>, (int)4>, cutlass::transform::threadblock::PredicatedTileIterator<cutlass::MatrixShape<(int)8, (int)128>, float, cutlass::layout::RowMajor, (int)0, cutlass::transform::PitchLinearStripminedThreadMap<cutlass::PitchLinearShape<(int)128, (int)8>, (int)256, (int)1>, (int)1, (bool)0, cutlass::layout::NoPermute>, cutlass::transform::threadblock::RegularTileIterator<cutlass::MatrixShape<(int)8, (int)128>, float, cutlass::layout::RowMajor, (int)0, cutlass::transform::PitchLinearStripminedThreadMap<cutlass::PitchLinearShape<(int)128, (int)8>, (int)256, (int)1>, (int)4>, float, cutlass::layout::RowMajor, cutlass::gemm::threadblock::MmaPolicy<cutlass::gemm::warp::MmaSimt<cutlass::gemm::GemmShape<(int)32, (int)64, (int)8>, float, cutlass::layout::ColumnMajor, float, cutlass::layout::RowMajor, float, cutlass::layout::RowMajor, cutlass::gemm::warp::MmaSimtPolicy<cutlass::MatrixShape<(int)4, (int)8>, cutlass::layout::RowMajorInterleaved<(int)2>, cutlass::gemm::GemmShape<(int)4, (int)4, (int)1>>, (int)1, (cutlass::ComplexTransform)0, (cutlass::ComplexTransform)0, bool>, cutlass::MatrixShape<(int)4, (int)0>, cutlass::MatrixShape<(int)0, (int)0>, (int)1>, cutlass::NumericArrayConverter<float, float, (int)4, (cutlass::FloatRoundStyle)2, cutlass::transform::thread::UnaryTransform::Identity>, cutlass::NumericArrayConverter<float, float, (int)4, (cutlass::FloatRoundStyle)2, cutlass::transform::thread::UnaryTransform::Identity>, bool>, cutlass::epilogue::threadblock::Epilogue<cutlass::gemm::GemmShape<(int)128, (int)128, (int)8>, cutlass::gemm::warp::MmaSimt<cutlass::gemm::GemmShape<(int)32, (int)64, (int)8>, float, cutlass::layout::ColumnMajor, float, cutlass::layout::RowMajor, float, cutlass::layout::RowMajor, cutlass::gemm::warp::MmaSimtPolicy<cutlass::MatrixShape<(int)4, (int)8>, cutlass::layout::RowMajorInterleaved<(int)2>, cutlass::gemm::GemmShape<(int)4, (int)4, (int)1>>, (int)1, (cutlass::ComplexTransform)0, (cutlass::ComplexTransform)0, bool>, (int)1, cutlass::epilogue::threadblock::PredicatedTileIterator<cutlass::epilogue::threadblock::OutputTileOptimalThreadMap<cutlass::epilogue::threadblock::OutputTileShape<(int)128, (int)1, (int)4, (int)4, (int)1>, cutlass::epilogue::threadblock::OutputTileShape<(int)1, (int)4, (int)2, (int)1, (int)8>, (int)256, (int)1, (int)32>, float, (bool)0, cutlass::layout::NoPermute, (bool)0>, cutlass::epilogue::warp::FragmentIteratorSimt<cutlass::gemm::GemmShape<(int)32, (int)64, (int)8>, cutlass::gemm::thread::Mma<cutlass::gemm::GemmShape<(int)8, (int)8, (int)1>, float, cutlass::layout::ColumnMajor, float, cutlass::layout::RowMajor, float, cutlass::layout::RowMajor, cutlass::arch::OpMultiplyAdd, bool>, cutlass::layout::RowMajor, cutlass::gemm::warp::MmaSimtPolicy<cutlass::MatrixShape<(int)4, (int)8>, cutlass::layout::RowMajorInterleaved<(int)2>, cutlass::gemm::GemmShape<(int)4, (int)4, (int)1>>>, cutlass::epilogue::warp::TileIteratorSimt<cutlass::gemm::GemmShape<(int)32, (int)64, (int)8>, cutlass::gemm::thread::Mma<cutlass::gemm::GemmShape<(int)8, (int)8, (int)1>, float, cutlass::layout::ColumnMajor, float, cutlass::layout::RowMajor, float, cutlass::layout::RowMajor, cutlass::arch::OpMultiplyAdd, bool>, float, cutlass::layout::RowMajor, cutlass::gemm::warp::MmaSimtPolicy<cutlass::MatrixShape<(int)4, (int)8>, cutlass::layout::RowMajorInterleaved<(int)2>, cutlass::gemm::GemmShape<(int)4, (int)4, (int)1>>>, cutlass::epilogue::threadblock::SharedLoadIterator<cutlass::epilogue::threadblock::OutputTileOptimalThreadMap<cutlass::epilogue::threadblock::OutputTileShape<(int)128, (int)1, (int)4, (int)4, (int)1>, cutlass::epilogue::threadblock::OutputTileShape<(int)1, (int)4, (int)2, (int)1, (int)8>, (int)256, (int)1, (int)32>::CompactedThreadMap, float, (int)4>, cutlass::epilogue::thread::LinearCombination<float, (int)1, float, float, (cutlass::epilogue::thread::ScaleType::Kind)0, (cutlass::FloatRoundStyle)2, float>, cutlass::MatrixShape<(int)0, (int)17>, (int)1, (int)1>, cutlass::gemm::threadblock::GemmBatchedIdentityThreadblockSwizzle, (cutlass::gemm::kernel::GroupScheduleMode)0, (bool)0>>(T1::Params)"
1474514387,16159,1122,512,1,1,256,1,1,40,0.000,0.000,,,,,NVIDIA GeForce RTX 3080 (0),1,,13,"void raggedroute::benchmark::library_baseline::<unnamed>::finalize_routing<(bool)1>(const float *, float *, const float *, const int *, int, int, int)"
1474533106,8064,1128,1,16,9,128,1,1,86,0.033,0.000,,,,,NVIDIA GeForce RTX 3080 (0),1,,13,ampere_sgemm_32x32_sliced1x4_nn
1474543762,1952,1131,1,32,1,32,16,1,43,0.000,0.000,,,,,NVIDIA GeForce RTX 3080 (0),1,,13,"void cublasLt::splitKreduce_kernel<(int)32, (int)16, int, float, float, float, float, (bool)0, float, float, float, (bool)1, (bool)0, (bool)0, (bool)0>(cublasLt::cublasSplitKParams<T6>, const T4 *, const T10 *, T9 *, T5 *, const T6 *, const T6 *, const T11 *, const T4 *, T11 *, void *, long long, T6 *, int *, T6 *, T6 *, const T6 *, const T6 *, const T6 *, const T6 *, const T6 *)"
1474548306,11040,1134,512,1,1,32,1,1,32,0.001,0.000,,,,,NVIDIA GeForce RTX 3080 (0),1,,13,"raggedroute::benchmark::library_baseline::<unnamed>::cub_block_radix_top2_kernel(const float *, int *, float *, int, int)"
1474563122,1152,1148,1,1,1,256,1,1,16,0.000,0.000,,,,,NVIDIA GeForce RTX 3080 (0),1,,13,"void cub::_V_300304_SM_860::detail::histogram::DeviceHistogramInitKernel<cub::_V_300304_SM_860::detail::histogram::policy_hub<int, int, (int)1, (int)1, (bool)1>::Policy1000, (int)1, int, int>(cuda::std::__4::array<int, T2>, cuda::std::__4::array<T3 *, T2>, cub::_V_300304_SM_860::GridQueue<int>)"
1474566769,5472,1151,1,1,1,384,1,1,54,0.001,0.000,,,,,NVIDIA GeForce RTX 3080 (0),1,,13,"void cub::_V_300304_SM_860::detail::histogram::DeviceHistogramSweepKernel<cub::_V_300304_SM_860::detail::histogram::policy_hub<int, int, (int)1, (int)1, (bool)1>::Policy1000, (int)256, (int)1, (int)1, const int *, int, cub::_V_300304_SM_860::detail::histogram::Transforms<int, int, int>::ScaleTransform, cub::_V_300304_SM_860::detail::histogram::Transforms<int, int, int>::PassThruTransform, int>(T5, cuda::std::__4::array<int, T4>, cuda::std::__4::array<int, T4>, cuda::std::__4::array<T6 *, T4>, cuda::std::__4::array<T6 *, T4>, cuda::std::__4::array<T8, T4>, cuda::std::__4::array<T7, T4>, T9, T9, T9, int, cub::_V_300304_SM_860::GridQueue<int>)"
1474574929,1472,1158,1,1,1,128,1,1,16,0.001,0.000,,,,,NVIDIA GeForce RTX 3080 (0),1,,13,"void raggedroute::benchmark::library_baseline::<unnamed>::block_scan_kernel<(int)128>(const int *, int *, int)"
1474579057,4704,1169,1,1,1,256,1,1,128,0.034,0.000,,,,,NVIDIA GeForce RTX 3080 (0),1,,13,"void cub::_V_300304_SM_860::detail::radix_sort::DeviceRadixSortSingleTileKernel<cub::_V_300304_SM_860::detail::radix_sort::policy_selector_from_types<int, int, unsigned int>, (cub::_V_300304_SM_860::SortOrder)0, int, int, unsigned int, cub::_V_300304_SM_860::detail::identity_decomposer_t>(const T3 *, T3 *, const T4 *, T4 *, T5, int, int, T6)"
1474586289,2880,1175,1,1,1,256,1,1,16,0.000,0.000,,,,,NVIDIA GeForce RTX 3080 (0),1,,13,"raggedroute::benchmark::library_baseline::<unnamed>::compute_expert_offsets(const int *, int, int, long long *)"
1474591697,3648,1182,1024,1,1,256,1,1,18,0.000,0.000,,,,,NVIDIA GeForce RTX 3080 (0),1,,13,"void raggedroute::benchmark::library_baseline::<unnamed>::expand_rows<(bool)1>(const float *, float *, const int *, int *, int *, int, int, int)"
1474598641,195932,1185,68,1,1,256,1,1,144,0.000,0.017,,,,,NVIDIA GeForce RTX 3080 (0),1,,13,"void cutlass::Kernel<cutlass::gemm::kernel::GemmGrouped<cutlass::gemm::threadblock::MmaPipelined<cutlass::gemm::GemmShape<(int)128, (int)128, (int)8>, cutlass::transform::threadblock::PredicatedTileIterator<cutlass::MatrixShape<(int)128, (int)8>, float, cutlass::layout::RowMajor, (int)1, cutlass::transform::PitchLinearStripminedThreadMap<cutlass::PitchLinearShape<(int)8, (int)128>, (int)256, (int)1>, (int)1, (bool)0, cutlass::layout::NoPermute>, cutlass::transform::threadblock::RegularTileIterator<cutlass::MatrixShape<(int)128, (int)8>, float, cutlass::layout::ColumnMajor, (int)1, cutlass::transform::TransposePitchLinearThreadMapSimt<cutlass::transform::PitchLinearStripminedThreadMap<cutlass::PitchLinearShape<(int)8, (int)128>, (int)256, (int)1>>, (int)4>, cutlass::transform::threadblock::PredicatedTileIterator<cutlass::MatrixShape<(int)8, (int)128>, float, cutlass::layout::RowMajor, (int)0, cutlass::transform::PitchLinearStripminedThreadMap<cutlass::PitchLinearShape<(int)128, (int)8>, (int)256, (int)1>, (int)1, (bool)0, cutlass::layout::NoPermute>, cutlass::transform::threadblock::RegularTileIterator<cutlass::MatrixShape<(int)8, (int)128>, float, cutlass::layout::RowMajor, (int)0, cutlass::transform::PitchLinearStripminedThreadMap<cutlass::PitchLinearShape<(int)128, (int)8>, (int)256, (int)1>, (int)4>, float, cutlass::layout::RowMajor, cutlass::gemm::threadblock::MmaPolicy<cutlass::gemm::warp::MmaSimt<cutlass::gemm::GemmShape<(int)32, (int)64, (int)8>, float, cutlass::layout::ColumnMajor, float, cutlass::layout::RowMajor, float, cutlass::layout::RowMajor, cutlass::gemm::warp::MmaSimtPolicy<cutlass::MatrixShape<(int)4, (int)8>, cutlass::layout::RowMajorInterleaved<(int)2>, cutlass::gemm::GemmShape<(int)4, (int)4, (int)1>>, (int)1, (cutlass::ComplexTransform)0, (cutlass::ComplexTransform)0, bool>, cutlass::MatrixShape<(int)4, (int)0>, cutlass::MatrixShape<(int)0, (int)0>, (int)1>, cutlass::NumericArrayConverter<float, float, (int)4, (cutlass::FloatRoundStyle)2, cutlass::transform::thread::UnaryTransform::Identity>, cutlass::NumericArrayConverter<float, float, (int)4, (cutlass::FloatRoundStyle)2, cutlass::transform::thread::UnaryTransform::Identity>, bool>, cutlass::epilogue::threadblock::Epilogue<cutlass::gemm::GemmShape<(int)128, (int)128, (int)8>, cutlass::gemm::warp::MmaSimt<cutlass::gemm::GemmShape<(int)32, (int)64, (int)8>, float, cutlass::layout::ColumnMajor, float, cutlass::layout::RowMajor, float, cutlass::layout::RowMajor, cutlass::gemm::warp::MmaSimtPolicy<cutlass::MatrixShape<(int)4, (int)8>, cutlass::layout::RowMajorInterleaved<(int)2>, cutlass::gemm::GemmShape<(int)4, (int)4, (int)1>>, (int)1, (cutlass::ComplexTransform)0, (cutlass::ComplexTransform)0, bool>, (int)1, cutlass::epilogue::threadblock::PredicatedTileIterator<cutlass::epilogue::threadblock::OutputTileOptimalThreadMap<cutlass::epilogue::threadblock::OutputTileShape<(int)128, (int)1, (int)4, (int)4, (int)1>, cutlass::epilogue::threadblock::OutputTileShape<(int)1, (int)4, (int)2, (int)1, (int)8>, (int)256, (int)1, (int)32>, float, (bool)0, cutlass::layout::NoPermute, (bool)0>, cutlass::epilogue::warp::FragmentIteratorSimt<cutlass::gemm::GemmShape<(int)32, (int)64, (int)8>, cutlass::gemm::thread::Mma<cutlass::gemm::GemmShape<(int)8, (int)8, (int)1>, float, cutlass::layout::ColumnMajor, float, cutlass::layout::RowMajor, float, cutlass::layout::RowMajor, cutlass::arch::OpMultiplyAdd, bool>, cutlass::layout::RowMajor, cutlass::gemm::warp::MmaSimtPolicy<cutlass::MatrixShape<(int)4, (int)8>, cutlass::layout::RowMajorInterleaved<(int)2>, cutlass::gemm::GemmShape<(int)4, (int)4, (int)1>>>, cutlass::epilogue::warp::TileIteratorSimt<cutlass::gemm::GemmShape<(int)32, (int)64, (int)8>, cutlass::gemm::thread::Mma<cutlass::gemm::GemmShape<(int)8, (int)8, (int)1>, float, cutlass::layout::ColumnMajor, float, cutlass::layout::RowMajor, float, cutlass::layout::RowMajor, cutlass::arch::OpMultiplyAdd, bool>, float, cutlass::layout::RowMajor, cutlass::gemm::warp::MmaSimtPolicy<cutlass::MatrixShape<(int)4, (int)8>, cutlass::layout::RowMajorInterleaved<(int)2>, cutlass::gemm::GemmShape<(int)4, (int)4, (int)1>>>, cutlass::epilogue::threadblock::SharedLoadIterator<cutlass::epilogue::threadblock::OutputTileOptimalThreadMap<cutlass::epilogue::threadblock::OutputTileShape<(int)128, (int)1, (int)4, (int)4, (int)1>, cutlass::epilogue::threadblock::OutputTileShape<(int)1, (int)4, (int)2, (int)1, (int)8>, (int)256, (int)1, (int)32>::CompactedThreadMap, float, (int)4>, cutlass::epilogue::thread::LinearCombination<float, (int)1, float, float, (cutlass::epilogue::thread::ScaleType::Kind)0, (cutlass::FloatRoundStyle)2, float>, cutlass::MatrixShape<(int)0, (int)17>, (int)1, (int)1>, cutlass::gemm::threadblock::GemmBatchedIdentityThreadblockSwizzle, (cutlass::gemm::kernel::GroupScheduleMode)0, (bool)0>>(T1::Params)"
1474797901,16191,1188,512,1,1,256,1,1,40,0.000,0.000,,,,,NVIDIA GeForce RTX 3080 (0),1,,13,"void raggedroute::benchmark::library_baseline::<unnamed>::finalize_routing<(bool)1>(const float *, float *, const float *, const int *, int, int, int)"
1474817996,7968,1194,1,16,9,128,1,1,86,0.033,0.000,,,,,NVIDIA GeForce RTX 3080 (0),1,,13,ampere_sgemm_32x32_sliced1x4_nn
1474828588,1952,1197,1,32,1,32,16,1,43,0.000,0.000,,,,,NVIDIA GeForce RTX 3080 (0),1,,13,"void cublasLt::splitKreduce_kernel<(int)32, (int)16, int, float, float, float, float, (bool)0, float, float, float, (bool)1, (bool)0, (bool)0, (bool)0>(cublasLt::cublasSplitKParams<T6>, const T4 *, const T10 *, T9 *, T5 *, const T6 *, const T6 *, const T11 *, const T4 *, T11 *, void *, long long, T6 *, int *, T6 *, T6 *, const T6 *, const T6 *, const T6 *, const T6 *, const T6 *)"
1474833036,10944,1200,512,1,1,32,1,1,32,0.001,0.000,,,,,NVIDIA GeForce RTX 3080 (0),1,,13,"raggedroute::benchmark::library_baseline::<unnamed>::cub_block_radix_top2_kernel(const float *, int *, float *, int, int)"
1474846636,1120,1214,1,1,1,256,1,1,16,0.000,0.000,,,,,NVIDIA GeForce RTX 3080 (0),1,,13,"void cub::_V_300304_SM_860::detail::histogram::DeviceHistogramInitKernel<cub::_V_300304_SM_860::detail::histogram::policy_hub<int, int, (int)1, (int)1, (bool)1>::Policy1000, (int)1, int, int>(cuda::std::__4::array<int, T2>, cuda::std::__4::array<T3 *, T2>, cub::_V_300304_SM_860::GridQueue<int>)"
1474851660,5440,1217,1,1,1,384,1,1,54,0.001,0.000,,,,,NVIDIA GeForce RTX 3080 (0),1,,13,"void cub::_V_300304_SM_860::detail::histogram::DeviceHistogramSweepKernel<cub::_V_300304_SM_860::detail::histogram::policy_hub<int, int, (int)1, (int)1, (bool)1>::Policy1000, (int)256, (int)1, (int)1, const int *, int, cub::_V_300304_SM_860::detail::histogram::Transforms<int, int, int>::ScaleTransform, cub::_V_300304_SM_860::detail::histogram::Transforms<int, int, int>::PassThruTransform, int>(T5, cuda::std::__4::array<int, T4>, cuda::std::__4::array<int, T4>, cuda::std::__4::array<T6 *, T4>, cuda::std::__4::array<T6 *, T4>, cuda::std::__4::array<T8, T4>, cuda::std::__4::array<T7, T4>, T9, T9, T9, int, cub::_V_300304_SM_860::GridQueue<int>)"
1474859755,1472,1224,1,1,1,128,1,1,16,0.001,0.000,,,,,NVIDIA GeForce RTX 3080 (0),1,,13,"void raggedroute::benchmark::library_baseline::<unnamed>::block_scan_kernel<(int)128>(const int *, int *, int)"
1474863819,4704,1235,1,1,1,256,1,1,128,0.034,0.000,,,,,NVIDIA GeForce RTX 3080 (0),1,,13,"void cub::_V_300304_SM_860::detail::radix_sort::DeviceRadixSortSingleTileKernel<cub::_V_300304_SM_860::detail::radix_sort::policy_selector_from_types<int, int, unsigned int>, (cub::_V_300304_SM_860::SortOrder)0, int, int, unsigned int, cub::_V_300304_SM_860::detail::identity_decomposer_t>(const T3 *, T3 *, const T4 *, T4 *, T5, int, int, T6)"
1474871275,2880,1241,1,1,1,256,1,1,16,0.000,0.000,,,,,NVIDIA GeForce RTX 3080 (0),1,,13,"raggedroute::benchmark::library_baseline::<unnamed>::compute_expert_offsets(const int *, int, int, long long *)"
1474876747,3616,1248,1024,1,1,256,1,1,18,0.000,0.000,,,,,NVIDIA GeForce RTX 3080 (0),1,,13,"void raggedroute::benchmark::library_baseline::<unnamed>::expand_rows<(bool)1>(const float *, float *, const int *, int *, int *, int, int, int)"
1474884171,196156,1251,68,1,1,256,1,1,144,0.000,0.017,,,,,NVIDIA GeForce RTX 3080 (0),1,,13,"void cutlass::Kernel<cutlass::gemm::kernel::GemmGrouped<cutlass::gemm::threadblock::MmaPipelined<cutlass::gemm::GemmShape<(int)128, (int)128, (int)8>, cutlass::transform::threadblock::PredicatedTileIterator<cutlass::MatrixShape<(int)128, (int)8>, float, cutlass::layout::RowMajor, (int)1, cutlass::transform::PitchLinearStripminedThreadMap<cutlass::PitchLinearShape<(int)8, (int)128>, (int)256, (int)1>, (int)1, (bool)0, cutlass::layout::NoPermute>, cutlass::transform::threadblock::RegularTileIterator<cutlass::MatrixShape<(int)128, (int)8>, float, cutlass::layout::ColumnMajor, (int)1, cutlass::transform::TransposePitchLinearThreadMapSimt<cutlass::transform::PitchLinearStripminedThreadMap<cutlass::PitchLinearShape<(int)8, (int)128>, (int)256, (int)1>>, (int)4>, cutlass::transform::threadblock::PredicatedTileIterator<cutlass::MatrixShape<(int)8, (int)128>, float, cutlass::layout::RowMajor, (int)0, cutlass::transform::PitchLinearStripminedThreadMap<cutlass::PitchLinearShape<(int)128, (int)8>, (int)256, (int)1>, (int)1, (bool)0, cutlass::layout::NoPermute>, cutlass::transform::threadblock::RegularTileIterator<cutlass::MatrixShape<(int)8, (int)128>, float, cutlass::layout::RowMajor, (int)0, cutlass::transform::PitchLinearStripminedThreadMap<cutlass::PitchLinearShape<(int)128, (int)8>, (int)256, (int)1>, (int)4>, float, cutlass::layout::RowMajor, cutlass::gemm::threadblock::MmaPolicy<cutlass::gemm::warp::MmaSimt<cutlass::gemm::GemmShape<(int)32, (int)64, (int)8>, float, cutlass::layout::ColumnMajor, float, cutlass::layout::RowMajor, float, cutlass::layout::RowMajor, cutlass::gemm::warp::MmaSimtPolicy<cutlass::MatrixShape<(int)4, (int)8>, cutlass::layout::RowMajorInterleaved<(int)2>, cutlass::gemm::GemmShape<(int)4, (int)4, (int)1>>, (int)1, (cutlass::ComplexTransform)0, (cutlass::ComplexTransform)0, bool>, cutlass::MatrixShape<(int)4, (int)0>, cutlass::MatrixShape<(int)0, (int)0>, (int)1>, cutlass::NumericArrayConverter<float, float, (int)4, (cutlass::FloatRoundStyle)2, cutlass::transform::thread::UnaryTransform::Identity>, cutlass::NumericArrayConverter<float, float, (int)4, (cutlass::FloatRoundStyle)2, cutlass::transform::thread::UnaryTransform::Identity>, bool>, cutlass::epilogue::threadblock::Epilogue<cutlass::gemm::GemmShape<(int)128, (int)128, (int)8>, cutlass::gemm::warp::MmaSimt<cutlass::gemm::GemmShape<(int)32, (int)64, (int)8>, float, cutlass::layout::ColumnMajor, float, cutlass::layout::RowMajor, float, cutlass::layout::RowMajor, cutlass::gemm::warp::MmaSimtPolicy<cutlass::MatrixShape<(int)4, (int)8>, cutlass::layout::RowMajorInterleaved<(int)2>, cutlass::gemm::GemmShape<(int)4, (int)4, (int)1>>, (int)1, (cutlass::ComplexTransform)0, (cutlass::ComplexTransform)0, bool>, (int)1, cutlass::epilogue::threadblock::PredicatedTileIterator<cutlass::epilogue::threadblock::OutputTileOptimalThreadMap<cutlass::epilogue::threadblock::OutputTileShape<(int)128, (int)1, (int)4, (int)4, (int)1>, cutlass::epilogue::threadblock::OutputTileShape<(int)1, (int)4, (int)2, (int)1, (int)8>, (int)256, (int)1, (int)32>, float, (bool)0, cutlass::layout::NoPermute, (bool)0>, cutlass::epilogue::warp::FragmentIteratorSimt<cutlass::gemm::GemmShape<(int)32, (int)64, (int)8>, cutlass::gemm::thread::Mma<cutlass::gemm::GemmShape<(int)8, (int)8, (int)1>, float, cutlass::layout::ColumnMajor, float, cutlass::layout::RowMajor, float, cutlass::layout::RowMajor, cutlass::arch::OpMultiplyAdd, bool>, cutlass::layout::RowMajor, cutlass::gemm::warp::MmaSimtPolicy<cutlass::MatrixShape<(int)4, (int)8>, cutlass::layout::RowMajorInterleaved<(int)2>, cutlass::gemm::GemmShape<(int)4, (int)4, (int)1>>>, cutlass::epilogue::warp::TileIteratorSimt<cutlass::gemm::GemmShape<(int)32, (int)64, (int)8>, cutlass::gemm::thread::Mma<cutlass::gemm::GemmShape<(int)8, (int)8, (int)1>, float, cutlass::layout::ColumnMajor, float, cutlass::layout::RowMajor, float, cutlass::layout::RowMajor, cutlass::arch::OpMultiplyAdd, bool>, float, cutlass::layout::RowMajor, cutlass::gemm::warp::MmaSimtPolicy<cutlass::MatrixShape<(int)4, (int)8>, cutlass::layout::RowMajorInterleaved<(int)2>, cutlass::gemm::GemmShape<(int)4, (int)4, (int)1>>>, cutlass::epilogue::threadblock::SharedLoadIterator<cutlass::epilogue::threadblock::OutputTileOptimalThreadMap<cutlass::epilogue::threadblock::OutputTileShape<(int)128, (int)1, (int)4, (int)4, (int)1>, cutlass::epilogue::threadblock::OutputTileShape<(int)1, (int)4, (int)2, (int)1, (int)8>, (int)256, (int)1, (int)32>::CompactedThreadMap, float, (int)4>, cutlass::epilogue::thread::LinearCombination<float, (int)1, float, float, (cutlass::epilogue::thread::ScaleType::Kind)0, (cutlass::FloatRoundStyle)2, float>, cutlass::MatrixShape<(int)0, (int)17>, (int)1, (int)1>, cutlass::gemm::threadblock::GemmBatchedIdentityThreadblockSwizzle, (cutlass::gemm::kernel::GroupScheduleMode)0, (bool)0>>(T1::Params)"
1475083687,16064,1254,512,1,1,256,1,1,40,0.000,0.000,,,,,NVIDIA GeForce RTX 3080 (0),1,,13,"void raggedroute::benchmark::library_baseline::<unnamed>::finalize_routing<(bool)1>(const float *, float *, const float *, const int *, int, int, int)"
1475102439,7935,1260,1,16,9,128,1,1,86,0.033,0.000,,,,,NVIDIA GeForce RTX 3080 (0),1,,13,ampere_sgemm_32x32_sliced1x4_nn
1475117094,1920,1263,1,32,1,32,16,1,43,0.000,0.000,,,,,NVIDIA GeForce RTX 3080 (0),1,,13,"void cublasLt::splitKreduce_kernel<(int)32, (int)16, int, float, float, float, float, (bool)0, float, float, float, (bool)1, (bool)0, (bool)0, (bool)0>(cublasLt::cublasSplitKParams<T6>, const T4 *, const T10 *, T9 *, T5 *, const T6 *, const T6 *, const T11 *, const T4 *, T11 *, void *, long long, T6 *, int *, T6 *, T6 *, const T6 *, const T6 *, const T6 *, const T6 *, const T6 *)"
1475121702,10976,1266,512,1,1,32,1,1,32,0.001,0.000,,,,,NVIDIA GeForce RTX 3080 (0),1,,13,"raggedroute::benchmark::library_baseline::<unnamed>::cub_block_radix_top2_kernel(const float *, int *, float *, int, int)"
1475135142,1152,1280,1,1,1,256,1,1,16,0.000,0.000,,,,,NVIDIA GeForce RTX 3080 (0),1,,13,"void cub::_V_300304_SM_860::detail::histogram::DeviceHistogramInitKernel<cub::_V_300304_SM_860::detail::histogram::policy_hub<int, int, (int)1, (int)1, (bool)1>::Policy1000, (int)1, int, int>(cuda::std::__4::array<int, T2>, cuda::std::__4::array<T3 *, T2>, cub::_V_300304_SM_860::GridQueue<int>)"
1475138822,5536,1283,1,1,1,384,1,1,54,0.001,0.000,,,,,NVIDIA GeForce RTX 3080 (0),1,,13,"void cub::_V_300304_SM_860::detail::histogram::DeviceHistogramSweepKernel<cub::_V_300304_SM_860::detail::histogram::policy_hub<int, int, (int)1, (int)1, (bool)1>::Policy1000, (int)256, (int)1, (int)1, const int *, int, cub::_V_300304_SM_860::detail::histogram::Transforms<int, int, int>::ScaleTransform, cub::_V_300304_SM_860::detail::histogram::Transforms<int, int, int>::PassThruTransform, int>(T5, cuda::std::__4::array<int, T4>, cuda::std::__4::array<int, T4>, cuda::std::__4::array<T6 *, T4>, cuda::std::__4::array<T6 *, T4>, cuda::std::__4::array<T8, T4>, cuda::std::__4::array<T7, T4>, T9, T9, T9, int, cub::_V_300304_SM_860::GridQueue<int>)"
1475147014,1472,1290,1,1,1,128,1,1,16,0.001,0.000,,,,,NVIDIA GeForce RTX 3080 (0),1,,13,"void raggedroute::benchmark::library_baseline::<unnamed>::block_scan_kernel<(int)128>(const int *, int *, int)"
1475151206,4671,1301,1,1,1,256,1,1,128,0.034,0.000,,,,,NVIDIA GeForce RTX 3080 (0),1,,13,"void cub::_V_300304_SM_860::detail::radix_sort::DeviceRadixSortSingleTileKernel<cub::_V_300304_SM_860::detail::radix_sort::policy_selector_from_types<int, int, unsigned int>, (cub::_V_300304_SM_860::SortOrder)0, int, int, unsigned int, cub::_V_300304_SM_860::detail::identity_decomposer_t>(const T3 *, T3 *, const T4 *, T4 *, T5, int, int, T6)"
1475158437,2880,1307,1,1,1,256,1,1,16,0.000,0.000,,,,,NVIDIA GeForce RTX 3080 (0),1,,13,"raggedroute::benchmark::library_baseline::<unnamed>::compute_expert_offsets(const int *, int, int, long long *)"
1475163909,3648,1314,1024,1,1,256,1,1,18,0.000,0.000,,,,,NVIDIA GeForce RTX 3080 (0),1,,13,"void raggedroute::benchmark::library_baseline::<unnamed>::expand_rows<(bool)1>(const float *, float *, const int *, int *, int *, int, int, int)"
1475172485,196028,1317,68,1,1,256,1,1,144,0.000,0.017,,,,,NVIDIA GeForce RTX 3080 (0),1,,13,"void cutlass::Kernel<cutlass::gemm::kernel::GemmGrouped<cutlass::gemm::threadblock::MmaPipelined<cutlass::gemm::GemmShape<(int)128, (int)128, (int)8>, cutlass::transform::threadblock::PredicatedTileIterator<cutlass::MatrixShape<(int)128, (int)8>, float, cutlass::layout::RowMajor, (int)1, cutlass::transform::PitchLinearStripminedThreadMap<cutlass::PitchLinearShape<(int)8, (int)128>, (int)256, (int)1>, (int)1, (bool)0, cutlass::layout::NoPermute>, cutlass::transform::threadblock::RegularTileIterator<cutlass::MatrixShape<(int)128, (int)8>, float, cutlass::layout::ColumnMajor, (int)1, cutlass::transform::TransposePitchLinearThreadMapSimt<cutlass::transform::PitchLinearStripminedThreadMap<cutlass::PitchLinearShape<(int)8, (int)128>, (int)256, (int)1>>, (int)4>, cutlass::transform::threadblock::PredicatedTileIterator<cutlass::MatrixShape<(int)8, (int)128>, float, cutlass::layout::RowMajor, (int)0, cutlass::transform::PitchLinearStripminedThreadMap<cutlass::PitchLinearShape<(int)128, (int)8>, (int)256, (int)1>, (int)1, (bool)0, cutlass::layout::NoPermute>, cutlass::transform::threadblock::RegularTileIterator<cutlass::MatrixShape<(int)8, (int)128>, float, cutlass::layout::RowMajor, (int)0, cutlass::transform::PitchLinearStripminedThreadMap<cutlass::PitchLinearShape<(int)128, (int)8>, (int)256, (int)1>, (int)4>, float, cutlass::layout::RowMajor, cutlass::gemm::threadblock::MmaPolicy<cutlass::gemm::warp::MmaSimt<cutlass::gemm::GemmShape<(int)32, (int)64, (int)8>, float, cutlass::layout::ColumnMajor, float, cutlass::layout::RowMajor, float, cutlass::layout::RowMajor, cutlass::gemm::warp::MmaSimtPolicy<cutlass::MatrixShape<(int)4, (int)8>, cutlass::layout::RowMajorInterleaved<(int)2>, cutlass::gemm::GemmShape<(int)4, (int)4, (int)1>>, (int)1, (cutlass::ComplexTransform)0, (cutlass::ComplexTransform)0, bool>, cutlass::MatrixShape<(int)4, (int)0>, cutlass::MatrixShape<(int)0, (int)0>, (int)1>, cutlass::NumericArrayConverter<float, float, (int)4, (cutlass::FloatRoundStyle)2, cutlass::transform::thread::UnaryTransform::Identity>, cutlass::NumericArrayConverter<float, float, (int)4, (cutlass::FloatRoundStyle)2, cutlass::transform::thread::UnaryTransform::Identity>, bool>, cutlass::epilogue::threadblock::Epilogue<cutlass::gemm::GemmShape<(int)128, (int)128, (int)8>, cutlass::gemm::warp::MmaSimt<cutlass::gemm::GemmShape<(int)32, (int)64, (int)8>, float, cutlass::layout::ColumnMajor, float, cutlass::layout::RowMajor, float, cutlass::layout::RowMajor, cutlass::gemm::warp::MmaSimtPolicy<cutlass::MatrixShape<(int)4, (int)8>, cutlass::layout::RowMajorInterleaved<(int)2>, cutlass::gemm::GemmShape<(int)4, (int)4, (int)1>>, (int)1, (cutlass::ComplexTransform)0, (cutlass::ComplexTransform)0, bool>, (int)1, cutlass::epilogue::threadblock::PredicatedTileIterator<cutlass::epilogue::threadblock::OutputTileOptimalThreadMap<cutlass::epilogue::threadblock::OutputTileShape<(int)128, (int)1, (int)4, (int)4, (int)1>, cutlass::epilogue::threadblock::OutputTileShape<(int)1, (int)4, (int)2, (int)1, (int)8>, (int)256, (int)1, (int)32>, float, (bool)0, cutlass::layout::NoPermute, (bool)0>, cutlass::epilogue::warp::FragmentIteratorSimt<cutlass::gemm::GemmShape<(int)32, (int)64, (int)8>, cutlass::gemm::thread::Mma<cutlass::gemm::GemmShape<(int)8, (int)8, (int)1>, float, cutlass::layout::ColumnMajor, float, cutlass::layout::RowMajor, float, cutlass::layout::RowMajor, cutlass::arch::OpMultiplyAdd, bool>, cutlass::layout::RowMajor, cutlass::gemm::warp::MmaSimtPolicy<cutlass::MatrixShape<(int)4, (int)8>, cutlass::layout::RowMajorInterleaved<(int)2>, cutlass::gemm::GemmShape<(int)4, (int)4, (int)1>>>, cutlass::epilogue::warp::TileIteratorSimt<cutlass::gemm::GemmShape<(int)32, (int)64, (int)8>, cutlass::gemm::thread::Mma<cutlass::gemm::GemmShape<(int)8, (int)8, (int)1>, float, cutlass::layout::ColumnMajor, float, cutlass::layout::RowMajor, float, cutlass::layout::RowMajor, cutlass::arch::OpMultiplyAdd, bool>, float, cutlass::layout::RowMajor, cutlass::gemm::warp::MmaSimtPolicy<cutlass::MatrixShape<(int)4, (int)8>, cutlass::layout::RowMajorInterleaved<(int)2>, cutlass::gemm::GemmShape<(int)4, (int)4, (int)1>>>, cutlass::epilogue::threadblock::SharedLoadIterator<cutlass::epilogue::threadblock::OutputTileOptimalThreadMap<cutlass::epilogue::threadblock::OutputTileShape<(int)128, (int)1, (int)4, (int)4, (int)1>, cutlass::epilogue::threadblock::OutputTileShape<(int)1, (int)4, (int)2, (int)1, (int)8>, (int)256, (int)1, (int)32>::CompactedThreadMap, float, (int)4>, cutlass::epilogue::thread::LinearCombination<float, (int)1, float, float, (cutlass::epilogue::thread::ScaleType::Kind)0, (cutlass::FloatRoundStyle)2, float>, cutlass::MatrixShape<(int)0, (int)17>, (int)1, (int)1>, cutlass::gemm::threadblock::GemmBatchedIdentityThreadblockSwizzle, (cutlass::gemm::kernel::GroupScheduleMode)0, (bool)0>>(T1::Params)"
1475371809,16640,1320,512,1,1,256,1,1,40,0.000,0.000,,,,,NVIDIA GeForce RTX 3080 (0),1,,13,"void raggedroute::benchmark::library_baseline::<unnamed>::finalize_routing<(bool)1>(const float *, float *, const float *, const int *, int, int, int)"
1475390945,8159,1326,1,16,9,128,1,1,86,0.033,0.000,,,,,NVIDIA GeForce RTX 3080 (0),1,,13,ampere_sgemm_32x32_sliced1x4_nn
1475401984,1952,1329,1,32,1,32,16,1,43,0.000,0.000,,,,,NVIDIA GeForce RTX 3080 (0),1,,13,"void cublasLt::splitKreduce_kernel<(int)32, (int)16, int, float, float, float, float, (bool)0, float, float, float, (bool)1, (bool)0, (bool)0, (bool)0>(cublasLt::cublasSplitKParams<T6>, const T4 *, const T10 *, T9 *, T5 *, const T6 *, const T6 *, const T11 *, const T4 *, T11 *, void *, long long, T6 *, int *, T6 *, T6 *, const T6 *, const T6 *, const T6 *, const T6 *, const T6 *)"
1475407520,11040,1332,512,1,1,32,1,1,32,0.001,0.000,,,,,NVIDIA GeForce RTX 3080 (0),1,,13,"raggedroute::benchmark::library_baseline::<unnamed>::cub_block_radix_top2_kernel(const float *, int *, float *, int, int)"
1475421376,1120,1346,1,1,1,256,1,1,16,0.000,0.000,,,,,NVIDIA GeForce RTX 3080 (0),1,,13,"void cub::_V_300304_SM_860::detail::histogram::DeviceHistogramInitKernel<cub::_V_300304_SM_860::detail::histogram::policy_hub<int, int, (int)1, (int)1, (bool)1>::Policy1000, (int)1, int, int>(cuda::std::__4::array<int, T2>, cuda::std::__4::array<T3 *, T2>, cub::_V_300304_SM_860::GridQueue<int>)"
1475425088,5536,1349,1,1,1,384,1,1,54,0.001,0.000,,,,,NVIDIA GeForce RTX 3080 (0),1,,13,"void cub::_V_300304_SM_860::detail::histogram::DeviceHistogramSweepKernel<cub::_V_300304_SM_860::detail::histogram::policy_hub<int, int, (int)1, (int)1, (bool)1>::Policy1000, (int)256, (int)1, (int)1, const int *, int, cub::_V_300304_SM_860::detail::histogram::Transforms<int, int, int>::ScaleTransform, cub::_V_300304_SM_860::detail::histogram::Transforms<int, int, int>::PassThruTransform, int>(T5, cuda::std::__4::array<int, T4>, cuda::std::__4::array<int, T4>, cuda::std::__4::array<T6 *, T4>, cuda::std::__4::array<T6 *, T4>, cuda::std::__4::array<T8, T4>, cuda::std::__4::array<T7, T4>, T9, T9, T9, int, cub::_V_300304_SM_860::GridQueue<int>)"
1475433152,1472,1356,1,1,1,128,1,1,16,0.001,0.000,,,,,NVIDIA GeForce RTX 3080 (0),1,,13,"void raggedroute::benchmark::library_baseline::<unnamed>::block_scan_kernel<(int)128>(const int *, int *, int)"
1475437248,4672,1367,1,1,1,256,1,1,128,0.034,0.000,,,,,NVIDIA GeForce RTX 3080 (0),1,,13,"void cub::_V_300304_SM_860::detail::radix_sort::DeviceRadixSortSingleTileKernel<cub::_V_300304_SM_860::detail::radix_sort::policy_selector_from_types<int, int, unsigned int>, (cub::_V_300304_SM_860::SortOrder)0, int, int, unsigned int, cub::_V_300304_SM_860::detail::identity_decomposer_t>(const T3 *, T3 *, const T4 *, T4 *, T5, int, int, T6)"
1475444479,2880,1373,1,1,1,256,1,1,16,0.000,0.000,,,,,NVIDIA GeForce RTX 3080 (0),1,,13,"raggedroute::benchmark::library_baseline::<unnamed>::compute_expert_offsets(const int *, int, int, long long *)"
1475449823,3680,1380,1024,1,1,256,1,1,18,0.000,0.000,,,,,NVIDIA GeForce RTX 3080 (0),1,,13,"void raggedroute::benchmark::library_baseline::<unnamed>::expand_rows<(bool)1>(const float *, float *, const int *, int *, int *, int, int, int)"
1475456767,196124,1383,68,1,1,256,1,1,144,0.000,0.017,,,,,NVIDIA GeForce RTX 3080 (0),1,,13,"void cutlass::Kernel<cutlass::gemm::kernel::GemmGrouped<cutlass::gemm::threadblock::MmaPipelined<cutlass::gemm::GemmShape<(int)128, (int)128, (int)8>, cutlass::transform::threadblock::PredicatedTileIterator<cutlass::MatrixShape<(int)128, (int)8>, float, cutlass::layout::RowMajor, (int)1, cutlass::transform::PitchLinearStripminedThreadMap<cutlass::PitchLinearShape<(int)8, (int)128>, (int)256, (int)1>, (int)1, (bool)0, cutlass::layout::NoPermute>, cutlass::transform::threadblock::RegularTileIterator<cutlass::MatrixShape<(int)128, (int)8>, float, cutlass::layout::ColumnMajor, (int)1, cutlass::transform::TransposePitchLinearThreadMapSimt<cutlass::transform::PitchLinearStripminedThreadMap<cutlass::PitchLinearShape<(int)8, (int)128>, (int)256, (int)1>>, (int)4>, cutlass::transform::threadblock::PredicatedTileIterator<cutlass::MatrixShape<(int)8, (int)128>, float, cutlass::layout::RowMajor, (int)0, cutlass::transform::PitchLinearStripminedThreadMap<cutlass::PitchLinearShape<(int)128, (int)8>, (int)256, (int)1>, (int)1, (bool)0, cutlass::layout::NoPermute>, cutlass::transform::threadblock::RegularTileIterator<cutlass::MatrixShape<(int)8, (int)128>, float, cutlass::layout::RowMajor, (int)0, cutlass::transform::PitchLinearStripminedThreadMap<cutlass::PitchLinearShape<(int)128, (int)8>, (int)256, (int)1>, (int)4>, float, cutlass::layout::RowMajor, cutlass::gemm::threadblock::MmaPolicy<cutlass::gemm::warp::MmaSimt<cutlass::gemm::GemmShape<(int)32, (int)64, (int)8>, float, cutlass::layout::ColumnMajor, float, cutlass::layout::RowMajor, float, cutlass::layout::RowMajor, cutlass::gemm::warp::MmaSimtPolicy<cutlass::MatrixShape<(int)4, (int)8>, cutlass::layout::RowMajorInterleaved<(int)2>, cutlass::gemm::GemmShape<(int)4, (int)4, (int)1>>, (int)1, (cutlass::ComplexTransform)0, (cutlass::ComplexTransform)0, bool>, cutlass::MatrixShape<(int)4, (int)0>, cutlass::MatrixShape<(int)0, (int)0>, (int)1>, cutlass::NumericArrayConverter<float, float, (int)4, (cutlass::FloatRoundStyle)2, cutlass::transform::thread::UnaryTransform::Identity>, cutlass::NumericArrayConverter<float, float, (int)4, (cutlass::FloatRoundStyle)2, cutlass::transform::thread::UnaryTransform::Identity>, bool>, cutlass::epilogue::threadblock::Epilogue<cutlass::gemm::GemmShape<(int)128, (int)128, (int)8>, cutlass::gemm::warp::MmaSimt<cutlass::gemm::GemmShape<(int)32, (int)64, (int)8>, float, cutlass::layout::ColumnMajor, float, cutlass::layout::RowMajor, float, cutlass::layout::RowMajor, cutlass::gemm::warp::MmaSimtPolicy<cutlass::MatrixShape<(int)4, (int)8>, cutlass::layout::RowMajorInterleaved<(int)2>, cutlass::gemm::GemmShape<(int)4, (int)4, (int)1>>, (int)1, (cutlass::ComplexTransform)0, (cutlass::ComplexTransform)0, bool>, (int)1, cutlass::epilogue::threadblock::PredicatedTileIterator<cutlass::epilogue::threadblock::OutputTileOptimalThreadMap<cutlass::epilogue::threadblock::OutputTileShape<(int)128, (int)1, (int)4, (int)4, (int)1>, cutlass::epilogue::threadblock::OutputTileShape<(int)1, (int)4, (int)2, (int)1, (int)8>, (int)256, (int)1, (int)32>, float, (bool)0, cutlass::layout::NoPermute, (bool)0>, cutlass::epilogue::warp::FragmentIteratorSimt<cutlass::gemm::GemmShape<(int)32, (int)64, (int)8>, cutlass::gemm::thread::Mma<cutlass::gemm::GemmShape<(int)8, (int)8, (int)1>, float, cutlass::layout::ColumnMajor, float, cutlass::layout::RowMajor, float, cutlass::layout::RowMajor, cutlass::arch::OpMultiplyAdd, bool>, cutlass::layout::RowMajor, cutlass::gemm::warp::MmaSimtPolicy<cutlass::MatrixShape<(int)4, (int)8>, cutlass::layout::RowMajorInterleaved<(int)2>, cutlass::gemm::GemmShape<(int)4, (int)4, (int)1>>>, cutlass::epilogue::warp::TileIteratorSimt<cutlass::gemm::GemmShape<(int)32, (int)64, (int)8>, cutlass::gemm::thread::Mma<cutlass::gemm::GemmShape<(int)8, (int)8, (int)1>, float, cutlass::layout::ColumnMajor, float, cutlass::layout::RowMajor, float, cutlass::layout::RowMajor, cutlass::arch::OpMultiplyAdd, bool>, float, cutlass::layout::RowMajor, cutlass::gemm::warp::MmaSimtPolicy<cutlass::MatrixShape<(int)4, (int)8>, cutlass::layout::RowMajorInterleaved<(int)2>, cutlass::gemm::GemmShape<(int)4, (int)4, (int)1>>>, cutlass::epilogue::threadblock::SharedLoadIterator<cutlass::epilogue::threadblock::OutputTileOptimalThreadMap<cutlass::epilogue::threadblock::OutputTileShape<(int)128, (int)1, (int)4, (int)4, (int)1>, cutlass::epilogue::threadblock::OutputTileShape<(int)1, (int)4, (int)2, (int)1, (int)8>, (int)256, (int)1, (int)32>::CompactedThreadMap, float, (int)4>, cutlass::epilogue::thread::LinearCombination<float, (int)1, float, float, (cutlass::epilogue::thread::ScaleType::Kind)0, (cutlass::FloatRoundStyle)2, float>, cutlass::MatrixShape<(int)0, (int)17>, (int)1, (int)1>, cutlass::gemm::threadblock::GemmBatchedIdentityThreadblockSwizzle, (cutlass::gemm::kernel::GroupScheduleMode)0, (bool)0>>(T1::Params)"
1475657915,16224,1386,512,1,1,256,1,1,40,0.000,0.000,,,,,NVIDIA GeForce RTX 3080 (0),1,,13,"void raggedroute::benchmark::library_baseline::<unnamed>::finalize_routing<(bool)1>(const float *, float *, const float *, const int *, int, int, int)"
1475676859,8000,1392,1,16,9,128,1,1,86,0.033,0.000,,,,,NVIDIA GeForce RTX 3080 (0),1,,13,ampere_sgemm_32x32_sliced1x4_nn
1475687451,1951,1395,1,32,1,32,16,1,43,0.000,0.000,,,,,NVIDIA GeForce RTX 3080 (0),1,,13,"void cublasLt::splitKreduce_kernel<(int)32, (int)16, int, float, float, float, float, (bool)0, float, float, float, (bool)1, (bool)0, (bool)0, (bool)0>(cublasLt::cublasSplitKParams<T6>, const T4 *, const T10 *, T9 *, T5 *, const T6 *, const T6 *, const T11 *, const T4 *, T11 *, void *, long long, T6 *, int *, T6 *, T6 *, const T6 *, const T6 *, const T6 *, const T6 *, const T6 *)"
1475692090,11040,1398,512,1,1,32,1,1,32,0.001,0.000,,,,,NVIDIA GeForce RTX 3080 (0),1,,13,"raggedroute::benchmark::library_baseline::<unnamed>::cub_block_radix_top2_kernel(const float *, int *, float *, int, int)"
1475707194,1120,1412,1,1,1,256,1,1,16,0.000,0.000,,,,,NVIDIA GeForce RTX 3080 (0),1,,13,"void cub::_V_300304_SM_860::detail::histogram::DeviceHistogramInitKernel<cub::_V_300304_SM_860::detail::histogram::policy_hub<int, int, (int)1, (int)1, (bool)1>::Policy1000, (int)1, int, int>(cuda::std::__4::array<int, T2>, cuda::std::__4::array<T3 *, T2>, cub::_V_300304_SM_860::GridQueue<int>)"
1475711034,5472,1415,1,1,1,384,1,1,54,0.001,0.000,,,,,NVIDIA GeForce RTX 3080 (0),1,,13,"void cub::_V_300304_SM_860::detail::histogram::DeviceHistogramSweepKernel<cub::_V_300304_SM_860::detail::histogram::policy_hub<int, int, (int)1, (int)1, (bool)1>::Policy1000, (int)256, (int)1, (int)1, const int *, int, cub::_V_300304_SM_860::detail::histogram::Transforms<int, int, int>::ScaleTransform, cub::_V_300304_SM_860::detail::histogram::Transforms<int, int, int>::PassThruTransform, int>(T5, cuda::std::__4::array<int, T4>, cuda::std::__4::array<int, T4>, cuda::std::__4::array<T6 *, T4>, cuda::std::__4::array<T6 *, T4>, cuda::std::__4::array<T8, T4>, cuda::std::__4::array<T7, T4>, T9, T9, T9, int, cub::_V_300304_SM_860::GridQueue<int>)"
1475719130,1472,1422,1,1,1,128,1,1,16,0.001,0.000,,,,,NVIDIA GeForce RTX 3080 (0),1,,13,"void raggedroute::benchmark::library_baseline::<unnamed>::block_scan_kernel<(int)128>(const int *, int *, int)"
1475723226,4672,1433,1,1,1,256,1,1,128,0.034,0.000,,,,,NVIDIA GeForce RTX 3080 (0),1,,13,"void cub::_V_300304_SM_860::detail::radix_sort::DeviceRadixSortSingleTileKernel<cub::_V_300304_SM_860::detail::radix_sort::policy_selector_from_types<int, int, unsigned int>, (cub::_V_300304_SM_860::SortOrder)0, int, int, unsigned int, cub::_V_300304_SM_860::detail::identity_decomposer_t>(const T3 *, T3 *, const T4 *, T4 *, T5, int, int, T6)"
1475730490,2880,1439,1,1,1,256,1,1,16,0.000,0.000,,,,,NVIDIA GeForce RTX 3080 (0),1,,13,"raggedroute::benchmark::library_baseline::<unnamed>::compute_expert_offsets(const int *, int, int, long long *)"
1475735898,3615,1446,1024,1,1,256,1,1,18,0.000,0.000,,,,,NVIDIA GeForce RTX 3080 (0),1,,13,"void raggedroute::benchmark::library_baseline::<unnamed>::expand_rows<(bool)1>(const float *, float *, const int *, int *, int *, int, int, int)"
1475743065,195900,1449,68,1,1,256,1,1,144,0.000,0.017,,,,,NVIDIA GeForce RTX 3080 (0),1,,13,"void cutlass::Kernel<cutlass::gemm::kernel::GemmGrouped<cutlass::gemm::threadblock::MmaPipelined<cutlass::gemm::GemmShape<(int)128, (int)128, (int)8>, cutlass::transform::threadblock::PredicatedTileIterator<cutlass::MatrixShape<(int)128, (int)8>, float, cutlass::layout::RowMajor, (int)1, cutlass::transform::PitchLinearStripminedThreadMap<cutlass::PitchLinearShape<(int)8, (int)128>, (int)256, (int)1>, (int)1, (bool)0, cutlass::layout::NoPermute>, cutlass::transform::threadblock::RegularTileIterator<cutlass::MatrixShape<(int)128, (int)8>, float, cutlass::layout::ColumnMajor, (int)1, cutlass::transform::TransposePitchLinearThreadMapSimt<cutlass::transform::PitchLinearStripminedThreadMap<cutlass::PitchLinearShape<(int)8, (int)128>, (int)256, (int)1>>, (int)4>, cutlass::transform::threadblock::PredicatedTileIterator<cutlass::MatrixShape<(int)8, (int)128>, float, cutlass::layout::RowMajor, (int)0, cutlass::transform::PitchLinearStripminedThreadMap<cutlass::PitchLinearShape<(int)128, (int)8>, (int)256, (int)1>, (int)1, (bool)0, cutlass::layout::NoPermute>, cutlass::transform::threadblock::RegularTileIterator<cutlass::MatrixShape<(int)8, (int)128>, float, cutlass::layout::RowMajor, (int)0, cutlass::transform::PitchLinearStripminedThreadMap<cutlass::PitchLinearShape<(int)128, (int)8>, (int)256, (int)1>, (int)4>, float, cutlass::layout::RowMajor, cutlass::gemm::threadblock::MmaPolicy<cutlass::gemm::warp::MmaSimt<cutlass::gemm::GemmShape<(int)32, (int)64, (int)8>, float, cutlass::layout::ColumnMajor, float, cutlass::layout::RowMajor, float, cutlass::layout::RowMajor, cutlass::gemm::warp::MmaSimtPolicy<cutlass::MatrixShape<(int)4, (int)8>, cutlass::layout::RowMajorInterleaved<(int)2>, cutlass::gemm::GemmShape<(int)4, (int)4, (int)1>>, (int)1, (cutlass::ComplexTransform)0, (cutlass::ComplexTransform)0, bool>, cutlass::MatrixShape<(int)4, (int)0>, cutlass::MatrixShape<(int)0, (int)0>, (int)1>, cutlass::NumericArrayConverter<float, float, (int)4, (cutlass::FloatRoundStyle)2, cutlass::transform::thread::UnaryTransform::Identity>, cutlass::NumericArrayConverter<float, float, (int)4, (cutlass::FloatRoundStyle)2, cutlass::transform::thread::UnaryTransform::Identity>, bool>, cutlass::epilogue::threadblock::Epilogue<cutlass::gemm::GemmShape<(int)128, (int)128, (int)8>, cutlass::gemm::warp::MmaSimt<cutlass::gemm::GemmShape<(int)32, (int)64, (int)8>, float, cutlass::layout::ColumnMajor, float, cutlass::layout::RowMajor, float, cutlass::layout::RowMajor, cutlass::gemm::warp::MmaSimtPolicy<cutlass::MatrixShape<(int)4, (int)8>, cutlass::layout::RowMajorInterleaved<(int)2>, cutlass::gemm::GemmShape<(int)4, (int)4, (int)1>>, (int)1, (cutlass::ComplexTransform)0, (cutlass::ComplexTransform)0, bool>, (int)1, cutlass::epilogue::threadblock::PredicatedTileIterator<cutlass::epilogue::threadblock::OutputTileOptimalThreadMap<cutlass::epilogue::threadblock::OutputTileShape<(int)128, (int)1, (int)4, (int)4, (int)1>, cutlass::epilogue::threadblock::OutputTileShape<(int)1, (int)4, (int)2, (int)1, (int)8>, (int)256, (int)1, (int)32>, float, (bool)0, cutlass::layout::NoPermute, (bool)0>, cutlass::epilogue::warp::FragmentIteratorSimt<cutlass::gemm::GemmShape<(int)32, (int)64, (int)8>, cutlass::gemm::thread::Mma<cutlass::gemm::GemmShape<(int)8, (int)8, (int)1>, float, cutlass::layout::ColumnMajor, float, cutlass::layout::RowMajor, float, cutlass::layout::RowMajor, cutlass::arch::OpMultiplyAdd, bool>, cutlass::layout::RowMajor, cutlass::gemm::warp::MmaSimtPolicy<cutlass::MatrixShape<(int)4, (int)8>, cutlass::layout::RowMajorInterleaved<(int)2>, cutlass::gemm::GemmShape<(int)4, (int)4, (int)1>>>, cutlass::epilogue::warp::TileIteratorSimt<cutlass::gemm::GemmShape<(int)32, (int)64, (int)8>, cutlass::gemm::thread::Mma<cutlass::gemm::GemmShape<(int)8, (int)8, (int)1>, float, cutlass::layout::ColumnMajor, float, cutlass::layout::RowMajor, float, cutlass::layout::RowMajor, cutlass::arch::OpMultiplyAdd, bool>, float, cutlass::layout::RowMajor, cutlass::gemm::warp::MmaSimtPolicy<cutlass::MatrixShape<(int)4, (int)8>, cutlass::layout::RowMajorInterleaved<(int)2>, cutlass::gemm::GemmShape<(int)4, (int)4, (int)1>>>, cutlass::epilogue::threadblock::SharedLoadIterator<cutlass::epilogue::threadblock::OutputTileOptimalThreadMap<cutlass::epilogue::threadblock::OutputTileShape<(int)128, (int)1, (int)4, (int)4, (int)1>, cutlass::epilogue::threadblock::OutputTileShape<(int)1, (int)4, (int)2, (int)1, (int)8>, (int)256, (int)1, (int)32>::CompactedThreadMap, float, (int)4>, cutlass::epilogue::thread::LinearCombination<float, (int)1, float, float, (cutlass::epilogue::thread::ScaleType::Kind)0, (cutlass::FloatRoundStyle)2, float>, cutlass::MatrixShape<(int)0, (int)17>, (int)1, (int)1>, cutlass::gemm::threadblock::GemmBatchedIdentityThreadblockSwizzle, (cutlass::gemm::kernel::GroupScheduleMode)0, (bool)0>>(T1::Params)"
1475942293,16128,1452,512,1,1,256,1,1,40,0.000,0.000,,,,,NVIDIA GeForce RTX 3080 (0),1,,13,"void raggedroute::benchmark::library_baseline::<unnamed>::finalize_routing<(bool)1>(const float *, float *, const float *, const int *, int, int, int)"
1475962133,8032,1458,1,16,9,128,1,1,86,0.033,0.000,,,,,NVIDIA GeForce RTX 3080 (0),1,,13,ampere_sgemm_32x32_sliced1x4_nn
1475972725,1952,1461,1,32,1,32,16,1,43,0.000,0.000,,,,,NVIDIA GeForce RTX 3080 (0),1,,13,"void cublasLt::splitKreduce_kernel<(int)32, (int)16, int, float, float, float, float, (bool)0, float, float, float, (bool)1, (bool)0, (bool)0, (bool)0>(cublasLt::cublasSplitKParams<T6>, const T4 *, const T10 *, T9 *, T5 *, const T6 *, const T6 *, const T11 *, const T4 *, T11 *, void *, long long, T6 *, int *, T6 *, T6 *, const T6 *, const T6 *, const T6 *, const T6 *, const T6 *)"
1475977301,11039,1464,512,1,1,32,1,1,32,0.001,0.000,,,,,NVIDIA GeForce RTX 3080 (0),1,,13,"raggedroute::benchmark::library_baseline::<unnamed>::cub_block_radix_top2_kernel(const float *, int *, float *, int, int)"
1475990804,1152,1478,1,1,1,256,1,1,16,0.000,0.000,,,,,NVIDIA GeForce RTX 3080 (0),1,,13,"void cub::_V_300304_SM_860::detail::histogram::DeviceHistogramInitKernel<cub::_V_300304_SM_860::detail::histogram::policy_hub<int, int, (int)1, (int)1, (bool)1>::Policy1000, (int)1, int, int>(cuda::std::__4::array<int, T2>, cuda::std::__4::array<T3 *, T2>, cub::_V_300304_SM_860::GridQueue<int>)"
1475995476,5536,1481,1,1,1,384,1,1,54,0.001,0.000,,,,,NVIDIA GeForce RTX 3080 (0),1,,13,"void cub::_V_300304_SM_860::detail::histogram::DeviceHistogramSweepKernel<cub::_V_300304_SM_860::detail::histogram::policy_hub<int, int, (int)1, (int)1, (bool)1>::Policy1000, (int)256, (int)1, (int)1, const int *, int, cub::_V_300304_SM_860::detail::histogram::Transforms<int, int, int>::ScaleTransform, cub::_V_300304_SM_860::detail::histogram::Transforms<int, int, int>::PassThruTransform, int>(T5, cuda::std::__4::array<int, T4>, cuda::std::__4::array<int, T4>, cuda::std::__4::array<T6 *, T4>, cuda::std::__4::array<T6 *, T4>, cuda::std::__4::array<T8, T4>, cuda::std::__4::array<T7, T4>, T9, T9, T9, int, cub::_V_300304_SM_860::GridQueue<int>)"
1476003828,1472,1488,1,1,1,128,1,1,16,0.001,0.000,,,,,NVIDIA GeForce RTX 3080 (0),1,,13,"void raggedroute::benchmark::library_baseline::<unnamed>::block_scan_kernel<(int)128>(const int *, int *, int)"
1476007860,4640,1499,1,1,1,256,1,1,128,0.034,0.000,,,,,NVIDIA GeForce RTX 3080 (0),1,,13,"void cub::_V_300304_SM_860::detail::radix_sort::DeviceRadixSortSingleTileKernel<cub::_V_300304_SM_860::detail::radix_sort::policy_selector_from_types<int, int, unsigned int>, (cub::_V_300304_SM_860::SortOrder)0, int, int, unsigned int, cub::_V_300304_SM_860::detail::identity_decomposer_t>(const T3 *, T3 *, const T4 *, T4 *, T5, int, int, T6)"
1476015188,2912,1505,1,1,1,256,1,1,16,0.000,0.000,,,,,NVIDIA GeForce RTX 3080 (0),1,,13,"raggedroute::benchmark::library_baseline::<unnamed>::compute_expert_offsets(const int *, int, int, long long *)"
1476020724,3648,1512,1024,1,1,256,1,1,18,0.000,0.000,,,,,NVIDIA GeForce RTX 3080 (0),1,,13,"void raggedroute::benchmark::library_baseline::<unnamed>::expand_rows<(bool)1>(const float *, float *, const int *, int *, int *, int, int, int)"
1476027860,196028,1515,68,1,1,256,1,1,144,0.000,0.017,,,,,NVIDIA GeForce RTX 3080 (0),1,,13,"void cutlass::Kernel<cutlass::gemm::kernel::GemmGrouped<cutlass::gemm::threadblock::MmaPipelined<cutlass::gemm::GemmShape<(int)128, (int)128, (int)8>, cutlass::transform::threadblock::PredicatedTileIterator<cutlass::MatrixShape<(int)128, (int)8>, float, cutlass::layout::RowMajor, (int)1, cutlass::transform::PitchLinearStripminedThreadMap<cutlass::PitchLinearShape<(int)8, (int)128>, (int)256, (int)1>, (int)1, (bool)0, cutlass::layout::NoPermute>, cutlass::transform::threadblock::RegularTileIterator<cutlass::MatrixShape<(int)128, (int)8>, float, cutlass::layout::ColumnMajor, (int)1, cutlass::transform::TransposePitchLinearThreadMapSimt<cutlass::transform::PitchLinearStripminedThreadMap<cutlass::PitchLinearShape<(int)8, (int)128>, (int)256, (int)1>>, (int)4>, cutlass::transform::threadblock::PredicatedTileIterator<cutlass::MatrixShape<(int)8, (int)128>, float, cutlass::layout::RowMajor, (int)0, cutlass::transform::PitchLinearStripminedThreadMap<cutlass::PitchLinearShape<(int)128, (int)8>, (int)256, (int)1>, (int)1, (bool)0, cutlass::layout::NoPermute>, cutlass::transform::threadblock::RegularTileIterator<cutlass::MatrixShape<(int)8, (int)128>, float, cutlass::layout::RowMajor, (int)0, cutlass::transform::PitchLinearStripminedThreadMap<cutlass::PitchLinearShape<(int)128, (int)8>, (int)256, (int)1>, (int)4>, float, cutlass::layout::RowMajor, cutlass::gemm::threadblock::MmaPolicy<cutlass::gemm::warp::MmaSimt<cutlass::gemm::GemmShape<(int)32, (int)64, (int)8>, float, cutlass::layout::ColumnMajor, float, cutlass::layout::RowMajor, float, cutlass::layout::RowMajor, cutlass::gemm::warp::MmaSimtPolicy<cutlass::MatrixShape<(int)4, (int)8>, cutlass::layout::RowMajorInterleaved<(int)2>, cutlass::gemm::GemmShape<(int)4, (int)4, (int)1>>, (int)1, (cutlass::ComplexTransform)0, (cutlass::ComplexTransform)0, bool>, cutlass::MatrixShape<(int)4, (int)0>, cutlass::MatrixShape<(int)0, (int)0>, (int)1>, cutlass::NumericArrayConverter<float, float, (int)4, (cutlass::FloatRoundStyle)2, cutlass::transform::thread::UnaryTransform::Identity>, cutlass::NumericArrayConverter<float, float, (int)4, (cutlass::FloatRoundStyle)2, cutlass::transform::thread::UnaryTransform::Identity>, bool>, cutlass::epilogue::threadblock::Epilogue<cutlass::gemm::GemmShape<(int)128, (int)128, (int)8>, cutlass::gemm::warp::MmaSimt<cutlass::gemm::GemmShape<(int)32, (int)64, (int)8>, float, cutlass::layout::ColumnMajor, float, cutlass::layout::RowMajor, float, cutlass::layout::RowMajor, cutlass::gemm::warp::MmaSimtPolicy<cutlass::MatrixShape<(int)4, (int)8>, cutlass::layout::RowMajorInterleaved<(int)2>, cutlass::gemm::GemmShape<(int)4, (int)4, (int)1>>, (int)1, (cutlass::ComplexTransform)0, (cutlass::ComplexTransform)0, bool>, (int)1, cutlass::epilogue::threadblock::PredicatedTileIterator<cutlass::epilogue::threadblock::OutputTileOptimalThreadMap<cutlass::epilogue::threadblock::OutputTileShape<(int)128, (int)1, (int)4, (int)4, (int)1>, cutlass::epilogue::threadblock::OutputTileShape<(int)1, (int)4, (int)2, (int)1, (int)8>, (int)256, (int)1, (int)32>, float, (bool)0, cutlass::layout::NoPermute, (bool)0>, cutlass::epilogue::warp::FragmentIteratorSimt<cutlass::gemm::GemmShape<(int)32, (int)64, (int)8>, cutlass::gemm::thread::Mma<cutlass::gemm::GemmShape<(int)8, (int)8, (int)1>, float, cutlass::layout::ColumnMajor, float, cutlass::layout::RowMajor, float, cutlass::layout::RowMajor, cutlass::arch::OpMultiplyAdd, bool>, cutlass::layout::RowMajor, cutlass::gemm::warp::MmaSimtPolicy<cutlass::MatrixShape<(int)4, (int)8>, cutlass::layout::RowMajorInterleaved<(int)2>, cutlass::gemm::GemmShape<(int)4, (int)4, (int)1>>>, cutlass::epilogue::warp::TileIteratorSimt<cutlass::gemm::GemmShape<(int)32, (int)64, (int)8>, cutlass::gemm::thread::Mma<cutlass::gemm::GemmShape<(int)8, (int)8, (int)1>, float, cutlass::layout::ColumnMajor, float, cutlass::layout::RowMajor, float, cutlass::layout::RowMajor, cutlass::arch::OpMultiplyAdd, bool>, float, cutlass::layout::RowMajor, cutlass::gemm::warp::MmaSimtPolicy<cutlass::MatrixShape<(int)4, (int)8>, cutlass::layout::RowMajorInterleaved<(int)2>, cutlass::gemm::GemmShape<(int)4, (int)4, (int)1>>>, cutlass::epilogue::threadblock::SharedLoadIterator<cutlass::epilogue::threadblock::OutputTileOptimalThreadMap<cutlass::epilogue::threadblock::OutputTileShape<(int)128, (int)1, (int)4, (int)4, (int)1>, cutlass::epilogue::threadblock::OutputTileShape<(int)1, (int)4, (int)2, (int)1, (int)8>, (int)256, (int)1, (int)32>::CompactedThreadMap, float, (int)4>, cutlass::epilogue::thread::LinearCombination<float, (int)1, float, float, (cutlass::epilogue::thread::ScaleType::Kind)0, (cutlass::FloatRoundStyle)2, float>, cutlass::MatrixShape<(int)0, (int)17>, (int)1, (int)1>, cutlass::gemm::threadblock::GemmBatchedIdentityThreadblockSwizzle, (cutlass::gemm::kernel::GroupScheduleMode)0, (bool)0>>(T1::Params)"
1476227151,16352,1518,512,1,1,256,1,1,40,0.000,0.000,,,,,NVIDIA GeForce RTX 3080 (0),1,,13,"void raggedroute::benchmark::library_baseline::<unnamed>::finalize_routing<(bool)1>(const float *, float *, const float *, const int *, int, int, int)"
1476246127,8128,1524,1,16,9,128,1,1,86,0.033,0.000,,,,,NVIDIA GeForce RTX 3080 (0),1,,13,ampere_sgemm_32x32_sliced1x4_nn
1476258255,1952,1527,1,32,1,32,16,1,43,0.000,0.000,,,,,NVIDIA GeForce RTX 3080 (0),1,,13,"void cublasLt::splitKreduce_kernel<(int)32, (int)16, int, float, float, float, float, (bool)0, float, float, float, (bool)1, (bool)0, (bool)0, (bool)0>(cublasLt::cublasSplitKParams<T6>, const T4 *, const T10 *, T9 *, T5 *, const T6 *, const T6 *, const T11 *, const T4 *, T11 *, void *, long long, T6 *, int *, T6 *, T6 *, const T6 *, const T6 *, const T6 *, const T6 *, const T6 *)"
1476262767,11007,1530,512,1,1,32,1,1,32,0.001,0.000,,,,,NVIDIA GeForce RTX 3080 (0),1,,13,"raggedroute::benchmark::library_baseline::<unnamed>::cub_block_radix_top2_kernel(const float *, int *, float *, int, int)"
1476276302,1120,1544,1,1,1,256,1,1,16,0.000,0.000,,,,,NVIDIA GeForce RTX 3080 (0),1,,13,"void cub::_V_300304_SM_860::detail::histogram::DeviceHistogramInitKernel<cub::_V_300304_SM_860::detail::histogram::policy_hub<int, int, (int)1, (int)1, (bool)1>::Policy1000, (int)1, int, int>(cuda::std::__4::array<int, T2>, cuda::std::__4::array<T3 *, T2>, cub::_V_300304_SM_860::GridQueue<int>)"
1476280206,5536,1547,1,1,1,384,1,1,54,0.001,0.000,,,,,NVIDIA GeForce RTX 3080 (0),1,,13,"void cub::_V_300304_SM_860::detail::histogram::DeviceHistogramSweepKernel<cub::_V_300304_SM_860::detail::histogram::policy_hub<int, int, (int)1, (int)1, (bool)1>::Policy1000, (int)256, (int)1, (int)1, const int *, int, cub::_V_300304_SM_860::detail::histogram::Transforms<int, int, int>::ScaleTransform, cub::_V_300304_SM_860::detail::histogram::Transforms<int, int, int>::PassThruTransform, int>(T5, cuda::std::__4::array<int, T4>, cuda::std::__4::array<int, T4>, cuda::std::__4::array<T6 *, T4>, cuda::std::__4::array<T6 *, T4>, cuda::std::__4::array<T8, T4>, cuda::std::__4::array<T7, T4>, T9, T9, T9, int, cub::_V_300304_SM_860::GridQueue<int>)"
1476288302,1504,1554,1,1,1,128,1,1,16,0.001,0.000,,,,,NVIDIA GeForce RTX 3080 (0),1,,13,"void raggedroute::benchmark::library_baseline::<unnamed>::block_scan_kernel<(int)128>(const int *, int *, int)"
1476292398,4672,1565,1,1,1,256,1,1,128,0.034,0.000,,,,,NVIDIA GeForce RTX 3080 (0),1,,13,"void cub::_V_300304_SM_860::detail::radix_sort::DeviceRadixSortSingleTileKernel<cub::_V_300304_SM_860::detail::radix_sort::policy_selector_from_types<int, int, unsigned int>, (cub::_V_300304_SM_860::SortOrder)0, int, int, unsigned int, cub::_V_300304_SM_860::detail::identity_decomposer_t>(const T3 *, T3 *, const T4 *, T4 *, T5, int, int, T6)"
1476299630,2912,1571,1,1,1,256,1,1,16,0.000,0.000,,,,,NVIDIA GeForce RTX 3080 (0),1,,13,"raggedroute::benchmark::library_baseline::<unnamed>::compute_expert_offsets(const int *, int, int, long long *)"
1476305070,3648,1578,1024,1,1,256,1,1,18,0.000,0.000,,,,,NVIDIA GeForce RTX 3080 (0),1,,13,"void raggedroute::benchmark::library_baseline::<unnamed>::expand_rows<(bool)1>(const float *, float *, const int *, int *, int *, int, int, int)"
1476313326,195932,1581,68,1,1,256,1,1,144,0.000,0.017,,,,,NVIDIA GeForce RTX 3080 (0),1,,13,"void cutlass::Kernel<cutlass::gemm::kernel::GemmGrouped<cutlass::gemm::threadblock::MmaPipelined<cutlass::gemm::GemmShape<(int)128, (int)128, (int)8>, cutlass::transform::threadblock::PredicatedTileIterator<cutlass::MatrixShape<(int)128, (int)8>, float, cutlass::layout::RowMajor, (int)1, cutlass::transform::PitchLinearStripminedThreadMap<cutlass::PitchLinearShape<(int)8, (int)128>, (int)256, (int)1>, (int)1, (bool)0, cutlass::layout::NoPermute>, cutlass::transform::threadblock::RegularTileIterator<cutlass::MatrixShape<(int)128, (int)8>, float, cutlass::layout::ColumnMajor, (int)1, cutlass::transform::TransposePitchLinearThreadMapSimt<cutlass::transform::PitchLinearStripminedThreadMap<cutlass::PitchLinearShape<(int)8, (int)128>, (int)256, (int)1>>, (int)4>, cutlass::transform::threadblock::PredicatedTileIterator<cutlass::MatrixShape<(int)8, (int)128>, float, cutlass::layout::RowMajor, (int)0, cutlass::transform::PitchLinearStripminedThreadMap<cutlass::PitchLinearShape<(int)128, (int)8>, (int)256, (int)1>, (int)1, (bool)0, cutlass::layout::NoPermute>, cutlass::transform::threadblock::RegularTileIterator<cutlass::MatrixShape<(int)8, (int)128>, float, cutlass::layout::RowMajor, (int)0, cutlass::transform::PitchLinearStripminedThreadMap<cutlass::PitchLinearShape<(int)128, (int)8>, (int)256, (int)1>, (int)4>, float, cutlass::layout::RowMajor, cutlass::gemm::threadblock::MmaPolicy<cutlass::gemm::warp::MmaSimt<cutlass::gemm::GemmShape<(int)32, (int)64, (int)8>, float, cutlass::layout::ColumnMajor, float, cutlass::layout::RowMajor, float, cutlass::layout::RowMajor, cutlass::gemm::warp::MmaSimtPolicy<cutlass::MatrixShape<(int)4, (int)8>, cutlass::layout::RowMajorInterleaved<(int)2>, cutlass::gemm::GemmShape<(int)4, (int)4, (int)1>>, (int)1, (cutlass::ComplexTransform)0, (cutlass::ComplexTransform)0, bool>, cutlass::MatrixShape<(int)4, (int)0>, cutlass::MatrixShape<(int)0, (int)0>, (int)1>, cutlass::NumericArrayConverter<float, float, (int)4, (cutlass::FloatRoundStyle)2, cutlass::transform::thread::UnaryTransform::Identity>, cutlass::NumericArrayConverter<float, float, (int)4, (cutlass::FloatRoundStyle)2, cutlass::transform::thread::UnaryTransform::Identity>, bool>, cutlass::epilogue::threadblock::Epilogue<cutlass::gemm::GemmShape<(int)128, (int)128, (int)8>, cutlass::gemm::warp::MmaSimt<cutlass::gemm::GemmShape<(int)32, (int)64, (int)8>, float, cutlass::layout::ColumnMajor, float, cutlass::layout::RowMajor, float, cutlass::layout::RowMajor, cutlass::gemm::warp::MmaSimtPolicy<cutlass::MatrixShape<(int)4, (int)8>, cutlass::layout::RowMajorInterleaved<(int)2>, cutlass::gemm::GemmShape<(int)4, (int)4, (int)1>>, (int)1, (cutlass::ComplexTransform)0, (cutlass::ComplexTransform)0, bool>, (int)1, cutlass::epilogue::threadblock::PredicatedTileIterator<cutlass::epilogue::threadblock::OutputTileOptimalThreadMap<cutlass::epilogue::threadblock::OutputTileShape<(int)128, (int)1, (int)4, (int)4, (int)1>, cutlass::epilogue::threadblock::OutputTileShape<(int)1, (int)4, (int)2, (int)1, (int)8>, (int)256, (int)1, (int)32>, float, (bool)0, cutlass::layout::NoPermute, (bool)0>, cutlass::epilogue::warp::FragmentIteratorSimt<cutlass::gemm::GemmShape<(int)32, (int)64, (int)8>, cutlass::gemm::thread::Mma<cutlass::gemm::GemmShape<(int)8, (int)8, (int)1>, float, cutlass::layout::ColumnMajor, float, cutlass::layout::RowMajor, float, cutlass::layout::RowMajor, cutlass::arch::OpMultiplyAdd, bool>, cutlass::layout::RowMajor, cutlass::gemm::warp::MmaSimtPolicy<cutlass::MatrixShape<(int)4, (int)8>, cutlass::layout::RowMajorInterleaved<(int)2>, cutlass::gemm::GemmShape<(int)4, (int)4, (int)1>>>, cutlass::epilogue::warp::TileIteratorSimt<cutlass::gemm::GemmShape<(int)32, (int)64, (int)8>, cutlass::gemm::thread::Mma<cutlass::gemm::GemmShape<(int)8, (int)8, (int)1>, float, cutlass::layout::ColumnMajor, float, cutlass::layout::RowMajor, float, cutlass::layout::RowMajor, cutlass::arch::OpMultiplyAdd, bool>, float, cutlass::layout::RowMajor, cutlass::gemm::warp::MmaSimtPolicy<cutlass::MatrixShape<(int)4, (int)8>, cutlass::layout::RowMajorInterleaved<(int)2>, cutlass::gemm::GemmShape<(int)4, (int)4, (int)1>>>, cutlass::epilogue::threadblock::SharedLoadIterator<cutlass::epilogue::threadblock::OutputTileOptimalThreadMap<cutlass::epilogue::threadblock::OutputTileShape<(int)128, (int)1, (int)4, (int)4, (int)1>, cutlass::epilogue::threadblock::OutputTileShape<(int)1, (int)4, (int)2, (int)1, (int)8>, (int)256, (int)1, (int)32>::CompactedThreadMap, float, (int)4>, cutlass::epilogue::thread::LinearCombination<float, (int)1, float, float, (cutlass::epilogue::thread::ScaleType::Kind)0, (cutlass::FloatRoundStyle)2, float>, cutlass::MatrixShape<(int)0, (int)17>, (int)1, (int)1>, cutlass::gemm::threadblock::GemmBatchedIdentityThreadblockSwizzle, (cutlass::gemm::kernel::GroupScheduleMode)0, (bool)0>>(T1::Params)"
1476512586,16159,1584,512,1,1,256,1,1,40,0.000,0.000,,,,,NVIDIA GeForce RTX 3080 (0),1,,13,"void raggedroute::benchmark::library_baseline::<unnamed>::finalize_routing<(bool)1>(const float *, float *, const float *, const int *, int, int, int)"
1476531305,8192,1590,1,16,9,128,1,1,86,0.033,0.000,,,,,NVIDIA GeForce RTX 3080 (0),1,,13,ampere_sgemm_32x32_sliced1x4_nn
1476542057,1952,1593,1,32,1,32,16,1,43,0.000,0.000,,,,,NVIDIA GeForce RTX 3080 (0),1,,13,"void cublasLt::splitKreduce_kernel<(int)32, (int)16, int, float, float, float, float, (bool)0, float, float, float, (bool)1, (bool)0, (bool)0, (bool)0>(cublasLt::cublasSplitKParams<T6>, const T4 *, const T10 *, T9 *, T5 *, const T6 *, const T6 *, const T11 *, const T4 *, T11 *, void *, long long, T6 *, int *, T6 *, T6 *, const T6 *, const T6 *, const T6 *, const T6 *, const T6 *)"
1476547657,11072,1596,512,1,1,32,1,1,32,0.001,0.000,,,,,NVIDIA GeForce RTX 3080 (0),1,,13,"raggedroute::benchmark::library_baseline::<unnamed>::cub_block_radix_top2_kernel(const float *, int *, float *, int, int)"
1476561225,1152,1610,1,1,1,256,1,1,16,0.000,0.000,,,,,NVIDIA GeForce RTX 3080 (0),1,,13,"void cub::_V_300304_SM_860::detail::histogram::DeviceHistogramInitKernel<cub::_V_300304_SM_860::detail::histogram::policy_hub<int, int, (int)1, (int)1, (bool)1>::Policy1000, (int)1, int, int>(cuda::std::__4::array<int, T2>, cuda::std::__4::array<T3 *, T2>, cub::_V_300304_SM_860::GridQueue<int>)"
1476565097,5439,1613,1,1,1,384,1,1,54,0.001,0.000,,,,,NVIDIA GeForce RTX 3080 (0),1,,13,"void cub::_V_300304_SM_860::detail::histogram::DeviceHistogramSweepKernel<cub::_V_300304_SM_860::detail::histogram::policy_hub<int, int, (int)1, (int)1, (bool)1>::Policy1000, (int)256, (int)1, (int)1, const int *, int, cub::_V_300304_SM_860::detail::histogram::Transforms<int, int, int>::ScaleTransform, cub::_V_300304_SM_860::detail::histogram::Transforms<int, int, int>::PassThruTransform, int>(T5, cuda::std::__4::array<int, T4>, cuda::std::__4::array<int, T4>, cuda::std::__4::array<T6 *, T4>, cuda::std::__4::array<T6 *, T4>, cuda::std::__4::array<T8, T4>, cuda::std::__4::array<T7, T4>, T9, T9, T9, int, cub::_V_300304_SM_860::GridQueue<int>)"
1476573096,1472,1620,1,1,1,128,1,1,16,0.001,0.000,,,,,NVIDIA GeForce RTX 3080 (0),1,,13,"void raggedroute::benchmark::library_baseline::<unnamed>::block_scan_kernel<(int)128>(const int *, int *, int)"
1476577384,4672,1631,1,1,1,256,1,1,128,0.034,0.000,,,,,NVIDIA GeForce RTX 3080 (0),1,,13,"void cub::_V_300304_SM_860::detail::radix_sort::DeviceRadixSortSingleTileKernel<cub::_V_300304_SM_860::detail::radix_sort::policy_selector_from_types<int, int, unsigned int>, (cub::_V_300304_SM_860::SortOrder)0, int, int, unsigned int, cub::_V_300304_SM_860::detail::identity_decomposer_t>(const T3 *, T3 *, const T4 *, T4 *, T5, int, int, T6)"
1476584584,2880,1637,1,1,1,256,1,1,16,0.000,0.000,,,,,NVIDIA GeForce RTX 3080 (0),1,,13,"raggedroute::benchmark::library_baseline::<unnamed>::compute_expert_offsets(const int *, int, int, long long *)"
1476590056,3648,1644,1024,1,1,256,1,1,18,0.000,0.000,,,,,NVIDIA GeForce RTX 3080 (0),1,,13,"void raggedroute::benchmark::library_baseline::<unnamed>::expand_rows<(bool)1>(const float *, float *, const int *, int *, int *, int, int, int)"
1476597128,195708,1647,68,1,1,256,1,1,144,0.000,0.017,,,,,NVIDIA GeForce RTX 3080 (0),1,,13,"void cutlass::Kernel<cutlass::gemm::kernel::GemmGrouped<cutlass::gemm::threadblock::MmaPipelined<cutlass::gemm::GemmShape<(int)128, (int)128, (int)8>, cutlass::transform::threadblock::PredicatedTileIterator<cutlass::MatrixShape<(int)128, (int)8>, float, cutlass::layout::RowMajor, (int)1, cutlass::transform::PitchLinearStripminedThreadMap<cutlass::PitchLinearShape<(int)8, (int)128>, (int)256, (int)1>, (int)1, (bool)0, cutlass::layout::NoPermute>, cutlass::transform::threadblock::RegularTileIterator<cutlass::MatrixShape<(int)128, (int)8>, float, cutlass::layout::ColumnMajor, (int)1, cutlass::transform::TransposePitchLinearThreadMapSimt<cutlass::transform::PitchLinearStripminedThreadMap<cutlass::PitchLinearShape<(int)8, (int)128>, (int)256, (int)1>>, (int)4>, cutlass::transform::threadblock::PredicatedTileIterator<cutlass::MatrixShape<(int)8, (int)128>, float, cutlass::layout::RowMajor, (int)0, cutlass::transform::PitchLinearStripminedThreadMap<cutlass::PitchLinearShape<(int)128, (int)8>, (int)256, (int)1>, (int)1, (bool)0, cutlass::layout::NoPermute>, cutlass::transform::threadblock::RegularTileIterator<cutlass::MatrixShape<(int)8, (int)128>, float, cutlass::layout::RowMajor, (int)0, cutlass::transform::PitchLinearStripminedThreadMap<cutlass::PitchLinearShape<(int)128, (int)8>, (int)256, (int)1>, (int)4>, float, cutlass::layout::RowMajor, cutlass::gemm::threadblock::MmaPolicy<cutlass::gemm::warp::MmaSimt<cutlass::gemm::GemmShape<(int)32, (int)64, (int)8>, float, cutlass::layout::ColumnMajor, float, cutlass::layout::RowMajor, float, cutlass::layout::RowMajor, cutlass::gemm::warp::MmaSimtPolicy<cutlass::MatrixShape<(int)4, (int)8>, cutlass::layout::RowMajorInterleaved<(int)2>, cutlass::gemm::GemmShape<(int)4, (int)4, (int)1>>, (int)1, (cutlass::ComplexTransform)0, (cutlass::ComplexTransform)0, bool>, cutlass::MatrixShape<(int)4, (int)0>, cutlass::MatrixShape<(int)0, (int)0>, (int)1>, cutlass::NumericArrayConverter<float, float, (int)4, (cutlass::FloatRoundStyle)2, cutlass::transform::thread::UnaryTransform::Identity>, cutlass::NumericArrayConverter<float, float, (int)4, (cutlass::FloatRoundStyle)2, cutlass::transform::thread::UnaryTransform::Identity>, bool>, cutlass::epilogue::threadblock::Epilogue<cutlass::gemm::GemmShape<(int)128, (int)128, (int)8>, cutlass::gemm::warp::MmaSimt<cutlass::gemm::GemmShape<(int)32, (int)64, (int)8>, float, cutlass::layout::ColumnMajor, float, cutlass::layout::RowMajor, float, cutlass::layout::RowMajor, cutlass::gemm::warp::MmaSimtPolicy<cutlass::MatrixShape<(int)4, (int)8>, cutlass::layout::RowMajorInterleaved<(int)2>, cutlass::gemm::GemmShape<(int)4, (int)4, (int)1>>, (int)1, (cutlass::ComplexTransform)0, (cutlass::ComplexTransform)0, bool>, (int)1, cutlass::epilogue::threadblock::PredicatedTileIterator<cutlass::epilogue::threadblock::OutputTileOptimalThreadMap<cutlass::epilogue::threadblock::OutputTileShape<(int)128, (int)1, (int)4, (int)4, (int)1>, cutlass::epilogue::threadblock::OutputTileShape<(int)1, (int)4, (int)2, (int)1, (int)8>, (int)256, (int)1, (int)32>, float, (bool)0, cutlass::layout::NoPermute, (bool)0>, cutlass::epilogue::warp::FragmentIteratorSimt<cutlass::gemm::GemmShape<(int)32, (int)64, (int)8>, cutlass::gemm::thread::Mma<cutlass::gemm::GemmShape<(int)8, (int)8, (int)1>, float, cutlass::layout::ColumnMajor, float, cutlass::layout::RowMajor, float, cutlass::layout::RowMajor, cutlass::arch::OpMultiplyAdd, bool>, cutlass::layout::RowMajor, cutlass::gemm::warp::MmaSimtPolicy<cutlass::MatrixShape<(int)4, (int)8>, cutlass::layout::RowMajorInterleaved<(int)2>, cutlass::gemm::GemmShape<(int)4, (int)4, (int)1>>>, cutlass::epilogue::warp::TileIteratorSimt<cutlass::gemm::GemmShape<(int)32, (int)64, (int)8>, cutlass::gemm::thread::Mma<cutlass::gemm::GemmShape<(int)8, (int)8, (int)1>, float, cutlass::layout::ColumnMajor, float, cutlass::layout::RowMajor, float, cutlass::layout::RowMajor, cutlass::arch::OpMultiplyAdd, bool>, float, cutlass::layout::RowMajor, cutlass::gemm::warp::MmaSimtPolicy<cutlass::MatrixShape<(int)4, (int)8>, cutlass::layout::RowMajorInterleaved<(int)2>, cutlass::gemm::GemmShape<(int)4, (int)4, (int)1>>>, cutlass::epilogue::threadblock::SharedLoadIterator<cutlass::epilogue::threadblock::OutputTileOptimalThreadMap<cutlass::epilogue::threadblock::OutputTileShape<(int)128, (int)1, (int)4, (int)4, (int)1>, cutlass::epilogue::threadblock::OutputTileShape<(int)1, (int)4, (int)2, (int)1, (int)8>, (int)256, (int)1, (int)32>::CompactedThreadMap, float, (int)4>, cutlass::epilogue::thread::LinearCombination<float, (int)1, float, float, (cutlass::epilogue::thread::ScaleType::Kind)0, (cutlass::FloatRoundStyle)2, float>, cutlass::MatrixShape<(int)0, (int)17>, (int)1, (int)1>, cutlass::gemm::threadblock::GemmBatchedIdentityThreadblockSwizzle, (cutlass::gemm::kernel::GroupScheduleMode)0, (bool)0>>(T1::Params)"
1476796932,16159,1650,512,1,1,256,1,1,40,0.000,0.000,,,,,NVIDIA GeForce RTX 3080 (0),1,,13,"void raggedroute::benchmark::library_baseline::<unnamed>::finalize_routing<(bool)1>(const float *, float *, const float *, const int *, int, int, int)"
1476852771,8031,1658,1,16,9,128,1,1,86,0.033,0.000,,,,,NVIDIA GeForce RTX 3080 (0),1,,13,ampere_sgemm_32x32_sliced1x4_nn
1476863522,1952,1661,1,32,1,32,16,1,43,0.000,0.000,,,,,NVIDIA GeForce RTX 3080 (0),1,,13,"void cublasLt::splitKreduce_kernel<(int)32, (int)16, int, float, float, float, float, (bool)0, float, float, float, (bool)1, (bool)0, (bool)0, (bool)0>(cublasLt::cublasSplitKParams<T6>, const T4 *, const T10 *, T9 *, T5 *, const T6 *, const T6 *, const T11 *, const T4 *, T11 *, void *, long long, T6 *, int *, T6 *, T6 *, const T6 *, const T6 *, const T6 *, const T6 *, const T6 *)"
1476868930,11072,1664,512,1,1,32,1,1,32,0.001,0.000,,,,,NVIDIA GeForce RTX 3080 (0),1,,13,"raggedroute::benchmark::library_baseline::<unnamed>::cub_block_radix_top2_kernel(const float *, int *, float *, int, int)"
1476884194,1152,1678,1,1,1,256,1,1,16,0.000,0.000,,,,,NVIDIA GeForce RTX 3080 (0),1,,13,"void cub::_V_300304_SM_860::detail::histogram::DeviceHistogramInitKernel<cub::_V_300304_SM_860::detail::histogram::policy_hub<int, int, (int)1, (int)1, (bool)1>::Policy1000, (int)1, int, int>(cuda::std::__4::array<int, T2>, cuda::std::__4::array<T3 *, T2>, cub::_V_300304_SM_860::GridQueue<int>)"
1476887938,5504,1681,1,1,1,384,1,1,54,0.001,0.000,,,,,NVIDIA GeForce RTX 3080 (0),1,,13,"void cub::_V_300304_SM_860::detail::histogram::DeviceHistogramSweepKernel<cub::_V_300304_SM_860::detail::histogram::policy_hub<int, int, (int)1, (int)1, (bool)1>::Policy1000, (int)256, (int)1, (int)1, const int *, int, cub::_V_300304_SM_860::detail::histogram::Transforms<int, int, int>::ScaleTransform, cub::_V_300304_SM_860::detail::histogram::Transforms<int, int, int>::PassThruTransform, int>(T5, cuda::std::__4::array<int, T4>, cuda::std::__4::array<int, T4>, cuda::std::__4::array<T6 *, T4>, cuda::std::__4::array<T6 *, T4>, cuda::std::__4::array<T8, T4>, cuda::std::__4::array<T7, T4>, T9, T9, T9, int, cub::_V_300304_SM_860::GridQueue<int>)"
1476896130,1472,1688,1,1,1,128,1,1,16,0.001,0.000,,,,,NVIDIA GeForce RTX 3080 (0),1,,13,"void raggedroute::benchmark::library_baseline::<unnamed>::block_scan_kernel<(int)128>(const int *, int *, int)"
1476900674,4672,1699,1,1,1,256,1,1,128,0.034,0.000,,,,,NVIDIA GeForce RTX 3080 (0),1,,13,"void cub::_V_300304_SM_860::detail::radix_sort::DeviceRadixSortSingleTileKernel<cub::_V_300304_SM_860::detail::radix_sort::policy_selector_from_types<int, int, unsigned int>, (cub::_V_300304_SM_860::SortOrder)0, int, int, unsigned int, cub::_V_300304_SM_860::detail::identity_decomposer_t>(const T3 *, T3 *, const T4 *, T4 *, T5, int, int, T6)"
1476907969,2912,1705,1,1,1,256,1,1,16,0.000,0.000,,,,,NVIDIA GeForce RTX 3080 (0),1,,13,"raggedroute::benchmark::library_baseline::<unnamed>::compute_expert_offsets(const int *, int, int, long long *)"
1476913409,3616,1712,1024,1,1,256,1,1,18,0.000,0.000,,,,,NVIDIA GeForce RTX 3080 (0),1,,13,"void raggedroute::benchmark::library_baseline::<unnamed>::expand_rows<(bool)1>(const float *, float *, const int *, int *, int *, int, int, int)"
1476920449,195772,1715,68,1,1,256,1,1,144,0.000,0.017,,,,,NVIDIA GeForce RTX 3080 (0),1,,13,"void cutlass::Kernel<cutlass::gemm::kernel::GemmGrouped<cutlass::gemm::threadblock::MmaPipelined<cutlass::gemm::GemmShape<(int)128, (int)128, (int)8>, cutlass::transform::threadblock::PredicatedTileIterator<cutlass::MatrixShape<(int)128, (int)8>, float, cutlass::layout::RowMajor, (int)1, cutlass::transform::PitchLinearStripminedThreadMap<cutlass::PitchLinearShape<(int)8, (int)128>, (int)256, (int)1>, (int)1, (bool)0, cutlass::layout::NoPermute>, cutlass::transform::threadblock::RegularTileIterator<cutlass::MatrixShape<(int)128, (int)8>, float, cutlass::layout::ColumnMajor, (int)1, cutlass::transform::TransposePitchLinearThreadMapSimt<cutlass::transform::PitchLinearStripminedThreadMap<cutlass::PitchLinearShape<(int)8, (int)128>, (int)256, (int)1>>, (int)4>, cutlass::transform::threadblock::PredicatedTileIterator<cutlass::MatrixShape<(int)8, (int)128>, float, cutlass::layout::RowMajor, (int)0, cutlass::transform::PitchLinearStripminedThreadMap<cutlass::PitchLinearShape<(int)128, (int)8>, (int)256, (int)1>, (int)1, (bool)0, cutlass::layout::NoPermute>, cutlass::transform::threadblock::RegularTileIterator<cutlass::MatrixShape<(int)8, (int)128>, float, cutlass::layout::RowMajor, (int)0, cutlass::transform::PitchLinearStripminedThreadMap<cutlass::PitchLinearShape<(int)128, (int)8>, (int)256, (int)1>, (int)4>, float, cutlass::layout::RowMajor, cutlass::gemm::threadblock::MmaPolicy<cutlass::gemm::warp::MmaSimt<cutlass::gemm::GemmShape<(int)32, (int)64, (int)8>, float, cutlass::layout::ColumnMajor, float, cutlass::layout::RowMajor, float, cutlass::layout::RowMajor, cutlass::gemm::warp::MmaSimtPolicy<cutlass::MatrixShape<(int)4, (int)8>, cutlass::layout::RowMajorInterleaved<(int)2>, cutlass::gemm::GemmShape<(int)4, (int)4, (int)1>>, (int)1, (cutlass::ComplexTransform)0, (cutlass::ComplexTransform)0, bool>, cutlass::MatrixShape<(int)4, (int)0>, cutlass::MatrixShape<(int)0, (int)0>, (int)1>, cutlass::NumericArrayConverter<float, float, (int)4, (cutlass::FloatRoundStyle)2, cutlass::transform::thread::UnaryTransform::Identity>, cutlass::NumericArrayConverter<float, float, (int)4, (cutlass::FloatRoundStyle)2, cutlass::transform::thread::UnaryTransform::Identity>, bool>, cutlass::epilogue::threadblock::Epilogue<cutlass::gemm::GemmShape<(int)128, (int)128, (int)8>, cutlass::gemm::warp::MmaSimt<cutlass::gemm::GemmShape<(int)32, (int)64, (int)8>, float, cutlass::layout::ColumnMajor, float, cutlass::layout::RowMajor, float, cutlass::layout::RowMajor, cutlass::gemm::warp::MmaSimtPolicy<cutlass::MatrixShape<(int)4, (int)8>, cutlass::layout::RowMajorInterleaved<(int)2>, cutlass::gemm::GemmShape<(int)4, (int)4, (int)1>>, (int)1, (cutlass::ComplexTransform)0, (cutlass::ComplexTransform)0, bool>, (int)1, cutlass::epilogue::threadblock::PredicatedTileIterator<cutlass::epilogue::threadblock::OutputTileOptimalThreadMap<cutlass::epilogue::threadblock::OutputTileShape<(int)128, (int)1, (int)4, (int)4, (int)1>, cutlass::epilogue::threadblock::OutputTileShape<(int)1, (int)4, (int)2, (int)1, (int)8>, (int)256, (int)1, (int)32>, float, (bool)0, cutlass::layout::NoPermute, (bool)0>, cutlass::epilogue::warp::FragmentIteratorSimt<cutlass::gemm::GemmShape<(int)32, (int)64, (int)8>, cutlass::gemm::thread::Mma<cutlass::gemm::GemmShape<(int)8, (int)8, (int)1>, float, cutlass::layout::ColumnMajor, float, cutlass::layout::RowMajor, float, cutlass::layout::RowMajor, cutlass::arch::OpMultiplyAdd, bool>, cutlass::layout::RowMajor, cutlass::gemm::warp::MmaSimtPolicy<cutlass::MatrixShape<(int)4, (int)8>, cutlass::layout::RowMajorInterleaved<(int)2>, cutlass::gemm::GemmShape<(int)4, (int)4, (int)1>>>, cutlass::epilogue::warp::TileIteratorSimt<cutlass::gemm::GemmShape<(int)32, (int)64, (int)8>, cutlass::gemm::thread::Mma<cutlass::gemm::GemmShape<(int)8, (int)8, (int)1>, float, cutlass::layout::ColumnMajor, float, cutlass::layout::RowMajor, float, cutlass::layout::RowMajor, cutlass::arch::OpMultiplyAdd, bool>, float, cutlass::layout::RowMajor, cutlass::gemm::warp::MmaSimtPolicy<cutlass::MatrixShape<(int)4, (int)8>, cutlass::layout::RowMajorInterleaved<(int)2>, cutlass::gemm::GemmShape<(int)4, (int)4, (int)1>>>, cutlass::epilogue::threadblock::SharedLoadIterator<cutlass::epilogue::threadblock::OutputTileOptimalThreadMap<cutlass::epilogue::threadblock::OutputTileShape<(int)128, (int)1, (int)4, (int)4, (int)1>, cutlass::epilogue::threadblock::OutputTileShape<(int)1, (int)4, (int)2, (int)1, (int)8>, (int)256, (int)1, (int)32>::CompactedThreadMap, float, (int)4>, cutlass::epilogue::thread::LinearCombination<float, (int)1, float, float, (cutlass::epilogue::thread::ScaleType::Kind)0, (cutlass::FloatRoundStyle)2, float>, cutlass::MatrixShape<(int)0, (int)17>, (int)1, (int)1>, cutlass::gemm::threadblock::GemmBatchedIdentityThreadblockSwizzle, (cutlass::gemm::kernel::GroupScheduleMode)0, (bool)0>>(T1::Params)"
1477118781,16288,1718,512,1,1,256,1,1,40,0.000,0.000,,,,,NVIDIA GeForce RTX 3080 (0),1,,13,"void raggedroute::benchmark::library_baseline::<unnamed>::finalize_routing<(bool)1>(const float *, float *, const float *, const int *, int, int, int)"
1477178748,2944,1721,,,,,,,,,,0.004,1391.301,Device,Pageable,NVIDIA GeForce RTX 3080 (0),1,,13,[CUDA memcpy Device-to-Host]
1477214971,2560,1723,,,,,,,,,,0.000,12.500,Device,Pageable,NVIDIA GeForce RTX 3080 (0),1,,13,[CUDA memcpy Device-to-Host]
1477230331,2016,1725,,,,,,,,,,0.000,17.857,Device,Pageable,NVIDIA GeForce RTX 3080 (0),1,,13,[CUDA memcpy Device-to-Host]
1477250682,2752,1727,,,,,,,,,,0.004,1488.372,Device,Pageable,NVIDIA GeForce RTX 3080 (0),1,,13,[CUDA memcpy Device-to-Host]
1477978220,4464548,1729,,,,,,,,,,3.670,818.414,Device,Pageable,NVIDIA GeForce RTX 3080 (0),1,,13,[CUDA memcpy Device-to-Host]
