case_id,profile_set,kernel,concept,status,metric,value,unit
topk.cub.t2048_e33,basic,cub_block_radix_top2_kernel,device_name,collected,device__attribute_display_name,NVIDIA GeForce RTX 3080,
topk.cub.t2048_e33,basic,cub_block_radix_top2_kernel,cc_major,collected,device__attribute_compute_capability_major,8,
topk.cub.t2048_e33,basic,cub_block_radix_top2_kernel,cc_minor,collected,device__attribute_compute_capability_minor,6,
topk.cub.t2048_e33,basic,cub_block_radix_top2_kernel,sm_count,collected,device__attribute_multiprocessor_count,68,
topk.cub.t2048_e33,basic,cub_block_radix_top2_kernel,duration_ns,collected,gpu__time_duration.sum,36224.0,ns
topk.cub.t2048_e33,basic,cub_block_radix_top2_kernel,grid_size,collected,launch__grid_size,2048,
topk.cub.t2048_e33,basic,cub_block_radix_top2_kernel,block_size,collected,launch__block_size,32,
topk.cub.t2048_e33,basic,cub_block_radix_top2_kernel,waves_per_sm,collected,launch__waves_per_multiprocessor,1.8823529411764706,
topk.cub.t2048_e33,basic,cub_block_radix_top2_kernel,registers_per_thread,collected,launch__registers_per_thread,32,register/thread
topk.cub.t2048_e33,basic,cub_block_radix_top2_kernel,shared_mem_per_block,collected,launch__shared_mem_per_block,2208,byte/block
topk.cub.t2048_e33,basic,cub_block_radix_top2_kernel,occupancy_theoretical_pct,collected,sm__maximum_warps_per_active_cycle_pct,33.33333333333333,%
topk.cub.t2048_e33,basic,cub_block_radix_top2_kernel,occupancy_achieved_pct,collected,sm__warps_active.avg.pct_of_peak_sustained_active,29.16095290919366,%
topk.cub.t2048_e33,basic,cub_block_radix_top2_kernel,sm_throughput_pct,collected,sm__throughput.avg.pct_of_peak_sustained_elapsed,71.6738319154265,%
topk.cub.t2048_e33,basic,cub_block_radix_top2_kernel,memory_throughput_pct,collected,gpu__compute_memory_throughput.avg.pct_of_peak_sustained_elapsed,71.6738319154265,%
topk.cub.t2048_e33,basic,cub_block_radix_top2_kernel,dram_throughput_pct,collected,gpu__dram_throughput.avg.pct_of_peak_sustained_elapsed,0.03349923430321593,%
topk.cub.t2048_e33,basic,cub_block_radix_top2_kernel,dram_read_bytes,not_collected,,,
topk.cub.t2048_e33,basic,cub_block_radix_top2_kernel,dram_write_bytes,not_collected,,,
topk.cub.t2048_e33,basic,cub_block_radix_top2_kernel,l1_throughput_pct,collected,l1tex__throughput.avg.pct_of_peak_sustained_active,77.1595124536301,%
topk.cub.t2048_e33,basic,cub_block_radix_top2_kernel,l1_hit_rate_pct,not_collected,,,
topk.cub.t2048_e33,basic,cub_block_radix_top2_kernel,l2_hit_rate_pct,not_collected,,,
topk.cub.t2048_e33,basic,cub_block_radix_top2_kernel,global_load_sectors,not_collected,,,
topk.cub.t2048_e33,basic,cub_block_radix_top2_kernel,global_load_requests,not_collected,,,
topk.cub.t2048_e33,basic,cub_block_radix_top2_kernel,global_store_sectors,not_collected,,,
topk.cub.t2048_e33,basic,cub_block_radix_top2_kernel,global_store_requests,not_collected,,,
topk.cub.t2048_e33,basic,cub_block_radix_top2_kernel,local_load_instructions,not_collected,,,
topk.cub.t2048_e33,basic,cub_block_radix_top2_kernel,local_store_instructions,not_collected,,,
topk.cub.t2048_e33,basic,cub_block_radix_top2_kernel,tensor_active_pct,not_collected,,,
topk.cub.t2048_e33,basic,cub_block_radix_top2_kernel,eligible_warps_per_scheduler,not_collected,,,
topk.cub.t2048_e33,basic,cub_block_radix_top2_kernel,issue_active_pct,collected,sm__issue_active.avg.pct_of_peak_sustained_elapsed,21.68112095161041,%
topk.cub.t2048_e33,basic,cub_block_radix_top2_kernel,stall_long_scoreboard,not_collected,,,
topk.cub.t2048_e33,basic,cub_block_radix_top2_kernel,stall_short_scoreboard,not_collected,,,
topk.cub.t2048_e33,basic,cub_block_radix_top2_kernel,stall_wait,not_collected,,,
topk.cub.t2048_e33,basic,cub_block_radix_top2_kernel,stall_barrier,not_collected,,,
topk.cub.t2048_e33,basic,cub_block_radix_top2_kernel,stall_math_pipe,not_collected,,,
topk.cub.t2048_e33,basic,cub_block_radix_top2_kernel,stall_memory_throttle,not_collected,,,
topk.cub.t2048_e64,basic,cub_block_radix_top2_kernel,device_name,collected,device__attribute_display_name,NVIDIA GeForce RTX 3080,
topk.cub.t2048_e64,basic,cub_block_radix_top2_kernel,cc_major,collected,device__attribute_compute_capability_major,8,
topk.cub.t2048_e64,basic,cub_block_radix_top2_kernel,cc_minor,collected,device__attribute_compute_capability_minor,6,
topk.cub.t2048_e64,basic,cub_block_radix_top2_kernel,sm_count,collected,device__attribute_multiprocessor_count,68,
topk.cub.t2048_e64,basic,cub_block_radix_top2_kernel,duration_ns,collected,gpu__time_duration.sum,36768.0,ns
topk.cub.t2048_e64,basic,cub_block_radix_top2_kernel,grid_size,collected,launch__grid_size,2048,
topk.cub.t2048_e64,basic,cub_block_radix_top2_kernel,block_size,collected,launch__block_size,32,
topk.cub.t2048_e64,basic,cub_block_radix_top2_kernel,waves_per_sm,collected,launch__waves_per_multiprocessor,1.8823529411764706,
topk.cub.t2048_e64,basic,cub_block_radix_top2_kernel,registers_per_thread,collected,launch__registers_per_thread,32,register/thread
topk.cub.t2048_e64,basic,cub_block_radix_top2_kernel,shared_mem_per_block,collected,launch__shared_mem_per_block,2208,byte/block
topk.cub.t2048_e64,basic,cub_block_radix_top2_kernel,occupancy_theoretical_pct,collected,sm__maximum_warps_per_active_cycle_pct,33.33333333333333,%
topk.cub.t2048_e64,basic,cub_block_radix_top2_kernel,occupancy_achieved_pct,collected,sm__warps_active.avg.pct_of_peak_sustained_active,29.18740758920539,%
topk.cub.t2048_e64,basic,cub_block_radix_top2_kernel,sm_throughput_pct,collected,sm__throughput.avg.pct_of_peak_sustained_elapsed,71.07307692674382,%
topk.cub.t2048_e64,basic,cub_block_radix_top2_kernel,memory_throughput_pct,collected,gpu__compute_memory_throughput.avg.pct_of_peak_sustained_elapsed,71.07307692674382,%
topk.cub.t2048_e64,basic,cub_block_radix_top2_kernel,dram_throughput_pct,collected,gpu__dram_throughput.avg.pct_of_peak_sustained_elapsed,0.03582202111613876,%
topk.cub.t2048_e64,basic,cub_block_radix_top2_kernel,dram_read_bytes,not_collected,,,
topk.cub.t2048_e64,basic,cub_block_radix_top2_kernel,dram_write_bytes,not_collected,,,
topk.cub.t2048_e64,basic,cub_block_radix_top2_kernel,l1_throughput_pct,collected,l1tex__throughput.avg.pct_of_peak_sustained_active,76.79293251857315,%
topk.cub.t2048_e64,basic,cub_block_radix_top2_kernel,l1_hit_rate_pct,not_collected,,,
topk.cub.t2048_e64,basic,cub_block_radix_top2_kernel,l2_hit_rate_pct,not_collected,,,
topk.cub.t2048_e64,basic,cub_block_radix_top2_kernel,global_load_sectors,not_collected,,,
topk.cub.t2048_e64,basic,cub_block_radix_top2_kernel,global_load_requests,not_collected,,,
topk.cub.t2048_e64,basic,cub_block_radix_top2_kernel,global_store_sectors,not_collected,,,
topk.cub.t2048_e64,basic,cub_block_radix_top2_kernel,global_store_requests,not_collected,,,
topk.cub.t2048_e64,basic,cub_block_radix_top2_kernel,local_load_instructions,not_collected,,,
topk.cub.t2048_e64,basic,cub_block_radix_top2_kernel,local_store_instructions,not_collected,,,
topk.cub.t2048_e64,basic,cub_block_radix_top2_kernel,tensor_active_pct,not_collected,,,
topk.cub.t2048_e64,basic,cub_block_radix_top2_kernel,eligible_warps_per_scheduler,not_collected,,,
topk.cub.t2048_e64,basic,cub_block_radix_top2_kernel,issue_active_pct,collected,sm__issue_active.avg.pct_of_peak_sustained_elapsed,21.49937051962997,%
topk.cub.t2048_e64,basic,cub_block_radix_top2_kernel,stall_long_scoreboard,not_collected,,,
topk.cub.t2048_e64,basic,cub_block_radix_top2_kernel,stall_short_scoreboard,not_collected,,,
topk.cub.t2048_e64,basic,cub_block_radix_top2_kernel,stall_wait,not_collected,,,
topk.cub.t2048_e64,basic,cub_block_radix_top2_kernel,stall_barrier,not_collected,,,
topk.cub.t2048_e64,basic,cub_block_radix_top2_kernel,stall_math_pipe,not_collected,,,
topk.cub.t2048_e64,basic,cub_block_radix_top2_kernel,stall_memory_throttle,not_collected,,,
topk.cub.t2048_e64,detailed,cub_block_radix_top2_kernel,device_name,collected,device__attribute_display_name,NVIDIA GeForce RTX 3080,
topk.cub.t2048_e64,detailed,cub_block_radix_top2_kernel,cc_major,collected,device__attribute_compute_capability_major,8,
topk.cub.t2048_e64,detailed,cub_block_radix_top2_kernel,cc_minor,collected,device__attribute_compute_capability_minor,6,
topk.cub.t2048_e64,detailed,cub_block_radix_top2_kernel,sm_count,collected,device__attribute_multiprocessor_count,68,
topk.cub.t2048_e64,detailed,cub_block_radix_top2_kernel,duration_ns,collected,gpu__time_duration.sum,31936.0,ns
topk.cub.t2048_e64,detailed,cub_block_radix_top2_kernel,grid_size,collected,launch__grid_size,2048,
topk.cub.t2048_e64,detailed,cub_block_radix_top2_kernel,block_size,collected,launch__block_size,32,
topk.cub.t2048_e64,detailed,cub_block_radix_top2_kernel,waves_per_sm,collected,launch__waves_per_multiprocessor,1.8823529411764706,
topk.cub.t2048_e64,detailed,cub_block_radix_top2_kernel,registers_per_thread,collected,launch__registers_per_thread,32,register/thread
topk.cub.t2048_e64,detailed,cub_block_radix_top2_kernel,shared_mem_per_block,collected,launch__shared_mem_per_block,2208,byte/block
topk.cub.t2048_e64,detailed,cub_block_radix_top2_kernel,occupancy_theoretical_pct,collected,sm__maximum_warps_per_active_cycle_pct,33.33333333333333,%
topk.cub.t2048_e64,detailed,cub_block_radix_top2_kernel,occupancy_achieved_pct,collected,sm__warps_active.avg.pct_of_peak_sustained_active,29.425686699556614,%
topk.cub.t2048_e64,detailed,cub_block_radix_top2_kernel,sm_throughput_pct,collected,sm__throughput.avg.pct_of_peak_sustained_elapsed,71.16158103966632,%
topk.cub.t2048_e64,detailed,cub_block_radix_top2_kernel,memory_throughput_pct,collected,gpu__compute_memory_throughput.avg.pct_of_peak_sustained_elapsed,71.16158103966632,%
topk.cub.t2048_e64,detailed,cub_block_radix_top2_kernel,dram_throughput_pct,collected,gpu__dram_throughput.avg.pct_of_peak_sustained_elapsed,2.0268508863399375,%
topk.cub.t2048_e64,detailed,cub_block_radix_top2_kernel,dram_read_bytes,collected,dram__bytes_read.sum,320768.0,byte
topk.cub.t2048_e64,detailed,cub_block_radix_top2_kernel,dram_write_bytes,collected,dram__bytes_write.sum,156928.0,byte
topk.cub.t2048_e64,detailed,cub_block_radix_top2_kernel,l1_throughput_pct,collected,l1tex__throughput.avg.pct_of_peak_sustained_active,76.79641335432136,%
topk.cub.t2048_e64,detailed,cub_block_radix_top2_kernel,l1_hit_rate_pct,collected,l1tex__t_sector_hit_rate.pct,19.327799479166664,%
topk.cub.t2048_e64,detailed,cub_block_radix_top2_kernel,l2_hit_rate_pct,collected,lts__t_sector_hit_rate.pct,93.29813814781977,%
topk.cub.t2048_e64,detailed,cub_block_radix_top2_kernel,global_load_sectors,not_collected,,,
topk.cub.t2048_e64,detailed,cub_block_radix_top2_kernel,global_load_requests,collected,l1tex__t_requests_pipe_lsu_mem_global_op_ld.sum,4096.0,
topk.cub.t2048_e64,detailed,cub_block_radix_top2_kernel,global_store_sectors,not_collected,,,
topk.cub.t2048_e64,detailed,cub_block_radix_top2_kernel,global_store_requests,collected,l1tex__t_requests_pipe_lsu_mem_global_op_st.sum,8192.0,
topk.cub.t2048_e64,detailed,cub_block_radix_top2_kernel,local_load_instructions,collected,smsp__sass_inst_executed_op_local_ld.sum,0.0,inst
topk.cub.t2048_e64,detailed,cub_block_radix_top2_kernel,local_store_instructions,collected,smsp__sass_inst_executed_op_local_st.sum,0.0,inst
topk.cub.t2048_e64,detailed,cub_block_radix_top2_kernel,tensor_active_pct,collected,sm__pipe_tensor_cycles_active.avg.pct_of_peak_sustained_active,0.0,%
topk.cub.t2048_e64,detailed,cub_block_radix_top2_kernel,eligible_warps_per_scheduler,not_collected,,,
topk.cub.t2048_e64,detailed,cub_block_radix_top2_kernel,issue_active_pct,collected,sm__issue_active.avg.pct_of_peak_sustained_elapsed,21.526148686993267,%
topk.cub.t2048_e64,detailed,cub_block_radix_top2_kernel,stall_long_scoreboard,collected,smsp__pcsamp_warps_issue_stalled_long_scoreboard,28,warp
topk.cub.t2048_e64,detailed,cub_block_radix_top2_kernel,stall_short_scoreboard,collected,smsp__pcsamp_warps_issue_stalled_short_scoreboard,719,warp
topk.cub.t2048_e64,detailed,cub_block_radix_top2_kernel,stall_wait,collected,smsp__pcsamp_warps_issue_stalled_wait,246,warp
topk.cub.t2048_e64,detailed,cub_block_radix_top2_kernel,stall_barrier,collected,smsp__pcsamp_warps_issue_stalled_barrier,376,warp
topk.cub.t2048_e64,detailed,cub_block_radix_top2_kernel,stall_math_pipe,collected,smsp__pcsamp_warps_issue_stalled_math_pipe_throttle,3,warp
topk.cub.t2048_e64,detailed,cub_block_radix_top2_kernel,stall_memory_throttle,collected,smsp__pcsamp_warps_issue_stalled_mio_throttle,321,warp
topk.cub.t2048_e8,basic,cub_block_radix_top2_kernel,device_name,collected,device__attribute_display_name,NVIDIA GeForce RTX 3080,
topk.cub.t2048_e8,basic,cub_block_radix_top2_kernel,cc_major,collected,device__attribute_compute_capability_major,8,
topk.cub.t2048_e8,basic,cub_block_radix_top2_kernel,cc_minor,collected,device__attribute_compute_capability_minor,6,
topk.cub.t2048_e8,basic,cub_block_radix_top2_kernel,sm_count,collected,device__attribute_multiprocessor_count,68,
topk.cub.t2048_e8,basic,cub_block_radix_top2_kernel,duration_ns,collected,gpu__time_duration.sum,36448.0,ns
topk.cub.t2048_e8,basic,cub_block_radix_top2_kernel,grid_size,collected,launch__grid_size,2048,
topk.cub.t2048_e8,basic,cub_block_radix_top2_kernel,block_size,collected,launch__block_size,32,
topk.cub.t2048_e8,basic,cub_block_radix_top2_kernel,waves_per_sm,collected,launch__waves_per_multiprocessor,1.8823529411764706,
topk.cub.t2048_e8,basic,cub_block_radix_top2_kernel,registers_per_thread,collected,launch__registers_per_thread,32,register/thread
topk.cub.t2048_e8,basic,cub_block_radix_top2_kernel,shared_mem_per_block,collected,launch__shared_mem_per_block,2208,byte/block
topk.cub.t2048_e8,basic,cub_block_radix_top2_kernel,occupancy_theoretical_pct,collected,sm__maximum_warps_per_active_cycle_pct,33.33333333333333,%
topk.cub.t2048_e8,basic,cub_block_radix_top2_kernel,occupancy_achieved_pct,collected,sm__warps_active.avg.pct_of_peak_sustained_active,29.17533075902105,%
topk.cub.t2048_e8,basic,cub_block_radix_top2_kernel,sm_throughput_pct,collected,sm__throughput.avg.pct_of_peak_sustained_elapsed,72.00673053982445,%
topk.cub.t2048_e8,basic,cub_block_radix_top2_kernel,memory_throughput_pct,collected,gpu__compute_memory_throughput.avg.pct_of_peak_sustained_elapsed,72.00673053982445,%
topk.cub.t2048_e8,basic,cub_block_radix_top2_kernel,dram_throughput_pct,collected,gpu__dram_throughput.avg.pct_of_peak_sustained_elapsed,0.0332750228171585,%
topk.cub.t2048_e8,basic,cub_block_radix_top2_kernel,dram_read_bytes,not_collected,,,
topk.cub.t2048_e8,basic,cub_block_radix_top2_kernel,dram_write_bytes,not_collected,,,
topk.cub.t2048_e8,basic,cub_block_radix_top2_kernel,l1_throughput_pct,collected,l1tex__throughput.avg.pct_of_peak_sustained_active,77.49152940552773,%
topk.cub.t2048_e8,basic,cub_block_radix_top2_kernel,l1_hit_rate_pct,not_collected,,,
topk.cub.t2048_e8,basic,cub_block_radix_top2_kernel,l2_hit_rate_pct,not_collected,,,
topk.cub.t2048_e8,basic,cub_block_radix_top2_kernel,global_load_sectors,not_collected,,,
topk.cub.t2048_e8,basic,cub_block_radix_top2_kernel,global_load_requests,not_collected,,,
topk.cub.t2048_e8,basic,cub_block_radix_top2_kernel,global_store_sectors,not_collected,,,
topk.cub.t2048_e8,basic,cub_block_radix_top2_kernel,global_store_requests,not_collected,,,
topk.cub.t2048_e8,basic,cub_block_radix_top2_kernel,local_load_instructions,not_collected,,,
topk.cub.t2048_e8,basic,cub_block_radix_top2_kernel,local_store_instructions,not_collected,,,
topk.cub.t2048_e8,basic,cub_block_radix_top2_kernel,tensor_active_pct,not_collected,,,
topk.cub.t2048_e8,basic,cub_block_radix_top2_kernel,eligible_warps_per_scheduler,not_collected,,,
topk.cub.t2048_e8,basic,cub_block_radix_top2_kernel,issue_active_pct,collected,sm__issue_active.avg.pct_of_peak_sustained_elapsed,21.78178557319221,%
topk.cub.t2048_e8,basic,cub_block_radix_top2_kernel,stall_long_scoreboard,not_collected,,,
topk.cub.t2048_e8,basic,cub_block_radix_top2_kernel,stall_short_scoreboard,not_collected,,,
topk.cub.t2048_e8,basic,cub_block_radix_top2_kernel,stall_wait,not_collected,,,
topk.cub.t2048_e8,basic,cub_block_radix_top2_kernel,stall_barrier,not_collected,,,
topk.cub.t2048_e8,basic,cub_block_radix_top2_kernel,stall_math_pipe,not_collected,,,
topk.cub.t2048_e8,basic,cub_block_radix_top2_kernel,stall_memory_throttle,not_collected,,,
topk.cub.t32_e64,basic,cub_block_radix_top2_kernel,device_name,collected,device__attribute_display_name,NVIDIA GeForce RTX 3080,
topk.cub.t32_e64,basic,cub_block_radix_top2_kernel,cc_major,collected,device__attribute_compute_capability_major,8,
topk.cub.t32_e64,basic,cub_block_radix_top2_kernel,cc_minor,collected,device__attribute_compute_capability_minor,6,
topk.cub.t32_e64,basic,cub_block_radix_top2_kernel,sm_count,collected,device__attribute_multiprocessor_count,68,
topk.cub.t32_e64,basic,cub_block_radix_top2_kernel,duration_ns,collected,gpu__time_duration.sum,9056.0,ns
topk.cub.t32_e64,basic,cub_block_radix_top2_kernel,grid_size,collected,launch__grid_size,32,
topk.cub.t32_e64,basic,cub_block_radix_top2_kernel,block_size,collected,launch__block_size,32,
topk.cub.t32_e64,basic,cub_block_radix_top2_kernel,waves_per_sm,collected,launch__waves_per_multiprocessor,0.029411764705882353,
topk.cub.t32_e64,basic,cub_block_radix_top2_kernel,registers_per_thread,collected,launch__registers_per_thread,32,register/thread
topk.cub.t32_e64,basic,cub_block_radix_top2_kernel,shared_mem_per_block,collected,launch__shared_mem_per_block,2208,byte/block
topk.cub.t32_e64,basic,cub_block_radix_top2_kernel,occupancy_theoretical_pct,collected,sm__maximum_warps_per_active_cycle_pct,33.33333333333333,%
topk.cub.t32_e64,basic,cub_block_radix_top2_kernel,occupancy_achieved_pct,collected,sm__warps_active.avg.pct_of_peak_sustained_active,2.083333333333333,%
topk.cub.t32_e64,basic,cub_block_radix_top2_kernel,sm_throughput_pct,collected,sm__throughput.avg.pct_of_peak_sustained_elapsed,4.8454594617080575,%
topk.cub.t32_e64,basic,cub_block_radix_top2_kernel,memory_throughput_pct,collected,gpu__compute_memory_throughput.avg.pct_of_peak_sustained_elapsed,4.8454594617080575,%
topk.cub.t32_e64,basic,cub_block_radix_top2_kernel,dram_throughput_pct,collected,gpu__dram_throughput.avg.pct_of_peak_sustained_elapsed,0.11339175891758918,%
topk.cub.t32_e64,basic,cub_block_radix_top2_kernel,dram_read_bytes,not_collected,,,
topk.cub.t32_e64,basic,cub_block_radix_top2_kernel,dram_write_bytes,not_collected,,,
topk.cub.t32_e64,basic,cub_block_radix_top2_kernel,l1_throughput_pct,collected,l1tex__throughput.avg.pct_of_peak_sustained_active,12.10269837806386,%
topk.cub.t32_e64,basic,cub_block_radix_top2_kernel,l1_hit_rate_pct,not_collected,,,
topk.cub.t32_e64,basic,cub_block_radix_top2_kernel,l2_hit_rate_pct,not_collected,,,
topk.cub.t32_e64,basic,cub_block_radix_top2_kernel,global_load_sectors,not_collected,,,
topk.cub.t32_e64,basic,cub_block_radix_top2_kernel,global_load_requests,not_collected,,,
topk.cub.t32_e64,basic,cub_block_radix_top2_kernel,global_store_sectors,not_collected,,,
topk.cub.t32_e64,basic,cub_block_radix_top2_kernel,global_store_requests,not_collected,,,
topk.cub.t32_e64,basic,cub_block_radix_top2_kernel,local_load_instructions,not_collected,,,
topk.cub.t32_e64,basic,cub_block_radix_top2_kernel,local_store_instructions,not_collected,,,
topk.cub.t32_e64,basic,cub_block_radix_top2_kernel,tensor_active_pct,not_collected,,,
topk.cub.t32_e64,basic,cub_block_radix_top2_kernel,eligible_warps_per_scheduler,not_collected,,,
topk.cub.t32_e64,basic,cub_block_radix_top2_kernel,issue_active_pct,collected,sm__issue_active.avg.pct_of_peak_sustained_elapsed,1.4684471067848082,%
topk.cub.t32_e64,basic,cub_block_radix_top2_kernel,stall_long_scoreboard,not_collected,,,
topk.cub.t32_e64,basic,cub_block_radix_top2_kernel,stall_short_scoreboard,not_collected,,,
topk.cub.t32_e64,basic,cub_block_radix_top2_kernel,stall_wait,not_collected,,,
topk.cub.t32_e64,basic,cub_block_radix_top2_kernel,stall_barrier,not_collected,,,
topk.cub.t32_e64,basic,cub_block_radix_top2_kernel,stall_math_pipe,not_collected,,,
topk.cub.t32_e64,basic,cub_block_radix_top2_kernel,stall_memory_throttle,not_collected,,,
topk.naive.t2048_e33,basic,topk_gate_naive_kernel,device_name,collected,device__attribute_display_name,NVIDIA GeForce RTX 3080,
topk.naive.t2048_e33,basic,topk_gate_naive_kernel,cc_major,collected,device__attribute_compute_capability_major,8,
topk.naive.t2048_e33,basic,topk_gate_naive_kernel,cc_minor,collected,device__attribute_compute_capability_minor,6,
topk.naive.t2048_e33,basic,topk_gate_naive_kernel,sm_count,collected,device__attribute_multiprocessor_count,68,
topk.naive.t2048_e33,basic,topk_gate_naive_kernel,duration_ns,collected,gpu__time_duration.sum,8512.0,ns
topk.naive.t2048_e33,basic,topk_gate_naive_kernel,grid_size,collected,launch__grid_size,8,
topk.naive.t2048_e33,basic,topk_gate_naive_kernel,block_size,collected,launch__block_size,256,
topk.naive.t2048_e33,basic,topk_gate_naive_kernel,waves_per_sm,collected,launch__waves_per_multiprocessor,0.0196078431372549,
topk.naive.t2048_e33,basic,topk_gate_naive_kernel,registers_per_thread,collected,launch__registers_per_thread,26,register/thread
topk.naive.t2048_e33,basic,topk_gate_naive_kernel,shared_mem_per_block,collected,launch__shared_mem_per_block,1024,byte/block
topk.naive.t2048_e33,basic,topk_gate_naive_kernel,occupancy_theoretical_pct,collected,sm__maximum_warps_per_active_cycle_pct,100.0,%
topk.naive.t2048_e33,basic,topk_gate_naive_kernel,occupancy_achieved_pct,collected,sm__warps_active.avg.pct_of_peak_sustained_active,16.120819018283775,%
topk.naive.t2048_e33,basic,topk_gate_naive_kernel,sm_throughput_pct,collected,sm__throughput.avg.pct_of_peak_sustained_elapsed,2.8146504135288457,%
topk.naive.t2048_e33,basic,topk_gate_naive_kernel,memory_throughput_pct,collected,gpu__compute_memory_throughput.avg.pct_of_peak_sustained_elapsed,2.0656676464857813,%
topk.naive.t2048_e33,basic,topk_gate_naive_kernel,dram_throughput_pct,collected,gpu__dram_throughput.avg.pct_of_peak_sustained_elapsed,0.13276143790849673,%
topk.naive.t2048_e33,basic,topk_gate_naive_kernel,dram_read_bytes,not_collected,,,
topk.naive.t2048_e33,basic,topk_gate_naive_kernel,dram_write_bytes,not_collected,,,
topk.naive.t2048_e33,basic,topk_gate_naive_kernel,l1_throughput_pct,collected,l1tex__throughput.avg.pct_of_peak_sustained_active,34.66650870749911,%
topk.naive.t2048_e33,basic,topk_gate_naive_kernel,l1_hit_rate_pct,not_collected,,,
topk.naive.t2048_e33,basic,topk_gate_naive_kernel,l2_hit_rate_pct,not_collected,,,
topk.naive.t2048_e33,basic,topk_gate_naive_kernel,global_load_sectors,not_collected,,,
topk.naive.t2048_e33,basic,topk_gate_naive_kernel,global_load_requests,not_collected,,,
topk.naive.t2048_e33,basic,topk_gate_naive_kernel,global_store_sectors,not_collected,,,
topk.naive.t2048_e33,basic,topk_gate_naive_kernel,global_store_requests,not_collected,,,
topk.naive.t2048_e33,basic,topk_gate_naive_kernel,local_load_instructions,not_collected,,,
topk.naive.t2048_e33,basic,topk_gate_naive_kernel,local_store_instructions,not_collected,,,
topk.naive.t2048_e33,basic,topk_gate_naive_kernel,tensor_active_pct,not_collected,,,
topk.naive.t2048_e33,basic,topk_gate_naive_kernel,eligible_warps_per_scheduler,not_collected,,,
topk.naive.t2048_e33,basic,topk_gate_naive_kernel,issue_active_pct,collected,sm__issue_active.avg.pct_of_peak_sustained_elapsed,1.9969108872869175,%
topk.naive.t2048_e33,basic,topk_gate_naive_kernel,stall_long_scoreboard,not_collected,,,
topk.naive.t2048_e33,basic,topk_gate_naive_kernel,stall_short_scoreboard,not_collected,,,
topk.naive.t2048_e33,basic,topk_gate_naive_kernel,stall_wait,not_collected,,,
topk.naive.t2048_e33,basic,topk_gate_naive_kernel,stall_barrier,not_collected,,,
topk.naive.t2048_e33,basic,topk_gate_naive_kernel,stall_math_pipe,not_collected,,,
topk.naive.t2048_e33,basic,topk_gate_naive_kernel,stall_memory_throttle,not_collected,,,
topk.naive.t2048_e64,basic,topk_gate_naive_kernel,device_name,collected,device__attribute_display_name,NVIDIA GeForce RTX 3080,
topk.naive.t2048_e64,basic,topk_gate_naive_kernel,cc_major,collected,device__attribute_compute_capability_major,8,
topk.naive.t2048_e64,basic,topk_gate_naive_kernel,cc_minor,collected,device__attribute_compute_capability_minor,6,
topk.naive.t2048_e64,basic,topk_gate_naive_kernel,sm_count,collected,device__attribute_multiprocessor_count,68,
topk.naive.t2048_e64,basic,topk_gate_naive_kernel,duration_ns,collected,gpu__time_duration.sum,12064.0,ns
topk.naive.t2048_e64,basic,topk_gate_naive_kernel,grid_size,collected,launch__grid_size,8,
topk.naive.t2048_e64,basic,topk_gate_naive_kernel,block_size,collected,launch__block_size,256,
topk.naive.t2048_e64,basic,topk_gate_naive_kernel,waves_per_sm,collected,launch__waves_per_multiprocessor,0.0196078431372549,
topk.naive.t2048_e64,basic,topk_gate_naive_kernel,registers_per_thread,collected,launch__registers_per_thread,26,register/thread
topk.naive.t2048_e64,basic,topk_gate_naive_kernel,shared_mem_per_block,collected,launch__shared_mem_per_block,1024,byte/block
topk.naive.t2048_e64,basic,topk_gate_naive_kernel,occupancy_theoretical_pct,collected,sm__maximum_warps_per_active_cycle_pct,100.0,%
topk.naive.t2048_e64,basic,topk_gate_naive_kernel,occupancy_achieved_pct,collected,sm__warps_active.avg.pct_of_peak_sustained_active,16.007525734619072,%
topk.naive.t2048_e64,basic,topk_gate_naive_kernel,sm_throughput_pct,collected,sm__throughput.avg.pct_of_peak_sustained_elapsed,2.7661899669796353,%
topk.naive.t2048_e64,basic,topk_gate_naive_kernel,memory_throughput_pct,collected,gpu__compute_memory_throughput.avg.pct_of_peak_sustained_elapsed,9.672851619878024,%
topk.naive.t2048_e64,basic,topk_gate_naive_kernel,dram_throughput_pct,collected,gpu__dram_throughput.avg.pct_of_peak_sustained_elapsed,0.11643284268629255,%
topk.naive.t2048_e64,basic,topk_gate_naive_kernel,dram_read_bytes,not_collected,,,
topk.naive.t2048_e64,basic,topk_gate_naive_kernel,dram_write_bytes,not_collected,,,
topk.naive.t2048_e64,basic,topk_gate_naive_kernel,l1_throughput_pct,collected,l1tex__throughput.avg.pct_of_peak_sustained_active,91.83162621409994,%
topk.naive.t2048_e64,basic,topk_gate_naive_kernel,l1_hit_rate_pct,not_collected,,,
topk.naive.t2048_e64,basic,topk_gate_naive_kernel,l2_hit_rate_pct,not_collected,,,
topk.naive.t2048_e64,basic,topk_gate_naive_kernel,global_load_sectors,not_collected,,,
topk.naive.t2048_e64,basic,topk_gate_naive_kernel,global_load_requests,not_collected,,,
topk.naive.t2048_e64,basic,topk_gate_naive_kernel,global_store_sectors,not_collected,,,
topk.naive.t2048_e64,basic,topk_gate_naive_kernel,global_store_requests,not_collected,,,
topk.naive.t2048_e64,basic,topk_gate_naive_kernel,local_load_instructions,not_collected,,,
topk.naive.t2048_e64,basic,topk_gate_naive_kernel,local_store_instructions,not_collected,,,
topk.naive.t2048_e64,basic,topk_gate_naive_kernel,tensor_active_pct,not_collected,,,
topk.naive.t2048_e64,basic,topk_gate_naive_kernel,eligible_warps_per_scheduler,not_collected,,,
topk.naive.t2048_e64,basic,topk_gate_naive_kernel,issue_active_pct,collected,sm__issue_active.avg.pct_of_peak_sustained_elapsed,1.883688409969565,%
topk.naive.t2048_e64,basic,topk_gate_naive_kernel,stall_long_scoreboard,not_collected,,,
topk.naive.t2048_e64,basic,topk_gate_naive_kernel,stall_short_scoreboard,not_collected,,,
topk.naive.t2048_e64,basic,topk_gate_naive_kernel,stall_wait,not_collected,,,
topk.naive.t2048_e64,basic,topk_gate_naive_kernel,stall_barrier,not_collected,,,
topk.naive.t2048_e64,basic,topk_gate_naive_kernel,stall_math_pipe,not_collected,,,
topk.naive.t2048_e64,basic,topk_gate_naive_kernel,stall_memory_throttle,not_collected,,,
topk.naive.t2048_e64,detailed,topk_gate_naive_kernel,device_name,collected,device__attribute_display_name,NVIDIA GeForce RTX 3080,
topk.naive.t2048_e64,detailed,topk_gate_naive_kernel,cc_major,collected,device__attribute_compute_capability_major,8,
topk.naive.t2048_e64,detailed,topk_gate_naive_kernel,cc_minor,collected,device__attribute_compute_capability_minor,6,
topk.naive.t2048_e64,detailed,topk_gate_naive_kernel,sm_count,collected,device__attribute_multiprocessor_count,68,
topk.naive.t2048_e64,detailed,topk_gate_naive_kernel,duration_ns,collected,gpu__time_duration.sum,10944.0,ns
topk.naive.t2048_e64,detailed,topk_gate_naive_kernel,grid_size,collected,launch__grid_size,8,
topk.naive.t2048_e64,detailed,topk_gate_naive_kernel,block_size,collected,launch__block_size,256,
topk.naive.t2048_e64,detailed,topk_gate_naive_kernel,waves_per_sm,collected,launch__waves_per_multiprocessor,0.0196078431372549,
topk.naive.t2048_e64,detailed,topk_gate_naive_kernel,registers_per_thread,collected,launch__registers_per_thread,26,register/thread
topk.naive.t2048_e64,detailed,topk_gate_naive_kernel,shared_mem_per_block,collected,launch__shared_mem_per_block,1024,byte/block
topk.naive.t2048_e64,detailed,topk_gate_naive_kernel,occupancy_theoretical_pct,collected,sm__maximum_warps_per_active_cycle_pct,100.0,%
topk.naive.t2048_e64,detailed,topk_gate_naive_kernel,occupancy_achieved_pct,collected,sm__warps_active.avg.pct_of_peak_sustained_active,16.06148514739995,%
topk.naive.t2048_e64,detailed,topk_gate_naive_kernel,sm_throughput_pct,collected,sm__throughput.avg.pct_of_peak_sustained_elapsed,2.673124256558608,%
topk.naive.t2048_e64,detailed,topk_gate_naive_kernel,memory_throughput_pct,collected,gpu__compute_memory_throughput.avg.pct_of_peak_sustained_elapsed,9.343443663111396,%
topk.naive.t2048_e64,detailed,topk_gate_naive_kernel,dram_throughput_pct,collected,gpu__dram_throughput.avg.pct_of_peak_sustained_elapsed,4.246061991869919,%
topk.naive.t2048_e64,detailed,topk_gate_naive_kernel,dram_read_bytes,collected,dram__bytes_read.sum,336384.0,byte
topk.naive.t2048_e64,detailed,topk_gate_naive_kernel,dram_write_bytes,collected,dram__bytes_write.sum,5888.0,byte
topk.naive.t2048_e64,detailed,topk_gate_naive_kernel,l1_throughput_pct,collected,l1tex__throughput.avg.pct_of_peak_sustained_active,88.94534153097764,%
topk.naive.t2048_e64,detailed,topk_gate_naive_kernel,l1_hit_rate_pct,collected,l1tex__t_sector_hit_rate.pct,86.92307692307692,%
topk.naive.t2048_e64,detailed,topk_gate_naive_kernel,l2_hit_rate_pct,collected,lts__t_sector_hit_rate.pct,64.27088081851797,%
topk.naive.t2048_e64,detailed,topk_gate_naive_kernel,global_load_sectors,not_collected,,,
topk.naive.t2048_e64,detailed,topk_gate_naive_kernel,global_load_requests,collected,l1tex__t_requests_pipe_lsu_mem_global_op_ld.sum,4096.0,
topk.naive.t2048_e64,detailed,topk_gate_naive_kernel,global_store_sectors,not_collected,,,
topk.naive.t2048_e64,detailed,topk_gate_naive_kernel,global_store_requests,collected,l1tex__t_requests_pipe_lsu_mem_global_op_st.sum,256.0,
topk.naive.t2048_e64,detailed,topk_gate_naive_kernel,local_load_instructions,collected,smsp__sass_inst_executed_op_local_ld.sum,0.0,inst
topk.naive.t2048_e64,detailed,topk_gate_naive_kernel,local_store_instructions,collected,smsp__sass_inst_executed_op_local_st.sum,0.0,inst
topk.naive.t2048_e64,detailed,topk_gate_naive_kernel,tensor_active_pct,collected,sm__pipe_tensor_cycles_active.avg.pct_of_peak_sustained_active,0.0,%
topk.naive.t2048_e64,detailed,topk_gate_naive_kernel,eligible_warps_per_scheduler,not_collected,,,
topk.naive.t2048_e64,detailed,topk_gate_naive_kernel,issue_active_pct,collected,sm__issue_active.avg.pct_of_peak_sustained_elapsed,1.8203135867729179,%
topk.naive.t2048_e64,detailed,topk_gate_naive_kernel,stall_long_scoreboard,collected,smsp__pcsamp_warps_issue_stalled_long_scoreboard,44,warp
topk.naive.t2048_e64,detailed,topk_gate_naive_kernel,stall_short_scoreboard,collected,smsp__pcsamp_warps_issue_stalled_short_scoreboard,0,warp
topk.naive.t2048_e64,detailed,topk_gate_naive_kernel,stall_wait,collected,smsp__pcsamp_warps_issue_stalled_wait,7,warp
topk.naive.t2048_e64,detailed,topk_gate_naive_kernel,stall_barrier,collected,smsp__pcsamp_warps_issue_stalled_barrier,0,warp
topk.naive.t2048_e64,detailed,topk_gate_naive_kernel,stall_math_pipe,collected,smsp__pcsamp_warps_issue_stalled_math_pipe_throttle,0,warp
topk.naive.t2048_e64,detailed,topk_gate_naive_kernel,stall_memory_throttle,collected,smsp__pcsamp_warps_issue_stalled_mio_throttle,0,warp
topk.naive.t2048_e8,basic,topk_gate_naive_kernel,device_name,collected,device__attribute_display_name,NVIDIA GeForce RTX 3080,
topk.naive.t2048_e8,basic,topk_gate_naive_kernel,cc_major,collected,device__attribute_compute_capability_major,8,
topk.naive.t2048_e8,basic,topk_gate_naive_kernel,cc_minor,collected,device__attribute_compute_capability_minor,6,
topk.naive.t2048_e8,basic,topk_gate_naive_kernel,sm_count,collected,device__attribute_multiprocessor_count,68,
topk.naive.t2048_e8,basic,topk_gate_naive_kernel,duration_ns,collected,gpu__time_duration.sum,8864.0,ns
topk.naive.t2048_e8,basic,topk_gate_naive_kernel,grid_size,collected,launch__grid_size,8,
topk.naive.t2048_e8,basic,topk_gate_naive_kernel,block_size,collected,launch__block_size,256,
topk.naive.t2048_e8,basic,topk_gate_naive_kernel,waves_per_sm,collected,launch__waves_per_multiprocessor,0.0196078431372549,
topk.naive.t2048_e8,basic,topk_gate_naive_kernel,registers_per_thread,collected,launch__registers_per_thread,26,register/thread
topk.naive.t2048_e8,basic,topk_gate_naive_kernel,shared_mem_per_block,collected,launch__shared_mem_per_block,1024,byte/block
topk.naive.t2048_e8,basic,topk_gate_naive_kernel,occupancy_theoretical_pct,collected,sm__maximum_warps_per_active_cycle_pct,100.0,%
topk.naive.t2048_e8,basic,topk_gate_naive_kernel,occupancy_achieved_pct,collected,sm__warps_active.avg.pct_of_peak_sustained_active,15.841730400640131,%
topk.naive.t2048_e8,basic,topk_gate_naive_kernel,sm_throughput_pct,collected,sm__throughput.avg.pct_of_peak_sustained_elapsed,0.7495204621303678,%
topk.naive.t2048_e8,basic,topk_gate_naive_kernel,memory_throughput_pct,collected,gpu__compute_memory_throughput.avg.pct_of_peak_sustained_elapsed,0.6496750751170428,%
topk.naive.t2048_e8,basic,topk_gate_naive_kernel,dram_throughput_pct,collected,gpu__dram_throughput.avg.pct_of_peak_sustained_elapsed,0.12366520100502514,%
topk.naive.t2048_e8,basic,topk_gate_naive_kernel,dram_read_bytes,not_collected,,,
topk.naive.t2048_e8,basic,topk_gate_naive_kernel,dram_write_bytes,not_collected,,,
topk.naive.t2048_e8,basic,topk_gate_naive_kernel,l1_throughput_pct,collected,l1tex__throughput.avg.pct_of_peak_sustained_active,26.08161670295316,%
topk.naive.t2048_e8,basic,topk_gate_naive_kernel,l1_hit_rate_pct,not_collected,,,
topk.naive.t2048_e8,basic,topk_gate_naive_kernel,l2_hit_rate_pct,not_collected,,,
topk.naive.t2048_e8,basic,topk_gate_naive_kernel,global_load_sectors,not_collected,,,
topk.naive.t2048_e8,basic,topk_gate_naive_kernel,global_load_requests,not_collected,,,
topk.naive.t2048_e8,basic,topk_gate_naive_kernel,global_store_sectors,not_collected,,,
topk.naive.t2048_e8,basic,topk_gate_naive_kernel,global_store_requests,not_collected,,,
topk.naive.t2048_e8,basic,topk_gate_naive_kernel,local_load_instructions,not_collected,,,
topk.naive.t2048_e8,basic,topk_gate_naive_kernel,local_store_instructions,not_collected,,,
topk.naive.t2048_e8,basic,topk_gate_naive_kernel,tensor_active_pct,not_collected,,,
topk.naive.t2048_e8,basic,topk_gate_naive_kernel,eligible_warps_per_scheduler,not_collected,,,
topk.naive.t2048_e8,basic,topk_gate_naive_kernel,issue_active_pct,collected,sm__issue_active.avg.pct_of_peak_sustained_elapsed,0.636427137962768,%
topk.naive.t2048_e8,basic,topk_gate_naive_kernel,stall_long_scoreboard,not_collected,,,
topk.naive.t2048_e8,basic,topk_gate_naive_kernel,stall_short_scoreboard,not_collected,,,
topk.naive.t2048_e8,basic,topk_gate_naive_kernel,stall_wait,not_collected,,,
topk.naive.t2048_e8,basic,topk_gate_naive_kernel,stall_barrier,not_collected,,,
topk.naive.t2048_e8,basic,topk_gate_naive_kernel,stall_math_pipe,not_collected,,,
topk.naive.t2048_e8,basic,topk_gate_naive_kernel,stall_memory_throttle,not_collected,,,
topk.naive.t32_e64,basic,topk_gate_naive_kernel,device_name,collected,device__attribute_display_name,NVIDIA GeForce RTX 3080,
topk.naive.t32_e64,basic,topk_gate_naive_kernel,cc_major,collected,device__attribute_compute_capability_major,8,
topk.naive.t32_e64,basic,topk_gate_naive_kernel,cc_minor,collected,device__attribute_compute_capability_minor,6,
topk.naive.t32_e64,basic,topk_gate_naive_kernel,sm_count,collected,device__attribute_multiprocessor_count,68,
topk.naive.t32_e64,basic,topk_gate_naive_kernel,duration_ns,collected,gpu__time_duration.sum,6624.0,ns
topk.naive.t32_e64,basic,topk_gate_naive_kernel,grid_size,collected,launch__grid_size,1,
topk.naive.t32_e64,basic,topk_gate_naive_kernel,block_size,collected,launch__block_size,256,
topk.naive.t32_e64,basic,topk_gate_naive_kernel,waves_per_sm,collected,launch__waves_per_multiprocessor,0.0024509803921568627,
topk.naive.t32_e64,basic,topk_gate_naive_kernel,registers_per_thread,collected,launch__registers_per_thread,26,register/thread
topk.naive.t32_e64,basic,topk_gate_naive_kernel,shared_mem_per_block,collected,launch__shared_mem_per_block,1024,byte/block
topk.naive.t32_e64,basic,topk_gate_naive_kernel,occupancy_theoretical_pct,collected,sm__maximum_warps_per_active_cycle_pct,100.0,%
topk.naive.t32_e64,basic,topk_gate_naive_kernel,occupancy_achieved_pct,collected,sm__warps_active.avg.pct_of_peak_sustained_active,3.0789980732177264,%
topk.naive.t32_e64,basic,topk_gate_naive_kernel,sm_throughput_pct,collected,sm__throughput.avg.pct_of_peak_sustained_elapsed,0.058582913267775566,%
topk.naive.t32_e64,basic,topk_gate_naive_kernel,memory_throughput_pct,collected,gpu__compute_memory_throughput.avg.pct_of_peak_sustained_elapsed,0.20304808225808355,%
topk.naive.t32_e64,basic,topk_gate_naive_kernel,dram_throughput_pct,collected,gpu__dram_throughput.avg.pct_of_peak_sustained_elapsed,0.18644957983193275,%
topk.naive.t32_e64,basic,topk_gate_naive_kernel,dram_read_bytes,not_collected,,,
topk.naive.t32_e64,basic,topk_gate_naive_kernel,dram_write_bytes,not_collected,,,
topk.naive.t32_e64,basic,topk_gate_naive_kernel,l1_throughput_pct,collected,l1tex__throughput.avg.pct_of_peak_sustained_active,23.86127167630058,%
topk.naive.t32_e64,basic,topk_gate_naive_kernel,l1_hit_rate_pct,not_collected,,,
topk.naive.t32_e64,basic,topk_gate_naive_kernel,l2_hit_rate_pct,not_collected,,,
topk.naive.t32_e64,basic,topk_gate_naive_kernel,global_load_sectors,not_collected,,,
topk.naive.t32_e64,basic,topk_gate_naive_kernel,global_load_requests,not_collected,,,
topk.naive.t32_e64,basic,topk_gate_naive_kernel,global_store_sectors,not_collected,,,
topk.naive.t32_e64,basic,topk_gate_naive_kernel,global_store_requests,not_collected,,,
topk.naive.t32_e64,basic,topk_gate_naive_kernel,local_load_instructions,not_collected,,,
topk.naive.t32_e64,basic,topk_gate_naive_kernel,local_store_instructions,not_collected,,,
topk.naive.t32_e64,basic,topk_gate_naive_kernel,tensor_active_pct,not_collected,,,
topk.naive.t32_e64,basic,topk_gate_naive_kernel,eligible_warps_per_scheduler,not_collected,,,
topk.naive.t32_e64,basic,topk_gate_naive_kernel,issue_active_pct,collected,sm__issue_active.avg.pct_of_peak_sustained_elapsed,0.042350871808190395,%
topk.naive.t32_e64,basic,topk_gate_naive_kernel,stall_long_scoreboard,not_collected,,,
topk.naive.t32_e64,basic,topk_gate_naive_kernel,stall_short_scoreboard,not_collected,,,
topk.naive.t32_e64,basic,topk_gate_naive_kernel,stall_wait,not_collected,,,
topk.naive.t32_e64,basic,topk_gate_naive_kernel,stall_barrier,not_collected,,,
topk.naive.t32_e64,basic,topk_gate_naive_kernel,stall_math_pipe,not_collected,,,
topk.naive.t32_e64,basic,topk_gate_naive_kernel,stall_memory_throttle,not_collected,,,
topk.v1.t2048_e33,basic,topk_gate_scalar_pair_kernel,device_name,collected,device__attribute_display_name,NVIDIA GeForce RTX 3080,
topk.v1.t2048_e33,basic,topk_gate_scalar_pair_kernel,cc_major,collected,device__attribute_compute_capability_major,8,
topk.v1.t2048_e33,basic,topk_gate_scalar_pair_kernel,cc_minor,collected,device__attribute_compute_capability_minor,6,
topk.v1.t2048_e33,basic,topk_gate_scalar_pair_kernel,sm_count,collected,device__attribute_multiprocessor_count,68,
topk.v1.t2048_e33,basic,topk_gate_scalar_pair_kernel,duration_ns,collected,gpu__time_duration.sum,8064.0,ns
topk.v1.t2048_e33,basic,topk_gate_scalar_pair_kernel,grid_size,collected,launch__grid_size,512,
topk.v1.t2048_e33,basic,topk_gate_scalar_pair_kernel,block_size,collected,launch__block_size,128,
topk.v1.t2048_e33,basic,topk_gate_scalar_pair_kernel,waves_per_sm,collected,launch__waves_per_multiprocessor,0.6274509803921569,
topk.v1.t2048_e33,basic,topk_gate_scalar_pair_kernel,registers_per_thread,collected,launch__registers_per_thread,20,register/thread
topk.v1.t2048_e33,basic,topk_gate_scalar_pair_kernel,shared_mem_per_block,collected,launch__shared_mem_per_block,1024,byte/block
topk.v1.t2048_e33,basic,topk_gate_scalar_pair_kernel,occupancy_theoretical_pct,collected,sm__maximum_warps_per_active_cycle_pct,100.0,%
topk.v1.t2048_e33,basic,topk_gate_scalar_pair_kernel,occupancy_achieved_pct,collected,sm__warps_active.avg.pct_of_peak_sustained_active,49.11163787607043,%
topk.v1.t2048_e33,basic,topk_gate_scalar_pair_kernel,sm_throughput_pct,collected,sm__throughput.avg.pct_of_peak_sustained_elapsed,34.68812048844303,%
topk.v1.t2048_e33,basic,topk_gate_scalar_pair_kernel,memory_throughput_pct,collected,gpu__compute_memory_throughput.avg.pct_of_peak_sustained_elapsed,15.102296097426413,%
topk.v1.t2048_e33,basic,topk_gate_scalar_pair_kernel,dram_throughput_pct,collected,gpu__dram_throughput.avg.pct_of_peak_sustained_elapsed,0.3003976486860304,%
topk.v1.t2048_e33,basic,topk_gate_scalar_pair_kernel,dram_read_bytes,not_collected,,,
topk.v1.t2048_e33,basic,topk_gate_scalar_pair_kernel,dram_write_bytes,not_collected,,,
topk.v1.t2048_e33,basic,topk_gate_scalar_pair_kernel,l1_throughput_pct,collected,l1tex__throughput.avg.pct_of_peak_sustained_active,27.47204157372032,%
topk.v1.t2048_e33,basic,topk_gate_scalar_pair_kernel,l1_hit_rate_pct,not_collected,,,
topk.v1.t2048_e33,basic,topk_gate_scalar_pair_kernel,l2_hit_rate_pct,not_collected,,,
topk.v1.t2048_e33,basic,topk_gate_scalar_pair_kernel,global_load_sectors,not_collected,,,
topk.v1.t2048_e33,basic,topk_gate_scalar_pair_kernel,global_load_requests,not_collected,,,
topk.v1.t2048_e33,basic,topk_gate_scalar_pair_kernel,global_store_sectors,not_collected,,,
topk.v1.t2048_e33,basic,topk_gate_scalar_pair_kernel,global_store_requests,not_collected,,,
topk.v1.t2048_e33,basic,topk_gate_scalar_pair_kernel,local_load_instructions,not_collected,,,
topk.v1.t2048_e33,basic,topk_gate_scalar_pair_kernel,local_store_instructions,not_collected,,,
topk.v1.t2048_e33,basic,topk_gate_scalar_pair_kernel,tensor_active_pct,not_collected,,,
topk.v1.t2048_e33,basic,topk_gate_scalar_pair_kernel,eligible_warps_per_scheduler,not_collected,,,
topk.v1.t2048_e33,basic,topk_gate_scalar_pair_kernel,issue_active_pct,collected,sm__issue_active.avg.pct_of_peak_sustained_elapsed,34.68812048844303,%
topk.v1.t2048_e33,basic,topk_gate_scalar_pair_kernel,stall_long_scoreboard,not_collected,,,
topk.v1.t2048_e33,basic,topk_gate_scalar_pair_kernel,stall_short_scoreboard,not_collected,,,
topk.v1.t2048_e33,basic,topk_gate_scalar_pair_kernel,stall_wait,not_collected,,,
topk.v1.t2048_e33,basic,topk_gate_scalar_pair_kernel,stall_barrier,not_collected,,,
topk.v1.t2048_e33,basic,topk_gate_scalar_pair_kernel,stall_math_pipe,not_collected,,,
topk.v1.t2048_e33,basic,topk_gate_scalar_pair_kernel,stall_memory_throttle,not_collected,,,
topk.v1.t2048_e64,basic,topk_gate_scalar_pair_kernel,device_name,collected,device__attribute_display_name,NVIDIA GeForce RTX 3080,
topk.v1.t2048_e64,basic,topk_gate_scalar_pair_kernel,cc_major,collected,device__attribute_compute_capability_major,8,
topk.v1.t2048_e64,basic,topk_gate_scalar_pair_kernel,cc_minor,collected,device__attribute_compute_capability_minor,6,
topk.v1.t2048_e64,basic,topk_gate_scalar_pair_kernel,sm_count,collected,device__attribute_multiprocessor_count,68,
topk.v1.t2048_e64,basic,topk_gate_scalar_pair_kernel,duration_ns,collected,gpu__time_duration.sum,8064.0,ns
topk.v1.t2048_e64,basic,topk_gate_scalar_pair_kernel,grid_size,collected,launch__grid_size,512,
topk.v1.t2048_e64,basic,topk_gate_scalar_pair_kernel,block_size,collected,launch__block_size,128,
topk.v1.t2048_e64,basic,topk_gate_scalar_pair_kernel,waves_per_sm,collected,launch__waves_per_multiprocessor,0.6274509803921569,
topk.v1.t2048_e64,basic,topk_gate_scalar_pair_kernel,registers_per_thread,collected,launch__registers_per_thread,20,register/thread
topk.v1.t2048_e64,basic,topk_gate_scalar_pair_kernel,shared_mem_per_block,collected,launch__shared_mem_per_block,1024,byte/block
topk.v1.t2048_e64,basic,topk_gate_scalar_pair_kernel,occupancy_theoretical_pct,collected,sm__maximum_warps_per_active_cycle_pct,100.0,%
topk.v1.t2048_e64,basic,topk_gate_scalar_pair_kernel,occupancy_achieved_pct,collected,sm__warps_active.avg.pct_of_peak_sustained_active,49.50155215102961,%
topk.v1.t2048_e64,basic,topk_gate_scalar_pair_kernel,sm_throughput_pct,collected,sm__throughput.avg.pct_of_peak_sustained_elapsed,37.75532983193877,%
topk.v1.t2048_e64,basic,topk_gate_scalar_pair_kernel,memory_throughput_pct,collected,gpu__compute_memory_throughput.avg.pct_of_peak_sustained_elapsed,15.77510434288942,%
topk.v1.t2048_e64,basic,topk_gate_scalar_pair_kernel,dram_throughput_pct,collected,gpu__dram_throughput.avg.pct_of_peak_sustained_elapsed,0.3055651872399446,%
topk.v1.t2048_e64,basic,topk_gate_scalar_pair_kernel,dram_read_bytes,not_collected,,,
topk.v1.t2048_e64,basic,topk_gate_scalar_pair_kernel,dram_write_bytes,not_collected,,,
topk.v1.t2048_e64,basic,topk_gate_scalar_pair_kernel,l1_throughput_pct,collected,l1tex__throughput.avg.pct_of_peak_sustained_active,25.81609023679689,%
topk.v1.t2048_e64,basic,topk_gate_scalar_pair_kernel,l1_hit_rate_pct,not_collected,,,
topk.v1.t2048_e64,basic,topk_gate_scalar_pair_kernel,l2_hit_rate_pct,not_collected,,,
topk.v1.t2048_e64,basic,topk_gate_scalar_pair_kernel,global_load_sectors,not_collected,,,
topk.v1.t2048_e64,basic,topk_gate_scalar_pair_kernel,global_load_requests,not_collected,,,
topk.v1.t2048_e64,basic,topk_gate_scalar_pair_kernel,global_store_sectors,not_collected,,,
topk.v1.t2048_e64,basic,topk_gate_scalar_pair_kernel,global_store_requests,not_collected,,,
topk.v1.t2048_e64,basic,topk_gate_scalar_pair_kernel,local_load_instructions,not_collected,,,
topk.v1.t2048_e64,basic,topk_gate_scalar_pair_kernel,local_store_instructions,not_collected,,,
topk.v1.t2048_e64,basic,topk_gate_scalar_pair_kernel,tensor_active_pct,not_collected,,,
topk.v1.t2048_e64,basic,topk_gate_scalar_pair_kernel,eligible_warps_per_scheduler,not_collected,,,
topk.v1.t2048_e64,basic,topk_gate_scalar_pair_kernel,issue_active_pct,collected,sm__issue_active.avg.pct_of_peak_sustained_elapsed,37.75532983193877,%
topk.v1.t2048_e64,basic,topk_gate_scalar_pair_kernel,stall_long_scoreboard,not_collected,,,
topk.v1.t2048_e64,basic,topk_gate_scalar_pair_kernel,stall_short_scoreboard,not_collected,,,
topk.v1.t2048_e64,basic,topk_gate_scalar_pair_kernel,stall_wait,not_collected,,,
topk.v1.t2048_e64,basic,topk_gate_scalar_pair_kernel,stall_barrier,not_collected,,,
topk.v1.t2048_e64,basic,topk_gate_scalar_pair_kernel,stall_math_pipe,not_collected,,,
topk.v1.t2048_e64,basic,topk_gate_scalar_pair_kernel,stall_memory_throttle,not_collected,,,
topk.v1.t2048_e64,detailed,topk_gate_scalar_pair_kernel,device_name,collected,device__attribute_display_name,NVIDIA GeForce RTX 3080,
topk.v1.t2048_e64,detailed,topk_gate_scalar_pair_kernel,cc_major,collected,device__attribute_compute_capability_major,8,
topk.v1.t2048_e64,detailed,topk_gate_scalar_pair_kernel,cc_minor,collected,device__attribute_compute_capability_minor,6,
topk.v1.t2048_e64,detailed,topk_gate_scalar_pair_kernel,sm_count,collected,device__attribute_multiprocessor_count,68,
topk.v1.t2048_e64,detailed,topk_gate_scalar_pair_kernel,duration_ns,collected,gpu__time_duration.sum,5344.0,ns
topk.v1.t2048_e64,detailed,topk_gate_scalar_pair_kernel,grid_size,collected,launch__grid_size,512,
topk.v1.t2048_e64,detailed,topk_gate_scalar_pair_kernel,block_size,collected,launch__block_size,128,
topk.v1.t2048_e64,detailed,topk_gate_scalar_pair_kernel,waves_per_sm,collected,launch__waves_per_multiprocessor,0.6274509803921569,
topk.v1.t2048_e64,detailed,topk_gate_scalar_pair_kernel,registers_per_thread,collected,launch__registers_per_thread,20,register/thread
topk.v1.t2048_e64,detailed,topk_gate_scalar_pair_kernel,shared_mem_per_block,collected,launch__shared_mem_per_block,1024,byte/block
topk.v1.t2048_e64,detailed,topk_gate_scalar_pair_kernel,occupancy_theoretical_pct,collected,sm__maximum_warps_per_active_cycle_pct,100.0,%
topk.v1.t2048_e64,detailed,topk_gate_scalar_pair_kernel,occupancy_achieved_pct,collected,sm__warps_active.avg.pct_of_peak_sustained_active,59.61162401555232,%
topk.v1.t2048_e64,detailed,topk_gate_scalar_pair_kernel,sm_throughput_pct,collected,sm__throughput.avg.pct_of_peak_sustained_elapsed,34.389683237726075,%
topk.v1.t2048_e64,detailed,topk_gate_scalar_pair_kernel,memory_throughput_pct,collected,gpu__compute_memory_throughput.avg.pct_of_peak_sustained_elapsed,14.54002079002079,%
topk.v1.t2048_e64,detailed,topk_gate_scalar_pair_kernel,dram_throughput_pct,collected,gpu__dram_throughput.avg.pct_of_peak_sustained_elapsed,14.54002079002079,%
topk.v1.t2048_e64,detailed,topk_gate_scalar_pair_kernel,dram_read_bytes,collected,dram__bytes_read.sum,538240.0,byte
topk.v1.t2048_e64,detailed,topk_gate_scalar_pair_kernel,dram_write_bytes,collected,dram__bytes_write.sum,34688.0,byte
topk.v1.t2048_e64,detailed,topk_gate_scalar_pair_kernel,l1_throughput_pct,collected,l1tex__throughput.avg.pct_of_peak_sustained_active,25.373168571703886,%
topk.v1.t2048_e64,detailed,topk_gate_scalar_pair_kernel,l1_hit_rate_pct,collected,l1tex__t_sector_hit_rate.pct,28.560384114583336,%
topk.v1.t2048_e64,detailed,topk_gate_scalar_pair_kernel,l2_hit_rate_pct,collected,lts__t_sector_hit_rate.pct,68.89273641685217,%
topk.v1.t2048_e64,detailed,topk_gate_scalar_pair_kernel,global_load_sectors,not_collected,,,
topk.v1.t2048_e64,detailed,topk_gate_scalar_pair_kernel,global_load_requests,collected,l1tex__t_requests_pipe_lsu_mem_global_op_ld.sum,4096.0,
topk.v1.t2048_e64,detailed,topk_gate_scalar_pair_kernel,global_store_sectors,not_collected,,,
topk.v1.t2048_e64,detailed,topk_gate_scalar_pair_kernel,global_store_requests,collected,l1tex__t_requests_pipe_lsu_mem_global_op_st.sum,8192.0,
topk.v1.t2048_e64,detailed,topk_gate_scalar_pair_kernel,local_load_instructions,collected,smsp__sass_inst_executed_op_local_ld.sum,0.0,inst
topk.v1.t2048_e64,detailed,topk_gate_scalar_pair_kernel,local_store_instructions,collected,smsp__sass_inst_executed_op_local_st.sum,0.0,inst
topk.v1.t2048_e64,detailed,topk_gate_scalar_pair_kernel,tensor_active_pct,collected,sm__pipe_tensor_cycles_active.avg.pct_of_peak_sustained_active,0.0,%
topk.v1.t2048_e64,detailed,topk_gate_scalar_pair_kernel,eligible_warps_per_scheduler,not_collected,,,
topk.v1.t2048_e64,detailed,topk_gate_scalar_pair_kernel,issue_active_pct,collected,sm__issue_active.avg.pct_of_peak_sustained_elapsed,34.389683237726075,%
topk.v1.t2048_e64,detailed,topk_gate_scalar_pair_kernel,stall_long_scoreboard,collected,smsp__pcsamp_warps_issue_stalled_long_scoreboard,13,warp
topk.v1.t2048_e64,detailed,topk_gate_scalar_pair_kernel,stall_short_scoreboard,collected,smsp__pcsamp_warps_issue_stalled_short_scoreboard,0,warp
topk.v1.t2048_e64,detailed,topk_gate_scalar_pair_kernel,stall_wait,collected,smsp__pcsamp_warps_issue_stalled_wait,10,warp
topk.v1.t2048_e64,detailed,topk_gate_scalar_pair_kernel,stall_barrier,collected,smsp__pcsamp_warps_issue_stalled_barrier,0,warp
topk.v1.t2048_e64,detailed,topk_gate_scalar_pair_kernel,stall_math_pipe,collected,smsp__pcsamp_warps_issue_stalled_math_pipe_throttle,2,warp
topk.v1.t2048_e64,detailed,topk_gate_scalar_pair_kernel,stall_memory_throttle,collected,smsp__pcsamp_warps_issue_stalled_mio_throttle,0,warp
topk.v1.t2048_e8,basic,topk_gate_scalar_pair_kernel,device_name,collected,device__attribute_display_name,NVIDIA GeForce RTX 3080,
topk.v1.t2048_e8,basic,topk_gate_scalar_pair_kernel,cc_major,collected,device__attribute_compute_capability_major,8,
topk.v1.t2048_e8,basic,topk_gate_scalar_pair_kernel,cc_minor,collected,device__attribute_compute_capability_minor,6,
topk.v1.t2048_e8,basic,topk_gate_scalar_pair_kernel,sm_count,collected,device__attribute_multiprocessor_count,68,
topk.v1.t2048_e8,basic,topk_gate_scalar_pair_kernel,duration_ns,collected,gpu__time_duration.sum,8864.0,ns
topk.v1.t2048_e8,basic,topk_gate_scalar_pair_kernel,grid_size,collected,launch__grid_size,512,
topk.v1.t2048_e8,basic,topk_gate_scalar_pair_kernel,block_size,collected,launch__block_size,128,
topk.v1.t2048_e8,basic,topk_gate_scalar_pair_kernel,waves_per_sm,collected,launch__waves_per_multiprocessor,0.6274509803921569,
topk.v1.t2048_e8,basic,topk_gate_scalar_pair_kernel,registers_per_thread,collected,launch__registers_per_thread,20,register/thread
topk.v1.t2048_e8,basic,topk_gate_scalar_pair_kernel,shared_mem_per_block,collected,launch__shared_mem_per_block,1024,byte/block
topk.v1.t2048_e8,basic,topk_gate_scalar_pair_kernel,occupancy_theoretical_pct,collected,sm__maximum_warps_per_active_cycle_pct,100.0,%
topk.v1.t2048_e8,basic,topk_gate_scalar_pair_kernel,occupancy_achieved_pct,collected,sm__warps_active.avg.pct_of_peak_sustained_active,50.86791504130842,%
topk.v1.t2048_e8,basic,topk_gate_scalar_pair_kernel,sm_throughput_pct,collected,sm__throughput.avg.pct_of_peak_sustained_elapsed,25.9377427699602,%
topk.v1.t2048_e8,basic,topk_gate_scalar_pair_kernel,memory_throughput_pct,collected,gpu__compute_memory_throughput.avg.pct_of_peak_sustained_elapsed,14.215274051411836,%
topk.v1.t2048_e8,basic,topk_gate_scalar_pair_kernel,dram_throughput_pct,collected,gpu__dram_throughput.avg.pct_of_peak_sustained_elapsed,0.30545112781954886,%
topk.v1.t2048_e8,basic,topk_gate_scalar_pair_kernel,dram_read_bytes,not_collected,,,
topk.v1.t2048_e8,basic,topk_gate_scalar_pair_kernel,dram_write_bytes,not_collected,,,
topk.v1.t2048_e8,basic,topk_gate_scalar_pair_kernel,l1_throughput_pct,collected,l1tex__throughput.avg.pct_of_peak_sustained_active,35.32533701305594,%
topk.v1.t2048_e8,basic,topk_gate_scalar_pair_kernel,l1_hit_rate_pct,not_collected,,,
topk.v1.t2048_e8,basic,topk_gate_scalar_pair_kernel,l2_hit_rate_pct,not_collected,,,
topk.v1.t2048_e8,basic,topk_gate_scalar_pair_kernel,global_load_sectors,not_collected,,,
topk.v1.t2048_e8,basic,topk_gate_scalar_pair_kernel,global_load_requests,not_collected,,,
topk.v1.t2048_e8,basic,topk_gate_scalar_pair_kernel,global_store_sectors,not_collected,,,
topk.v1.t2048_e8,basic,topk_gate_scalar_pair_kernel,global_store_requests,not_collected,,,
topk.v1.t2048_e8,basic,topk_gate_scalar_pair_kernel,local_load_instructions,not_collected,,,
topk.v1.t2048_e8,basic,topk_gate_scalar_pair_kernel,local_store_instructions,not_collected,,,
topk.v1.t2048_e8,basic,topk_gate_scalar_pair_kernel,tensor_active_pct,not_collected,,,
topk.v1.t2048_e8,basic,topk_gate_scalar_pair_kernel,eligible_warps_per_scheduler,not_collected,,,
topk.v1.t2048_e8,basic,topk_gate_scalar_pair_kernel,issue_active_pct,collected,sm__issue_active.avg.pct_of_peak_sustained_elapsed,25.9377427699602,%
topk.v1.t2048_e8,basic,topk_gate_scalar_pair_kernel,stall_long_scoreboard,not_collected,,,
topk.v1.t2048_e8,basic,topk_gate_scalar_pair_kernel,stall_short_scoreboard,not_collected,,,
topk.v1.t2048_e8,basic,topk_gate_scalar_pair_kernel,stall_wait,not_collected,,,
topk.v1.t2048_e8,basic,topk_gate_scalar_pair_kernel,stall_barrier,not_collected,,,
topk.v1.t2048_e8,basic,topk_gate_scalar_pair_kernel,stall_math_pipe,not_collected,,,
topk.v1.t2048_e8,basic,topk_gate_scalar_pair_kernel,stall_memory_throttle,not_collected,,,
topk.v1.t32_e64,basic,topk_gate_scalar_pair_kernel,device_name,collected,device__attribute_display_name,NVIDIA GeForce RTX 3080,
topk.v1.t32_e64,basic,topk_gate_scalar_pair_kernel,cc_major,collected,device__attribute_compute_capability_major,8,
topk.v1.t32_e64,basic,topk_gate_scalar_pair_kernel,cc_minor,collected,device__attribute_compute_capability_minor,6,
topk.v1.t32_e64,basic,topk_gate_scalar_pair_kernel,sm_count,collected,device__attribute_multiprocessor_count,68,
topk.v1.t32_e64,basic,topk_gate_scalar_pair_kernel,duration_ns,collected,gpu__time_duration.sum,8864.0,ns
topk.v1.t32_e64,basic,topk_gate_scalar_pair_kernel,grid_size,collected,launch__grid_size,8,
topk.v1.t32_e64,basic,topk_gate_scalar_pair_kernel,block_size,collected,launch__block_size,128,
topk.v1.t32_e64,basic,topk_gate_scalar_pair_kernel,waves_per_sm,collected,launch__waves_per_multiprocessor,0.00980392156862745,
topk.v1.t32_e64,basic,topk_gate_scalar_pair_kernel,registers_per_thread,collected,launch__registers_per_thread,20,register/thread
topk.v1.t32_e64,basic,topk_gate_scalar_pair_kernel,shared_mem_per_block,collected,launch__shared_mem_per_block,1024,byte/block
topk.v1.t32_e64,basic,topk_gate_scalar_pair_kernel,occupancy_theoretical_pct,collected,sm__maximum_warps_per_active_cycle_pct,100.0,%
topk.v1.t32_e64,basic,topk_gate_scalar_pair_kernel,occupancy_achieved_pct,collected,sm__warps_active.avg.pct_of_peak_sustained_active,8.236506846397923,%
topk.v1.t32_e64,basic,topk_gate_scalar_pair_kernel,sm_throughput_pct,collected,sm__throughput.avg.pct_of_peak_sustained_elapsed,0.5797801373099482,%
topk.v1.t32_e64,basic,topk_gate_scalar_pair_kernel,memory_throughput_pct,collected,gpu__compute_memory_throughput.avg.pct_of_peak_sustained_elapsed,0.24015343135892372,%
topk.v1.t32_e64,basic,topk_gate_scalar_pair_kernel,dram_throughput_pct,collected,gpu__dram_throughput.avg.pct_of_peak_sustained_elapsed,0.22659205548549813,%
topk.v1.t32_e64,basic,topk_gate_scalar_pair_kernel,dram_read_bytes,not_collected,,,
topk.v1.t32_e64,basic,topk_gate_scalar_pair_kernel,dram_write_bytes,not_collected,,,
topk.v1.t32_e64,basic,topk_gate_scalar_pair_kernel,l1_throughput_pct,collected,l1tex__throughput.avg.pct_of_peak_sustained_active,5.519708682041781,%
topk.v1.t32_e64,basic,topk_gate_scalar_pair_kernel,l1_hit_rate_pct,not_collected,,,
topk.v1.t32_e64,basic,topk_gate_scalar_pair_kernel,l2_hit_rate_pct,not_collected,,,
topk.v1.t32_e64,basic,topk_gate_scalar_pair_kernel,global_load_sectors,not_collected,,,
topk.v1.t32_e64,basic,topk_gate_scalar_pair_kernel,global_load_requests,not_collected,,,
topk.v1.t32_e64,basic,topk_gate_scalar_pair_kernel,global_store_sectors,not_collected,,,
topk.v1.t32_e64,basic,topk_gate_scalar_pair_kernel,global_store_requests,not_collected,,,
topk.v1.t32_e64,basic,topk_gate_scalar_pair_kernel,local_load_instructions,not_collected,,,
topk.v1.t32_e64,basic,topk_gate_scalar_pair_kernel,local_store_instructions,not_collected,,,
topk.v1.t32_e64,basic,topk_gate_scalar_pair_kernel,tensor_active_pct,not_collected,,,
topk.v1.t32_e64,basic,topk_gate_scalar_pair_kernel,eligible_warps_per_scheduler,not_collected,,,
topk.v1.t32_e64,basic,topk_gate_scalar_pair_kernel,issue_active_pct,collected,sm__issue_active.avg.pct_of_peak_sustained_elapsed,0.5797801373099482,%
topk.v1.t32_e64,basic,topk_gate_scalar_pair_kernel,stall_long_scoreboard,not_collected,,,
topk.v1.t32_e64,basic,topk_gate_scalar_pair_kernel,stall_short_scoreboard,not_collected,,,
topk.v1.t32_e64,basic,topk_gate_scalar_pair_kernel,stall_wait,not_collected,,,
topk.v1.t32_e64,basic,topk_gate_scalar_pair_kernel,stall_barrier,not_collected,,,
topk.v1.t32_e64,basic,topk_gate_scalar_pair_kernel,stall_math_pipe,not_collected,,,
topk.v1.t32_e64,basic,topk_gate_scalar_pair_kernel,stall_memory_throttle,not_collected,,,
topk.v2.t2048_e33,basic,topk_gate_scalar_pair_kernel,device_name,collected,device__attribute_display_name,NVIDIA GeForce RTX 3080,
topk.v2.t2048_e33,basic,topk_gate_scalar_pair_kernel,cc_major,collected,device__attribute_compute_capability_major,8,
topk.v2.t2048_e33,basic,topk_gate_scalar_pair_kernel,cc_minor,collected,device__attribute_compute_capability_minor,6,
topk.v2.t2048_e33,basic,topk_gate_scalar_pair_kernel,sm_count,collected,device__attribute_multiprocessor_count,68,
topk.v2.t2048_e33,basic,topk_gate_scalar_pair_kernel,duration_ns,collected,gpu__time_duration.sum,8032.0,ns
topk.v2.t2048_e33,basic,topk_gate_scalar_pair_kernel,grid_size,collected,launch__grid_size,512,
topk.v2.t2048_e33,basic,topk_gate_scalar_pair_kernel,block_size,collected,launch__block_size,128,
topk.v2.t2048_e33,basic,topk_gate_scalar_pair_kernel,waves_per_sm,collected,launch__waves_per_multiprocessor,0.6274509803921569,
topk.v2.t2048_e33,basic,topk_gate_scalar_pair_kernel,registers_per_thread,collected,launch__registers_per_thread,20,register/thread
topk.v2.t2048_e33,basic,topk_gate_scalar_pair_kernel,shared_mem_per_block,collected,launch__shared_mem_per_block,1024,byte/block
topk.v2.t2048_e33,basic,topk_gate_scalar_pair_kernel,occupancy_theoretical_pct,collected,sm__maximum_warps_per_active_cycle_pct,100.0,%
topk.v2.t2048_e33,basic,topk_gate_scalar_pair_kernel,occupancy_achieved_pct,collected,sm__warps_active.avg.pct_of_peak_sustained_active,49.043287969097115,%
topk.v2.t2048_e33,basic,topk_gate_scalar_pair_kernel,sm_throughput_pct,collected,sm__throughput.avg.pct_of_peak_sustained_elapsed,21.2356415529695,%
topk.v2.t2048_e33,basic,topk_gate_scalar_pair_kernel,memory_throughput_pct,collected,gpu__compute_memory_throughput.avg.pct_of_peak_sustained_elapsed,9.245585874799357,%
topk.v2.t2048_e33,basic,topk_gate_scalar_pair_kernel,dram_throughput_pct,collected,gpu__dram_throughput.avg.pct_of_peak_sustained_elapsed,0.2886284722222222,%
topk.v2.t2048_e33,basic,topk_gate_scalar_pair_kernel,dram_read_bytes,not_collected,,,
topk.v2.t2048_e33,basic,topk_gate_scalar_pair_kernel,dram_write_bytes,not_collected,,,
topk.v2.t2048_e33,basic,topk_gate_scalar_pair_kernel,l1_throughput_pct,collected,l1tex__throughput.avg.pct_of_peak_sustained_active,27.419866708981278,%
topk.v2.t2048_e33,basic,topk_gate_scalar_pair_kernel,l1_hit_rate_pct,not_collected,,,
topk.v2.t2048_e33,basic,topk_gate_scalar_pair_kernel,l2_hit_rate_pct,not_collected,,,
topk.v2.t2048_e33,basic,topk_gate_scalar_pair_kernel,global_load_sectors,not_collected,,,
topk.v2.t2048_e33,basic,topk_gate_scalar_pair_kernel,global_load_requests,not_collected,,,
topk.v2.t2048_e33,basic,topk_gate_scalar_pair_kernel,global_store_sectors,not_collected,,,
topk.v2.t2048_e33,basic,topk_gate_scalar_pair_kernel,global_store_requests,not_collected,,,
topk.v2.t2048_e33,basic,topk_gate_scalar_pair_kernel,local_load_instructions,not_collected,,,
topk.v2.t2048_e33,basic,topk_gate_scalar_pair_kernel,local_store_instructions,not_collected,,,
topk.v2.t2048_e33,basic,topk_gate_scalar_pair_kernel,tensor_active_pct,not_collected,,,
topk.v2.t2048_e33,basic,topk_gate_scalar_pair_kernel,eligible_warps_per_scheduler,not_collected,,,
topk.v2.t2048_e33,basic,topk_gate_scalar_pair_kernel,issue_active_pct,collected,sm__issue_active.avg.pct_of_peak_sustained_elapsed,21.2356415529695,%
topk.v2.t2048_e33,basic,topk_gate_scalar_pair_kernel,stall_long_scoreboard,not_collected,,,
topk.v2.t2048_e33,basic,topk_gate_scalar_pair_kernel,stall_short_scoreboard,not_collected,,,
topk.v2.t2048_e33,basic,topk_gate_scalar_pair_kernel,stall_wait,not_collected,,,
topk.v2.t2048_e33,basic,topk_gate_scalar_pair_kernel,stall_barrier,not_collected,,,
topk.v2.t2048_e33,basic,topk_gate_scalar_pair_kernel,stall_math_pipe,not_collected,,,
topk.v2.t2048_e33,basic,topk_gate_scalar_pair_kernel,stall_memory_throttle,not_collected,,,
topk.v2.t2048_e64,basic,topk_gate_scalar_pair_kernel,device_name,collected,device__attribute_display_name,NVIDIA GeForce RTX 3080,
topk.v2.t2048_e64,basic,topk_gate_scalar_pair_kernel,cc_major,collected,device__attribute_compute_capability_major,8,
topk.v2.t2048_e64,basic,topk_gate_scalar_pair_kernel,cc_minor,collected,device__attribute_compute_capability_minor,6,
topk.v2.t2048_e64,basic,topk_gate_scalar_pair_kernel,sm_count,collected,device__attribute_multiprocessor_count,68,
topk.v2.t2048_e64,basic,topk_gate_scalar_pair_kernel,duration_ns,collected,gpu__time_duration.sum,8352.0,ns
topk.v2.t2048_e64,basic,topk_gate_scalar_pair_kernel,grid_size,collected,launch__grid_size,512,
topk.v2.t2048_e64,basic,topk_gate_scalar_pair_kernel,block_size,collected,launch__block_size,128,
topk.v2.t2048_e64,basic,topk_gate_scalar_pair_kernel,waves_per_sm,collected,launch__waves_per_multiprocessor,0.6274509803921569,
topk.v2.t2048_e64,basic,topk_gate_scalar_pair_kernel,registers_per_thread,collected,launch__registers_per_thread,20,register/thread
topk.v2.t2048_e64,basic,topk_gate_scalar_pair_kernel,shared_mem_per_block,collected,launch__shared_mem_per_block,1024,byte/block
topk.v2.t2048_e64,basic,topk_gate_scalar_pair_kernel,occupancy_theoretical_pct,collected,sm__maximum_warps_per_active_cycle_pct,100.0,%
topk.v2.t2048_e64,basic,topk_gate_scalar_pair_kernel,occupancy_achieved_pct,collected,sm__warps_active.avg.pct_of_peak_sustained_active,49.52125274679083,%
topk.v2.t2048_e64,basic,topk_gate_scalar_pair_kernel,sm_throughput_pct,collected,sm__throughput.avg.pct_of_peak_sustained_elapsed,38.06676638955211,%
topk.v2.t2048_e64,basic,topk_gate_scalar_pair_kernel,memory_throughput_pct,collected,gpu__compute_memory_throughput.avg.pct_of_peak_sustained_elapsed,15.906567327330782,%
topk.v2.t2048_e64,basic,topk_gate_scalar_pair_kernel,dram_throughput_pct,collected,gpu__dram_throughput.avg.pct_of_peak_sustained_elapsed,0.30833333333333335,%
topk.v2.t2048_e64,basic,topk_gate_scalar_pair_kernel,dram_read_bytes,not_collected,,,
topk.v2.t2048_e64,basic,topk_gate_scalar_pair_kernel,dram_write_bytes,not_collected,,,
topk.v2.t2048_e64,basic,topk_gate_scalar_pair_kernel,l1_throughput_pct,collected,l1tex__throughput.avg.pct_of_peak_sustained_active,25.825555137812415,%
topk.v2.t2048_e64,basic,topk_gate_scalar_pair_kernel,l1_hit_rate_pct,not_collected,,,
topk.v2.t2048_e64,basic,topk_gate_scalar_pair_kernel,l2_hit_rate_pct,not_collected,,,
topk.v2.t2048_e64,basic,topk_gate_scalar_pair_kernel,global_load_sectors,not_collected,,,
topk.v2.t2048_e64,basic,topk_gate_scalar_pair_kernel,global_load_requests,not_collected,,,
topk.v2.t2048_e64,basic,topk_gate_scalar_pair_kernel,global_store_sectors,not_collected,,,
topk.v2.t2048_e64,basic,topk_gate_scalar_pair_kernel,global_store_requests,not_collected,,,
topk.v2.t2048_e64,basic,topk_gate_scalar_pair_kernel,local_load_instructions,not_collected,,,
topk.v2.t2048_e64,basic,topk_gate_scalar_pair_kernel,local_store_instructions,not_collected,,,
topk.v2.t2048_e64,basic,topk_gate_scalar_pair_kernel,tensor_active_pct,not_collected,,,
topk.v2.t2048_e64,basic,topk_gate_scalar_pair_kernel,eligible_warps_per_scheduler,not_collected,,,
topk.v2.t2048_e64,basic,topk_gate_scalar_pair_kernel,issue_active_pct,collected,sm__issue_active.avg.pct_of_peak_sustained_elapsed,38.06676638955211,%
topk.v2.t2048_e64,basic,topk_gate_scalar_pair_kernel,stall_long_scoreboard,not_collected,,,
topk.v2.t2048_e64,basic,topk_gate_scalar_pair_kernel,stall_short_scoreboard,not_collected,,,
topk.v2.t2048_e64,basic,topk_gate_scalar_pair_kernel,stall_wait,not_collected,,,
topk.v2.t2048_e64,basic,topk_gate_scalar_pair_kernel,stall_barrier,not_collected,,,
topk.v2.t2048_e64,basic,topk_gate_scalar_pair_kernel,stall_math_pipe,not_collected,,,
topk.v2.t2048_e64,basic,topk_gate_scalar_pair_kernel,stall_memory_throttle,not_collected,,,
topk.v2.t2048_e64,detailed,topk_gate_scalar_pair_kernel,device_name,collected,device__attribute_display_name,NVIDIA GeForce RTX 3080,
topk.v2.t2048_e64,detailed,topk_gate_scalar_pair_kernel,cc_major,collected,device__attribute_compute_capability_major,8,
topk.v2.t2048_e64,detailed,topk_gate_scalar_pair_kernel,cc_minor,collected,device__attribute_compute_capability_minor,6,
topk.v2.t2048_e64,detailed,topk_gate_scalar_pair_kernel,sm_count,collected,device__attribute_multiprocessor_count,68,
topk.v2.t2048_e64,detailed,topk_gate_scalar_pair_kernel,duration_ns,collected,gpu__time_duration.sum,5344.0,ns
topk.v2.t2048_e64,detailed,topk_gate_scalar_pair_kernel,grid_size,collected,launch__grid_size,512,
topk.v2.t2048_e64,detailed,topk_gate_scalar_pair_kernel,block_size,collected,launch__block_size,128,
topk.v2.t2048_e64,detailed,topk_gate_scalar_pair_kernel,waves_per_sm,collected,launch__waves_per_multiprocessor,0.6274509803921569,
topk.v2.t2048_e64,detailed,topk_gate_scalar_pair_kernel,registers_per_thread,collected,launch__registers_per_thread,20,register/thread
topk.v2.t2048_e64,detailed,topk_gate_scalar_pair_kernel,shared_mem_per_block,collected,launch__shared_mem_per_block,1024,byte/block
topk.v2.t2048_e64,detailed,topk_gate_scalar_pair_kernel,occupancy_theoretical_pct,collected,sm__maximum_warps_per_active_cycle_pct,100.0,%
topk.v2.t2048_e64,detailed,topk_gate_scalar_pair_kernel,occupancy_achieved_pct,collected,sm__warps_active.avg.pct_of_peak_sustained_active,59.20764483376468,%
topk.v2.t2048_e64,detailed,topk_gate_scalar_pair_kernel,sm_throughput_pct,collected,sm__throughput.avg.pct_of_peak_sustained_elapsed,34.41297451513334,%
topk.v2.t2048_e64,detailed,topk_gate_scalar_pair_kernel,memory_throughput_pct,collected,gpu__compute_memory_throughput.avg.pct_of_peak_sustained_elapsed,14.527994791666668,%
topk.v2.t2048_e64,detailed,topk_gate_scalar_pair_kernel,dram_throughput_pct,collected,gpu__dram_throughput.avg.pct_of_peak_sustained_elapsed,14.527994791666668,%
topk.v2.t2048_e64,detailed,topk_gate_scalar_pair_kernel,dram_read_bytes,collected,dram__bytes_read.sum,537856.0,byte
topk.v2.t2048_e64,detailed,topk_gate_scalar_pair_kernel,dram_write_bytes,collected,dram__bytes_write.sum,33408.0,byte
topk.v2.t2048_e64,detailed,topk_gate_scalar_pair_kernel,l1_throughput_pct,collected,l1tex__throughput.avg.pct_of_peak_sustained_active,25.30703591067297,%
topk.v2.t2048_e64,detailed,topk_gate_scalar_pair_kernel,l1_hit_rate_pct,collected,l1tex__t_sector_hit_rate.pct,28.804524739583332,%
topk.v2.t2048_e64,detailed,topk_gate_scalar_pair_kernel,l2_hit_rate_pct,collected,lts__t_sector_hit_rate.pct,86.7149059334298,%
topk.v2.t2048_e64,detailed,topk_gate_scalar_pair_kernel,global_load_sectors,not_collected,,,
topk.v2.t2048_e64,detailed,topk_gate_scalar_pair_kernel,global_load_requests,collected,l1tex__t_requests_pipe_lsu_mem_global_op_ld.sum,4096.0,
topk.v2.t2048_e64,detailed,topk_gate_scalar_pair_kernel,global_store_sectors,not_collected,,,
topk.v2.t2048_e64,detailed,topk_gate_scalar_pair_kernel,global_store_requests,collected,l1tex__t_requests_pipe_lsu_mem_global_op_st.sum,8192.0,
topk.v2.t2048_e64,detailed,topk_gate_scalar_pair_kernel,local_load_instructions,collected,smsp__sass_inst_executed_op_local_ld.sum,0.0,inst
topk.v2.t2048_e64,detailed,topk_gate_scalar_pair_kernel,local_store_instructions,collected,smsp__sass_inst_executed_op_local_st.sum,0.0,inst
topk.v2.t2048_e64,detailed,topk_gate_scalar_pair_kernel,tensor_active_pct,collected,sm__pipe_tensor_cycles_active.avg.pct_of_peak_sustained_active,0.0,%
topk.v2.t2048_e64,detailed,topk_gate_scalar_pair_kernel,eligible_warps_per_scheduler,not_collected,,,
topk.v2.t2048_e64,detailed,topk_gate_scalar_pair_kernel,issue_active_pct,collected,sm__issue_active.avg.pct_of_peak_sustained_elapsed,34.41297451513334,%
topk.v2.t2048_e64,detailed,topk_gate_scalar_pair_kernel,stall_long_scoreboard,collected,smsp__pcsamp_warps_issue_stalled_long_scoreboard,20,warp
topk.v2.t2048_e64,detailed,topk_gate_scalar_pair_kernel,stall_short_scoreboard,collected,smsp__pcsamp_warps_issue_stalled_short_scoreboard,0,warp
topk.v2.t2048_e64,detailed,topk_gate_scalar_pair_kernel,stall_wait,collected,smsp__pcsamp_warps_issue_stalled_wait,24,warp
topk.v2.t2048_e64,detailed,topk_gate_scalar_pair_kernel,stall_barrier,collected,smsp__pcsamp_warps_issue_stalled_barrier,0,warp
topk.v2.t2048_e64,detailed,topk_gate_scalar_pair_kernel,stall_math_pipe,collected,smsp__pcsamp_warps_issue_stalled_math_pipe_throttle,3,warp
topk.v2.t2048_e64,detailed,topk_gate_scalar_pair_kernel,stall_memory_throttle,collected,smsp__pcsamp_warps_issue_stalled_mio_throttle,0,warp
topk.v2.t2048_e8,basic,topk_gate_scalar_pair_kernel,device_name,collected,device__attribute_display_name,NVIDIA GeForce RTX 3080,
topk.v2.t2048_e8,basic,topk_gate_scalar_pair_kernel,cc_major,collected,device__attribute_compute_capability_major,8,
topk.v2.t2048_e8,basic,topk_gate_scalar_pair_kernel,cc_minor,collected,device__attribute_compute_capability_minor,6,
topk.v2.t2048_e8,basic,topk_gate_scalar_pair_kernel,sm_count,collected,device__attribute_multiprocessor_count,68,
topk.v2.t2048_e8,basic,topk_gate_scalar_pair_kernel,duration_ns,collected,gpu__time_duration.sum,8768.0,ns
topk.v2.t2048_e8,basic,topk_gate_scalar_pair_kernel,grid_size,collected,launch__grid_size,128,
topk.v2.t2048_e8,basic,topk_gate_scalar_pair_kernel,block_size,collected,launch__block_size,128,
topk.v2.t2048_e8,basic,topk_gate_scalar_pair_kernel,waves_per_sm,collected,launch__waves_per_multiprocessor,0.1568627450980392,
topk.v2.t2048_e8,basic,topk_gate_scalar_pair_kernel,registers_per_thread,collected,launch__registers_per_thread,20,register/thread
topk.v2.t2048_e8,basic,topk_gate_scalar_pair_kernel,shared_mem_per_block,collected,launch__shared_mem_per_block,1024,byte/block
topk.v2.t2048_e8,basic,topk_gate_scalar_pair_kernel,occupancy_theoretical_pct,collected,sm__maximum_warps_per_active_cycle_pct,100.0,%
topk.v2.t2048_e8,basic,topk_gate_scalar_pair_kernel,occupancy_achieved_pct,collected,sm__warps_active.avg.pct_of_peak_sustained_active,15.085339313811636,%
topk.v2.t2048_e8,basic,topk_gate_scalar_pair_kernel,sm_throughput_pct,collected,sm__throughput.avg.pct_of_peak_sustained_elapsed,5.857520489341071,%
topk.v2.t2048_e8,basic,topk_gate_scalar_pair_kernel,memory_throughput_pct,collected,gpu__compute_memory_throughput.avg.pct_of_peak_sustained_elapsed,2.5752440138709973,%
topk.v2.t2048_e8,basic,topk_gate_scalar_pair_kernel,dram_throughput_pct,collected,gpu__dram_throughput.avg.pct_of_peak_sustained_elapsed,0.2650316455696203,%
topk.v2.t2048_e8,basic,topk_gate_scalar_pair_kernel,dram_read_bytes,not_collected,,,
topk.v2.t2048_e8,basic,topk_gate_scalar_pair_kernel,dram_write_bytes,not_collected,,,
topk.v2.t2048_e8,basic,topk_gate_scalar_pair_kernel,l1_throughput_pct,collected,l1tex__throughput.avg.pct_of_peak_sustained_active,9.416188160287717,%
topk.v2.t2048_e8,basic,topk_gate_scalar_pair_kernel,l1_hit_rate_pct,not_collected,,,
topk.v2.t2048_e8,basic,topk_gate_scalar_pair_kernel,l2_hit_rate_pct,not_collected,,,
topk.v2.t2048_e8,basic,topk_gate_scalar_pair_kernel,global_load_sectors,not_collected,,,
topk.v2.t2048_e8,basic,topk_gate_scalar_pair_kernel,global_load_requests,not_collected,,,
topk.v2.t2048_e8,basic,topk_gate_scalar_pair_kernel,global_store_sectors,not_collected,,,
topk.v2.t2048_e8,basic,topk_gate_scalar_pair_kernel,global_store_requests,not_collected,,,
topk.v2.t2048_e8,basic,topk_gate_scalar_pair_kernel,local_load_instructions,not_collected,,,
topk.v2.t2048_e8,basic,topk_gate_scalar_pair_kernel,local_store_instructions,not_collected,,,
topk.v2.t2048_e8,basic,topk_gate_scalar_pair_kernel,tensor_active_pct,not_collected,,,
topk.v2.t2048_e8,basic,topk_gate_scalar_pair_kernel,eligible_warps_per_scheduler,not_collected,,,
topk.v2.t2048_e8,basic,topk_gate_scalar_pair_kernel,issue_active_pct,collected,sm__issue_active.avg.pct_of_peak_sustained_elapsed,5.857520489341071,%
topk.v2.t2048_e8,basic,topk_gate_scalar_pair_kernel,stall_long_scoreboard,not_collected,,,
topk.v2.t2048_e8,basic,topk_gate_scalar_pair_kernel,stall_short_scoreboard,not_collected,,,
topk.v2.t2048_e8,basic,topk_gate_scalar_pair_kernel,stall_wait,not_collected,,,
topk.v2.t2048_e8,basic,topk_gate_scalar_pair_kernel,stall_barrier,not_collected,,,
topk.v2.t2048_e8,basic,topk_gate_scalar_pair_kernel,stall_math_pipe,not_collected,,,
topk.v2.t2048_e8,basic,topk_gate_scalar_pair_kernel,stall_memory_throttle,not_collected,,,
topk.v2.t32_e64,basic,topk_gate_scalar_pair_kernel,device_name,collected,device__attribute_display_name,NVIDIA GeForce RTX 3080,
topk.v2.t32_e64,basic,topk_gate_scalar_pair_kernel,cc_major,collected,device__attribute_compute_capability_major,8,
topk.v2.t32_e64,basic,topk_gate_scalar_pair_kernel,cc_minor,collected,device__attribute_compute_capability_minor,6,
topk.v2.t32_e64,basic,topk_gate_scalar_pair_kernel,sm_count,collected,device__attribute_multiprocessor_count,68,
topk.v2.t32_e64,basic,topk_gate_scalar_pair_kernel,duration_ns,collected,gpu__time_duration.sum,9120.0,ns
topk.v2.t32_e64,basic,topk_gate_scalar_pair_kernel,grid_size,collected,launch__grid_size,8,
topk.v2.t32_e64,basic,topk_gate_scalar_pair_kernel,block_size,collected,launch__block_size,128,
topk.v2.t32_e64,basic,topk_gate_scalar_pair_kernel,waves_per_sm,collected,launch__waves_per_multiprocessor,0.00980392156862745,
topk.v2.t32_e64,basic,topk_gate_scalar_pair_kernel,registers_per_thread,collected,launch__registers_per_thread,20,register/thread
topk.v2.t32_e64,basic,topk_gate_scalar_pair_kernel,shared_mem_per_block,collected,launch__shared_mem_per_block,1024,byte/block
topk.v2.t32_e64,basic,topk_gate_scalar_pair_kernel,occupancy_theoretical_pct,collected,sm__maximum_warps_per_active_cycle_pct,100.0,%
topk.v2.t32_e64,basic,topk_gate_scalar_pair_kernel,occupancy_achieved_pct,collected,sm__warps_active.avg.pct_of_peak_sustained_active,8.237544834339113,%
topk.v2.t32_e64,basic,topk_gate_scalar_pair_kernel,sm_throughput_pct,collected,sm__throughput.avg.pct_of_peak_sustained_elapsed,0.5645617482434203,%
topk.v2.t32_e64,basic,topk_gate_scalar_pair_kernel,memory_throughput_pct,collected,gpu__compute_memory_throughput.avg.pct_of_peak_sustained_elapsed,0.233849751534639,%
topk.v2.t32_e64,basic,topk_gate_scalar_pair_kernel,dram_throughput_pct,collected,gpu__dram_throughput.avg.pct_of_peak_sustained_elapsed,0.21913109756097562,%
topk.v2.t32_e64,basic,topk_gate_scalar_pair_kernel,dram_read_bytes,not_collected,,,
topk.v2.t32_e64,basic,topk_gate_scalar_pair_kernel,dram_write_bytes,not_collected,,,
topk.v2.t32_e64,basic,topk_gate_scalar_pair_kernel,l1_throughput_pct,collected,l1tex__throughput.avg.pct_of_peak_sustained_active,5.517417542067116,%
topk.v2.t32_e64,basic,topk_gate_scalar_pair_kernel,l1_hit_rate_pct,not_collected,,,
topk.v2.t32_e64,basic,topk_gate_scalar_pair_kernel,l2_hit_rate_pct,not_collected,,,
topk.v2.t32_e64,basic,topk_gate_scalar_pair_kernel,global_load_sectors,not_collected,,,
topk.v2.t32_e64,basic,topk_gate_scalar_pair_kernel,global_load_requests,not_collected,,,
topk.v2.t32_e64,basic,topk_gate_scalar_pair_kernel,global_store_sectors,not_collected,,,
topk.v2.t32_e64,basic,topk_gate_scalar_pair_kernel,global_store_requests,not_collected,,,
topk.v2.t32_e64,basic,topk_gate_scalar_pair_kernel,local_load_instructions,not_collected,,,
topk.v2.t32_e64,basic,topk_gate_scalar_pair_kernel,local_store_instructions,not_collected,,,
topk.v2.t32_e64,basic,topk_gate_scalar_pair_kernel,tensor_active_pct,not_collected,,,
topk.v2.t32_e64,basic,topk_gate_scalar_pair_kernel,eligible_warps_per_scheduler,not_collected,,,
topk.v2.t32_e64,basic,topk_gate_scalar_pair_kernel,issue_active_pct,collected,sm__issue_active.avg.pct_of_peak_sustained_elapsed,0.5645617482434203,%
topk.v2.t32_e64,basic,topk_gate_scalar_pair_kernel,stall_long_scoreboard,not_collected,,,
topk.v2.t32_e64,basic,topk_gate_scalar_pair_kernel,stall_short_scoreboard,not_collected,,,
topk.v2.t32_e64,basic,topk_gate_scalar_pair_kernel,stall_wait,not_collected,,,
topk.v2.t32_e64,basic,topk_gate_scalar_pair_kernel,stall_barrier,not_collected,,,
topk.v2.t32_e64,basic,topk_gate_scalar_pair_kernel,stall_math_pipe,not_collected,,,
topk.v2.t32_e64,basic,topk_gate_scalar_pair_kernel,stall_memory_throttle,not_collected,,,
topk.v3.t2048_e33,basic,topk_gate_scalar_pair_kernel,device_name,collected,device__attribute_display_name,NVIDIA GeForce RTX 3080,
topk.v3.t2048_e33,basic,topk_gate_scalar_pair_kernel,cc_major,collected,device__attribute_compute_capability_major,8,
topk.v3.t2048_e33,basic,topk_gate_scalar_pair_kernel,cc_minor,collected,device__attribute_compute_capability_minor,6,
topk.v3.t2048_e33,basic,topk_gate_scalar_pair_kernel,sm_count,collected,device__attribute_multiprocessor_count,68,
topk.v3.t2048_e33,basic,topk_gate_scalar_pair_kernel,duration_ns,collected,gpu__time_duration.sum,8224.0,ns
topk.v3.t2048_e33,basic,topk_gate_scalar_pair_kernel,grid_size,collected,launch__grid_size,512,
topk.v3.t2048_e33,basic,topk_gate_scalar_pair_kernel,block_size,collected,launch__block_size,128,
topk.v3.t2048_e33,basic,topk_gate_scalar_pair_kernel,waves_per_sm,collected,launch__waves_per_multiprocessor,0.6274509803921569,
topk.v3.t2048_e33,basic,topk_gate_scalar_pair_kernel,registers_per_thread,collected,launch__registers_per_thread,20,register/thread
topk.v3.t2048_e33,basic,topk_gate_scalar_pair_kernel,shared_mem_per_block,collected,launch__shared_mem_per_block,1024,byte/block
topk.v3.t2048_e33,basic,topk_gate_scalar_pair_kernel,occupancy_theoretical_pct,collected,sm__maximum_warps_per_active_cycle_pct,100.0,%
topk.v3.t2048_e33,basic,topk_gate_scalar_pair_kernel,occupancy_achieved_pct,collected,sm__warps_active.avg.pct_of_peak_sustained_active,49.10751987739479,%
topk.v3.t2048_e33,basic,topk_gate_scalar_pair_kernel,sm_throughput_pct,collected,sm__throughput.avg.pct_of_peak_sustained_elapsed,35.79021895341956,%
topk.v3.t2048_e33,basic,topk_gate_scalar_pair_kernel,memory_throughput_pct,collected,gpu__compute_memory_throughput.avg.pct_of_peak_sustained_elapsed,15.582044128835912,%
topk.v3.t2048_e33,basic,topk_gate_scalar_pair_kernel,dram_throughput_pct,collected,gpu__dram_throughput.avg.pct_of_peak_sustained_elapsed,0.2618243243243243,%
topk.v3.t2048_e33,basic,topk_gate_scalar_pair_kernel,dram_read_bytes,not_collected,,,
topk.v3.t2048_e33,basic,topk_gate_scalar_pair_kernel,dram_write_bytes,not_collected,,,
topk.v3.t2048_e33,basic,topk_gate_scalar_pair_kernel,l1_throughput_pct,collected,l1tex__throughput.avg.pct_of_peak_sustained_active,27.469926203386546,%
topk.v3.t2048_e33,basic,topk_gate_scalar_pair_kernel,l1_hit_rate_pct,not_collected,,,
topk.v3.t2048_e33,basic,topk_gate_scalar_pair_kernel,l2_hit_rate_pct,not_collected,,,
topk.v3.t2048_e33,basic,topk_gate_scalar_pair_kernel,global_load_sectors,not_collected,,,
topk.v3.t2048_e33,basic,topk_gate_scalar_pair_kernel,global_load_requests,not_collected,,,
topk.v3.t2048_e33,basic,topk_gate_scalar_pair_kernel,global_store_sectors,not_collected,,,
topk.v3.t2048_e33,basic,topk_gate_scalar_pair_kernel,global_store_requests,not_collected,,,
topk.v3.t2048_e33,basic,topk_gate_scalar_pair_kernel,local_load_instructions,not_collected,,,
topk.v3.t2048_e33,basic,topk_gate_scalar_pair_kernel,local_store_instructions,not_collected,,,
topk.v3.t2048_e33,basic,topk_gate_scalar_pair_kernel,tensor_active_pct,not_collected,,,
topk.v3.t2048_e33,basic,topk_gate_scalar_pair_kernel,eligible_warps_per_scheduler,not_collected,,,
topk.v3.t2048_e33,basic,topk_gate_scalar_pair_kernel,issue_active_pct,collected,sm__issue_active.avg.pct_of_peak_sustained_elapsed,35.79021895341956,%
topk.v3.t2048_e33,basic,topk_gate_scalar_pair_kernel,stall_long_scoreboard,not_collected,,,
topk.v3.t2048_e33,basic,topk_gate_scalar_pair_kernel,stall_short_scoreboard,not_collected,,,
topk.v3.t2048_e33,basic,topk_gate_scalar_pair_kernel,stall_wait,not_collected,,,
topk.v3.t2048_e33,basic,topk_gate_scalar_pair_kernel,stall_barrier,not_collected,,,
topk.v3.t2048_e33,basic,topk_gate_scalar_pair_kernel,stall_math_pipe,not_collected,,,
topk.v3.t2048_e33,basic,topk_gate_scalar_pair_kernel,stall_memory_throttle,not_collected,,,
topk.v3.t2048_e64,basic,topk_gate_vector_pair_kernel,device_name,collected,device__attribute_display_name,NVIDIA GeForce RTX 3080,
topk.v3.t2048_e64,basic,topk_gate_vector_pair_kernel,cc_major,collected,device__attribute_compute_capability_major,8,
topk.v3.t2048_e64,basic,topk_gate_vector_pair_kernel,cc_minor,collected,device__attribute_compute_capability_minor,6,
topk.v3.t2048_e64,basic,topk_gate_vector_pair_kernel,sm_count,collected,device__attribute_multiprocessor_count,68,
topk.v3.t2048_e64,basic,topk_gate_vector_pair_kernel,duration_ns,collected,gpu__time_duration.sum,4320.0,ns
topk.v3.t2048_e64,basic,topk_gate_vector_pair_kernel,grid_size,collected,launch__grid_size,128,
topk.v3.t2048_e64,basic,topk_gate_vector_pair_kernel,block_size,collected,launch__block_size,256,
topk.v3.t2048_e64,basic,topk_gate_vector_pair_kernel,waves_per_sm,collected,launch__waves_per_multiprocessor,0.3137254901960784,
topk.v3.t2048_e64,basic,topk_gate_vector_pair_kernel,registers_per_thread,collected,launch__registers_per_thread,20,register/thread
topk.v3.t2048_e64,basic,topk_gate_vector_pair_kernel,shared_mem_per_block,collected,launch__shared_mem_per_block,1024,byte/block
topk.v3.t2048_e64,basic,topk_gate_vector_pair_kernel,occupancy_theoretical_pct,collected,sm__maximum_warps_per_active_cycle_pct,100.0,%
topk.v3.t2048_e64,basic,topk_gate_vector_pair_kernel,occupancy_achieved_pct,collected,sm__warps_active.avg.pct_of_peak_sustained_active,29.449088803304306,%
topk.v3.t2048_e64,basic,topk_gate_vector_pair_kernel,sm_throughput_pct,collected,sm__throughput.avg.pct_of_peak_sustained_elapsed,16.62409136947897,%
topk.v3.t2048_e64,basic,topk_gate_vector_pair_kernel,memory_throughput_pct,collected,gpu__compute_memory_throughput.avg.pct_of_peak_sustained_elapsed,7.133891213389121,%
topk.v3.t2048_e64,basic,topk_gate_vector_pair_kernel,dram_throughput_pct,collected,gpu__dram_throughput.avg.pct_of_peak_sustained_elapsed,0.36836139896373055,%
topk.v3.t2048_e64,basic,topk_gate_vector_pair_kernel,dram_read_bytes,not_collected,,,
topk.v3.t2048_e64,basic,topk_gate_vector_pair_kernel,dram_write_bytes,not_collected,,,
topk.v3.t2048_e64,basic,topk_gate_vector_pair_kernel,l1_throughput_pct,collected,l1tex__throughput.avg.pct_of_peak_sustained_active,15.08908238446082,%
topk.v3.t2048_e64,basic,topk_gate_vector_pair_kernel,l1_hit_rate_pct,not_collected,,,
topk.v3.t2048_e64,basic,topk_gate_vector_pair_kernel,l2_hit_rate_pct,not_collected,,,
topk.v3.t2048_e64,basic,topk_gate_vector_pair_kernel,global_load_sectors,not_collected,,,
topk.v3.t2048_e64,basic,topk_gate_vector_pair_kernel,global_load_requests,not_collected,,,
topk.v3.t2048_e64,basic,topk_gate_vector_pair_kernel,global_store_sectors,not_collected,,,
topk.v3.t2048_e64,basic,topk_gate_vector_pair_kernel,global_store_requests,not_collected,,,
topk.v3.t2048_e64,basic,topk_gate_vector_pair_kernel,local_load_instructions,not_collected,,,
topk.v3.t2048_e64,basic,topk_gate_vector_pair_kernel,local_store_instructions,not_collected,,,
topk.v3.t2048_e64,basic,topk_gate_vector_pair_kernel,tensor_active_pct,not_collected,,,
topk.v3.t2048_e64,basic,topk_gate_vector_pair_kernel,eligible_warps_per_scheduler,not_collected,,,
topk.v3.t2048_e64,basic,topk_gate_vector_pair_kernel,issue_active_pct,collected,sm__issue_active.avg.pct_of_peak_sustained_elapsed,16.62409136947897,%
topk.v3.t2048_e64,basic,topk_gate_vector_pair_kernel,stall_long_scoreboard,not_collected,,,
topk.v3.t2048_e64,basic,topk_gate_vector_pair_kernel,stall_short_scoreboard,not_collected,,,
topk.v3.t2048_e64,basic,topk_gate_vector_pair_kernel,stall_wait,not_collected,,,
topk.v3.t2048_e64,basic,topk_gate_vector_pair_kernel,stall_barrier,not_collected,,,
topk.v3.t2048_e64,basic,topk_gate_vector_pair_kernel,stall_math_pipe,not_collected,,,
topk.v3.t2048_e64,basic,topk_gate_vector_pair_kernel,stall_memory_throttle,not_collected,,,
topk.v3.t2048_e64,detailed,topk_gate_vector_pair_kernel,device_name,collected,device__attribute_display_name,NVIDIA GeForce RTX 3080,
topk.v3.t2048_e64,detailed,topk_gate_vector_pair_kernel,cc_major,collected,device__attribute_compute_capability_major,8,
topk.v3.t2048_e64,detailed,topk_gate_vector_pair_kernel,cc_minor,collected,device__attribute_compute_capability_minor,6,
topk.v3.t2048_e64,detailed,topk_gate_vector_pair_kernel,sm_count,collected,device__attribute_multiprocessor_count,68,
topk.v3.t2048_e64,detailed,topk_gate_vector_pair_kernel,duration_ns,collected,gpu__time_duration.sum,3840.0,ns
topk.v3.t2048_e64,detailed,topk_gate_vector_pair_kernel,grid_size,collected,launch__grid_size,128,
topk.v3.t2048_e64,detailed,topk_gate_vector_pair_kernel,block_size,collected,launch__block_size,256,
topk.v3.t2048_e64,detailed,topk_gate_vector_pair_kernel,waves_per_sm,collected,launch__waves_per_multiprocessor,0.3137254901960784,
topk.v3.t2048_e64,detailed,topk_gate_vector_pair_kernel,registers_per_thread,collected,launch__registers_per_thread,20,register/thread
topk.v3.t2048_e64,detailed,topk_gate_vector_pair_kernel,shared_mem_per_block,collected,launch__shared_mem_per_block,1024,byte/block
topk.v3.t2048_e64,detailed,topk_gate_vector_pair_kernel,occupancy_theoretical_pct,collected,sm__maximum_warps_per_active_cycle_pct,100.0,%
topk.v3.t2048_e64,detailed,topk_gate_vector_pair_kernel,occupancy_achieved_pct,collected,sm__warps_active.avg.pct_of_peak_sustained_active,31.328759244042725,%
topk.v3.t2048_e64,detailed,topk_gate_vector_pair_kernel,sm_throughput_pct,collected,sm__throughput.avg.pct_of_peak_sustained_elapsed,9.586455096621398,%
topk.v3.t2048_e64,detailed,topk_gate_vector_pair_kernel,memory_throughput_pct,collected,gpu__compute_memory_throughput.avg.pct_of_peak_sustained_elapsed,8.043478260869565,%
topk.v3.t2048_e64,detailed,topk_gate_vector_pair_kernel,dram_throughput_pct,collected,gpu__dram_throughput.avg.pct_of_peak_sustained_elapsed,8.043478260869565,%
topk.v3.t2048_e64,detailed,topk_gate_vector_pair_kernel,dram_read_bytes,collected,dram__bytes_read.sum,217216.0,byte
topk.v3.t2048_e64,detailed,topk_gate_vector_pair_kernel,dram_write_bytes,collected,dram__bytes_write.sum,10112.0,byte
topk.v3.t2048_e64,detailed,topk_gate_vector_pair_kernel,l1_throughput_pct,collected,l1tex__throughput.avg.pct_of_peak_sustained_active,14.8088742810189,%
topk.v3.t2048_e64,detailed,topk_gate_vector_pair_kernel,l1_hit_rate_pct,collected,l1tex__t_sector_hit_rate.pct,17.0263671875,%
topk.v3.t2048_e64,detailed,topk_gate_vector_pair_kernel,l2_hit_rate_pct,collected,lts__t_sector_hit_rate.pct,100.20322386956724,%
topk.v3.t2048_e64,detailed,topk_gate_vector_pair_kernel,global_load_sectors,not_collected,,,
topk.v3.t2048_e64,detailed,topk_gate_vector_pair_kernel,global_load_requests,collected,l1tex__t_requests_pipe_lsu_mem_global_op_ld.sum,1024.0,
topk.v3.t2048_e64,detailed,topk_gate_vector_pair_kernel,global_store_sectors,not_collected,,,
topk.v3.t2048_e64,detailed,topk_gate_vector_pair_kernel,global_store_requests,collected,l1tex__t_requests_pipe_lsu_mem_global_op_st.sum,4096.0,
topk.v3.t2048_e64,detailed,topk_gate_vector_pair_kernel,local_load_instructions,collected,smsp__sass_inst_executed_op_local_ld.sum,0.0,inst
topk.v3.t2048_e64,detailed,topk_gate_vector_pair_kernel,local_store_instructions,collected,smsp__sass_inst_executed_op_local_st.sum,0.0,inst
topk.v3.t2048_e64,detailed,topk_gate_vector_pair_kernel,tensor_active_pct,collected,sm__pipe_tensor_cycles_active.avg.pct_of_peak_sustained_active,0.0,%
topk.v3.t2048_e64,detailed,topk_gate_vector_pair_kernel,eligible_warps_per_scheduler,not_collected,,,
topk.v3.t2048_e64,detailed,topk_gate_vector_pair_kernel,issue_active_pct,collected,sm__issue_active.avg.pct_of_peak_sustained_elapsed,9.586455096621398,%
topk.v3.t2048_e64,detailed,topk_gate_vector_pair_kernel,stall_long_scoreboard,collected,smsp__pcsamp_warps_issue_stalled_long_scoreboard,0,warp
topk.v3.t2048_e64,detailed,topk_gate_vector_pair_kernel,stall_short_scoreboard,collected,smsp__pcsamp_warps_issue_stalled_short_scoreboard,0,warp
topk.v3.t2048_e64,detailed,topk_gate_vector_pair_kernel,stall_wait,collected,smsp__pcsamp_warps_issue_stalled_wait,0,warp
topk.v3.t2048_e64,detailed,topk_gate_vector_pair_kernel,stall_barrier,collected,smsp__pcsamp_warps_issue_stalled_barrier,0,warp
topk.v3.t2048_e64,detailed,topk_gate_vector_pair_kernel,stall_math_pipe,collected,smsp__pcsamp_warps_issue_stalled_math_pipe_throttle,0,warp
topk.v3.t2048_e64,detailed,topk_gate_vector_pair_kernel,stall_memory_throttle,collected,smsp__pcsamp_warps_issue_stalled_mio_throttle,0,warp
topk.v3.t2048_e8,basic,topk_gate_vector_pair_kernel,device_name,collected,device__attribute_display_name,NVIDIA GeForce RTX 3080,
topk.v3.t2048_e8,basic,topk_gate_vector_pair_kernel,cc_major,collected,device__attribute_compute_capability_major,8,
topk.v3.t2048_e8,basic,topk_gate_vector_pair_kernel,cc_minor,collected,device__attribute_compute_capability_minor,6,
topk.v3.t2048_e8,basic,topk_gate_vector_pair_kernel,sm_count,collected,device__attribute_multiprocessor_count,68,
topk.v3.t2048_e8,basic,topk_gate_vector_pair_kernel,duration_ns,collected,gpu__time_duration.sum,8992.0,ns
topk.v3.t2048_e8,basic,topk_gate_vector_pair_kernel,grid_size,collected,launch__grid_size,128,
topk.v3.t2048_e8,basic,topk_gate_vector_pair_kernel,block_size,collected,launch__block_size,32,
topk.v3.t2048_e8,basic,topk_gate_vector_pair_kernel,waves_per_sm,collected,launch__waves_per_multiprocessor,0.11764705882352941,
topk.v3.t2048_e8,basic,topk_gate_vector_pair_kernel,registers_per_thread,collected,launch__registers_per_thread,20,register/thread
topk.v3.t2048_e8,basic,topk_gate_vector_pair_kernel,shared_mem_per_block,collected,launch__shared_mem_per_block,1024,byte/block
topk.v3.t2048_e8,basic,topk_gate_vector_pair_kernel,occupancy_theoretical_pct,collected,sm__maximum_warps_per_active_cycle_pct,33.33333333333333,%
topk.v3.t2048_e8,basic,topk_gate_vector_pair_kernel,occupancy_achieved_pct,collected,sm__warps_active.avg.pct_of_peak_sustained_active,3.7934380123674374,%
topk.v3.t2048_e8,basic,topk_gate_vector_pair_kernel,sm_throughput_pct,collected,sm__throughput.avg.pct_of_peak_sustained_elapsed,1.0793621077482844,%
topk.v3.t2048_e8,basic,topk_gate_vector_pair_kernel,memory_throughput_pct,collected,gpu__compute_memory_throughput.avg.pct_of_peak_sustained_elapsed,0.6876163552368475,%
topk.v3.t2048_e8,basic,topk_gate_vector_pair_kernel,dram_throughput_pct,collected,gpu__dram_throughput.avg.pct_of_peak_sustained_elapsed,0.1140934405940594,%
topk.v3.t2048_e8,basic,topk_gate_vector_pair_kernel,dram_read_bytes,not_collected,,,
topk.v3.t2048_e8,basic,topk_gate_vector_pair_kernel,dram_write_bytes,not_collected,,,
topk.v3.t2048_e8,basic,topk_gate_vector_pair_kernel,l1_throughput_pct,collected,l1tex__throughput.avg.pct_of_peak_sustained_active,1.572027731551702,%
topk.v3.t2048_e8,basic,topk_gate_vector_pair_kernel,l1_hit_rate_pct,not_collected,,,
topk.v3.t2048_e8,basic,topk_gate_vector_pair_kernel,l2_hit_rate_pct,not_collected,,,
topk.v3.t2048_e8,basic,topk_gate_vector_pair_kernel,global_load_sectors,not_collected,,,
topk.v3.t2048_e8,basic,topk_gate_vector_pair_kernel,global_load_requests,not_collected,,,
topk.v3.t2048_e8,basic,topk_gate_vector_pair_kernel,global_store_sectors,not_collected,,,
topk.v3.t2048_e8,basic,topk_gate_vector_pair_kernel,global_store_requests,not_collected,,,
topk.v3.t2048_e8,basic,topk_gate_vector_pair_kernel,local_load_instructions,not_collected,,,
topk.v3.t2048_e8,basic,topk_gate_vector_pair_kernel,local_store_instructions,not_collected,,,
topk.v3.t2048_e8,basic,topk_gate_vector_pair_kernel,tensor_active_pct,not_collected,,,
topk.v3.t2048_e8,basic,topk_gate_vector_pair_kernel,eligible_warps_per_scheduler,not_collected,,,
topk.v3.t2048_e8,basic,topk_gate_vector_pair_kernel,issue_active_pct,collected,sm__issue_active.avg.pct_of_peak_sustained_elapsed,1.0793621077482844,%
topk.v3.t2048_e8,basic,topk_gate_vector_pair_kernel,stall_long_scoreboard,not_collected,,,
topk.v3.t2048_e8,basic,topk_gate_vector_pair_kernel,stall_short_scoreboard,not_collected,,,
topk.v3.t2048_e8,basic,topk_gate_vector_pair_kernel,stall_wait,not_collected,,,
topk.v3.t2048_e8,basic,topk_gate_vector_pair_kernel,stall_barrier,not_collected,,,
topk.v3.t2048_e8,basic,topk_gate_vector_pair_kernel,stall_math_pipe,not_collected,,,
topk.v3.t2048_e8,basic,topk_gate_vector_pair_kernel,stall_memory_throttle,not_collected,,,
topk.v3.t32_e64,basic,topk_gate_vector_pair_kernel,device_name,collected,device__attribute_display_name,NVIDIA GeForce RTX 3080,
topk.v3.t32_e64,basic,topk_gate_vector_pair_kernel,cc_major,collected,device__attribute_compute_capability_major,8,
topk.v3.t32_e64,basic,topk_gate_vector_pair_kernel,cc_minor,collected,device__attribute_compute_capability_minor,6,
topk.v3.t32_e64,basic,topk_gate_vector_pair_kernel,sm_count,collected,device__attribute_multiprocessor_count,68,
topk.v3.t32_e64,basic,topk_gate_vector_pair_kernel,duration_ns,collected,gpu__time_duration.sum,3776.0,ns
topk.v3.t32_e64,basic,topk_gate_vector_pair_kernel,grid_size,collected,launch__grid_size,2,
topk.v3.t32_e64,basic,topk_gate_vector_pair_kernel,block_size,collected,launch__block_size,256,
topk.v3.t32_e64,basic,topk_gate_vector_pair_kernel,waves_per_sm,collected,launch__waves_per_multiprocessor,0.004901960784313725,
topk.v3.t32_e64,basic,topk_gate_vector_pair_kernel,registers_per_thread,collected,launch__registers_per_thread,20,register/thread
topk.v3.t32_e64,basic,topk_gate_vector_pair_kernel,shared_mem_per_block,collected,launch__shared_mem_per_block,1024,byte/block
topk.v3.t32_e64,basic,topk_gate_vector_pair_kernel,occupancy_theoretical_pct,collected,sm__maximum_warps_per_active_cycle_pct,100.0,%
topk.v3.t32_e64,basic,topk_gate_vector_pair_kernel,occupancy_achieved_pct,collected,sm__warps_active.avg.pct_of_peak_sustained_active,16.314825682490003,%
topk.v3.t32_e64,basic,topk_gate_vector_pair_kernel,sm_throughput_pct,collected,sm__throughput.avg.pct_of_peak_sustained_elapsed,0.25454622496569146,%
topk.v3.t32_e64,basic,topk_gate_vector_pair_kernel,memory_throughput_pct,collected,gpu__compute_memory_throughput.avg.pct_of_peak_sustained_elapsed,0.37779850746268656,%
topk.v3.t32_e64,basic,topk_gate_vector_pair_kernel,dram_throughput_pct,collected,gpu__dram_throughput.avg.pct_of_peak_sustained_elapsed,0.37779850746268656,%
topk.v3.t32_e64,basic,topk_gate_vector_pair_kernel,dram_read_bytes,not_collected,,,
topk.v3.t32_e64,basic,topk_gate_vector_pair_kernel,dram_write_bytes,not_collected,,,
topk.v3.t32_e64,basic,topk_gate_vector_pair_kernel,l1_throughput_pct,collected,l1tex__throughput.avg.pct_of_peak_sustained_active,9.181011997913407,%
topk.v3.t32_e64,basic,topk_gate_vector_pair_kernel,l1_hit_rate_pct,not_collected,,,
topk.v3.t32_e64,basic,topk_gate_vector_pair_kernel,l2_hit_rate_pct,not_collected,,,
topk.v3.t32_e64,basic,topk_gate_vector_pair_kernel,global_load_sectors,not_collected,,,
topk.v3.t32_e64,basic,topk_gate_vector_pair_kernel,global_load_requests,not_collected,,,
topk.v3.t32_e64,basic,topk_gate_vector_pair_kernel,global_store_sectors,not_collected,,,
topk.v3.t32_e64,basic,topk_gate_vector_pair_kernel,global_store_requests,not_collected,,,
topk.v3.t32_e64,basic,topk_gate_vector_pair_kernel,local_load_instructions,not_collected,,,
topk.v3.t32_e64,basic,topk_gate_vector_pair_kernel,local_store_instructions,not_collected,,,
topk.v3.t32_e64,basic,topk_gate_vector_pair_kernel,tensor_active_pct,not_collected,,,
topk.v3.t32_e64,basic,topk_gate_vector_pair_kernel,eligible_warps_per_scheduler,not_collected,,,
topk.v3.t32_e64,basic,topk_gate_vector_pair_kernel,issue_active_pct,collected,sm__issue_active.avg.pct_of_peak_sustained_elapsed,0.25454622496569146,%
topk.v3.t32_e64,basic,topk_gate_vector_pair_kernel,stall_long_scoreboard,not_collected,,,
topk.v3.t32_e64,basic,topk_gate_vector_pair_kernel,stall_short_scoreboard,not_collected,,,
topk.v3.t32_e64,basic,topk_gate_vector_pair_kernel,stall_wait,not_collected,,,
topk.v3.t32_e64,basic,topk_gate_vector_pair_kernel,stall_barrier,not_collected,,,
topk.v3.t32_e64,basic,topk_gate_vector_pair_kernel,stall_math_pipe,not_collected,,,
topk.v3.t32_e64,basic,topk_gate_vector_pair_kernel,stall_memory_throttle,not_collected,,,
topk.vllm.t2048_e64,basic,vllm_row_packed_top2_kernel,device_name,collected,device__attribute_display_name,NVIDIA GeForce RTX 3080,
topk.vllm.t2048_e64,basic,vllm_row_packed_top2_kernel,cc_major,collected,device__attribute_compute_capability_major,8,
topk.vllm.t2048_e64,basic,vllm_row_packed_top2_kernel,cc_minor,collected,device__attribute_compute_capability_minor,6,
topk.vllm.t2048_e64,basic,vllm_row_packed_top2_kernel,sm_count,collected,device__attribute_multiprocessor_count,68,
topk.vllm.t2048_e64,basic,vllm_row_packed_top2_kernel,duration_ns,collected,gpu__time_duration.sum,3296.0,ns
topk.vllm.t2048_e64,basic,vllm_row_packed_top2_kernel,grid_size,collected,launch__grid_size,256,
topk.vllm.t2048_e64,basic,vllm_row_packed_top2_kernel,block_size,collected,launch__block_size,128,
topk.vllm.t2048_e64,basic,vllm_row_packed_top2_kernel,waves_per_sm,collected,launch__waves_per_multiprocessor,0.3137254901960784,
topk.vllm.t2048_e64,basic,vllm_row_packed_top2_kernel,registers_per_thread,collected,launch__registers_per_thread,23,register/thread
topk.vllm.t2048_e64,basic,vllm_row_packed_top2_kernel,shared_mem_per_block,collected,launch__shared_mem_per_block,1024,byte/block
topk.vllm.t2048_e64,basic,vllm_row_packed_top2_kernel,occupancy_theoretical_pct,collected,sm__maximum_warps_per_active_cycle_pct,100.0,%
topk.vllm.t2048_e64,basic,vllm_row_packed_top2_kernel,occupancy_achieved_pct,collected,sm__warps_active.avg.pct_of_peak_sustained_active,26.65239887802256,%
topk.vllm.t2048_e64,basic,vllm_row_packed_top2_kernel,sm_throughput_pct,collected,sm__throughput.avg.pct_of_peak_sustained_elapsed,5.204774349031294,%
topk.vllm.t2048_e64,basic,vllm_row_packed_top2_kernel,memory_throughput_pct,collected,gpu__compute_memory_throughput.avg.pct_of_peak_sustained_elapsed,9.320204506722211,%
topk.vllm.t2048_e64,basic,vllm_row_packed_top2_kernel,dram_throughput_pct,collected,gpu__dram_throughput.avg.pct_of_peak_sustained_elapsed,0.5048894557823129,%
topk.vllm.t2048_e64,basic,vllm_row_packed_top2_kernel,dram_read_bytes,not_collected,,,
topk.vllm.t2048_e64,basic,vllm_row_packed_top2_kernel,dram_write_bytes,not_collected,,,
topk.vllm.t2048_e64,basic,vllm_row_packed_top2_kernel,l1_throughput_pct,collected,l1tex__throughput.avg.pct_of_peak_sustained_active,25.923622614926558,%
topk.vllm.t2048_e64,basic,vllm_row_packed_top2_kernel,l1_hit_rate_pct,not_collected,,,
topk.vllm.t2048_e64,basic,vllm_row_packed_top2_kernel,l2_hit_rate_pct,not_collected,,,
topk.vllm.t2048_e64,basic,vllm_row_packed_top2_kernel,global_load_sectors,not_collected,,,
topk.vllm.t2048_e64,basic,vllm_row_packed_top2_kernel,global_load_requests,not_collected,,,
topk.vllm.t2048_e64,basic,vllm_row_packed_top2_kernel,global_store_sectors,not_collected,,,
topk.vllm.t2048_e64,basic,vllm_row_packed_top2_kernel,global_store_requests,not_collected,,,
topk.vllm.t2048_e64,basic,vllm_row_packed_top2_kernel,local_load_instructions,not_collected,,,
topk.vllm.t2048_e64,basic,vllm_row_packed_top2_kernel,local_store_instructions,not_collected,,,
topk.vllm.t2048_e64,basic,vllm_row_packed_top2_kernel,tensor_active_pct,not_collected,,,
topk.vllm.t2048_e64,basic,vllm_row_packed_top2_kernel,eligible_warps_per_scheduler,not_collected,,,
topk.vllm.t2048_e64,basic,vllm_row_packed_top2_kernel,issue_active_pct,collected,sm__issue_active.avg.pct_of_peak_sustained_elapsed,4.689759877550278,%
topk.vllm.t2048_e64,basic,vllm_row_packed_top2_kernel,stall_long_scoreboard,not_collected,,,
topk.vllm.t2048_e64,basic,vllm_row_packed_top2_kernel,stall_short_scoreboard,not_collected,,,
topk.vllm.t2048_e64,basic,vllm_row_packed_top2_kernel,stall_wait,not_collected,,,
topk.vllm.t2048_e64,basic,vllm_row_packed_top2_kernel,stall_barrier,not_collected,,,
topk.vllm.t2048_e64,basic,vllm_row_packed_top2_kernel,stall_math_pipe,not_collected,,,
topk.vllm.t2048_e64,basic,vllm_row_packed_top2_kernel,stall_memory_throttle,not_collected,,,
topk.vllm.t2048_e64,detailed,vllm_row_packed_top2_kernel,device_name,collected,device__attribute_display_name,NVIDIA GeForce RTX 3080,
topk.vllm.t2048_e64,detailed,vllm_row_packed_top2_kernel,cc_major,collected,device__attribute_compute_capability_major,8,
topk.vllm.t2048_e64,detailed,vllm_row_packed_top2_kernel,cc_minor,collected,device__attribute_compute_capability_minor,6,
topk.vllm.t2048_e64,detailed,vllm_row_packed_top2_kernel,sm_count,collected,device__attribute_multiprocessor_count,68,
topk.vllm.t2048_e64,detailed,vllm_row_packed_top2_kernel,duration_ns,collected,gpu__time_duration.sum,8128.0,ns
topk.vllm.t2048_e64,detailed,vllm_row_packed_top2_kernel,grid_size,collected,launch__grid_size,256,
topk.vllm.t2048_e64,detailed,vllm_row_packed_top2_kernel,block_size,collected,launch__block_size,128,
topk.vllm.t2048_e64,detailed,vllm_row_packed_top2_kernel,waves_per_sm,collected,launch__waves_per_multiprocessor,0.3137254901960784,
topk.vllm.t2048_e64,detailed,vllm_row_packed_top2_kernel,registers_per_thread,collected,launch__registers_per_thread,23,register/thread
topk.vllm.t2048_e64,detailed,vllm_row_packed_top2_kernel,shared_mem_per_block,collected,launch__shared_mem_per_block,1024,byte/block
topk.vllm.t2048_e64,detailed,vllm_row_packed_top2_kernel,occupancy_theoretical_pct,collected,sm__maximum_warps_per_active_cycle_pct,100.0,%
topk.vllm.t2048_e64,detailed,vllm_row_packed_top2_kernel,occupancy_achieved_pct,collected,sm__warps_active.avg.pct_of_peak_sustained_active,33.25941647815541,%
topk.vllm.t2048_e64,detailed,vllm_row_packed_top2_kernel,sm_throughput_pct,collected,sm__throughput.avg.pct_of_peak_sustained_elapsed,5.757237228232549,%
topk.vllm.t2048_e64,detailed,vllm_row_packed_top2_kernel,memory_throughput_pct,collected,gpu__compute_memory_throughput.avg.pct_of_peak_sustained_elapsed,6.887842465753424,%
topk.vllm.t2048_e64,detailed,vllm_row_packed_top2_kernel,dram_throughput_pct,collected,gpu__dram_throughput.avg.pct_of_peak_sustained_elapsed,6.887842465753424,%
topk.vllm.t2048_e64,detailed,vllm_row_packed_top2_kernel,dram_read_bytes,collected,dram__bytes_read.sum,411904.0,byte
topk.vllm.t2048_e64,detailed,vllm_row_packed_top2_kernel,dram_write_bytes,collected,dram__bytes_write.sum,0.0,byte
topk.vllm.t2048_e64,detailed,vllm_row_packed_top2_kernel,l1_throughput_pct,collected,l1tex__throughput.avg.pct_of_peak_sustained_active,25.676051347741957,%
topk.vllm.t2048_e64,detailed,vllm_row_packed_top2_kernel,l1_hit_rate_pct,collected,l1tex__t_sector_hit_rate.pct,17.041015624999996,%
topk.vllm.t2048_e64,detailed,vllm_row_packed_top2_kernel,l2_hit_rate_pct,collected,lts__t_sector_hit_rate.pct,148.8743680244205,%
topk.vllm.t2048_e64,detailed,vllm_row_packed_top2_kernel,global_load_sectors,not_collected,,,
topk.vllm.t2048_e64,detailed,vllm_row_packed_top2_kernel,global_load_requests,collected,l1tex__t_requests_pipe_lsu_mem_global_op_ld.sum,1024.0,
topk.vllm.t2048_e64,detailed,vllm_row_packed_top2_kernel,global_store_sectors,not_collected,,,
topk.vllm.t2048_e64,detailed,vllm_row_packed_top2_kernel,global_store_requests,collected,l1tex__t_requests_pipe_lsu_mem_global_op_st.sum,4096.0,
topk.vllm.t2048_e64,detailed,vllm_row_packed_top2_kernel,local_load_instructions,collected,smsp__sass_inst_executed_op_local_ld.sum,0.0,inst
topk.vllm.t2048_e64,detailed,vllm_row_packed_top2_kernel,local_store_instructions,collected,smsp__sass_inst_executed_op_local_st.sum,0.0,inst
topk.vllm.t2048_e64,detailed,vllm_row_packed_top2_kernel,tensor_active_pct,collected,sm__pipe_tensor_cycles_active.avg.pct_of_peak_sustained_active,0.0,%
topk.vllm.t2048_e64,detailed,vllm_row_packed_top2_kernel,eligible_warps_per_scheduler,not_collected,,,
topk.vllm.t2048_e64,detailed,vllm_row_packed_top2_kernel,issue_active_pct,collected,sm__issue_active.avg.pct_of_peak_sustained_elapsed,5.193452897908138,%
topk.vllm.t2048_e64,detailed,vllm_row_packed_top2_kernel,stall_long_scoreboard,collected,smsp__pcsamp_warps_issue_stalled_long_scoreboard,12,warp
topk.vllm.t2048_e64,detailed,vllm_row_packed_top2_kernel,stall_short_scoreboard,collected,smsp__pcsamp_warps_issue_stalled_short_scoreboard,8,warp
topk.vllm.t2048_e64,detailed,vllm_row_packed_top2_kernel,stall_wait,collected,smsp__pcsamp_warps_issue_stalled_wait,17,warp
topk.vllm.t2048_e64,detailed,vllm_row_packed_top2_kernel,stall_barrier,collected,smsp__pcsamp_warps_issue_stalled_barrier,0,warp
topk.vllm.t2048_e64,detailed,vllm_row_packed_top2_kernel,stall_math_pipe,collected,smsp__pcsamp_warps_issue_stalled_math_pipe_throttle,3,warp
topk.vllm.t2048_e64,detailed,vllm_row_packed_top2_kernel,stall_memory_throttle,collected,smsp__pcsamp_warps_issue_stalled_mio_throttle,0,warp
topk.vllm.t2048_e8,basic,vllm_row_packed_top2_kernel,device_name,collected,device__attribute_display_name,NVIDIA GeForce RTX 3080,
topk.vllm.t2048_e8,basic,vllm_row_packed_top2_kernel,cc_major,collected,device__attribute_compute_capability_major,8,
topk.vllm.t2048_e8,basic,vllm_row_packed_top2_kernel,cc_minor,collected,device__attribute_compute_capability_minor,6,
topk.vllm.t2048_e8,basic,vllm_row_packed_top2_kernel,sm_count,collected,device__attribute_multiprocessor_count,68,
topk.vllm.t2048_e8,basic,vllm_row_packed_top2_kernel,duration_ns,collected,gpu__time_duration.sum,8576.0,ns
topk.vllm.t2048_e8,basic,vllm_row_packed_top2_kernel,grid_size,collected,launch__grid_size,32,
topk.vllm.t2048_e8,basic,vllm_row_packed_top2_kernel,block_size,collected,launch__block_size,128,
topk.vllm.t2048_e8,basic,vllm_row_packed_top2_kernel,waves_per_sm,collected,launch__waves_per_multiprocessor,0.0392156862745098,
topk.vllm.t2048_e8,basic,vllm_row_packed_top2_kernel,registers_per_thread,collected,launch__registers_per_thread,21,register/thread
topk.vllm.t2048_e8,basic,vllm_row_packed_top2_kernel,shared_mem_per_block,collected,launch__shared_mem_per_block,1024,byte/block
topk.vllm.t2048_e8,basic,vllm_row_packed_top2_kernel,occupancy_theoretical_pct,collected,sm__maximum_warps_per_active_cycle_pct,100.0,%
topk.vllm.t2048_e8,basic,vllm_row_packed_top2_kernel,occupancy_achieved_pct,collected,sm__warps_active.avg.pct_of_peak_sustained_active,8.246755179804715,%
topk.vllm.t2048_e8,basic,vllm_row_packed_top2_kernel,sm_throughput_pct,collected,sm__throughput.avg.pct_of_peak_sustained_elapsed,0.7297743277476932,%
topk.vllm.t2048_e8,basic,vllm_row_packed_top2_kernel,memory_throughput_pct,collected,gpu__compute_memory_throughput.avg.pct_of_peak_sustained_elapsed,0.6862886896152733,%
topk.vllm.t2048_e8,basic,vllm_row_packed_top2_kernel,dram_throughput_pct,collected,gpu__dram_throughput.avg.pct_of_peak_sustained_elapsed,0.09119649805447472,%
topk.vllm.t2048_e8,basic,vllm_row_packed_top2_kernel,dram_read_bytes,not_collected,,,
topk.vllm.t2048_e8,basic,vllm_row_packed_top2_kernel,dram_write_bytes,not_collected,,,
topk.vllm.t2048_e8,basic,vllm_row_packed_top2_kernel,l1_throughput_pct,collected,l1tex__throughput.avg.pct_of_peak_sustained_active,4.3547783485863985,%
topk.vllm.t2048_e8,basic,vllm_row_packed_top2_kernel,l1_hit_rate_pct,not_collected,,,
topk.vllm.t2048_e8,basic,vllm_row_packed_top2_kernel,l2_hit_rate_pct,not_collected,,,
topk.vllm.t2048_e8,basic,vllm_row_packed_top2_kernel,global_load_sectors,not_collected,,,
topk.vllm.t2048_e8,basic,vllm_row_packed_top2_kernel,global_load_requests,not_collected,,,
topk.vllm.t2048_e8,basic,vllm_row_packed_top2_kernel,global_store_sectors,not_collected,,,
topk.vllm.t2048_e8,basic,vllm_row_packed_top2_kernel,global_store_requests,not_collected,,,
topk.vllm.t2048_e8,basic,vllm_row_packed_top2_kernel,local_load_instructions,not_collected,,,
topk.vllm.t2048_e8,basic,vllm_row_packed_top2_kernel,local_store_instructions,not_collected,,,
topk.vllm.t2048_e8,basic,vllm_row_packed_top2_kernel,tensor_active_pct,not_collected,,,
topk.vllm.t2048_e8,basic,vllm_row_packed_top2_kernel,eligible_warps_per_scheduler,not_collected,,,
topk.vllm.t2048_e8,basic,vllm_row_packed_top2_kernel,issue_active_pct,collected,sm__issue_active.avg.pct_of_peak_sustained_elapsed,0.7297743277476932,%
topk.vllm.t2048_e8,basic,vllm_row_packed_top2_kernel,stall_long_scoreboard,not_collected,,,
topk.vllm.t2048_e8,basic,vllm_row_packed_top2_kernel,stall_short_scoreboard,not_collected,,,
topk.vllm.t2048_e8,basic,vllm_row_packed_top2_kernel,stall_wait,not_collected,,,
topk.vllm.t2048_e8,basic,vllm_row_packed_top2_kernel,stall_barrier,not_collected,,,
topk.vllm.t2048_e8,basic,vllm_row_packed_top2_kernel,stall_math_pipe,not_collected,,,
topk.vllm.t2048_e8,basic,vllm_row_packed_top2_kernel,stall_memory_throttle,not_collected,,,
topk.vllm.t32_e64,basic,vllm_row_packed_top2_kernel,device_name,collected,device__attribute_display_name,NVIDIA GeForce RTX 3080,
topk.vllm.t32_e64,basic,vllm_row_packed_top2_kernel,cc_major,collected,device__attribute_compute_capability_major,8,
topk.vllm.t32_e64,basic,vllm_row_packed_top2_kernel,cc_minor,collected,device__attribute_compute_capability_minor,6,
topk.vllm.t32_e64,basic,vllm_row_packed_top2_kernel,sm_count,collected,device__attribute_multiprocessor_count,68,
topk.vllm.t32_e64,basic,vllm_row_packed_top2_kernel,duration_ns,collected,gpu__time_duration.sum,2720.0,ns
topk.vllm.t32_e64,basic,vllm_row_packed_top2_kernel,grid_size,collected,launch__grid_size,4,
topk.vllm.t32_e64,basic,vllm_row_packed_top2_kernel,block_size,collected,launch__block_size,128,
topk.vllm.t32_e64,basic,vllm_row_packed_top2_kernel,waves_per_sm,collected,launch__waves_per_multiprocessor,0.004901960784313725,
topk.vllm.t32_e64,basic,vllm_row_packed_top2_kernel,registers_per_thread,collected,launch__registers_per_thread,23,register/thread
topk.vllm.t32_e64,basic,vllm_row_packed_top2_kernel,shared_mem_per_block,collected,launch__shared_mem_per_block,1024,byte/block
topk.vllm.t32_e64,basic,vllm_row_packed_top2_kernel,occupancy_theoretical_pct,collected,sm__maximum_warps_per_active_cycle_pct,100.0,%
topk.vllm.t32_e64,basic,vllm_row_packed_top2_kernel,occupancy_achieved_pct,collected,sm__warps_active.avg.pct_of_peak_sustained_active,8.257056938408184,%
topk.vllm.t32_e64,basic,vllm_row_packed_top2_kernel,sm_throughput_pct,collected,sm__throughput.avg.pct_of_peak_sustained_elapsed,0.13603862169650116,%
topk.vllm.t32_e64,basic,vllm_row_packed_top2_kernel,memory_throughput_pct,collected,gpu__compute_memory_throughput.avg.pct_of_peak_sustained_elapsed,0.43192812715964063,%
topk.vllm.t32_e64,basic,vllm_row_packed_top2_kernel,dram_throughput_pct,collected,gpu__dram_throughput.avg.pct_of_peak_sustained_elapsed,0.3422004132231405,%
topk.vllm.t32_e64,basic,vllm_row_packed_top2_kernel,dram_read_bytes,not_collected,,,
topk.vllm.t32_e64,basic,vllm_row_packed_top2_kernel,dram_write_bytes,not_collected,,,
topk.vllm.t32_e64,basic,vllm_row_packed_top2_kernel,l1_throughput_pct,collected,l1tex__throughput.avg.pct_of_peak_sustained_active,9.693138416962993,%
topk.vllm.t32_e64,basic,vllm_row_packed_top2_kernel,l1_hit_rate_pct,not_collected,,,
topk.vllm.t32_e64,basic,vllm_row_packed_top2_kernel,l2_hit_rate_pct,not_collected,,,
topk.vllm.t32_e64,basic,vllm_row_packed_top2_kernel,global_load_sectors,not_collected,,,
topk.vllm.t32_e64,basic,vllm_row_packed_top2_kernel,global_load_requests,not_collected,,,
topk.vllm.t32_e64,basic,vllm_row_packed_top2_kernel,global_store_sectors,not_collected,,,
topk.vllm.t32_e64,basic,vllm_row_packed_top2_kernel,global_store_requests,not_collected,,,
topk.vllm.t32_e64,basic,vllm_row_packed_top2_kernel,local_load_instructions,not_collected,,,
topk.vllm.t32_e64,basic,vllm_row_packed_top2_kernel,local_store_instructions,not_collected,,,
topk.vllm.t32_e64,basic,vllm_row_packed_top2_kernel,tensor_active_pct,not_collected,,,
topk.vllm.t32_e64,basic,vllm_row_packed_top2_kernel,eligible_warps_per_scheduler,not_collected,,,
topk.vllm.t32_e64,basic,vllm_row_packed_top2_kernel,issue_active_pct,collected,sm__issue_active.avg.pct_of_peak_sustained_elapsed,0.12331956357040552,%
topk.vllm.t32_e64,basic,vllm_row_packed_top2_kernel,stall_long_scoreboard,not_collected,,,
topk.vllm.t32_e64,basic,vllm_row_packed_top2_kernel,stall_short_scoreboard,not_collected,,,
topk.vllm.t32_e64,basic,vllm_row_packed_top2_kernel,stall_wait,not_collected,,,
topk.vllm.t32_e64,basic,vllm_row_packed_top2_kernel,stall_barrier,not_collected,,,
topk.vllm.t32_e64,basic,vllm_row_packed_top2_kernel,stall_math_pipe,not_collected,,,
topk.vllm.t32_e64,basic,vllm_row_packed_top2_kernel,stall_memory_throttle,not_collected,,,
